{"sequence_id": 1697925405990398000, "sequence_source": "mediapipe", "frame_number": 222, "image_dimensions": {"height": 1080, "width": 1920}, "joint_positions": {"nose": {"x": 0.516646146774292, "y": 0.412885457277298, "z": -0.18595580756664276, "x_normalized": 22.10236511160511, "y_normalized": 17.523682242859657, "z_normalized": -0.18595580756664276}, "left_eye_inner": {"x": 0.518111526966095, "y": 0.4068414270877838, "z": -0.1767003983259201, "x_normalized": 22.166533582610914, "y_normalized": 17.259016336944246, "z_normalized": -0.1767003983259201}, "left_eye": {"x": 0.5194650292396545, "y": 0.4067908823490143, "z": -0.1766367107629776, "x_normalized": 22.22580295985719, "y_normalized": 17.256803001031578, "z_normalized": -0.1766367107629776}, "left_eye_outer": {"x": 0.520800769329071, "y": 0.40670135617256165, "z": -0.17667144536972046, "x_normalized": 22.284294537454915, "y_normalized": 17.252882681997583, "z_normalized": -0.17667144536972046}, "right_eye_inner": {"x": 0.5143710970878601, "y": 0.4070434272289276, "z": -0.17903390526771545, "x_normalized": 22.002741504941678, "y_normalized": 17.26786185039711, "z_normalized": -0.17903390526771545}, "right_eye": {"x": 0.512939989566803, "y": 0.40732109546661377, "z": -0.17906494438648224, "x_normalized": 21.940073821848355, "y_normalized": 17.280020842554137, "z_normalized": -0.17906494438648224}, "right_eye_outer": {"x": 0.5115253329277039, "y": 0.4076297879219055, "z": -0.17903216183185577, "x_normalized": 21.878126516953024, "y_normalized": 17.293538374030202, "z_normalized": -0.17903216183185577}, "left_ear": {"x": 0.5236615538597107, "y": 0.4091155529022217, "z": -0.11769239604473114, "x_normalized": 22.409567262059127, "y_normalized": 17.35859948758569, "z_normalized": -0.11769239604473114}, "right_ear": {"x": 0.5081488490104675, "y": 0.4122976064682007, "z": -0.12509000301361084, "x_normalized": 21.730271501881365, "y_normalized": 17.497940467578196, "z_normalized": -0.12509000301361084}, "mouth_left": {"x": 0.5193522572517395, "y": 0.4201107323169708, "z": -0.16221967339515686, "x_normalized": 22.220864715108647, "y_normalized": 17.840074435469926, "z_normalized": -0.16221967339515686}, "mouth_right": {"x": 0.5146767497062683, "y": 0.42171669006347656, "z": -0.1641184389591217, "x_normalized": 22.01612592305507, "y_normalized": 17.910398746982832, "z_normalized": -0.1641184389591217}, "left_shoulder": {"x": 0.537815511226654, "y": 0.44193336367607117, "z": -0.0539395771920681, "x_normalized": 23.02936395918835, "y_normalized": 18.795679605698012, "z_normalized": -0.0539395771920681}, "right_shoulder": {"x": 0.49695032835006714, "y": 0.4472247064113617, "z": -0.06323004513978958, "x_normalized": 21.239892314060732, "y_normalized": 19.027385598989415, "z_normalized": -0.06323004513978958}, "left_elbow": {"x": 0.5586049556732178, "y": 0.4594007730484009, "z": 0.0726192444562912, "x_normalized": 23.9397262465035, "y_normalized": 19.5605711731729, "z_normalized": 0.0726192444562912}, "right_elbow": {"x": 0.4914851188659668, "y": 0.4660356342792511, "z": 0.04921942576766014, "x_normalized": 21.000572758437666, "y_normalized": 19.85110935766651, "z_normalized": 0.04921942576766014}, "left_wrist": {"x": 0.5630998015403748, "y": 0.4715798795223236, "z": 0.17424176633358002, "x_normalized": 24.136553928708853, "y_normalized": 20.093889860719052, "z_normalized": 0.17424176633358002}, "right_wrist": {"x": 0.4850507080554962, "y": 0.47027549147605896, "z": 0.13217417895793915, "x_normalized": 20.718812225682615, "y_normalized": 20.036771177803008, "z_normalized": 0.13217417895793915}, "left_pinky": {"x": 0.5667704343795776, "y": 0.4745670557022095, "z": 0.19591008126735687, "x_normalized": 24.2972896191685, "y_normalized": 20.2246972301379, "z_normalized": 0.19591008126735687}, "right_pinky": {"x": 0.48355960845947266, "y": 0.47039493918418884, "z": 0.14675408601760864, "x_normalized": 20.65351751122597, "y_normalized": 20.042001749936244, "z_normalized": 0.14675408601760864}, "left_index": {"x": 0.564622163772583, "y": 0.47197866439819336, "z": 0.17925582826137543, "x_normalized": 24.203217622748276, "y_normalized": 20.11135250685549, "z_normalized": 0.17925582826137543}, "right_index": {"x": 0.4843292534351349, "y": 0.46890830993652344, "z": 0.13762304186820984, "x_normalized": 20.687219987608415, "y_normalized": 19.976902790424703, "z_normalized": 0.13762304186820984}, "left_thumb": {"x": 0.5628978610038757, "y": 0.47134944796562195, "z": 0.17136335372924805, "x_normalized": 24.127711025321922, "y_normalized": 20.083799345815315, "z_normalized": 0.17136335372924805}, "right_thumb": {"x": 0.4850446581840515, "y": 0.4697771668434143, "z": 0.13167418539524078, "x_normalized": 20.71854730399024, "y_normalized": 20.01494972155554, "z_normalized": 0.13167418539524078}, "left_hip": {"x": 0.532800018787384, "y": 0.5562177300453186, "z": -0.0033044114243239164, "x_normalized": 22.809737351042966, "y_normalized": 23.80015086223837, "z_normalized": -0.0033044114243239164}, "right_hip": {"x": 0.5099672675132751, "y": 0.5566288232803345, "z": 0.0031527818646281958, "x_normalized": 21.809899393418686, "y_normalized": 23.818152486990336, "z_normalized": 0.0031527818646281958}, "left_knee": {"x": 0.5301116108894348, "y": 0.6466513276100159, "z": -0.009220591746270657, "x_normalized": 22.692012937122048, "y_normalized": 27.76020554002191, "z_normalized": -0.009220591746270657}, "right_knee": {"x": 0.5107007026672363, "y": 0.644950807094574, "z": -0.0036248965188860893, "x_normalized": 21.842016254745772, "y_normalized": 27.685740358903523, "z_normalized": -0.0036248965188860893}, "left_ankle": {"x": 0.5233286619186401, "y": 0.7172307372093201, "z": 0.11343822628259659, "x_normalized": 22.394990043813554, "y_normalized": 30.85085247507244, "z_normalized": 0.11343822628259659}, "right_ankle": {"x": 0.5107911825180054, "y": 0.7079206705093384, "z": 0.13399448990821838, "x_normalized": 21.845978334834722, "y_normalized": 30.44316800626246, "z_normalized": 0.13399448990821838}, "left_heel": {"x": 0.5216493010520935, "y": 0.7228012084960938, "z": 0.1232624500989914, "x_normalized": 22.321451436102002, "y_normalized": 31.094781407136274, "z_normalized": 0.1232624500989914}, "right_heel": {"x": 0.5114980936050415, "y": 0.7124220132827759, "z": 0.14547204971313477, "x_normalized": 21.876933716820844, "y_normalized": 30.6402801856547, "z_normalized": 0.14547204971313477}, "left_foot_index": {"x": 0.522945761680603, "y": 0.7484960556030273, "z": 0.07569511979818344, "x_normalized": 22.378222980248726, "y_normalized": 32.219949510815326, "z_normalized": 0.07569511979818344}, "right_foot_index": {"x": 0.5102830529212952, "y": 0.7376941442489624, "z": 0.10134705156087875, "x_normalized": 21.823727522740985, "y_normalized": 31.746937701724512, "z_normalized": 0.10134705156087875}}}