{"sequence_id": 1697925405990398000, "sequence_source": "mediapipe", "frame_number": 287, "image_dimensions": {"height": 1080, "width": 1920}, "joint_positions": {"nose": {"x": 0.5111503005027771, "y": 0.4075733721256256, "z": -0.148562952876091, "x_normalized": 21.975131182799878, "y_normalized": 17.387040007302343, "z_normalized": -0.148562952876091}, "left_eye_inner": {"x": 0.5130631327629089, "y": 0.40282580256462097, "z": -0.1415151208639145, "x_normalized": 22.05928705632748, "y_normalized": 17.178168653620833, "z_normalized": -0.1415151208639145}, "left_eye": {"x": 0.5144176483154297, "y": 0.4029395282268524, "z": -0.14147593080997467, "x_normalized": 22.118879547475267, "y_normalized": 17.18317206277859, "z_normalized": -0.14147593080997467}, "left_eye_outer": {"x": 0.515681266784668, "y": 0.40308642387390137, "z": -0.14151333272457123, "x_normalized": 22.174472982561433, "y_normalized": 17.189634799607354, "z_normalized": -0.14151333272457123}, "right_eye_inner": {"x": 0.5090786814689636, "y": 0.40305638313293457, "z": -0.14137999713420868, "x_normalized": 21.88398941724069, "y_normalized": 17.188313144358133, "z_normalized": -0.14137999713420868}, "right_eye": {"x": 0.507739245891571, "y": 0.4033847153186798, "z": -0.1414092630147934, "x_normalized": 21.825060376049358, "y_normalized": 17.202758259319086, "z_normalized": -0.1414092630147934}, "right_eye_outer": {"x": 0.5064247846603394, "y": 0.40375322103500366, "z": -0.14136287569999695, "x_normalized": 21.76723009190053, "y_normalized": 17.21897082594268, "z_normalized": -0.14136287569999695}, "left_ear": {"x": 0.5184400081634521, "y": 0.40771058201789856, "z": -0.09411394596099854, "x_normalized": 22.29584498961464, "y_normalized": 17.39307661520651, "z_normalized": -0.09411394596099854}, "right_ear": {"x": 0.5036070942878723, "y": 0.408907026052475, "z": -0.0936371311545372, "x_normalized": 21.643264598653914, "y_normalized": 17.44571468230484, "z_normalized": -0.0936371311545372}, "mouth_left": {"x": 0.5146883726119995, "y": 0.4151807725429535, "z": -0.1307138353586197, "x_normalized": 22.130790178709294, "y_normalized": 17.721730842843957, "z_normalized": -0.1307138353586197}, "mouth_right": {"x": 0.5086252093315125, "y": 0.41536492109298706, "z": -0.1306675672531128, "x_normalized": 21.864038716573923, "y_normalized": 17.72983253707503, "z_normalized": -0.1306675672531128}, "left_shoulder": {"x": 0.5306612253189087, "y": 0.4414009749889374, "z": -0.050675246864557266, "x_normalized": 22.83352266618053, "y_normalized": 18.87529986554555, "z_normalized": -0.050675246864557266}, "right_shoulder": {"x": 0.4923401176929474, "y": 0.4450586438179016, "z": -0.03703419119119644, "x_normalized": 21.14756914373953, "y_normalized": 19.03622057029932, "z_normalized": -0.03703419119119644}, "left_elbow": {"x": 0.5487807989120483, "y": 0.4539923369884491, "z": 0.0407818928360939, "x_normalized": 23.630701057334, "y_normalized": 19.429262222860736, "z_normalized": 0.0407818928360939}, "right_elbow": {"x": 0.4809417724609375, "y": 0.45844516158103943, "z": 0.05869637429714203, "x_normalized": 20.64609406944166, "y_normalized": 19.625166145575214, "z_normalized": 0.05869637429714203}, "left_wrist": {"x": 0.5426070690155029, "y": 0.4746933579444885, "z": 0.1267409473657608, "x_normalized": 23.35908516962859, "y_normalized": 20.340012494998366, "z_normalized": 0.1267409473657608}, "right_wrist": {"x": 0.4815922677516937, "y": 0.47318610548973083, "z": 0.13561633229255676, "x_normalized": 20.674712888017737, "y_normalized": 20.27370027850113, "z_normalized": 0.13561633229255676}, "left_pinky": {"x": 0.5395870804786682, "y": 0.4814584255218506, "z": 0.14219321310520172, "x_normalized": 23.2262194821045, "y_normalized": 20.637644536924995, "z_normalized": 0.14219321310520172}, "right_pinky": {"x": 0.4810980558395386, "y": 0.47775834798812866, "z": 0.14816641807556152, "x_normalized": 20.652969823535805, "y_normalized": 20.474858043064437, "z_normalized": 0.14816641807556152}, "left_index": {"x": 0.5378063917160034, "y": 0.48099806904792786, "z": 0.13178661465644836, "x_normalized": 23.14787731827435, "y_normalized": 20.61739095693028, "z_normalized": 0.13178661465644836}, "right_index": {"x": 0.48334139585494995, "y": 0.4768877327442169, "z": 0.14126437902450562, "x_normalized": 20.751666527136653, "y_normalized": 20.436554952989624, "z_normalized": 0.14126437902450562}, "left_thumb": {"x": 0.538025438785553, "y": 0.4776979684829712, "z": 0.12569181621074677, "x_normalized": 23.157514387799903, "y_normalized": 20.472201620906784, "z_normalized": 0.12569181621074677}, "right_thumb": {"x": 0.48421111702919006, "y": 0.47675198316574097, "z": 0.13512428104877472, "x_normalized": 20.78993028223381, "y_normalized": 20.430582592215625, "z_normalized": 0.13512428104877472}, "left_hip": {"x": 0.5244833827018738, "y": 0.5435510277748108, "z": -0.00680521409958601, "x_normalized": 22.561725837577907, "y_normalized": 23.369435134099316, "z_normalized": -0.00680521409958601}, "right_hip": {"x": 0.5018064975738525, "y": 0.5450986623764038, "z": 0.0067267026752233505, "x_normalized": 21.564046575987977, "y_normalized": 23.437523980420647, "z_normalized": 0.0067267026752233505}, "left_knee": {"x": 0.5240375399589539, "y": 0.623623788356781, "z": -0.014301404356956482, "x_normalized": 22.542110795387128, "y_normalized": 26.89227048824472, "z_normalized": -0.014301404356956482}, "right_knee": {"x": 0.5073464512825012, "y": 0.6291254758834839, "z": 0.0023911609314382076, "x_normalized": 21.807779209199463, "y_normalized": 27.13431958441256, "z_normalized": 0.0023911609314382076}, "left_ankle": {"x": 0.5233995914459229, "y": 0.6903492212295532, "z": 0.06366337090730667, "x_normalized": 22.514043977664144, "y_normalized": 29.827884450301458, "z_normalized": 0.06366337090730667}, "right_ankle": {"x": 0.5136269330978394, "y": 0.6913890838623047, "z": 0.07686745375394821, "x_normalized": 22.084091693236914, "y_normalized": 29.87363365164642, "z_normalized": 0.07686745375394821}, "left_heel": {"x": 0.5233870148658752, "y": 0.6963754296302795, "z": 0.06821461021900177, "x_normalized": 22.51349066564513, "y_normalized": 30.09301006669374, "z_normalized": 0.06821461021900177}, "right_heel": {"x": 0.5154514908790588, "y": 0.6978436708450317, "z": 0.08110601454973221, "x_normalized": 22.164363893304017, "y_normalized": 30.157605966999284, "z_normalized": 0.08110601454973221}, "left_foot_index": {"x": 0.521801769733429, "y": 0.7147971391677856, "z": 0.016331516206264496, "x_normalized": 22.44374712793043, "y_normalized": 30.90348105796286, "z_normalized": 0.016331516206264496}, "right_foot_index": {"x": 0.5092706084251404, "y": 0.7161569595336914, "z": 0.033621493726968765, "x_normalized": 21.892433325777365, "y_normalized": 30.963306936644734, "z_normalized": 0.033621493726968765}}}