{"sequence_id": 1697925405990398000, "sequence_source": "mediapipe", "frame_number": 419, "image_dimensions": {"height": 1080, "width": 1920}, "joint_positions": {"nose": {"x": 0.5131456255912781, "y": 0.41740682721138, "z": -0.07706396281719208, "x_normalized": 26.439843798145166, "y_normalized": 21.39960237944947, "z_normalized": -0.07706396281719208}, "left_eye_inner": {"x": 0.5147830843925476, "y": 0.4134117662906647, "z": -0.07042469084262848, "x_normalized": 26.525860301396875, "y_normalized": 21.189739895940836, "z_normalized": -0.07042469084262848}, "left_eye": {"x": 0.5158998370170593, "y": 0.4135681390762329, "z": -0.07039337605237961, "x_normalized": 26.584523857196384, "y_normalized": 21.19795423404075, "z_normalized": -0.07039337605237961}, "left_eye_outer": {"x": 0.5170945525169373, "y": 0.41372716426849365, "z": -0.07041831314563751, "x_normalized": 26.647282840567716, "y_normalized": 21.20630790434781, "z_normalized": -0.07041831314563751}, "right_eye_inner": {"x": 0.5117939114570618, "y": 0.41336414217948914, "z": -0.07169297337532043, "x_normalized": 26.36883760053515, "y_normalized": 21.187238178333885, "z_normalized": -0.07169297337532043}, "right_eye": {"x": 0.5107248425483704, "y": 0.41357308626174927, "z": -0.07171609997749329, "x_normalized": 26.31267889340343, "y_normalized": 21.19821411209003, "z_normalized": -0.07171609997749329}, "right_eye_outer": {"x": 0.5096577405929565, "y": 0.4138396084308624, "z": -0.07167951762676239, "x_normalized": 26.25662351127925, "y_normalized": 21.21221465061253, "z_normalized": -0.07167951762676239}, "left_ear": {"x": 0.5197305083274841, "y": 0.41647103428840637, "z": -0.03166006878018379, "x_normalized": 26.78575087492283, "y_normalized": 21.350444724344204, "z_normalized": -0.03166006878018379}, "right_ear": {"x": 0.5072655081748962, "y": 0.41794803738594055, "z": -0.03968721255660057, "x_normalized": 26.13095838467735, "y_normalized": 21.42803241182882, "z_normalized": -0.03968721255660057}, "mouth_left": {"x": 0.5159443020820618, "y": 0.4239889085292816, "z": -0.06301330029964447, "x_normalized": 26.58685962857909, "y_normalized": 21.7453622963679, "z_normalized": -0.06301330029964447}, "mouth_right": {"x": 0.511703372001648, "y": 0.4242597818374634, "z": -0.06448321789503098, "x_normalized": 26.364081519127197, "y_normalized": 21.759591402331335, "z_normalized": -0.06448321789503098}, "left_shoulder": {"x": 0.5290934443473816, "y": 0.44238877296447754, "z": -0.004413333721458912, "x_normalized": 27.277590435085607, "y_normalized": 22.711916079457893, "z_normalized": -0.004413333721458912}, "right_shoulder": {"x": 0.49784329533576965, "y": 0.44677025079727173, "z": -0.002683645812794566, "x_normalized": 25.636004984514436, "y_normalized": 22.942077230358084, "z_normalized": -0.002683645812794566}, "left_elbow": {"x": 0.5470582842826843, "y": 0.4530530273914337, "z": 0.051061756908893585, "x_normalized": 28.22129217067332, "y_normalized": 23.27211452529492, "z_normalized": 0.051061756908893585}, "right_elbow": {"x": 0.48723870515823364, "y": 0.4555607736110687, "z": 0.053961608558893204, "x_normalized": 25.078940730572977, "y_normalized": 23.403847647794528, "z_normalized": 0.053961608558893204}, "left_wrist": {"x": 0.5359711050987244, "y": 0.4710836708545685, "z": 0.10010609030723572, "x_normalized": 27.638877282683467, "y_normalized": 24.219272952044175, "z_normalized": 0.10010609030723572}, "right_wrist": {"x": 0.49487149715423584, "y": 0.4628039598464966, "z": 0.10540936142206192, "x_normalized": 25.479894987886034, "y_normalized": 23.784335725961373, "z_normalized": 0.10540936142206192}, "left_pinky": {"x": 0.534964919090271, "y": 0.4753788709640503, "z": 0.10560531169176102, "x_normalized": 27.586021844732382, "y_normalized": 24.444901892386092, "z_normalized": 0.10560531169176102}, "right_pinky": {"x": 0.49618998169898987, "y": 0.46527326107025146, "z": 0.10891031473875046, "x_normalized": 25.549155619080686, "y_normalized": 23.914049314222577, "z_normalized": 0.10891031473875046}, "left_index": {"x": 0.5322369933128357, "y": 0.47430697083473206, "z": 0.0991608276963234, "x_normalized": 27.44272258350928, "y_normalized": 24.38859445986472, "z_normalized": 0.0991608276963234}, "right_index": {"x": 0.4981437623500824, "y": 0.46557289361953735, "z": 0.1071532741189003, "x_normalized": 25.651788662182312, "y_normalized": 23.92978915703877, "z_normalized": 0.1071532741189003}, "left_thumb": {"x": 0.5323153138160706, "y": 0.4733027219772339, "z": 0.09884130209684372, "x_normalized": 27.446836797446117, "y_normalized": 24.33584078139077, "z_normalized": 0.09884130209684372}, "right_thumb": {"x": 0.4978577196598053, "y": 0.46444129943847656, "z": 0.10537391155958176, "x_normalized": 25.636762701236442, "y_normalized": 23.870345967091414, "z_normalized": 0.10537391155958176}, "left_hip": {"x": 0.5254483222961426, "y": 0.5264604687690735, "z": -0.004991201218217611, "x_normalized": 27.086110409737675, "y_normalized": 27.12824294517581, "z_normalized": -0.004991201218217611}, "right_hip": {"x": 0.5064401626586914, "y": 0.5275000333786011, "z": 0.005021739285439253, "x_normalized": 26.08760258529884, "y_normalized": 27.18285177719434, "z_normalized": 0.005021739285439253}, "left_knee": {"x": 0.5228451490402222, "y": 0.5907140374183655, "z": -0.008872417733073235, "x_normalized": 26.94936445884166, "y_normalized": 30.503514000771737, "z_normalized": -0.008872417733073235}, "right_knee": {"x": 0.5100857019424438, "y": 0.5965400338172913, "z": -0.0048086498863995075, "x_normalized": 26.279104528072615, "y_normalized": 30.80955641100162, "z_normalized": -0.0048086498863995075}, "left_ankle": {"x": 0.5243262648582458, "y": 0.645602285861969, "z": 0.05358735844492912, "x_normalized": 27.027168189523877, "y_normalized": 33.3868202537715, "z_normalized": 0.05358735844492912}, "right_ankle": {"x": 0.5146635174751282, "y": 0.6504058837890625, "z": 0.05256988853216171, "x_normalized": 26.519579393362406, "y_normalized": 33.63915557750325, "z_normalized": 0.05256988853216171}, "left_heel": {"x": 0.5246089100837708, "y": 0.6507830023765564, "z": 0.05719076097011566, "x_normalized": 27.042015680002166, "y_normalized": 33.65896579940459, "z_normalized": 0.05719076097011566}, "right_heel": {"x": 0.5168642997741699, "y": 0.6563315987586975, "z": 0.055465955287218094, "x_normalized": 26.635187552563153, "y_normalized": 33.95043625250964, "z_normalized": 0.055465955287218094}, "left_foot_index": {"x": 0.5229590535163879, "y": 0.6668336391448975, "z": 0.012688340619206429, "x_normalized": 26.95534791609683, "y_normalized": 34.50211351628494, "z_normalized": 0.012688340619206429}, "right_foot_index": {"x": 0.5119982361793518, "y": 0.6719975471496582, "z": 0.011988537386059761, "x_normalized": 26.379570877076606, "y_normalized": 34.77337610276264, "z_normalized": 0.011988537386059761}}}