{"sequence_id": 1697925405990398000, "sequence_source": "mediapipe", "frame_number": 480, "image_dimensions": {"height": 1080, "width": 1920}, "joint_positions": {"nose": {"x": 0.524829089641571, "y": 0.414907306432724, "z": -0.11631404608488083, "x_normalized": 30.246064980881947, "y_normalized": 23.811105446955963, "z_normalized": -0.11631404608488083}, "left_eye_inner": {"x": 0.5261487364768982, "y": 0.4106607139110565, "z": -0.11307881027460098, "x_normalized": 30.323439082184283, "y_normalized": 23.562117406242944, "z_normalized": -0.11307881027460098}, "left_eye": {"x": 0.5271807909011841, "y": 0.4105373024940491, "z": -0.11305543035268784, "x_normalized": 30.3839509414458, "y_normalized": 23.554881494917446, "z_normalized": -0.11305543035268784}, "left_eye_outer": {"x": 0.528202474117279, "y": 0.4104115664958954, "z": -0.11309249699115753, "x_normalized": 30.44385471156429, "y_normalized": 23.54750928774955, "z_normalized": -0.11309249699115753}, "right_eye_inner": {"x": 0.5233173370361328, "y": 0.4111437499523163, "z": -0.11239245533943176, "x_normalized": 30.15742725137286, "y_normalized": 23.59043898334114, "z_normalized": -0.11239245533943176}, "right_eye": {"x": 0.5223785042762756, "y": 0.41142749786376953, "z": -0.11241898685693741, "x_normalized": 30.102381204868202, "y_normalized": 23.60707581302722, "z_normalized": -0.11241898685693741}, "right_eye_outer": {"x": 0.5215031504631042, "y": 0.4116922616958618, "z": -0.11239967495203018, "x_normalized": 30.05105708329069, "y_normalized": 23.622599560000346, "z_normalized": -0.11239967495203018}, "left_ear": {"x": 0.5302739143371582, "y": 0.41289013624191284, "z": -0.08022342622280121, "x_normalized": 30.565308286205667, "y_normalized": 23.692833856019906, "z_normalized": -0.08022342622280121}, "right_ear": {"x": 0.5201594233512878, "y": 0.4146442413330078, "z": -0.07691637426614761, "x_normalized": 29.97227109685167, "y_normalized": 23.79568130079075, "z_normalized": -0.07691637426614761}, "mouth_left": {"x": 0.5271828770637512, "y": 0.42021241784095764, "z": -0.10304126143455505, "x_normalized": 30.384073258227442, "y_normalized": 24.122157022674777, "z_normalized": -0.10304126143455505}, "mouth_right": {"x": 0.5229309797286987, "y": 0.4208691716194153, "z": -0.10216353088617325, "x_normalized": 30.134774183412528, "y_normalized": 24.160664092918672, "z_normalized": -0.10216353088617325}, "left_shoulder": {"x": 0.5407873392105103, "y": 0.438235342502594, "z": -0.044783785939216614, "x_normalized": 31.181735938975045, "y_normalized": 25.178884899560213, "z_normalized": -0.044783785939216614}, "right_shoulder": {"x": 0.5121153593063354, "y": 0.440964013338089, "z": -0.03461180999875069, "x_normalized": 29.500628071130826, "y_normalized": 25.338873502567004, "z_normalized": -0.03461180999875069}, "left_elbow": {"x": 0.5547744631767273, "y": 0.4514322280883789, "z": 0.01687152124941349, "x_normalized": 32.001835012241216, "y_normalized": 25.952650375939914, "z_normalized": 0.01687152124941349}, "right_elbow": {"x": 0.5016794800758362, "y": 0.4523742198944092, "z": 0.02608707919716835, "x_normalized": 28.888747107873385, "y_normalized": 26.00788164499963, "z_normalized": 0.02608707919716835}, "left_wrist": {"x": 0.5497003793716431, "y": 0.47145703434944153, "z": 0.07383693009614944, "x_normalized": 31.704329146398095, "y_normalized": 27.126753436490223, "z_normalized": 0.07383693009614944}, "right_wrist": {"x": 0.5071561336517334, "y": 0.47021976113319397, "z": 0.07142866402864456, "x_normalized": 29.209856617808466, "y_normalized": 27.0542091006802, "z_normalized": 0.07142866402864456}, "left_pinky": {"x": 0.5455262064933777, "y": 0.4782739579677582, "z": 0.08221162855625153, "x_normalized": 31.45958724539069, "y_normalized": 27.52644623648331, "z_normalized": 0.08221162855625153}, "right_pinky": {"x": 0.5091536641120911, "y": 0.47957876324653625, "z": 0.07766291499137878, "x_normalized": 29.326976683614483, "y_normalized": 27.602950141253388, "z_normalized": 0.07766291499137878}, "left_index": {"x": 0.5442403554916382, "y": 0.4773556888103485, "z": 0.0748014822602272, "x_normalized": 31.384194675950972, "y_normalized": 27.472605883969138, "z_normalized": 0.0748014822602272}, "right_index": {"x": 0.5115438103675842, "y": 0.47791793942451477, "z": 0.07182436436414719, "x_normalized": 29.467116767725763, "y_normalized": 27.50557200400459, "z_normalized": 0.07182436436414719}, "left_thumb": {"x": 0.5444398522377014, "y": 0.4746597707271576, "z": 0.07307153195142746, "x_normalized": 31.395891655041257, "y_normalized": 27.314537654434147, "z_normalized": 0.07307153195142746}, "right_thumb": {"x": 0.510908842086792, "y": 0.47290727496147156, "z": 0.07057193666696548, "x_normalized": 29.429887034158742, "y_normalized": 27.211784568323427, "z_normalized": 0.07057193666696548}, "left_hip": {"x": 0.5344364643096924, "y": 0.5166490077972412, "z": -0.004359380342066288, "x_normalized": 30.809368708001063, "y_normalized": 29.77646867695888, "z_normalized": -0.004359380342066288}, "right_hip": {"x": 0.5174437761306763, "y": 0.515187680721283, "z": 0.004349302966147661, "x_normalized": 29.813046100038854, "y_normalized": 29.690787518800374, "z_normalized": 0.004349302966147661}, "left_knee": {"x": 0.530822217464447, "y": 0.5774322152137756, "z": -0.016621606424450874, "x_normalized": 30.597456631186706, "y_normalized": 33.34033585886441, "z_normalized": -0.016621606424450874}, "right_knee": {"x": 0.5190902948379517, "y": 0.5792898535728455, "z": -0.010195428505539894, "x_normalized": 29.909585493642094, "y_normalized": 33.449253710769945, "z_normalized": -0.010195428505539894}, "left_ankle": {"x": 0.5280413627624512, "y": 0.6328972578048706, "z": 0.02032039873301983, "x_normalized": 30.43440836125624, "y_normalized": 36.592386111474546, "z_normalized": 0.02032039873301983}, "right_ankle": {"x": 0.5223289132118225, "y": 0.6338808536529541, "z": 0.027152616530656815, "x_normalized": 30.099473560230283, "y_normalized": 36.65005672663675, "z_normalized": 0.027152616530656815}, "left_heel": {"x": 0.5275183916091919, "y": 0.6382702589035034, "z": 0.02133304812014103, "x_normalized": 30.40374529148087, "y_normalized": 36.907418224744546, "z_normalized": 0.02133304812014103}, "right_heel": {"x": 0.5239349603652954, "y": 0.6406347751617432, "z": 0.028324246406555176, "x_normalized": 30.193640008269643, "y_normalized": 37.04605555982421, "z_normalized": 0.028324246406555176}, "left_foot_index": {"x": 0.5291417241096497, "y": 0.6502842903137207, "z": -0.021939406171441078, "x_normalized": 30.498925221425274, "y_normalized": 37.61183008593252, "z_normalized": -0.021939406171441078}, "right_foot_index": {"x": 0.5189841985702515, "y": 0.6509835124015808, "z": -0.012529428116977215, "x_normalized": 29.903364811604238, "y_normalized": 37.65282717637415, "z_normalized": -0.012529428116977215}}}