{"sequence_id": 1697925405990398000, "sequence_source": "mediapipe", "frame_number": 162, "image_dimensions": {"height": 1080, "width": 1920}, "joint_positions": {"nose": {"x": 0.5132514834403992, "y": 0.4266504645347595, "z": -0.20813651382923126, "x_normalized": 18.53036976606557, "y_normalized": 15.251802947102236, "z_normalized": -0.20813651382923126}, "left_eye_inner": {"x": 0.5158042311668396, "y": 0.4201221466064453, "z": -0.19773773849010468, "x_normalized": 18.625085373936685, "y_normalized": 15.009580186681482, "z_normalized": -0.19773773849010468}, "left_eye": {"x": 0.5174216628074646, "y": 0.4200766086578369, "z": -0.19770541787147522, "x_normalized": 18.685097579390845, "y_normalized": 15.00789057417533, "z_normalized": -0.19770541787147522}, "left_eye_outer": {"x": 0.5191840529441833, "y": 0.4199813902378082, "z": -0.19771410524845123, "x_normalized": 18.750488237220612, "y_normalized": 15.004357647501795, "z_normalized": -0.19771410524845123}, "right_eye_inner": {"x": 0.5106737017631531, "y": 0.4199685752391815, "z": -0.20163996517658234, "x_normalized": 18.434725313623, "y_normalized": 15.003882167542603, "z_normalized": -0.20163996517658234}, "right_eye": {"x": 0.5085998773574829, "y": 0.41991928219795227, "z": -0.20167741179466248, "x_normalized": 18.357779387017516, "y_normalized": 15.002053228350732, "z_normalized": -0.20167741179466248}, "right_eye_outer": {"x": 0.5065425634384155, "y": 0.4198969602584839, "z": -0.2017012983560562, "x_normalized": 18.281446055522242, "y_normalized": 15.00122500860786, "z_normalized": -0.2017012983560562}, "left_ear": {"x": 0.5223459005355835, "y": 0.42253005504608154, "z": -0.1258198469877243, "x_normalized": 18.867803518128877, "y_normalized": 15.09892176524638, "z_normalized": -0.1258198469877243}, "right_ear": {"x": 0.5017878413200378, "y": 0.4234481155872345, "z": -0.14377708733081818, "x_normalized": 18.10502972145371, "y_normalized": 15.132984928369451, "z_normalized": -0.14377708733081818}, "mouth_left": {"x": 0.5164848566055298, "y": 0.4346613585948944, "z": -0.18034371733665466, "x_normalized": 18.650338888606534, "y_normalized": 15.549034315732158, "z_normalized": -0.18034371733665466}, "mouth_right": {"x": 0.509646475315094, "y": 0.43542760610580444, "z": -0.18592828512191772, "x_normalized": 18.39661172470802, "y_normalized": 15.577464699989822, "z_normalized": -0.18592828512191772}, "left_shoulder": {"x": 0.5346344709396362, "y": 0.45800331234931946, "z": -0.059481024742126465, "x_normalized": 19.323751202904557, "y_normalized": 16.415100051821458, "z_normalized": -0.059481024742126465}, "right_shoulder": {"x": 0.4880455732345581, "y": 0.4649788439273834, "z": -0.10304291546344757, "x_normalized": 17.595144917028065, "y_normalized": 16.673915957050678, "z_normalized": -0.10304291546344757}, "left_elbow": {"x": 0.5555121898651123, "y": 0.46827372908592224, "z": 0.013524742797017097, "x_normalized": 20.098385460143206, "y_normalized": 16.79616738339577, "z_normalized": 0.013524742797017097}, "right_elbow": {"x": 0.4701860845088959, "y": 0.473190575838089, "z": -0.14063660800457, "x_normalized": 16.93249724785269, "y_normalized": 16.978599091831754, "z_normalized": -0.14063660800457}, "left_wrist": {"x": 0.5489367842674255, "y": 0.47767549753189087, "z": 0.06027945503592491, "x_normalized": 19.854415587314257, "y_normalized": 17.145004914108267, "z_normalized": 0.06027945503592491}, "right_wrist": {"x": 0.488388329744339, "y": 0.45313894748687744, "z": -0.18103525042533875, "x_normalized": 17.60786234728544, "y_normalized": 16.234615599683465, "z_normalized": -0.18103525042533875}, "left_pinky": {"x": 0.5480034351348877, "y": 0.4834290146827698, "z": 0.06763657182455063, "x_normalized": 19.819785165542196, "y_normalized": 17.35847993504278, "z_normalized": 0.06763657182455063}, "right_pinky": {"x": 0.4969047009944916, "y": 0.44471442699432373, "z": -0.19426926970481873, "x_normalized": 17.923848635887136, "y_normalized": 15.922037286045096, "z_normalized": -0.19426926970481873}, "left_index": {"x": 0.5446431040763855, "y": 0.4823993146419525, "z": 0.058145735412836075, "x_normalized": 19.695105474103183, "y_normalized": 17.320274567438002, "z_normalized": 0.058145735412836075}, "right_index": {"x": 0.4994826018810272, "y": 0.44258198142051697, "z": -0.1883932650089264, "x_normalized": 18.019497511399088, "y_normalized": 15.842916315068141, "z_normalized": -0.1883932650089264}, "left_thumb": {"x": 0.5448371171951294, "y": 0.4816264510154724, "z": 0.058253414928913116, "x_normalized": 19.702304019531883, "y_normalized": 17.29159870282931, "z_normalized": 0.058253414928913116}, "right_thumb": {"x": 0.4987386465072632, "y": 0.44576844573020935, "z": -0.17984279990196228, "x_normalized": 17.99189424111695, "y_normalized": 15.961144959804997, "z_normalized": -0.17984279990196228}, "left_hip": {"x": 0.526477038860321, "y": 0.5781635642051697, "z": 0.009742634370923042, "x_normalized": 19.021082776229637, "y_normalized": 20.873453369931514, "z_normalized": 0.009742634370923042}, "right_hip": {"x": 0.4995287358760834, "y": 0.5785921812057495, "z": -0.009843876585364342, "x_normalized": 18.02120923925218, "y_normalized": 20.889356515915477, "z_normalized": -0.009843876585364342}, "left_knee": {"x": 0.5255113244056702, "y": 0.6657689213752747, "z": 0.04018370434641838, "x_normalized": 18.985251491118778, "y_normalized": 24.123909563150104, "z_normalized": 0.04018370434641838}, "right_knee": {"x": 0.503031849861145, "y": 0.6755273342132568, "z": -0.058757323771715164, "x_normalized": 18.151186662050474, "y_normalized": 24.48597981170366, "z_normalized": -0.058757323771715164}, "left_ankle": {"x": 0.5215316414833069, "y": 0.7190853357315063, "z": 0.20001904666423798, "x_normalized": 18.837591742675265, "y_normalized": 26.102129558394424, "z_normalized": 0.20001904666423798}, "right_ankle": {"x": 0.5096749067306519, "y": 0.7613534331321716, "z": -0.0017828921554610133, "x_normalized": 18.39766662675702, "y_normalized": 27.670419482774108, "z_normalized": -0.0017828921554610133}, "left_heel": {"x": 0.5191034078598022, "y": 0.7221893668174744, "z": 0.2135278582572937, "x_normalized": 18.74749603077974, "y_normalized": 26.21729965064959, "z_normalized": 0.2135278582572937}, "right_heel": {"x": 0.5123196840286255, "y": 0.7727782130241394, "z": -0.00022209227608982474, "x_normalized": 18.49579684419555, "y_normalized": 28.09431760676553, "z_normalized": -0.00022209227608982474}, "left_foot_index": {"x": 0.5273553133010864, "y": 0.7484186887741089, "z": 0.16478081047534943, "x_normalized": 19.05366973994452, "y_normalized": 27.190496550381663, "z_normalized": 0.16478081047534943}, "right_foot_index": {"x": 0.5055302381515503, "y": 0.7921944856643677, "z": -0.07855638116598129, "x_normalized": 18.24388535028074, "y_normalized": 28.814727244844, "z_normalized": -0.07855638116598129}}}