{"sequence_id": 1697925405990398000, "sequence_source": "mediapipe", "frame_number": 262, "image_dimensions": {"height": 1080, "width": 1920}, "joint_positions": {"nose": {"x": 0.50982666015625, "y": 0.4070311486721039, "z": -0.1287941187620163, "x_normalized": 21.465879895316473, "y_normalized": 16.997616492616178, "z_normalized": -0.1287941187620163}, "left_eye_inner": {"x": 0.5119115710258484, "y": 0.4025976061820984, "z": -0.12034545838832855, "x_normalized": 21.55575639631237, "y_normalized": 16.806494995851633, "z_normalized": -0.12034545838832855}, "left_eye": {"x": 0.5134420394897461, "y": 0.4028280973434448, "z": -0.12032167613506317, "x_normalized": 21.621731950675603, "y_normalized": 16.81643102688028, "z_normalized": -0.12032167613506317}, "left_eye_outer": {"x": 0.5147660970687866, "y": 0.4030376672744751, "z": -0.1203591376543045, "x_normalized": 21.678809528454348, "y_normalized": 16.825465183874524, "z_normalized": -0.1203591376543045}, "right_eye_inner": {"x": 0.5075650811195374, "y": 0.40263631939888, "z": -0.12071318179368973, "x_normalized": 21.368387569141134, "y_normalized": 16.80816384823154, "z_normalized": -0.12071318179368973}, "right_eye": {"x": 0.5061841607093811, "y": 0.403046578168869, "z": -0.12072639167308807, "x_normalized": 21.308858743986818, "y_normalized": 16.825849315407694, "z_normalized": -0.12072639167308807}, "right_eye_outer": {"x": 0.5048929452896118, "y": 0.40343329310417175, "z": -0.12067630141973495, "x_normalized": 21.253196928581172, "y_normalized": 16.84251985311493, "z_normalized": -0.12067630141973495}, "left_ear": {"x": 0.5173567533493042, "y": 0.40782609581947327, "z": -0.06937851756811142, "x_normalized": 21.790487742219337, "y_normalized": 17.03188513648199, "z_normalized": -0.06937851756811142}, "right_ear": {"x": 0.5023992657661438, "y": 0.40856248140335083, "z": -0.07145968079566956, "x_normalized": 21.14569919645146, "y_normalized": 17.063629303883967, "z_normalized": -0.07145968079566956}, "mouth_left": {"x": 0.5137047171592712, "y": 0.41508349776268005, "z": -0.11014187335968018, "x_normalized": 21.633055480218726, "y_normalized": 17.344737787637225, "z_normalized": -0.11014187335968018}, "mouth_right": {"x": 0.5073954463005066, "y": 0.41535118222236633, "z": -0.11077713966369629, "x_normalized": 21.36107493808152, "y_normalized": 17.3562771502826, "z_normalized": -0.11077713966369629}, "left_shoulder": {"x": 0.5294883847236633, "y": 0.442550927400589, "z": -0.028848273679614067, "x_normalized": 22.31345905729979, "y_normalized": 18.52880589491401, "z_normalized": -0.028848273679614067}, "right_shoulder": {"x": 0.4918256402015686, "y": 0.44622501730918884, "z": -0.014910120517015457, "x_normalized": 20.689890517796623, "y_normalized": 18.687188850341208, "z_normalized": -0.014910120517015457}, "left_elbow": {"x": 0.5486242771148682, "y": 0.4597882032394409, "z": 0.06047306954860687, "x_normalized": 23.138370604663315, "y_normalized": 19.271871731294585, "z_normalized": 0.06047306954860687}, "right_elbow": {"x": 0.48342081904411316, "y": 0.4608578085899353, "z": 0.08703961968421936, "x_normalized": 20.32757482932124, "y_normalized": 19.317980362483905, "z_normalized": 0.08703961968421936}, "left_wrist": {"x": 0.5409966707229614, "y": 0.48066359758377075, "z": 0.13397625088691711, "x_normalized": 22.809559151149934, "y_normalized": 20.17176986504034, "z_normalized": 0.13397625088691711}, "right_wrist": {"x": 0.48156481981277466, "y": 0.4731815457344055, "z": 0.1642744392156601, "x_normalized": 20.247566269149118, "y_normalized": 19.849232988142415, "z_normalized": 0.1642744392156601}, "left_pinky": {"x": 0.5379739999771118, "y": 0.49122682213783264, "z": 0.1474294662475586, "x_normalized": 22.679257623990676, "y_normalized": 20.627130176119667, "z_normalized": 0.1474294662475586}, "right_pinky": {"x": 0.4815313220024109, "y": 0.475452721118927, "z": 0.17660996317863464, "x_normalized": 20.246122242917387, "y_normalized": 19.947138994430404, "z_normalized": 0.17660996317863464}, "left_index": {"x": 0.5361446738243103, "y": 0.48651859164237976, "z": 0.1348246932029724, "x_normalized": 22.60039888897638, "y_normalized": 20.424167407310765, "z_normalized": 0.1348246932029724}, "right_index": {"x": 0.48248931765556335, "y": 0.4745670557022095, "z": 0.1684369146823883, "x_normalized": 20.287419594535685, "y_normalized": 19.90895966030713, "z_normalized": 0.1684369146823883}, "left_thumb": {"x": 0.5363407731056213, "y": 0.48361900448799133, "z": 0.13161809742450714, "x_normalized": 22.6088523521479, "y_normalized": 20.29917177724852, "z_normalized": 0.13161809742450714}, "right_thumb": {"x": 0.48367854952812195, "y": 0.475148469209671, "z": 0.16309402883052826, "x_normalized": 20.338685095203804, "y_normalized": 19.934023279306086, "z_normalized": 0.16309402883052826}, "left_hip": {"x": 0.5232405066490173, "y": 0.5470095872879028, "z": -0.00657828850671649, "x_normalized": 22.04412504010686, "y_normalized": 23.031817983483702, "z_normalized": -0.00657828850671649}, "right_hip": {"x": 0.5002948641777039, "y": 0.5504186749458313, "z": 0.006496818270534277, "x_normalized": 21.0549824880218, "y_normalized": 23.178777201141727, "z_normalized": 0.006496818270534277}, "left_knee": {"x": 0.5224674940109253, "y": 0.6250832080841064, "z": -0.025832558050751686, "x_normalized": 22.010801950784245, "y_normalized": 26.397421741209172, "z_normalized": -0.025832558050751686}, "right_knee": {"x": 0.5031984448432922, "y": 0.6342405080795288, "z": -0.0018037935951724648, "x_normalized": 21.180150270677508, "y_normalized": 26.79217534634377, "z_normalized": -0.0018037935951724648}, "left_ankle": {"x": 0.5241852402687073, "y": 0.6987946629524231, "z": 0.05250198021531105, "x_normalized": 22.08485069094836, "y_normalized": 29.574980908598032, "z_normalized": 0.05250198021531105}, "right_ankle": {"x": 0.512842059135437, "y": 0.6919848322868347, "z": 0.09221484512090683, "x_normalized": 21.59586795058913, "y_normalized": 29.281422195119063, "z_normalized": 0.09221484512090683}, "left_heel": {"x": 0.5233529806137085, "y": 0.7053968906402588, "z": 0.05706518515944481, "x_normalized": 22.048973576582437, "y_normalized": 29.85959025665864, "z_normalized": 0.05706518515944481}, "right_heel": {"x": 0.515486478805542, "y": 0.6986297965049744, "z": 0.09832215309143066, "x_normalized": 21.709863800761628, "y_normalized": 29.567873832873893, "z_normalized": 0.09832215309143066}, "left_foot_index": {"x": 0.5231331586837769, "y": 0.7248020172119141, "z": 0.004774817265570164, "x_normalized": 22.03949747561692, "y_normalized": 30.696107972151573, "z_normalized": 0.004774817265570164}, "right_foot_index": {"x": 0.5066910982131958, "y": 0.7154726982116699, "z": 0.05369027331471443, "x_normalized": 21.330711845589782, "y_normalized": 30.29393895828962, "z_normalized": 0.05369027331471443}}}