{"sequence_id": 1697925405990398000, "sequence_source": "mediapipe", "frame_number": 168, "image_dimensions": {"height": 1080, "width": 1920}, "joint_positions": {"nose": {"x": 0.5138307213783264, "y": 0.4285791218280792, "z": -0.19413802027702332, "x_normalized": 18.807109893597385, "y_normalized": 15.541663414595124, "z_normalized": -0.19413802027702332}, "left_eye_inner": {"x": 0.5160554051399231, "y": 0.4216793477535248, "z": -0.18395768105983734, "x_normalized": 18.890775703194763, "y_normalized": 15.282177012998753, "z_normalized": -0.18395768105983734}, "left_eye": {"x": 0.5177390575408936, "y": 0.4214227497577667, "z": -0.18390385806560516, "x_normalized": 18.954094429046684, "y_normalized": 15.272526886798007, "z_normalized": -0.18390385806560516}, "left_eye_outer": {"x": 0.5194228887557983, "y": 0.421120822429657, "z": -0.18392564356327057, "x_normalized": 19.017419879725228, "y_normalized": 15.261172017048903, "z_normalized": -0.18392564356327057}, "right_eye_inner": {"x": 0.5112149119377136, "y": 0.42218124866485596, "z": -0.18733197450637817, "x_normalized": 18.708734646571596, "y_normalized": 15.301052480518706, "z_normalized": -0.18733197450637817}, "right_eye": {"x": 0.5093441605567932, "y": 0.4224303960800171, "z": -0.18737855553627014, "x_normalized": 18.638379510465516, "y_normalized": 15.310422405610257, "z_normalized": -0.18737855553627014}, "right_eye_outer": {"x": 0.5074814558029175, "y": 0.4227180480957031, "z": -0.18743152916431427, "x_normalized": 18.56832699155737, "y_normalized": 15.32124041003414, "z_normalized": -0.18743152916431427}, "left_ear": {"x": 0.5226534605026245, "y": 0.4232923686504364, "z": -0.1146647110581398, "x_normalized": 19.138915080673087, "y_normalized": 15.342839432335488, "z_normalized": -0.1146647110581398}, "right_ear": {"x": 0.5031201243400574, "y": 0.4268378019332886, "z": -0.13019078969955444, "x_normalized": 18.404306228668887, "y_normalized": 15.476175932158018, "z_normalized": -0.13019078969955444}, "mouth_left": {"x": 0.5169113874435425, "y": 0.4363037049770355, "z": -0.16721640527248383, "x_normalized": 18.9229674482282, "y_normalized": 15.832169199784047, "z_normalized": -0.16721640527248383}, "mouth_right": {"x": 0.5106061697006226, "y": 0.4379664957523346, "z": -0.17197729647159576, "x_normalized": 18.685841095145758, "y_normalized": 15.894703362530219, "z_normalized": -0.17197729647159576}, "left_shoulder": {"x": 0.5354874134063721, "y": 0.45748403668403625, "z": -0.046699948608875275, "x_normalized": 19.621573820113884, "y_normalized": 16.628718188182923, "z_normalized": -0.046699948608875275}, "right_shoulder": {"x": 0.49125659465789795, "y": 0.4655612111091614, "z": -0.09962386637926102, "x_normalized": 17.958143123298793, "y_normalized": 16.932484210663493, "z_normalized": -0.09962386637926102}, "left_elbow": {"x": 0.5549609065055847, "y": 0.46651124954223633, "z": 0.03153538331389427, "x_normalized": 20.353932096809014, "y_normalized": 16.968213214499432, "z_normalized": 0.03153538331389427}, "right_elbow": {"x": 0.4732702672481537, "y": 0.47523233294487, "z": -0.15792571008205414, "x_normalized": 17.281714108803836, "y_normalized": 17.296195337641247, "z_normalized": -0.15792571008205414}, "left_wrist": {"x": 0.5480266809463501, "y": 0.47073233127593994, "z": 0.09345400333404541, "x_normalized": 20.093150045283718, "y_normalized": 17.12695947170839, "z_normalized": 0.09345400333404541}, "right_wrist": {"x": 0.49536779522895813, "y": 0.4543581008911133, "z": -0.21335981786251068, "x_normalized": 18.11275697454931, "y_normalized": 16.51115813161263, "z_normalized": -0.21335981786251068}, "left_pinky": {"x": 0.5516769886016846, "y": 0.4812851548194885, "z": 0.1036577895283699, "x_normalized": 20.230430655919303, "y_normalized": 17.52382959794853, "z_normalized": 0.1036577895283699}, "right_pinky": {"x": 0.503860354423523, "y": 0.4514367878437042, "z": -0.22955533862113953, "x_normalized": 18.432144769269836, "y_normalized": 16.40129351830532, "z_normalized": -0.22955533862113953}, "left_index": {"x": 0.5488737225532532, "y": 0.4813387393951416, "z": 0.0949835330247879, "x_normalized": 20.125005548986117, "y_normalized": 17.525844804325875, "z_normalized": 0.0949835330247879}, "right_index": {"x": 0.506655752658844, "y": 0.4483541250228882, "z": -0.22308224439620972, "x_normalized": 18.53727398383171, "y_normalized": 16.285360869777243, "z_normalized": -0.22308224439620972}, "left_thumb": {"x": 0.5491095185279846, "y": 0.4800227880477905, "z": 0.09194406121969223, "x_normalized": 20.133873353689985, "y_normalized": 17.476354563615047, "z_normalized": 0.09194406121969223}, "right_thumb": {"x": 0.5044164061546326, "y": 0.45162785053253174, "z": -0.21232005953788757, "x_normalized": 18.453056738451433, "y_normalized": 16.408478995549572, "z_normalized": -0.21232005953788757}, "left_hip": {"x": 0.5302947759628296, "y": 0.5757184028625488, "z": 0.009288908913731575, "x_normalized": 19.426289338265626, "y_normalized": 21.075271059795746, "z_normalized": 0.009288908913731575}, "right_hip": {"x": 0.5037320256233215, "y": 0.5769245028495789, "z": -0.009348620660603046, "x_normalized": 18.427318585365025, "y_normalized": 21.12063001535257, "z_normalized": -0.009348620660603046}, "left_knee": {"x": 0.5259143114089966, "y": 0.6641391515731812, "z": 0.027677316218614578, "x_normalized": 19.261549018928722, "y_normalized": 24.40059470973866, "z_normalized": 0.027677316218614578}, "right_knee": {"x": 0.5032555460929871, "y": 0.6684362292289734, "z": -0.055908795446157455, "x_normalized": 18.40939916402965, "y_normalized": 24.562199018261428, "z_normalized": -0.055908795446157455}, "left_ankle": {"x": 0.5194843411445618, "y": 0.7222631573677063, "z": 0.16333168745040894, "x_normalized": 19.019730978473884, "y_normalized": 26.58651977728688, "z_normalized": 0.16333168745040894}, "right_ankle": {"x": 0.508013904094696, "y": 0.7586239576339722, "z": -0.009847396984696388, "x_normalized": 18.58835128362503, "y_normalized": 27.95397516326152, "z_normalized": -0.009847396984696388}, "left_heel": {"x": 0.5167760252952576, "y": 0.7302846908569336, "z": 0.1740904599428177, "x_normalized": 18.917876754476307, "y_normalized": 26.888193257883962, "z_normalized": 0.1740904599428177}, "right_heel": {"x": 0.5110219717025757, "y": 0.7698602080345154, "z": -0.009434383362531662, "x_normalized": 18.70147855864783, "y_normalized": 28.376547576846093, "z_normalized": -0.009434383362531662}, "left_foot_index": {"x": 0.5268298387527466, "y": 0.7489928603172302, "z": 0.11920284479856491, "x_normalized": 19.295980131226862, "y_normalized": 27.59176927664237, "z_normalized": 0.11920284479856491}, "right_foot_index": {"x": 0.5051780939102173, "y": 0.7915378212928772, "z": -0.08820778876543045, "x_normalized": 18.48170225824687, "y_normalized": 29.191798308077217, "z_normalized": -0.08820778876543045}}}