{"sequence_id": 1697925405990398000, "sequence_source": "mediapipe", "frame_number": 444, "image_dimensions": {"height": 1080, "width": 1920}, "joint_positions": {"nose": {"x": 0.5240620970726013, "y": 0.42411911487579346, "z": -0.06139543280005455, "x_normalized": 28.66974749172692, "y_normalized": 23.10035598082099, "z_normalized": -0.06139543280005455}, "left_eye_inner": {"x": 0.5256068706512451, "y": 0.420335054397583, "z": -0.0543658472597599, "x_normalized": 28.755802420579556, "y_normalized": 22.889556767442187, "z_normalized": -0.0543658472597599}, "left_eye": {"x": 0.5266478657722473, "y": 0.42047229409217834, "z": -0.05432334914803505, "x_normalized": 28.81379328882863, "y_normalized": 22.897201999285503, "z_normalized": -0.05432334914803505}, "left_eye_outer": {"x": 0.5277426838874817, "y": 0.42058005928993225, "z": -0.054331209510564804, "x_normalized": 28.874782482530264, "y_normalized": 22.903205291000035, "z_normalized": -0.054331209510564804}, "right_eye_inner": {"x": 0.5228059887886047, "y": 0.42017999291419983, "z": -0.056234244257211685, "x_normalized": 28.599773282881745, "y_normalized": 22.88091873459077, "z_normalized": -0.056234244257211685}, "right_eye": {"x": 0.5217866897583008, "y": 0.42025282979011536, "z": -0.0562715046107769, "x_normalized": 28.54299104194688, "y_normalized": 22.884976269145618, "z_normalized": -0.0562715046107769}, "right_eye_outer": {"x": 0.5207817554473877, "y": 0.4202718734741211, "z": -0.05624747276306152, "x_normalized": 28.48700901854697, "y_normalized": 22.88603713845026, "z_normalized": -0.05624747276306152}, "left_ear": {"x": 0.5301287174224854, "y": 0.42327800393104553, "z": -0.012516364455223083, "x_normalized": 29.00770160345089, "y_normalized": 23.05350008976477, "z_normalized": -0.012516364455223083}, "right_ear": {"x": 0.5186945796012878, "y": 0.4229293465614319, "z": -0.02230658382177353, "x_normalized": 28.370738406839106, "y_normalized": 23.034077382417337, "z_normalized": -0.02230658382177353}, "mouth_left": {"x": 0.5260160565376282, "y": 0.43016570806503296, "z": -0.046111099421978, "x_normalized": 28.778596998909354, "y_normalized": 23.43719443656261, "z_normalized": -0.046111099421978}, "mouth_right": {"x": 0.5224972367286682, "y": 0.43051427602767944, "z": -0.04882412403821945, "x_normalized": 28.58257358648723, "y_normalized": 23.45661216330298, "z_normalized": -0.04882412403821945}, "left_shoulder": {"x": 0.5390773415565491, "y": 0.44750532507896423, "z": 0.020322762429714203, "x_normalized": 29.506203923682115, "y_normalized": 24.40313503076659, "z_normalized": 0.020322762429714203}, "right_shoulder": {"x": 0.509748101234436, "y": 0.4484863579273224, "z": 0.01158259715884924, "x_normalized": 27.872355621177416, "y_normalized": 24.45778557187804, "z_normalized": 0.01158259715884924}, "left_elbow": {"x": 0.5530626773834229, "y": 0.46115341782569885, "z": 0.06795056164264679, "x_normalized": 30.285287082664176, "y_normalized": 25.16343133990306, "z_normalized": 0.06795056164264679}, "right_elbow": {"x": 0.4982021450996399, "y": 0.45766422152519226, "z": 0.05991425737738609, "x_normalized": 27.229163345330864, "y_normalized": 24.96905816862149, "z_normalized": 0.05991425737738609}, "left_wrist": {"x": 0.5408386588096619, "y": 0.47362691164016724, "z": 0.11946361511945724, "x_normalized": 29.604321882843877, "y_normalized": 25.85829409363441, "z_normalized": 0.11946361511945724}, "right_wrist": {"x": 0.5127447247505188, "y": 0.46398699283599854, "z": 0.11498954892158508, "x_normalized": 28.039288967940784, "y_normalized": 25.321281719583958, "z_normalized": 0.11498954892158508}, "left_pinky": {"x": 0.5385923981666565, "y": 0.4793676733970642, "z": 0.12454879283905029, "x_normalized": 29.479189110966715, "y_normalized": 26.178095552812273, "z_normalized": 0.12454879283905029}, "right_pinky": {"x": 0.5162420868873596, "y": 0.46572279930114746, "z": 0.11985120922327042, "x_normalized": 28.234117034667538, "y_normalized": 25.41797854553011, "z_normalized": 0.11985120922327042}, "left_index": {"x": 0.5366302728652954, "y": 0.47868555784225464, "z": 0.1200217455625534, "x_normalized": 29.3698847083391, "y_normalized": 26.140096841318293, "z_normalized": 0.1200217455625534}, "right_index": {"x": 0.5181558728218079, "y": 0.46528589725494385, "z": 0.12158233672380447, "x_normalized": 28.34072858907586, "y_normalized": 25.39363997901046, "z_normalized": 0.12158233672380447}, "left_thumb": {"x": 0.5370568633079529, "y": 0.47685644030570984, "z": 0.1185496374964714, "x_normalized": 29.39364884484403, "y_normalized": 26.038201921799626, "z_normalized": 0.1185496374964714}, "right_thumb": {"x": 0.5169022083282471, "y": 0.4649154245853424, "z": 0.11719656735658646, "x_normalized": 28.270890516823766, "y_normalized": 25.373002003539394, "z_normalized": 0.11719656735658646}, "left_hip": {"x": 0.5332006812095642, "y": 0.5268626809120178, "z": -0.0012266652192920446, "x_normalized": 29.178831941766898, "y_normalized": 28.82390691899512, "z_normalized": -0.0012266652192920446}, "right_hip": {"x": 0.515312910079956, "y": 0.5253571271896362, "z": 0.001323276781477034, "x_normalized": 28.182355245653234, "y_normalized": 28.740036816441247, "z_normalized": 0.001323276781477034}, "left_knee": {"x": 0.5299533009529114, "y": 0.5926933884620667, "z": -0.00901420321315527, "x_normalized": 28.997929652391225, "y_normalized": 32.491147822682514, "z_normalized": -0.00901420321315527}, "right_knee": {"x": 0.5144102573394775, "y": 0.5913584232330322, "z": -0.028499705716967583, "x_normalized": 28.132071036734597, "y_normalized": 32.41678071840685, "z_normalized": -0.028499705716967583}, "left_ankle": {"x": 0.5284711718559265, "y": 0.6346350312232971, "z": 0.05932817608118057, "x_normalized": 28.915364468888132, "y_normalized": 34.82759708209374, "z_normalized": 0.05932817608118057}, "right_ankle": {"x": 0.5144028067588806, "y": 0.6505817174911499, "z": 0.009434015490114689, "x_normalized": 28.131655986145926, "y_normalized": 35.7159414784422, "z_normalized": 0.009434015490114689}, "left_heel": {"x": 0.5267596244812012, "y": 0.6405755281448364, "z": 0.06386393308639526, "x_normalized": 28.820019047658693, "y_normalized": 35.15852521745269, "z_normalized": 0.06386393308639526}, "right_heel": {"x": 0.5159499645233154, "y": 0.6593102216720581, "z": 0.010206598788499832, "x_normalized": 28.217843731186935, "y_normalized": 36.20218154408173, "z_normalized": 0.010206598788499832}, "left_foot_index": {"x": 0.5296141505241394, "y": 0.6526880860328674, "z": 0.02783816121518612, "x_normalized": 28.979036549594934, "y_normalized": 35.83328126046647, "z_normalized": 0.02783816121518612}, "right_foot_index": {"x": 0.5118760466575623, "y": 0.670455276966095, "z": -0.035785019397735596, "x_normalized": 27.990897389706486, "y_normalized": 36.82304077785309, "z_normalized": -0.035785019397735596}}}