{"sequence_id": 1697925405990398000, "sequence_source": "mediapipe", "frame_number": 186, "image_dimensions": {"height": 1080, "width": 1920}, "joint_positions": {"nose": {"x": 0.5135331749916077, "y": 0.4018307328224182, "z": -0.16717736423015594, "x_normalized": 19.594024331024322, "y_normalized": 15.180049591736424, "z_normalized": -0.16717736423015594}, "left_eye_inner": {"x": 0.5154968500137329, "y": 0.39655810594558716, "z": -0.16014209389686584, "x_normalized": 19.670931993203258, "y_normalized": 14.973546274196632, "z_normalized": -0.16014209389686584}, "left_eye": {"x": 0.5170252919197083, "y": 0.39676225185394287, "z": -0.1600968837738037, "x_normalized": 19.730793677260152, "y_normalized": 14.981541682998055, "z_normalized": -0.1600968837738037}, "left_eye_outer": {"x": 0.518599808216095, "y": 0.39694830775260925, "z": -0.16013242304325104, "x_normalized": 19.792459872558943, "y_normalized": 14.988828593530503, "z_normalized": -0.16013242304325104}, "right_eye_inner": {"x": 0.5110245943069458, "y": 0.3967437446117401, "z": -0.16062040627002716, "x_normalized": 19.495775347016895, "y_normalized": 14.98081684374759, "z_normalized": -0.16062040627002716}, "right_eye": {"x": 0.509372889995575, "y": 0.3972811698913574, "z": -0.16066129505634308, "x_normalized": 19.43108607014209, "y_normalized": 15.001865195122194, "z_normalized": -0.16066129505634308}, "right_eye_outer": {"x": 0.5077354907989502, "y": 0.3978753387928009, "z": -0.1606339067220688, "x_normalized": 19.36695705548987, "y_normalized": 15.025135919979705, "z_normalized": -0.1606339067220688}, "left_ear": {"x": 0.522483766078949, "y": 0.40171730518341064, "z": -0.10861951857805252, "x_normalized": 19.944575734841646, "y_normalized": 15.175607179196538, "z_normalized": -0.10861951857805252}, "right_ear": {"x": 0.5043830871582031, "y": 0.40472137928009033, "z": -0.11146951466798782, "x_normalized": 19.23565960362792, "y_normalized": 15.29326224593863, "z_normalized": -0.11146951466798782}, "mouth_left": {"x": 0.5171289443969727, "y": 0.41093987226486206, "z": -0.14790621399879456, "x_normalized": 19.73485324394794, "y_normalized": 15.53681056852069, "z_normalized": -0.14790621399879456}, "mouth_right": {"x": 0.5113284587860107, "y": 0.4120980203151703, "z": -0.14890192449092865, "x_normalized": 19.507676250394894, "y_normalized": 15.582169631503469, "z_normalized": -0.14890192449092865}, "left_shoulder": {"x": 0.5365499258041382, "y": 0.44053763151168823, "z": -0.05366813763976097, "x_normalized": 20.49547924388, "y_normalized": 16.696011782449006, "z_normalized": -0.05366813763976097}, "right_shoulder": {"x": 0.4936448931694031, "y": 0.44806164503097534, "z": -0.05077627673745155, "x_normalized": 18.81509643182127, "y_normalized": 16.990691036119397, "z_normalized": -0.05077627673745155}, "left_elbow": {"x": 0.5546422600746155, "y": 0.4547446370124817, "z": 0.052704814821481705, "x_normalized": 21.204068555463884, "y_normalized": 17.252431539953857, "z_normalized": 0.052704814821481705}, "right_elbow": {"x": 0.47945308685302734, "y": 0.4627131521701813, "z": 0.0428643673658371, "x_normalized": 18.25927195292791, "y_normalized": 17.564519774978002, "z_normalized": 0.0428643673658371}, "left_wrist": {"x": 0.5489615201950073, "y": 0.47419166564941406, "z": 0.1384960114955902, "x_normalized": 20.98158142359903, "y_normalized": 18.0140776840162, "z_normalized": 0.1384960114955902}, "right_wrist": {"x": 0.48889634013175964, "y": 0.48169928789138794, "z": 0.12107326835393906, "x_normalized": 18.629118554248343, "y_normalized": 18.308114970556552, "z_normalized": 0.12107326835393906}, "left_pinky": {"x": 0.5488048791885376, "y": 0.482573002576828, "z": 0.1536187380552292, "x_normalized": 20.975446552261765, "y_normalized": 18.342334153013674, "z_normalized": 0.1536187380552292}, "right_pinky": {"x": 0.49118009209632874, "y": 0.4870738983154297, "z": 0.133384570479393, "x_normalized": 18.718562083657535, "y_normalized": 18.518612490858164, "z_normalized": 0.133384570479393}, "left_index": {"x": 0.5453364849090576, "y": 0.48118484020233154, "z": 0.14211693406105042, "x_normalized": 20.839606307545054, "y_normalized": 18.28796654037697, "z_normalized": 0.14211693406105042}, "right_index": {"x": 0.4938662350177765, "y": 0.48535123467445374, "z": 0.12801262736320496, "x_normalized": 18.823765322502755, "y_normalized": 18.451144079916762, "z_normalized": 0.12801262736320496}, "left_thumb": {"x": 0.5448771715164185, "y": 0.4772307276725769, "z": 0.13684742152690887, "x_normalized": 20.821617221348337, "y_normalized": 18.13310305877769, "z_normalized": 0.13684742152690887}, "right_thumb": {"x": 0.4927409291267395, "y": 0.48387184739112854, "z": 0.12188112735748291, "x_normalized": 18.77969252820598, "y_normalized": 18.393203628398137, "z_normalized": 0.12188112735748291}, "left_hip": {"x": 0.5313549637794495, "y": 0.5577958226203918, "z": -0.0011660224990919232, "x_normalized": 20.29201768332364, "y_normalized": 21.28844853898568, "z_normalized": -0.0011660224990919232}, "right_hip": {"x": 0.5058225393295288, "y": 0.557641327381134, "z": 0.0010828077793121338, "x_normalized": 19.292035989775172, "y_normalized": 21.2823977069818, "z_normalized": 0.0010828077793121338}, "left_knee": {"x": 0.5271419286727905, "y": 0.6504344344139099, "z": -0.00588232884183526, "x_normalized": 20.127013455495636, "y_normalized": 24.91665533505236, "z_normalized": -0.00588232884183526}, "right_knee": {"x": 0.509678840637207, "y": 0.6482636332511902, "z": -0.012716038152575493, "x_normalized": 19.44306867842755, "y_normalized": 24.831635542775633, "z_normalized": -0.012716038152575493}, "left_ankle": {"x": 0.5197611451148987, "y": 0.722505509853363, "z": 0.09072421491146088, "x_normalized": 19.837943827328843, "y_normalized": 27.739331114047083, "z_normalized": 0.09072421491146088}, "right_ankle": {"x": 0.5042055249214172, "y": 0.7267594337463379, "z": 0.07601990550756454, "x_normalized": 19.22870534879013, "y_normalized": 27.905936758061298, "z_normalized": 0.07601990550756454}, "left_heel": {"x": 0.5158036947250366, "y": 0.7308550477027893, "z": 0.09715133160352707, "x_normalized": 19.68294961787763, "y_normalized": 28.066342166812277, "z_normalized": 0.09715133160352707}, "right_heel": {"x": 0.5044865012168884, "y": 0.7345525026321411, "z": 0.08148826658725739, "x_normalized": 19.239709832611997, "y_normalized": 28.211153610368072, "z_normalized": 0.08148826658725739}, "left_foot_index": {"x": 0.5251591801643372, "y": 0.7488147616386414, "z": 0.03925709426403046, "x_normalized": 20.04935877701993, "y_normalized": 28.769737380707646, "z_normalized": 0.03925709426403046}, "right_foot_index": {"x": 0.5030873417854309, "y": 0.7567164301872253, "z": 0.01883685775101185, "x_normalized": 19.184911518391683, "y_normalized": 29.079207557054186, "z_normalized": 0.01883685775101185}}}