{"sequence_id": 1697925405990398000, "sequence_source": "mediapipe", "frame_number": 204, "image_dimensions": {"height": 1080, "width": 1920}, "joint_positions": {"nose": {"x": 0.5106537342071533, "y": 0.39629852771759033, "z": -0.17143183946609497, "x_normalized": 19.732369551445906, "y_normalized": 15.162908872258793, "z_normalized": -0.17143183946609497}, "left_eye_inner": {"x": 0.5120168328285217, "y": 0.39231812953948975, "z": -0.16663676500320435, "x_normalized": 19.7864191382605, "y_normalized": 15.00507812288285, "z_normalized": -0.16663676500320435}, "left_eye": {"x": 0.5131617784500122, "y": 0.3925039768218994, "z": -0.16659708321094513, "x_normalized": 19.831818522279104, "y_normalized": 15.012447339363147, "z_normalized": -0.16659708321094513}, "left_eye_outer": {"x": 0.5143268704414368, "y": 0.3926738500595093, "z": -0.16664838790893555, "x_normalized": 19.878016750162473, "y_normalized": 15.019183153015758, "z_normalized": -0.16664838790893555}, "right_eye_inner": {"x": 0.5086367726325989, "y": 0.3927510678768158, "z": -0.16622154414653778, "x_normalized": 19.652392990677225, "y_normalized": 15.022244993923463, "z_normalized": -0.16622154414653778}, "right_eye": {"x": 0.507313072681427, "y": 0.3933701515197754, "z": -0.16626568138599396, "x_normalized": 19.599905639941362, "y_normalized": 15.046792898661307, "z_normalized": -0.16626568138599396}, "right_eye_outer": {"x": 0.5061218738555908, "y": 0.39398249983787537, "z": -0.1662486046552658, "x_normalized": 19.552672223854536, "y_normalized": 15.071073734296434, "z_normalized": -0.1662486046552658}, "left_ear": {"x": 0.5170970559120178, "y": 0.398240327835083, "z": -0.11856632679700851, "x_normalized": 19.987860145011176, "y_normalized": 15.239905130916616, "z_normalized": -0.11856632679700851}, "right_ear": {"x": 0.5033707022666931, "y": 0.4003600776195526, "z": -0.11895504593849182, "x_normalized": 19.443582767446248, "y_normalized": 15.323957449805974, "z_normalized": -0.11895504593849182}, "mouth_left": {"x": 0.514093816280365, "y": 0.40474575757980347, "z": -0.15390634536743164, "x_normalized": 19.86877568651977, "y_normalized": 15.497858432491018, "z_normalized": -0.15390634536743164}, "mouth_right": {"x": 0.5087260603904724, "y": 0.4063463509082794, "z": -0.15339480340480804, "x_normalized": 19.655933428870775, "y_normalized": 15.561325159480639, "z_normalized": -0.15339480340480804}, "left_shoulder": {"x": 0.5332363247871399, "y": 0.4364220201969147, "z": -0.06754178553819656, "x_normalized": 20.627814437763835, "y_normalized": 16.753885604293593, "z_normalized": -0.06754178553819656}, "right_shoulder": {"x": 0.4921192526817322, "y": 0.4449182152748108, "z": -0.05539950355887413, "x_normalized": 18.997440286191413, "y_normalized": 17.090776733268143, "z_normalized": -0.05539950355887413}, "left_elbow": {"x": 0.5524234771728516, "y": 0.45110517740249634, "z": 0.03175253048539162, "x_normalized": 21.388623408104678, "y_normalized": 17.336102156826435, "z_normalized": 0.03175253048539162}, "right_elbow": {"x": 0.47920694947242737, "y": 0.4639211595058441, "z": 0.04839674383401871, "x_normalized": 18.485441636682822, "y_normalized": 17.844281481821827, "z_normalized": 0.04839674383401871}, "left_wrist": {"x": 0.5404988527297974, "y": 0.46792328357696533, "z": 0.12318523228168488, "x_normalized": 20.915788197238406, "y_normalized": 18.00297370631229, "z_normalized": 0.12318523228168488}, "right_wrist": {"x": 0.48861947655677795, "y": 0.4741458594799042, "z": 0.13564835488796234, "x_normalized": 18.85866716256559, "y_normalized": 18.249711287294243, "z_normalized": 0.13564835488796234}, "left_pinky": {"x": 0.5384647846221924, "y": 0.47560492157936096, "z": 0.13895495235919952, "x_normalized": 20.83513332821769, "y_normalized": 18.307566017961715, "z_normalized": 0.13895495235919952}, "right_pinky": {"x": 0.48876670002937317, "y": 0.4730988144874573, "z": 0.14883670210838318, "x_normalized": 18.86450486773119, "y_normalized": 18.20819385903859, "z_normalized": 0.14883670210838318}, "left_index": {"x": 0.5362882018089294, "y": 0.47623834013938904, "z": 0.12883974611759186, "x_normalized": 20.74882746605894, "y_normalized": 18.332682330834103, "z_normalized": 0.12883974611759186}, "right_index": {"x": 0.4934031665325165, "y": 0.47660526633262634, "z": 0.1439475268125534, "x_normalized": 19.048350038466534, "y_normalized": 18.347231688323745, "z_normalized": 0.1439475268125534}, "left_thumb": {"x": 0.5369395017623901, "y": 0.47423988580703735, "z": 0.12291624397039413, "x_normalized": 20.774652811947394, "y_normalized": 18.25343961923705, "z_normalized": 0.12291624397039413}, "right_thumb": {"x": 0.4924660921096802, "y": 0.47478610277175903, "z": 0.13646677136421204, "x_normalized": 19.011193163259676, "y_normalized": 18.27509821443443, "z_normalized": 0.13646677136421204}, "left_hip": {"x": 0.5286803245544434, "y": 0.5513336062431335, "z": -0.005507702939212322, "x_normalized": 20.44715991560078, "y_normalized": 21.310359837810463, "z_normalized": -0.005507702939212322}, "right_hip": {"x": 0.5034645199775696, "y": 0.5509072542190552, "z": 0.0054367841221392155, "x_normalized": 19.4473028273372, "y_normalized": 21.293454127264102, "z_normalized": 0.0054367841221392155}, "left_knee": {"x": 0.525164008140564, "y": 0.6473416686058044, "z": -0.01741199754178524, "x_normalized": 20.307730936435096, "y_normalized": 25.117271546342966, "z_normalized": -0.01741199754178524}, "right_knee": {"x": 0.5061466097831726, "y": 0.6480446457862854, "z": -0.004361914936453104, "x_normalized": 19.553653052860092, "y_normalized": 25.145145997647845, "z_normalized": -0.004361914936453104}, "left_ankle": {"x": 0.518883228302002, "y": 0.7235486507415771, "z": 0.06895221024751663, "x_normalized": 20.058685452985852, "y_normalized": 28.139030817649747, "z_normalized": 0.06895221024751663}, "right_ankle": {"x": 0.5122864842414856, "y": 0.7216992974281311, "z": 0.08018294721841812, "x_normalized": 19.79711135614275, "y_normalized": 28.065700259684977, "z_normalized": 0.08018294721841812}, "left_heel": {"x": 0.5185838341712952, "y": 0.7316604256629944, "z": 0.0741657167673111, "x_normalized": 20.046813876853548, "y_normalized": 28.4606789185006, "z_normalized": 0.0741657167673111}, "right_heel": {"x": 0.5137702822685242, "y": 0.7290146946907043, "z": 0.08537869155406952, "x_normalized": 19.855946915815775, "y_normalized": 28.35577039344371, "z_normalized": 0.08537869155406952}, "left_foot_index": {"x": 0.5217522382736206, "y": 0.7500414252281189, "z": 0.013928083702921867, "x_normalized": 20.172447436970003, "y_normalized": 29.189522317033873, "z_normalized": 0.013928083702921867}, "right_foot_index": {"x": 0.5112121105194092, "y": 0.7482240200042725, "z": 0.025581542402505875, "x_normalized": 19.75451028909421, "y_normalized": 29.117458564724473, "z_normalized": 0.025581542402505875}}}