{"sequence_id": 1697925405990398000, "sequence_source": "mediapipe", "frame_number": 105, "image_dimensions": {"height": 1080, "width": 1920}, "joint_positions": {"nose": {"x": 0.5195744633674622, "y": 0.403785765171051, "z": -0.19821244478225708, "x_normalized": 15.99281314681149, "y_normalized": 12.240467480762801, "z_normalized": -0.19821244478225708}, "left_eye_inner": {"x": 0.5224308967590332, "y": 0.39567530155181885, "z": -0.1900855153799057, "x_normalized": 16.08357738232503, "y_normalized": 11.982754476765496, "z_normalized": -0.1900855153799057}, "left_eye": {"x": 0.524321973323822, "y": 0.3959343731403351, "z": -0.19004592299461365, "x_normalized": 16.143667044911638, "y_normalized": 11.990986573037842, "z_normalized": -0.19004592299461365}, "left_eye_outer": {"x": 0.5260217189788818, "y": 0.3961225152015686, "z": -0.1901046633720398, "x_normalized": 16.19767709653903, "y_normalized": 11.996964857147736, "z_normalized": -0.1901046633720398}, "right_eye_inner": {"x": 0.5167286992073059, "y": 0.3952483534812927, "z": -0.19210149347782135, "x_normalized": 15.902387930102218, "y_normalized": 11.969188042715386, "z_normalized": -0.19210149347782135}, "right_eye": {"x": 0.5146940350532532, "y": 0.3955334722995758, "z": -0.19214771687984467, "x_normalized": 15.837735718356498, "y_normalized": 11.978247799420496, "z_normalized": -0.19214771687984467}, "right_eye_outer": {"x": 0.5126556158065796, "y": 0.3958718478679657, "z": -0.19213873147964478, "x_normalized": 15.772964187143351, "y_normalized": 11.988999809207245, "z_normalized": -0.19213873147964478}, "left_ear": {"x": 0.5298591256141663, "y": 0.4024377465248108, "z": -0.12385756522417068, "x_normalized": 16.3196121224472, "y_normalized": 12.197633685917442, "z_normalized": -0.12385756522417068}, "right_ear": {"x": 0.5083950757980347, "y": 0.4026939868927002, "z": -0.1350303441286087, "x_normalized": 15.637583940612295, "y_normalized": 12.205775819099268, "z_normalized": -0.1350303441286087}, "mouth_left": {"x": 0.5241398215293884, "y": 0.4150148928165436, "z": -0.17286689579486847, "x_normalized": 16.13787910376168, "y_normalized": 12.597277196415412, "z_normalized": -0.17286689579486847}, "mouth_right": {"x": 0.5156437158584595, "y": 0.414893239736557, "z": -0.1764966994524002, "x_normalized": 15.867912179855928, "y_normalized": 12.593411624462838, "z_normalized": -0.1764966994524002}, "left_shoulder": {"x": 0.5462296009063721, "y": 0.4520864486694336, "z": -0.06405218690633774, "x_normalized": 16.83979007558096, "y_normalized": 13.775239698959332, "z_normalized": -0.06405218690633774}, "right_shoulder": {"x": 0.49261200428009033, "y": 0.4495929181575775, "z": -0.06973603367805481, "x_normalized": 15.136070961311267, "y_normalized": 13.696006837690396, "z_normalized": -0.06973603367805481}, "left_elbow": {"x": 0.5745513439178467, "y": 0.47239822149276733, "z": 0.03669581189751625, "x_normalized": 17.739724014328818, "y_normalized": 14.42065384993332, "z_normalized": 0.03669581189751625}, "right_elbow": {"x": 0.47849175333976746, "y": 0.4614205062389374, "z": 0.018327508121728897, "x_normalized": 14.687394725541298, "y_normalized": 14.071832856718707, "z_normalized": 0.018327508121728897}, "left_wrist": {"x": 0.5568881630897522, "y": 0.4963837265968323, "z": 0.10492885857820511, "x_normalized": 17.178469861044448, "y_normalized": 15.182802213203638, "z_normalized": 0.10492885857820511}, "right_wrist": {"x": 0.48959827423095703, "y": 0.4837380349636078, "z": 0.09161689877510071, "x_normalized": 15.040308565884528, "y_normalized": 14.780980648935232, "z_normalized": 0.09161689877510071}, "left_pinky": {"x": 0.5518026351928711, "y": 0.5076228976249695, "z": 0.11541140824556351, "x_normalized": 17.01687531691635, "y_normalized": 15.539931061082612, "z_normalized": 0.11541140824556351}, "right_pinky": {"x": 0.49353253841400146, "y": 0.49150222539901733, "z": 0.096100352704525, "x_normalized": 15.165321276468312, "y_normalized": 15.027690693472238, "z_normalized": 0.096100352704525}, "left_index": {"x": 0.549004316329956, "y": 0.5061655044555664, "z": 0.10230560600757599, "x_normalized": 16.92795769220818, "y_normalized": 15.493621850003557, "z_normalized": 0.10230560600757599}, "right_index": {"x": 0.49660763144493103, "y": 0.4916282296180725, "z": 0.08982157707214355, "x_normalized": 15.26303350350954, "y_normalized": 15.031694524490238, "z_normalized": 0.08982157707214355}, "left_thumb": {"x": 0.5497636198997498, "y": 0.5017549991607666, "z": 0.102706179022789, "x_normalized": 16.952084846105205, "y_normalized": 15.353476400614747, "z_normalized": 0.102706179022789}, "right_thumb": {"x": 0.4967074394226074, "y": 0.48979148268699646, "z": 0.09108061343431473, "x_normalized": 15.266204939195275, "y_normalized": 14.973331206261674, "z_normalized": 0.09108061343431473}, "left_hip": {"x": 0.5325924754142761, "y": 0.5897225737571716, "z": -0.01001268532127142, "x_normalized": 16.40646533097296, "y_normalized": 18.14867886596318, "z_normalized": -0.01001268532127142}, "right_hip": {"x": 0.5011256337165833, "y": 0.590228796005249, "z": 0.010017908178269863, "x_normalized": 15.406594709398332, "y_normalized": 18.164764266547795, "z_normalized": 0.010017908178269863}, "left_knee": {"x": 0.5308742523193359, "y": 0.7004250884056091, "z": -0.052549783140420914, "x_normalized": 16.351868151807448, "y_normalized": 21.66629252401019, "z_normalized": -0.052549783140420914}, "right_knee": {"x": 0.5026537179946899, "y": 0.6939681768417358, "z": 0.03566694259643555, "x_normalized": 15.455150156800636, "y_normalized": 21.461121752794984, "z_normalized": 0.03566694259643555}, "left_ankle": {"x": 0.5258032083511353, "y": 0.7968306541442871, "z": 0.041706133633852005, "x_normalized": 16.190733839910845, "y_normalized": 24.729615302459003, "z_normalized": 0.041706133633852005}, "right_ankle": {"x": 0.5106145739555359, "y": 0.7620680332183838, "z": 0.2403392493724823, "x_normalized": 15.708109321698991, "y_normalized": 23.625020067682247, "z_normalized": 0.2403392493724823}, "left_heel": {"x": 0.5235450267791748, "y": 0.8033717274665833, "z": 0.04689951613545418, "x_normalized": 16.118979278913706, "y_normalized": 24.937460344912342, "z_normalized": 0.04689951613545418}, "right_heel": {"x": 0.5132334232330322, "y": 0.7706961631774902, "z": 0.25815272331237793, "x_normalized": 15.791324233448222, "y_normalized": 23.899182112545837, "z_normalized": 0.25815272331237793}, "left_foot_index": {"x": 0.5241931676864624, "y": 0.8373386859893799, "z": -0.03846167027950287, "x_normalized": 16.13957419778302, "y_normalized": 26.016773110313846, "z_normalized": -0.03846167027950287}, "right_foot_index": {"x": 0.5034850835800171, "y": 0.7979700565338135, "z": 0.20866289734840393, "x_normalized": 15.481567108096316, "y_normalized": 24.76582023800304, "z_normalized": 0.20866289734840393}}}