{"sequence_id": 1697925405990398000, "sequence_source": "mediapipe", "frame_number": 565, "image_dimensions": {"height": 1080, "width": 1920}, "joint_positions": {"nose": {"x": 0.5203127264976501, "y": 0.42215096950531006, "z": -0.05283326283097267, "x_normalized": 32.26712597954246, "y_normalized": 26.09331111685617, "z_normalized": -0.05283326283097267}, "left_eye_inner": {"x": 0.5216495990753174, "y": 0.4185294210910797, "z": -0.04687365144491196, "x_normalized": 32.35137466687375, "y_normalized": 25.865083905749763, "z_normalized": -0.04687365144491196}, "left_eye": {"x": 0.522614061832428, "y": 0.4186156988143921, "z": -0.046845342963933945, "x_normalized": 32.412154372152976, "y_normalized": 25.870521061882986, "z_normalized": -0.046845342963933945}, "left_eye_outer": {"x": 0.5235643982887268, "y": 0.4187144935131073, "z": -0.04686805233359337, "x_normalized": 32.472043848759604, "y_normalized": 25.876747028232426, "z_normalized": -0.04686805233359337}, "right_eye_inner": {"x": 0.5191041827201843, "y": 0.41832849383354187, "z": -0.04821964353322983, "x_normalized": 32.190964475046975, "y_normalized": 25.85242162365989, "z_normalized": -0.04821964353322983}, "right_eye": {"x": 0.5181382894515991, "y": 0.41837894916534424, "z": -0.04824293404817581, "x_normalized": 32.13009462002876, "y_normalized": 25.855601280079075, "z_normalized": -0.04824293404817581}, "right_eye_outer": {"x": 0.5171825289726257, "y": 0.4184377193450928, "z": -0.04819579795002937, "x_normalized": 32.06986332566177, "y_normalized": 25.85930493185618, "z_normalized": -0.04819579795002937}, "left_ear": {"x": 0.5254994630813599, "y": 0.42071399092674255, "z": -0.010997182689607143, "x_normalized": 32.59399015194791, "y_normalized": 26.00275382591469, "z_normalized": -0.010997182689607143}, "right_ear": {"x": 0.5150620937347412, "y": 0.4215043783187866, "z": -0.017847765237092972, "x_normalized": 31.93623511879518, "y_normalized": 26.052563434829782, "z_normalized": -0.017847765237092972}, "mouth_left": {"x": 0.5222781300544739, "y": 0.4277490973472595, "z": -0.039767757058143616, "x_normalized": 32.39098420844531, "y_normalized": 26.44610085170134, "z_normalized": -0.039767757058143616}, "mouth_right": {"x": 0.5189162492752075, "y": 0.4282359182834625, "z": -0.04164310544729233, "x_normalized": 32.17912105308632, "y_normalized": 26.476779934753562, "z_normalized": -0.04164310544729233}, "left_shoulder": {"x": 0.5327025651931763, "y": 0.44151225686073303, "z": 0.01272320281714201, "x_normalized": 33.047924137707945, "y_normalized": 27.313444637422958, "z_normalized": 0.01272320281714201}, "right_shoulder": {"x": 0.5074915289878845, "y": 0.44613200426101685, "z": 0.01730344444513321, "x_normalized": 31.45914391883043, "y_normalized": 27.60457758515325, "z_normalized": 0.01730344444513321}, "left_elbow": {"x": 0.5478267669677734, "y": 0.4522961676120758, "z": 0.0549326054751873, "x_normalized": 34.001039765725984, "y_normalized": 27.99303844484757, "z_normalized": 0.0549326054751873}, "right_elbow": {"x": 0.4973675012588501, "y": 0.4534274935722351, "z": 0.06808444857597351, "x_normalized": 30.82113543475705, "y_normalized": 28.064333741556812, "z_normalized": 0.06808444857597351}, "left_wrist": {"x": 0.5382974147796631, "y": 0.4718717634677887, "z": 0.09639701247215271, "x_normalized": 33.400507279401246, "y_normalized": 29.226677523187764, "z_normalized": 0.09639701247215271}, "right_wrist": {"x": 0.511616051197052, "y": 0.4579363763332367, "z": 0.11903119087219238, "x_normalized": 31.719068153791895, "y_normalized": 28.348480084514883, "z_normalized": 0.11903119087219238}, "left_pinky": {"x": 0.5367155075073242, "y": 0.47796839475631714, "z": 0.0987485870718956, "x_normalized": 33.30081669302769, "y_normalized": 29.610882563953624, "z_normalized": 0.0987485870718956}, "right_pinky": {"x": 0.514526903629303, "y": 0.4592883884906769, "z": 0.12220599502325058, "x_normalized": 31.902507847693137, "y_normalized": 28.433682856583886, "z_normalized": 0.12220599502325058}, "left_index": {"x": 0.534846305847168, "y": 0.47726577520370483, "z": 0.09228761494159698, "x_normalized": 33.183021034072354, "y_normalized": 29.566604017149878, "z_normalized": 0.09228761494159698}, "right_index": {"x": 0.5158228278160095, "y": 0.45893028378486633, "z": 0.12335927039384842, "x_normalized": 31.984175998745656, "y_normalized": 28.41111537192178, "z_normalized": 0.12335927039384842}, "left_thumb": {"x": 0.5348851084709167, "y": 0.4752184748649597, "z": 0.09499749541282654, "x_normalized": 33.18546634574263, "y_normalized": 29.437584715689482, "z_normalized": 0.09499749541282654}, "right_thumb": {"x": 0.5148240327835083, "y": 0.4577390253543854, "z": 0.12019144743680954, "x_normalized": 31.921232699730524, "y_normalized": 28.3360431767725, "z_normalized": 0.12019144743680954}, "left_hip": {"x": 0.5305020213127136, "y": 0.5098142027854919, "z": -0.002655335934832692, "x_normalized": 32.90924754545756, "y_normalized": 31.617781028535724, "z_normalized": -0.002655335934832692}, "right_hip": {"x": 0.5146661400794983, "y": 0.5108259916305542, "z": 0.0027446041349321604, "x_normalized": 31.911282422288792, "y_normalized": 31.681543187680077, "z_normalized": 0.0027446041349321604}, "left_knee": {"x": 0.5307433009147644, "y": 0.5644840002059937, "z": -0.014623990282416344, "x_normalized": 32.92445280143496, "y_normalized": 35.06302984752329, "z_normalized": -0.014623990282416344}, "right_knee": {"x": 0.5165472626686096, "y": 0.5692782402038574, "z": -0.015388613566756248, "x_normalized": 32.0298293290691, "y_normalized": 35.36515918529158, "z_normalized": -0.015388613566756248}, "left_ankle": {"x": 0.5343579649925232, "y": 0.6058142185211182, "z": 0.04478609561920166, "x_normalized": 33.152246166922446, "y_normalized": 37.66762859412999, "z_normalized": 0.04478609561920166}, "right_ankle": {"x": 0.5203884243965149, "y": 0.6181959509849548, "z": 0.031319569796323776, "x_normalized": 32.271896403231025, "y_normalized": 38.44791590377449, "z_normalized": 0.031319569796323776}, "left_heel": {"x": 0.5334413051605225, "y": 0.6111944317817688, "z": 0.048408761620521545, "x_normalized": 33.09447896542135, "y_normalized": 38.0066855187347, "z_normalized": 0.048408761620521545}, "right_heel": {"x": 0.5222405195236206, "y": 0.6249176263809204, "z": 0.03338870033621788, "x_normalized": 32.38861402155753, "y_normalized": 38.87151074612311, "z_normalized": 0.03338870033621788}, "left_foot_index": {"x": 0.5358096957206726, "y": 0.623897135257721, "z": 0.017003187909722328, "x_normalized": 33.24373312704733, "y_normalized": 38.80720017606653, "z_normalized": 0.017003187909722328}, "right_foot_index": {"x": 0.516747236251831, "y": 0.6358192563056946, "z": -0.002541436580941081, "x_normalized": 32.04243151133298, "y_normalized": 39.5585231258193, "z_normalized": -0.002541436580941081}}}