{"sequence_id": 1697925405990398000, "sequence_source": "mediapipe", "frame_number": 19, "image_dimensions": {"height": 1080, "width": 1920}, "joint_positions": {"nose": {"x": 0.5217186808586121, "y": 0.3954596221446991, "z": -0.1516374796628952, "x_normalized": 14.881895425449148, "y_normalized": 11.084415734002983, "z_normalized": -0.1516374796628952}, "left_eye_inner": {"x": 0.5238469243049622, "y": 0.38734740018844604, "z": -0.13892120122909546, "x_normalized": 14.944731111819106, "y_normalized": 10.844905054207025, "z_normalized": -0.13892120122909546}, "left_eye": {"x": 0.5256399512290955, "y": 0.38756370544433594, "z": -0.1388501077890396, "x_normalized": 14.99766964084451, "y_normalized": 10.851291395601653, "z_normalized": -0.1388501077890396}, "left_eye_outer": {"x": 0.5274796485900879, "y": 0.38783136010169983, "z": -0.13892823457717896, "x_normalized": 15.051986099137478, "y_normalized": 10.859193811152101, "z_normalized": -0.13892823457717896}, "right_eye_inner": {"x": 0.5191877484321594, "y": 0.3875364661216736, "z": -0.14132650196552277, "x_normalized": 14.807170479651772, "y_normalized": 10.850487163577034, "z_normalized": -0.14132650196552277}, "right_eye": {"x": 0.5170465707778931, "y": 0.38796985149383545, "z": -0.14139357209205627, "x_normalized": 14.743952915055681, "y_normalized": 10.863282723863707, "z_normalized": -0.14139357209205627}, "right_eye_outer": {"x": 0.5149615406990051, "y": 0.38850492238998413, "z": -0.14130529761314392, "x_normalized": 14.682393089118655, "y_normalized": 10.879080515734628, "z_normalized": -0.14130529761314392}, "left_ear": {"x": 0.5309531092643738, "y": 0.3927097022533417, "z": -0.0749267116189003, "x_normalized": 15.154538880832693, "y_normalized": 11.003225255473762, "z_normalized": -0.0749267116189003}, "right_ear": {"x": 0.5101073384284973, "y": 0.39475300908088684, "z": -0.08632966876029968, "x_normalized": 14.539074366831942, "y_normalized": 11.0635532161652, "z_normalized": -0.08632966876029968}, "mouth_left": {"x": 0.5250721573829651, "y": 0.40674710273742676, "z": -0.12162171304225922, "x_normalized": 14.98090571465955, "y_normalized": 11.417674878603185, "z_normalized": -0.12162171304225922}, "mouth_right": {"x": 0.5184241533279419, "y": 0.40834474563598633, "z": -0.12519650161266327, "x_normalized": 14.784625585850014, "y_normalized": 11.464844758664249, "z_normalized": -0.12519650161266327}, "left_shoulder": {"x": 0.5493616461753845, "y": 0.438118577003479, "z": -0.020231986418366432, "x_normalized": 15.698044866416158, "y_normalized": 12.343907317530938, "z_normalized": -0.020231986418366432}, "right_shoulder": {"x": 0.4931885302066803, "y": 0.44517114758491516, "z": -0.013900344260036945, "x_normalized": 14.039552129842201, "y_normalized": 12.552132139703943, "z_normalized": -0.013900344260036945}, "left_elbow": {"x": 0.577715277671814, "y": 0.45996585488319397, "z": 0.0822337344288826, "x_normalized": 16.53517649213052, "y_normalized": 12.988940996944537, "z_normalized": 0.0822337344288826}, "right_elbow": {"x": 0.47571712732315063, "y": 0.4575353264808655, "z": 0.10110783576965332, "x_normalized": 13.523714717578393, "y_normalized": 12.917180446870294, "z_normalized": 0.10110783576965332}, "left_wrist": {"x": 0.5628107190132141, "y": 0.49002769589424133, "z": 0.18732157349586487, "x_normalized": 16.09512430967904, "y_normalized": 13.876506945620772, "z_normalized": 0.18732157349586487}, "right_wrist": {"x": 0.49619215726852417, "y": 0.480466365814209, "z": 0.21415159106254578, "x_normalized": 14.128233228968345, "y_normalized": 13.594211826038046, "z_normalized": 0.21415159106254578}, "left_pinky": {"x": 0.5570622682571411, "y": 0.5042259693145752, "z": 0.1990778148174286, "x_normalized": 15.925403195564385, "y_normalized": 14.295706289175685, "z_normalized": 0.1990778148174286}, "right_pinky": {"x": 0.49941006302833557, "y": 0.4895637333393097, "z": 0.22551029920578003, "x_normalized": 14.22324083603433, "y_normalized": 13.862808604089832, "z_normalized": 0.22551029920578003}, "left_index": {"x": 0.5535725355148315, "y": 0.5030513405799866, "z": 0.19049692153930664, "x_normalized": 15.822369986423393, "y_normalized": 14.261025762897392, "z_normalized": 0.19049692153930664}, "right_index": {"x": 0.5019952058792114, "y": 0.49013853073120117, "z": 0.22226879000663757, "x_normalized": 14.299566326747225, "y_normalized": 13.879779307655303, "z_normalized": 0.22226879000663757}, "left_thumb": {"x": 0.5543030500411987, "y": 0.49775779247283936, "z": 0.1867567002773285, "x_normalized": 15.84393818706615, "y_normalized": 14.104735499574636, "z_normalized": 0.1867567002773285}, "right_thumb": {"x": 0.5008733868598938, "y": 0.48660367727279663, "z": 0.21498005092144012, "x_normalized": 14.266444989908347, "y_normalized": 13.775413924241581, "z_normalized": 0.21498005092144012}, "left_hip": {"x": 0.5384976863861084, "y": 0.5933609008789062, "z": -0.0035190603230148554, "x_normalized": 15.377290033962423, "y_normalized": 16.92738576832048, "z_normalized": -0.0035190603230148554}, "right_hip": {"x": 0.5048556923866272, "y": 0.5894376635551453, "z": 0.0036024588625878096, "x_normalized": 14.384021248177255, "y_normalized": 16.811553479277826, "z_normalized": 0.0036024588625878096}, "left_knee": {"x": 0.5324692130088806, "y": 0.7109329104423523, "z": -0.02698907069861889, "x_normalized": 15.199301344242377, "y_normalized": 20.398660603670816, "z_normalized": -0.02698907069861889}, "right_knee": {"x": 0.5050593018531799, "y": 0.7087854146957397, "z": -0.031916238367557526, "x_normalized": 14.390032750575726, "y_normalized": 20.335256499480394, "z_normalized": -0.031916238367557526}, "left_ankle": {"x": 0.5229647755622864, "y": 0.8070653080940247, "z": 0.1019853875041008, "x_normalized": 14.918685960912386, "y_normalized": 23.236937962960692, "z_normalized": 0.1019853875041008}, "right_ankle": {"x": 0.5028284788131714, "y": 0.8094475865364075, "z": 0.0881228819489479, "x_normalized": 14.324168435509115, "y_normalized": 23.307273948868787, "z_normalized": 0.0881228819489479}, "left_heel": {"x": 0.5193197131156921, "y": 0.8149954676628113, "z": 0.11169897764921188, "x_normalized": 14.811066693442818, "y_normalized": 23.47107331076715, "z_normalized": 0.11169897764921188}, "right_heel": {"x": 0.504982590675354, "y": 0.8191328644752502, "z": 0.09622300416231155, "x_normalized": 14.387767878331337, "y_normalized": 23.593228588134657, "z_normalized": 0.09622300416231155}, "left_foot_index": {"x": 0.5241783857345581, "y": 0.8430442810058594, "z": 0.039758458733558655, "x_normalized": 14.954517401291557, "y_normalized": 24.299205280958745, "z_normalized": 0.039758458733558655}, "right_foot_index": {"x": 0.5028309226036072, "y": 0.8468955159187317, "z": 0.021125227212905884, "x_normalized": 14.324240587616357, "y_normalized": 24.412911722549012, "z_normalized": 0.021125227212905884}}}