{"sequence_id": 1697925405990398000, "sequence_source": "mediapipe", "frame_number": 325, "image_dimensions": {"height": 1080, "width": 1920}, "joint_positions": {"nose": {"x": 0.5225079655647278, "y": 0.41048258543014526, "z": -0.12792877852916718, "x_normalized": 24.130665955837966, "y_normalized": 18.830823588850585, "z_normalized": -0.12792877852916718}, "left_eye_inner": {"x": 0.5241033434867859, "y": 0.40703269839286804, "z": -0.12150569260120392, "x_normalized": 24.205943203935767, "y_normalized": 18.668042094369653, "z_normalized": -0.12150569260120392}, "left_eye": {"x": 0.5253672003746033, "y": 0.4073087275028229, "z": -0.12148020416498184, "x_normalized": 24.265577769005848, "y_normalized": 18.68106641387727, "z_normalized": -0.12148020416498184}, "left_eye_outer": {"x": 0.5266834497451782, "y": 0.40764057636260986, "z": -0.12151496112346649, "x_normalized": 24.327684451728096, "y_normalized": 18.696724565217945, "z_normalized": -0.12151496112346649}, "right_eye_inner": {"x": 0.520741879940033, "y": 0.4070455729961395, "z": -0.12162332981824875, "x_normalized": 24.04733393532172, "y_normalized": 18.66864957720568, "z_normalized": -0.12162332981824875}, "right_eye": {"x": 0.5196341872215271, "y": 0.407461553812027, "z": -0.12165236473083496, "x_normalized": 23.995067912059017, "y_normalized": 18.688277460134568, "z_normalized": -0.12165236473083496}, "right_eye_outer": {"x": 0.5185400247573853, "y": 0.40787288546562195, "z": -0.12163123488426208, "x_normalized": 23.94344030825825, "y_normalized": 18.707685974261555, "z_normalized": -0.12163123488426208}, "left_ear": {"x": 0.5298916101455688, "y": 0.41250959038734436, "z": -0.08108069002628326, "x_normalized": 24.47906017472055, "y_normalized": 18.926466980268277, "z_normalized": -0.08108069002628326}, "right_ear": {"x": 0.5164547562599182, "y": 0.41359782218933105, "z": -0.07403046637773514, "x_normalized": 23.84504777576548, "y_normalized": 18.977814748225597, "z_normalized": -0.07403046637773514}, "mouth_left": {"x": 0.5253843069076538, "y": 0.41782402992248535, "z": -0.11175619065761566, "x_normalized": 24.266384933700014, "y_normalized": 19.177226613992858, "z_normalized": -0.11175619065761566}, "mouth_right": {"x": 0.5211156010627747, "y": 0.41864749789237976, "z": -0.11213648319244385, "x_normalized": 24.064967812089755, "y_normalized": 19.216081609924082, "z_normalized": -0.11213648319244385}, "left_shoulder": {"x": 0.5411561727523804, "y": 0.44280675053596497, "z": -0.041461631655693054, "x_normalized": 25.010573907198587, "y_normalized": 20.356025964151122, "z_normalized": -0.041461631655693054}, "right_shoulder": {"x": 0.5065551400184631, "y": 0.4467600882053375, "z": -0.034976184368133545, "x_normalized": 23.377938473588557, "y_normalized": 20.542562568699232, "z_normalized": -0.034976184368133545}, "left_elbow": {"x": 0.5568598508834839, "y": 0.4569777548313141, "z": 0.03171174228191376, "x_normalized": 25.75154547160264, "y_normalized": 21.024678946862476, "z_normalized": 0.03171174228191376}, "right_elbow": {"x": 0.49309083819389343, "y": 0.45662903785705566, "z": 0.03642656281590462, "x_normalized": 22.742630954976118, "y_normalized": 21.008224880509783, "z_normalized": 0.03642656281590462}, "left_wrist": {"x": 0.5582107305526733, "y": 0.4725748300552368, "z": 0.09139511734247208, "x_normalized": 25.815286170656986, "y_normalized": 21.760620497135807, "z_normalized": 0.09139511734247208}, "right_wrist": {"x": 0.49864646792411804, "y": 0.46403253078460693, "z": 0.08668393641710281, "x_normalized": 23.00477104840434, "y_normalized": 21.357555635431243, "z_normalized": 0.08668393641710281}, "left_pinky": {"x": 0.559297502040863, "y": 0.4793134927749634, "z": 0.10085313022136688, "x_normalized": 25.866565034311144, "y_normalized": 22.07858151338571, "z_normalized": 0.10085313022136688}, "right_pinky": {"x": 0.4988132119178772, "y": 0.4725884199142456, "z": 0.09356939047574997, "x_normalized": 23.012638794857065, "y_normalized": 21.76126172901828, "z_normalized": 0.09356939047574997}, "left_index": {"x": 0.5579061508178711, "y": 0.4787116050720215, "z": 0.09044607728719711, "x_normalized": 25.800914701712063, "y_normalized": 22.050181690801402, "z_normalized": 0.09044607728719711}, "right_index": {"x": 0.5019176006317139, "y": 0.47219038009643555, "z": 0.0875784233212471, "x_normalized": 23.15911809369431, "y_normalized": 21.742480384671083, "z_normalized": 0.0875784233212471}, "left_thumb": {"x": 0.5556071996688843, "y": 0.4765111207962036, "z": 0.08916019648313522, "x_normalized": 25.69243964159355, "y_normalized": 21.946352749410288, "z_normalized": 0.08916019648313522}, "right_thumb": {"x": 0.5016042590141296, "y": 0.46882325410842896, "z": 0.08582160621881485, "x_normalized": 23.144333198930426, "y_normalized": 21.583603936106005, "z_normalized": 0.08582160621881485}, "left_hip": {"x": 0.5342349410057068, "y": 0.5382493734359741, "z": -0.001982396701350808, "x_normalized": 24.68399844684334, "y_normalized": 24.859446692125275, "z_normalized": -0.001982396701350808}, "right_hip": {"x": 0.5130780935287476, "y": 0.5370058417320251, "z": 0.0019462478812783957, "x_normalized": 23.685721339914455, "y_normalized": 24.800771162458368, "z_normalized": 0.0019462478812783957}, "left_knee": {"x": 0.5310885310173035, "y": 0.6142589449882507, "z": -0.002959413221105933, "x_normalized": 24.535536391527394, "y_normalized": 28.445926921315667, "z_normalized": -0.002959413221105933}, "right_knee": {"x": 0.5134077072143555, "y": 0.6137628555297852, "z": -0.01952134445309639, "x_normalized": 23.701274025484985, "y_normalized": 28.42251914518483, "z_normalized": -0.01952134445309639}, "left_ankle": {"x": 0.5236335396766663, "y": 0.6713438630104065, "z": 0.06241501122713089, "x_normalized": 24.18377570526182, "y_normalized": 31.13945519269406, "z_normalized": 0.06241501122713089}, "right_ankle": {"x": 0.5119866132736206, "y": 0.6809982061386108, "z": 0.04228806495666504, "x_normalized": 23.63422029503786, "y_normalized": 31.59499138436054, "z_normalized": 0.04228806495666504}, "left_heel": {"x": 0.5213121175765991, "y": 0.6795130372047424, "z": 0.06602972745895386, "x_normalized": 24.074240362600793, "y_normalized": 31.524914301835963, "z_normalized": 0.06602972745895386}, "right_heel": {"x": 0.5131064057350159, "y": 0.6895149350166321, "z": 0.04392402991652489, "x_normalized": 23.68705723966961, "y_normalized": 31.996849717654662, "z_normalized": 0.04392402991652489}, "left_foot_index": {"x": 0.5283879041671753, "y": 0.691774308681488, "z": 0.01822812482714653, "x_normalized": 24.408108429408912, "y_normalized": 32.1034573305365, "z_normalized": 0.01822812482714653}, "right_foot_index": {"x": 0.5113279819488525, "y": 0.7054719924926758, "z": -0.007859179750084877, "x_normalized": 23.60314304810217, "y_normalized": 32.74977688176221, "z_normalized": -0.007859179750084877}}}