{"sequence_id": 1697925405990398000, "sequence_source": "mediapipe", "frame_number": 23, "image_dimensions": {"height": 1080, "width": 1920}, "joint_positions": {"nose": {"x": 0.5226995944976807, "y": 0.39562416076660156, "z": -0.19589833915233612, "x_normalized": 15.729513663767598, "y_normalized": 11.711458914961337, "z_normalized": -0.19589833915233612}, "left_eye_inner": {"x": 0.5242524743080139, "y": 0.38753974437713623, "z": -0.19952918589115143, "x_normalized": 15.777797531995454, "y_normalized": 11.460089238409038, "z_normalized": -0.19952918589115143}, "left_eye": {"x": 0.5256447792053223, "y": 0.3876599967479706, "z": -0.19952192902565002, "x_normalized": 15.82108862622393, "y_normalized": 11.463828259026613, "z_normalized": -0.19952192902565002}, "left_eye_outer": {"x": 0.5271537899971008, "y": 0.3878204822540283, "z": -0.199540376663208, "x_normalized": 15.86800847007779, "y_normalized": 11.468818253085013, "z_normalized": -0.199540376663208}, "right_eye_inner": {"x": 0.5204406380653381, "y": 0.3879815638065338, "z": -0.2015743851661682, "x_normalized": 15.659275674976765, "y_normalized": 11.473826780083279, "z_normalized": -0.2015743851661682}, "right_eye": {"x": 0.518751323223114, "y": 0.38851284980773926, "z": -0.20160378515720367, "x_normalized": 15.606749616814025, "y_normalized": 11.490346116031114, "z_normalized": -0.20160378515720367}, "right_eye_outer": {"x": 0.5169360041618347, "y": 0.38912853598594666, "z": -0.2017047107219696, "x_normalized": 15.55030569516402, "y_normalized": 11.509489716263705, "z_normalized": -0.2017047107219696}, "left_ear": {"x": 0.5304961204528809, "y": 0.3927767872810364, "z": -0.12082736194133759, "x_normalized": 15.971931930365553, "y_normalized": 11.622925207936698, "z_normalized": -0.12082736194133759}, "right_ear": {"x": 0.5123149156570435, "y": 0.3944571614265442, "z": -0.12431414425373077, "x_normalized": 15.406621665691887, "y_normalized": 11.675173272001478, "z_normalized": -0.12431414425373077}, "mouth_left": {"x": 0.5255264639854431, "y": 0.40695586800575256, "z": -0.18899083137512207, "x_normalized": 15.817409837660914, "y_normalized": 12.063796974540073, "z_normalized": -0.18899083137512207}, "mouth_right": {"x": 0.5201912522315979, "y": 0.4085339307785034, "z": -0.19227249920368195, "x_normalized": 15.65152149293764, "y_normalized": 12.112863859477185, "z_normalized": -0.19227249920368195}, "left_shoulder": {"x": 0.5501242876052856, "y": 0.4382941722869873, "z": -0.06158716604113579, "x_normalized": 16.58223275985323, "y_normalized": 13.038202427126182, "z_normalized": -0.06158716604113579}, "right_shoulder": {"x": 0.495139479637146, "y": 0.44523629546165466, "z": -0.031089631840586662, "x_normalized": 14.87258388374485, "y_normalized": 13.254054651075988, "z_normalized": -0.031089631840586662}, "left_elbow": {"x": 0.5810561776161194, "y": 0.46088579297065735, "z": 0.041832469403743744, "x_normalized": 17.544001527393025, "y_normalized": 13.740646253677026, "z_normalized": 0.041832469403743744}, "right_elbow": {"x": 0.4802197813987732, "y": 0.45658451318740845, "z": 0.10622230172157288, "x_normalized": 14.408684012713378, "y_normalized": 13.60690607308896, "z_normalized": 0.10622230172157288}, "left_wrist": {"x": 0.5629554390907288, "y": 0.4942491948604584, "z": 0.1474672257900238, "x_normalized": 16.981193209601006, "y_normalized": 14.778018296098299, "z_normalized": 0.1474672257900238}, "right_wrist": {"x": 0.4952756464481354, "y": 0.4854139983654022, "z": 0.22880451381206512, "x_normalized": 14.876817733856797, "y_normalized": 14.503304528493219, "z_normalized": 0.22880451381206512}, "left_pinky": {"x": 0.5573509335517883, "y": 0.5077989101409912, "z": 0.15726631879806519, "x_normalized": 16.80693168264715, "y_normalized": 15.199321131499204, "z_normalized": 0.15726631879806519}, "right_pinky": {"x": 0.4982483685016632, "y": 0.4936310946941376, "z": 0.24279874563217163, "x_normalized": 14.969248918134848, "y_normalized": 14.75879963745926, "z_normalized": 0.24279874563217163}, "left_index": {"x": 0.5535329580307007, "y": 0.507992684841156, "z": 0.14554481208324432, "x_normalized": 16.688218936347862, "y_normalized": 15.205346190249013, "z_normalized": 0.14554481208324432}, "right_index": {"x": 0.500433623790741, "y": 0.4938971698284149, "z": 0.23665298521518707, "x_normalized": 15.037195308911487, "y_normalized": 14.76707274181458, "z_normalized": 0.23665298521518707}, "left_thumb": {"x": 0.5548154711723328, "y": 0.5038722157478333, "z": 0.14696472883224487, "x_normalized": 16.728096263053377, "y_normalized": 15.077227976968711, "z_normalized": 0.14696472883224487}, "right_thumb": {"x": 0.5000203251838684, "y": 0.4896717071533203, "z": 0.22849009931087494, "x_normalized": 15.024344568409743, "y_normalized": 14.635689951177223, "z_normalized": 0.22849009931087494}, "left_hip": {"x": 0.5388645529747009, "y": 0.5911198258399963, "z": -0.005899868905544281, "x_normalized": 16.23213255276308, "y_normalized": 17.790027822039363, "z_normalized": -0.005899868905544281}, "right_hip": {"x": 0.5068237781524658, "y": 0.5883362293243408, "z": 0.0058961897157132626, "x_normalized": 15.235885103900173, "y_normalized": 17.70347713958018, "z_normalized": 0.0058961897157132626}, "left_knee": {"x": 0.5322301983833313, "y": 0.7109265327453613, "z": -0.023557743057608604, "x_normalized": 16.025849812312085, "y_normalized": 21.515191360478717, "z_normalized": -0.023557743057608604}, "right_knee": {"x": 0.5055005550384521, "y": 0.7074812650680542, "z": -0.02291196770966053, "x_normalized": 15.194741977401943, "y_normalized": 21.40806726147643, "z_normalized": -0.02291196770966053}, "left_ankle": {"x": 0.5230157971382141, "y": 0.8065933585166931, "z": 0.10789325088262558, "x_normalized": 15.739345388365486, "y_normalized": 24.489770834423314, "z_normalized": 0.10789325088262558}, "right_ankle": {"x": 0.50323885679245, "y": 0.8087960481643677, "z": 0.10188093781471252, "x_normalized": 15.124418737087737, "y_normalized": 24.55825931369098, "z_normalized": 0.10188093781471252}, "left_heel": {"x": 0.5196634531021118, "y": 0.814411461353302, "z": 0.11829795688390732, "x_normalized": 15.635110574688007, "y_normalized": 24.73285999344435, "z_normalized": 0.11829795688390732}, "right_heel": {"x": 0.5053718686103821, "y": 0.8180803060531616, "z": 0.11030492186546326, "x_normalized": 15.19074071568529, "y_normalized": 24.846935798189648, "z_normalized": 0.11030492186546326}, "left_foot_index": {"x": 0.523469090461731, "y": 0.842376172542572, "z": 0.04460969194769859, "x_normalized": 15.753439689132108, "y_normalized": 25.602369933046827, "z_normalized": 0.04460969194769859}, "right_foot_index": {"x": 0.502933144569397, "y": 0.8463691473007202, "z": 0.03374803066253662, "x_normalized": 15.114913192231457, "y_normalized": 25.726523950490204, "z_normalized": 0.03374803066253662}}}