{"sequence_id": 1697925405990398000, "sequence_source": "mediapipe", "frame_number": 396, "image_dimensions": {"height": 1080, "width": 1920}, "joint_positions": {"nose": {"x": 0.5112319588661194, "y": 0.40818163752555847, "z": -0.07437669485807419, "x_normalized": 26.224927014956165, "y_normalized": 20.821156414395194, "z_normalized": -0.07437669485807419}, "left_eye_inner": {"x": 0.5131068229675293, "y": 0.4055538475513458, "z": -0.06740525364875793, "x_normalized": 26.32299142157973, "y_normalized": 20.68371036464752, "z_normalized": -0.06740525364875793}, "left_eye": {"x": 0.514329731464386, "y": 0.40581759810447693, "z": -0.06739649921655655, "x_normalized": 26.38695541556147, "y_normalized": 20.697505786657032, "z_normalized": -0.06739649921655655}, "left_eye_outer": {"x": 0.5155101418495178, "y": 0.40610477328300476, "z": -0.06742838025093079, "x_normalized": 26.44869655397422, "y_normalized": 20.712526429197563, "z_normalized": -0.06742838025093079}, "right_eye_inner": {"x": 0.5098288655281067, "y": 0.4057099223136902, "z": -0.06782690435647964, "x_normalized": 26.151538487475044, "y_normalized": 20.691873825106708, "z_normalized": -0.06782690435647964}, "right_eye": {"x": 0.5087757706642151, "y": 0.4061957597732544, "z": -0.06784562021493912, "x_normalized": 26.096456562940784, "y_normalized": 20.71728546008966, "z_normalized": -0.06784562021493912}, "right_eye_outer": {"x": 0.5077874064445496, "y": 0.40667325258255005, "z": -0.06781268119812012, "x_normalized": 26.044760362316655, "y_normalized": 20.74226062974349, "z_normalized": -0.06781268119812012}, "left_ear": {"x": 0.5178614854812622, "y": 0.4106404483318329, "z": -0.02936442941427231, "x_normalized": 26.571683130890225, "y_normalized": 20.949764041228295, "z_normalized": -0.02936442941427231}, "right_ear": {"x": 0.5059206485748291, "y": 0.4117395877838135, "z": -0.03141234442591667, "x_normalized": 25.94711995058423, "y_normalized": 21.00725431909642, "z_normalized": -0.03141234442591667}, "mouth_left": {"x": 0.5140858292579651, "y": 0.4150722622871399, "z": -0.06090724840760231, "x_normalized": 26.374198157513348, "y_normalized": 21.181569218716298, "z_normalized": -0.06090724840760231}, "mouth_right": {"x": 0.5093938112258911, "y": 0.41558539867401123, "z": -0.06151581555604935, "x_normalized": 26.128783055780705, "y_normalized": 21.208408718847352, "z_normalized": -0.06151581555604935}, "left_shoulder": {"x": 0.5278135538101196, "y": 0.4392416179180145, "z": -0.006665118969976902, "x_normalized": 27.09222415283024, "y_normalized": 22.44574272154951, "z_normalized": -0.006665118969976902}, "right_shoulder": {"x": 0.49638092517852783, "y": 0.44685953855514526, "z": 0.011163097806274891, "x_normalized": 25.448146551121464, "y_normalized": 22.844196596912447, "z_normalized": 0.011163097806274891}, "left_elbow": {"x": 0.5467715859413147, "y": 0.45148658752441406, "z": 0.0505995936691761, "x_normalized": 28.083820381217162, "y_normalized": 23.086213504296982, "z_normalized": 0.0505995936691761}, "right_elbow": {"x": 0.4886752963066101, "y": 0.458335280418396, "z": 0.08652443438768387, "x_normalized": 25.045105113388587, "y_normalized": 23.44443307033929, "z_normalized": 0.08652443438768387}, "left_wrist": {"x": 0.5376585125923157, "y": 0.4748061001300812, "z": 0.09567472338676453, "x_normalized": 27.60716283051012, "y_normalized": 24.305936130969368, "z_normalized": 0.09567472338676453}, "right_wrist": {"x": 0.4885919988155365, "y": 0.4730786681175232, "z": 0.14104540646076202, "x_normalized": 25.040748254121173, "y_normalized": 24.21558313142841, "z_normalized": 0.14104540646076202}, "left_pinky": {"x": 0.5353156328201294, "y": 0.48400014638900757, "z": 0.10152258723974228, "x_normalized": 27.484618954142217, "y_normalized": 24.786828954173565, "z_normalized": 0.10152258723974228}, "right_pinky": {"x": 0.48833051323890686, "y": 0.4781018793582916, "z": 0.1473223865032196, "x_normalized": 25.027071301272418, "y_normalized": 24.478321230312662, "z_normalized": 0.1473223865032196}, "left_index": {"x": 0.5332385897636414, "y": 0.4817762076854706, "z": 0.09266232699155807, "x_normalized": 27.375979616116105, "y_normalized": 24.67050626755029, "z_normalized": 0.09266232699155807}, "right_index": {"x": 0.49032342433929443, "y": 0.4768137037754059, "z": 0.1410553902387619, "x_normalized": 25.131310133498207, "y_normalized": 24.41094345393535, "z_normalized": 0.1410553902387619}, "left_thumb": {"x": 0.5334689617156982, "y": 0.47808825969696045, "z": 0.09386079758405685, "x_normalized": 27.388029176809162, "y_normalized": 24.47760885654336, "z_normalized": 0.09386079758405685}, "right_thumb": {"x": 0.4899904429912567, "y": 0.4748610854148865, "z": 0.1393793523311615, "x_normalized": 25.11389360806179, "y_normalized": 24.308812125727286, "z_normalized": 0.1393793523311615}, "left_hip": {"x": 0.5244626402854919, "y": 0.5276445150375366, "z": -0.006960886064916849, "x_normalized": 26.916955264705297, "y_normalized": 27.069639271337092, "z_normalized": -0.006960886064916849}, "right_hip": {"x": 0.505462110042572, "y": 0.5297669172286987, "z": 0.006932154763489962, "x_normalized": 25.923136180749385, "y_normalized": 27.18065111018789, "z_normalized": 0.006932154763489962}, "left_knee": {"x": 0.5220816731452942, "y": 0.5943479537963867, "z": -0.019598403945565224, "x_normalized": 26.792419235870934, "y_normalized": 30.558549820490388, "z_normalized": -0.019598403945565224}, "right_knee": {"x": 0.5091331601142883, "y": 0.6001030802726746, "z": -0.012239053845405579, "x_normalized": 26.115149749464862, "y_normalized": 30.85957060515223, "z_normalized": -0.012239053845405579}, "left_ankle": {"x": 0.5236824750900269, "y": 0.6514801979064941, "z": 0.04996703937649727, "x_normalized": 26.876148874042578, "y_normalized": 33.54684087236826, "z_normalized": 0.04996703937649727}, "right_ankle": {"x": 0.5151404738426208, "y": 0.6500429511070251, "z": 0.05812085419893265, "x_normalized": 26.429361139894443, "y_normalized": 33.47166595464726, "z_normalized": 0.05812085419893265}, "left_heel": {"x": 0.5238306522369385, "y": 0.657460629940033, "z": 0.0542978011071682, "x_normalized": 26.883899251243854, "y_normalized": 33.85964622091619, "z_normalized": 0.0542978011071682}, "right_heel": {"x": 0.5170681476593018, "y": 0.6555814743041992, "z": 0.062392618507146835, "x_normalized": 26.530187748529404, "y_normalized": 33.76135734640908, "z_normalized": 0.062392618507146835}, "left_foot_index": {"x": 0.5213781595230103, "y": 0.6706472039222717, "z": 0.01044564787298441, "x_normalized": 26.75562209101708, "y_normalized": 34.54936743964, "z_normalized": 0.01044564787298441}, "right_foot_index": {"x": 0.5108361840248108, "y": 0.6711756587028503, "z": 0.023091457784175873, "x_normalized": 26.20422608791816, "y_normalized": 34.57700816541093, "z_normalized": 0.023091457784175873}}}