{"sequence_id": 1697925405990398000, "sequence_source": "mediapipe", "frame_number": 550, "image_dimensions": {"height": 1080, "width": 1920}, "joint_positions": {"nose": {"x": 0.5176082253456116, "y": 0.41643792390823364, "z": -0.08257534354925156, "x_normalized": 32.39232197090361, "y_normalized": 25.971140261872623, "z_normalized": -0.08257534354925156}, "left_eye_inner": {"x": 0.5188913941383362, "y": 0.4127672016620636, "z": -0.07735717296600342, "x_normalized": 32.47391510202056, "y_normalized": 25.737729253731032, "z_normalized": -0.07735717296600342}, "left_eye": {"x": 0.5197759866714478, "y": 0.4128866195678711, "z": -0.07733360677957535, "x_normalized": 32.53016387844693, "y_normalized": 25.745322705895322, "z_normalized": -0.07733360677957535}, "left_eye_outer": {"x": 0.5208843946456909, "y": 0.4130609631538391, "z": -0.07736566662788391, "x_normalized": 32.600644455660365, "y_normalized": 25.75640872914491, "z_normalized": -0.07736566662788391}, "right_eye_inner": {"x": 0.5160964727401733, "y": 0.41243797540664673, "z": -0.07809824496507645, "x_normalized": 32.29619383152608, "y_normalized": 25.71679467273305, "z_normalized": -0.07809824496507645}, "right_eye": {"x": 0.5150977969169617, "y": 0.4124220907688141, "z": -0.07812616229057312, "x_normalized": 32.232690816296405, "y_normalized": 25.71578461283698, "z_normalized": -0.07812616229057312}, "right_eye_outer": {"x": 0.5141192674636841, "y": 0.41247889399528503, "z": -0.07809638231992722, "x_normalized": 32.17046885264223, "y_normalized": 25.719396571864962, "z_normalized": -0.07809638231992722}, "left_ear": {"x": 0.523090124130249, "y": 0.41535505652427673, "z": -0.04192410036921501, "x_normalized": 32.740900652711375, "y_normalized": 25.902283739689082, "z_normalized": -0.04192410036921501}, "right_ear": {"x": 0.5124349594116211, "y": 0.4155808687210083, "z": -0.046107519418001175, "x_normalized": 32.06336839281768, "y_normalized": 25.916642508605683, "z_normalized": -0.046107519418001175}, "mouth_left": {"x": 0.5198875665664673, "y": 0.42177221179008484, "z": -0.06931948661804199, "x_normalized": 32.53725893332666, "y_normalized": 26.31033277732907, "z_normalized": -0.06931948661804199}, "mouth_right": {"x": 0.5160008668899536, "y": 0.4214760959148407, "z": -0.07054819911718369, "x_normalized": 32.29011452168255, "y_normalized": 26.29150359322516, "z_normalized": -0.07054819911718369}, "left_shoulder": {"x": 0.5316928625106812, "y": 0.4381754696369171, "z": -0.013291303999722004, "x_normalized": 33.287924835826864, "y_normalized": 27.353370276238277, "z_normalized": -0.013291303999722004}, "right_shoulder": {"x": 0.5055195093154907, "y": 0.4415965974330902, "z": -0.004922198131680489, "x_normalized": 31.623634174197676, "y_normalized": 27.57091026818922, "z_normalized": -0.004922198131680489}, "left_elbow": {"x": 0.5474822521209717, "y": 0.44876134395599365, "z": 0.0337509922683239, "x_normalized": 34.29192816261727, "y_normalized": 28.026496552532777, "z_normalized": 0.0337509922683239}, "right_elbow": {"x": 0.4962390661239624, "y": 0.45513731241226196, "z": 0.05187847465276718, "x_normalized": 31.033516628911997, "y_normalized": 28.43192663562047, "z_normalized": 0.05187847465276718}, "left_wrist": {"x": 0.5384748578071594, "y": 0.46992558240890503, "z": 0.07235222309827805, "x_normalized": 33.71917303528248, "y_normalized": 29.37227155335103, "z_normalized": 0.07235222309827805}, "right_wrist": {"x": 0.5048743486404419, "y": 0.4702615439891815, "z": 0.09900610893964767, "x_normalized": 31.582610203034072, "y_normalized": 29.393634414905318, "z_normalized": 0.09900610893964767}, "left_pinky": {"x": 0.5360661745071411, "y": 0.47621703147888184, "z": 0.07628607749938965, "x_normalized": 33.56601157014093, "y_normalized": 29.772327283971062, "z_normalized": 0.07628607749938965}, "right_pinky": {"x": 0.5070958733558655, "y": 0.4761222004890442, "z": 0.10357574373483658, "x_normalized": 31.723870774841025, "y_normalized": 29.76629724534197, "z_normalized": 0.10357574373483658}, "left_index": {"x": 0.5343891978263855, "y": 0.4761737287044525, "z": 0.07073455303907394, "x_normalized": 33.459377291806874, "y_normalized": 29.7695737811024, "z_normalized": 0.07073455303907394}, "right_index": {"x": 0.5083936452865601, "y": 0.47462061047554016, "z": 0.10155109316110611, "x_normalized": 31.806392478845552, "y_normalized": 29.670815316892327, "z_normalized": 0.10155109316110611}, "left_thumb": {"x": 0.5346526503562927, "y": 0.4739398956298828, "z": 0.07131466269493103, "x_normalized": 33.47612950471736, "y_normalized": 29.627530555004498, "z_normalized": 0.07131466269493103}, "right_thumb": {"x": 0.5078732371330261, "y": 0.472377210855484, "z": 0.09924871474504471, "x_normalized": 31.773301173207216, "y_normalized": 29.528163780800725, "z_normalized": 0.09924871474504471}, "left_hip": {"x": 0.5287797451019287, "y": 0.5083308815956116, "z": -0.0034605644177645445, "x_normalized": 33.102687810083175, "y_normalized": 31.8143576061712, "z_normalized": -0.0034605644177645445}, "right_hip": {"x": 0.5131083130836487, "y": 0.5096449851989746, "z": 0.003461594460532069, "x_normalized": 32.1061850781683, "y_normalized": 31.897917795772443, "z_normalized": 0.003461594460532069}, "left_knee": {"x": 0.528075098991394, "y": 0.5672426819801331, "z": -0.0077498191967606544, "x_normalized": 33.05788132568775, "y_normalized": 35.56039497893469, "z_normalized": -0.0077498191967606544}, "right_knee": {"x": 0.516099214553833, "y": 0.5698078274726868, "z": -0.007044886704534292, "x_normalized": 32.296368175823346, "y_normalized": 35.723505439300226, "z_normalized": -0.007044886704534292}, "left_ankle": {"x": 0.5264424085617065, "y": 0.6172600984573364, "z": 0.03341288864612579, "x_normalized": 32.95406308676376, "y_normalized": 38.74086324148517, "z_normalized": 0.03341288864612579}, "right_ankle": {"x": 0.5220932960510254, "y": 0.6209001541137695, "z": 0.03279309719800949, "x_normalized": 32.67751513037767, "y_normalized": 38.97232424656286, "z_normalized": 0.03279309719800949}, "left_heel": {"x": 0.5265705585479736, "y": 0.6243739724159241, "z": 0.035220954567193985, "x_normalized": 32.96221178761389, "y_normalized": 39.1932146810959, "z_normalized": 0.035220954567193985}, "right_heel": {"x": 0.5251690149307251, "y": 0.6293418407440186, "z": 0.03404952213168144, "x_normalized": 32.873091530967464, "y_normalized": 39.50910759726113, "z_normalized": 0.03404952213168144}, "left_foot_index": {"x": 0.5275532603263855, "y": 0.6304045915603638, "z": -0.003881990211084485, "x_normalized": 33.02469905780737, "y_normalized": 39.57668496291587, "z_normalized": -0.003881990211084485}, "right_foot_index": {"x": 0.5159819722175598, "y": 0.6355787515640259, "z": -0.005381239112466574, "x_normalized": 32.288913062068836, "y_normalized": 39.90569539240308, "z_normalized": -0.005381239112466574}}}