{"sequence_id": 1697925405990398000, "sequence_source": "mediapipe", "frame_number": 685, "image_dimensions": {"height": 1080, "width": 1920}, "joint_positions": {"nose": {"x": 0.5283780694007874, "y": 0.4172017574310303, "z": -0.08870016038417816, "x_normalized": 140.71986060326537, "y_normalized": 111.02580194445207, "z_normalized": -0.08870016038417816}, "left_eye_inner": {"x": 0.528715968132019, "y": 0.41570472717285156, "z": -0.09216823428869247, "x_normalized": 140.8101888327071, "y_normalized": 110.62561076246958, "z_normalized": -0.09216823428869247}, "left_eye": {"x": 0.529012143611908, "y": 0.41610655188560486, "z": -0.09214507043361664, "x_normalized": 140.88936346175916, "y_normalized": 110.73302790107982, "z_normalized": -0.09214507043361664}, "left_eye_outer": {"x": 0.5294682383537292, "y": 0.416453093290329, "z": -0.0921449363231659, "x_normalized": 141.01128824773343, "y_normalized": 110.82566651917372, "z_normalized": -0.0921449363231659}, "right_eye_inner": {"x": 0.5285375118255615, "y": 0.4153721034526825, "z": -0.09176555275917053, "x_normalized": 140.76248329046888, "y_normalized": 110.5366926667914, "z_normalized": -0.09176555275917053}, "right_eye": {"x": 0.5285038352012634, "y": 0.41555485129356384, "z": -0.09179510176181793, "x_normalized": 140.7534807415829, "y_normalized": 110.58554543649828, "z_normalized": -0.09179510176181793}, "right_eye_outer": {"x": 0.528482973575592, "y": 0.4156724512577057, "z": -0.09179587662220001, "x_normalized": 140.74790394138805, "y_normalized": 110.6169826558824, "z_normalized": -0.09179587662220001}, "left_ear": {"x": 0.5288953185081482, "y": 0.41941213607788086, "z": -0.08843670040369034, "x_normalized": 140.858133380668, "y_normalized": 111.61668782566879, "z_normalized": -0.08843670040369034}, "right_ear": {"x": 0.5277306437492371, "y": 0.4187607765197754, "z": -0.08689630031585693, "x_normalized": 140.5467885926469, "y_normalized": 111.4425641898707, "z_normalized": -0.08689630031585693}, "mouth_left": {"x": 0.5284914970397949, "y": 0.42205527424812317, "z": -0.08513724058866501, "x_normalized": 140.75018246261052, "y_normalized": 112.32326044349897, "z_normalized": -0.08513724058866501}, "mouth_right": {"x": 0.5280267000198364, "y": 0.42163270711898804, "z": -0.0847325325012207, "x_normalized": 140.62593135426923, "y_normalized": 112.21029837212356, "z_normalized": -0.0847325325012207}, "left_shoulder": {"x": 0.5250142812728882, "y": 0.4399169385433197, "z": -0.0683746263384819, "x_normalized": 139.82064140613278, "y_normalized": 117.09810083661543, "z_normalized": -0.0683746263384819}, "right_shoulder": {"x": 0.5274101495742798, "y": 0.44205453991889954, "z": -0.062425483018159866, "x_normalized": 140.46111300793913, "y_normalized": 117.66953165200954, "z_normalized": -0.062425483018159866}, "left_elbow": {"x": 0.5267704129219055, "y": 0.4508243501186371, "z": -0.025913747027516365, "x_normalized": 140.29009644653533, "y_normalized": 120.01390691792093, "z_normalized": -0.025913747027516365}, "right_elbow": {"x": 0.527457594871521, "y": 0.45516377687454224, "z": -0.012369051575660706, "x_normalized": 140.4737962449537, "y_normalized": 121.17393712645186, "z_normalized": -0.012369051575660706}, "left_wrist": {"x": 0.5278753638267517, "y": 0.46866610646247864, "z": 0.027546130120754242, "x_normalized": 140.58547565228432, "y_normalized": 124.78342545028003, "z_normalized": 0.027546130120754242}, "right_wrist": {"x": 0.5288337469100952, "y": 0.4679301679134369, "z": 0.0499490424990654, "x_normalized": 140.84167385323576, "y_normalized": 124.58669187312053, "z_normalized": 0.0499490424990654}, "left_pinky": {"x": 0.5279492139816284, "y": 0.47580277919769287, "z": 0.033074941486120224, "x_normalized": 140.60521752497408, "y_normalized": 126.69122489636625, "z_normalized": 0.033074941486120224}, "right_pinky": {"x": 0.5298607349395752, "y": 0.47308480739593506, "z": 0.055498845875263214, "x_normalized": 141.11621175997084, "y_normalized": 125.96464749955139, "z_normalized": 0.055498845875263214}, "left_index": {"x": 0.527712881565094, "y": 0.47582969069480896, "z": 0.030038675293326378, "x_normalized": 140.54204034562383, "y_normalized": 126.6984189686176, "z_normalized": 0.030038675293326378}, "right_index": {"x": 0.5298769474029541, "y": 0.4718703627586365, "z": 0.05278455466032028, "x_normalized": 141.12054573040797, "y_normalized": 125.63999805963685, "z_normalized": 0.05278455466032028}, "left_thumb": {"x": 0.5280819535255432, "y": 0.4738912880420685, "z": 0.028220143169164658, "x_normalized": 140.64070190792816, "y_normalized": 126.1802386282269, "z_normalized": 0.028220143169164658}, "right_thumb": {"x": 0.5291029810905457, "y": 0.47032809257507324, "z": 0.05034644529223442, "x_normalized": 140.913646443179, "y_normalized": 125.22771318808896, "z_normalized": 0.05034644529223442}, "left_hip": {"x": 0.5297842621803284, "y": 0.5023384094238281, "z": -0.003367821453139186, "x_normalized": 141.095768803828, "y_normalized": 133.78481914192747, "z_normalized": -0.003367821453139186}, "right_hip": {"x": 0.5261127352714539, "y": 0.5016219019889832, "z": 0.003381169866770506, "x_normalized": 140.11428383696392, "y_normalized": 133.59327995580662, "z_normalized": 0.003381169866770506}, "left_knee": {"x": 0.5278125405311584, "y": 0.5516894459724426, "z": -0.006463195662945509, "x_normalized": 140.56868151684037, "y_normalized": 146.9775048211596, "z_normalized": -0.006463195662945509}, "right_knee": {"x": 0.5278404355049133, "y": 0.549826443195343, "z": 0.0007275170064531267, "x_normalized": 140.57613849538663, "y_normalized": 146.4794806300446, "z_normalized": 0.0007275170064531267}, "left_ankle": {"x": 0.5287328958511353, "y": 0.5983377695083618, "z": 0.020431526005268097, "x_normalized": 140.81471400772236, "y_normalized": 159.44769213457658, "z_normalized": 0.020431526005268097}, "right_ankle": {"x": 0.5265241265296936, "y": 0.5978906750679016, "z": 0.02942923828959465, "x_normalized": 140.2242583368064, "y_normalized": 159.3281733395435, "z_normalized": 0.02942923828959465}, "left_heel": {"x": 0.5292508602142334, "y": 0.603692352771759, "z": 0.022302918136119843, "x_normalized": 140.95317798970308, "y_normalized": 160.87909740744638, "z_normalized": 0.022302918136119843}, "right_heel": {"x": 0.5269371271133423, "y": 0.6024344563484192, "z": 0.03121241368353367, "x_normalized": 140.3346630469496, "y_normalized": 160.5428322894117, "z_normalized": 0.03121241368353367}, "left_foot_index": {"x": 0.5285094380378723, "y": 0.609748125076294, "z": -0.005149951204657555, "x_normalized": 140.75497851077807, "y_normalized": 162.49794690172251, "z_normalized": -0.005149951204657555}, "right_foot_index": {"x": 0.5267540812492371, "y": 0.6099050641059875, "z": 0.00719244871288538, "x_normalized": 140.2857306086685, "y_normalized": 162.53990037290265, "z_normalized": 0.00719244871288538}}}