{"sequence_id": 1697925405990398000, "sequence_source": "mediapipe", "frame_number": 255, "image_dimensions": {"height": 1080, "width": 1920}, "joint_positions": {"nose": {"x": 0.509523868560791, "y": 0.4192827343940735, "z": -0.1467837691307068, "x_normalized": 22.21614203411142, "y_normalized": 18.143106002728562, "z_normalized": -0.1467837691307068}, "left_eye_inner": {"x": 0.5117343664169312, "y": 0.41456207633018494, "z": -0.13907983899116516, "x_normalized": 22.314742549248606, "y_normalized": 17.93253836268629, "z_normalized": -0.13907983899116516}, "left_eye": {"x": 0.513259768486023, "y": 0.4147125780582428, "z": -0.13906019926071167, "x_normalized": 22.382783976832897, "y_normalized": 17.93925157793521, "z_normalized": -0.13906019926071167}, "left_eye_outer": {"x": 0.514718770980835, "y": 0.41479045152664185, "z": -0.13908334076404572, "x_normalized": 22.447863613610334, "y_normalized": 17.942725168320443, "z_normalized": -0.13908334076404572}, "right_eye_inner": {"x": 0.5075759291648865, "y": 0.4147178828716278, "z": -0.13972289860248566, "x_normalized": 22.1292530885471, "y_normalized": 17.939488202155864, "z_normalized": -0.13972289860248566}, "right_eye": {"x": 0.5061864852905273, "y": 0.4151563048362732, "z": -0.13974830508232117, "x_normalized": 22.067276153629262, "y_normalized": 17.95904426344831, "z_normalized": -0.13974830508232117}, "right_eye_outer": {"x": 0.5049031376838684, "y": 0.4155426323413849, "z": -0.13972343504428864, "x_normalized": 22.010031703124522, "y_normalized": 17.97627662171994, "z_normalized": -0.13972343504428864}, "left_ear": {"x": 0.5175694227218628, "y": 0.4187971353530884, "z": -0.08767297118902206, "x_normalized": 22.575018557172623, "y_normalized": 18.121445581091756, "z_normalized": -0.08767297118902206}, "right_ear": {"x": 0.5023493766784668, "y": 0.4204091727733612, "z": -0.08979475498199463, "x_normalized": 21.896119739821582, "y_normalized": 18.193351427830223, "z_normalized": -0.08979475498199463}, "mouth_left": {"x": 0.5128764510154724, "y": 0.4275874197483063, "z": -0.12715521454811096, "x_normalized": 22.365685882866245, "y_normalized": 18.513541220163894, "z_normalized": -0.12715521454811096}, "mouth_right": {"x": 0.5066277384757996, "y": 0.4283285439014435, "z": -0.12788838148117065, "x_normalized": 22.08695850312936, "y_normalized": 18.546599484878765, "z_normalized": -0.12788838148117065}, "left_shoulder": {"x": 0.5302852392196655, "y": 0.45192795991897583, "z": -0.043594103306531906, "x_normalized": 23.142214790179874, "y_normalized": 19.599264869648067, "z_normalized": -0.043594103306531906}, "right_shoulder": {"x": 0.49195411801338196, "y": 0.45353859663009644, "z": -0.03367501124739647, "x_normalized": 21.432433309855334, "y_normalized": 19.671108236957483, "z_normalized": -0.03367501124739647}, "left_elbow": {"x": 0.5494673848152161, "y": 0.4675752520561218, "z": 0.03331798315048218, "x_normalized": 23.99784531336908, "y_normalized": 20.29722124220871, "z_normalized": 0.03331798315048218}, "right_elbow": {"x": 0.4821368157863617, "y": 0.46686694025993347, "z": 0.017113421112298965, "x_normalized": 20.994526955794484, "y_normalized": 20.265626591353055, "z_normalized": 0.017113421112298965}, "left_wrist": {"x": 0.5435754060745239, "y": 0.489359587430954, "z": 0.08823541551828384, "x_normalized": 23.735030247796463, "y_normalized": 21.268923921726497, "z_normalized": 0.08823541551828384}, "right_wrist": {"x": 0.4802430272102356, "y": 0.4800601601600647, "z": 0.03591911867260933, "x_normalized": 20.91005343837022, "y_normalized": 20.8541176748697, "z_normalized": 0.03591911867260933}, "left_pinky": {"x": 0.5393050909042358, "y": 0.4978148937225342, "z": 0.10372286289930344, "x_normalized": 23.544550408868336, "y_normalized": 21.646077671808964, "z_normalized": 0.10372286289930344}, "right_pinky": {"x": 0.47906094789505005, "y": 0.4812206029891968, "z": 0.036760810762643814, "x_normalized": 20.857326117650793, "y_normalized": 20.90587988781275, "z_normalized": 0.036760810762643814}, "left_index": {"x": 0.5376854538917542, "y": 0.4951026141643524, "z": 0.08906234055757523, "x_normalized": 23.472305577993534, "y_normalized": 21.525094898227014, "z_normalized": 0.08906234055757523}, "right_index": {"x": 0.4816191494464874, "y": 0.4804079532623291, "z": 0.029044825583696365, "x_normalized": 20.971436154037313, "y_normalized": 20.869631184167694, "z_normalized": 0.029044825583696365}, "left_thumb": {"x": 0.5379827618598938, "y": 0.49136924743652344, "z": 0.08589727431535721, "x_normalized": 23.48556716914665, "y_normalized": 21.358565950217653, "z_normalized": 0.08589727431535721}, "right_thumb": {"x": 0.48295050859451294, "y": 0.4809596836566925, "z": 0.033770982176065445, "x_normalized": 21.030822186673934, "y_normalized": 20.894241432465364, "z_normalized": 0.033770982176065445}, "left_hip": {"x": 0.5226600766181946, "y": 0.5587790608406067, "z": -0.010241587646305561, "x_normalized": 22.8020900719308, "y_normalized": 24.365419048256975, "z_normalized": -0.010241587646305561}, "right_hip": {"x": 0.5002602338790894, "y": 0.5596989989280701, "z": 0.010180246084928513, "x_normalized": 21.80293233606927, "y_normalized": 24.406453410297296, "z_normalized": 0.010180246084928513}, "left_knee": {"x": 0.5227502584457397, "y": 0.6380749940872192, "z": -0.03877685219049454, "x_normalized": 22.806112683681935, "y_normalized": 27.902459287713473, "z_normalized": -0.03877685219049454}, "right_knee": {"x": 0.5037662386894226, "y": 0.6392394304275513, "z": 0.032376132905483246, "x_normalized": 21.959319676329326, "y_normalized": 27.954399633496788, "z_normalized": 0.032376132905483246}, "left_ankle": {"x": 0.5241739749908447, "y": 0.7087764739990234, "z": 0.01759132370352745, "x_normalized": 22.86961837058715, "y_normalized": 31.05613904401875, "z_normalized": 0.01759132370352745}, "right_ankle": {"x": 0.5128878355026245, "y": 0.6928133368492126, "z": 0.14946988224983215, "x_normalized": 22.366193694395964, "y_normalized": 30.344094224882255, "z_normalized": 0.14946988224983215}, "left_heel": {"x": 0.5231029391288757, "y": 0.7178418636322021, "z": 0.019654495641589165, "x_normalized": 22.821844206306825, "y_normalized": 31.460505908826093, "z_normalized": 0.019654495641589165}, "right_heel": {"x": 0.5155304670333862, "y": 0.6989372372627258, "z": 0.15770649909973145, "x_normalized": 22.48406977806965, "y_normalized": 30.617254288685977, "z_normalized": 0.15770649909973145}, "left_foot_index": {"x": 0.5242185592651367, "y": 0.7336888909339905, "z": -0.03913746401667595, "x_normalized": 22.871607077520295, "y_normalized": 32.16737158209926, "z_normalized": -0.03913746401667595}, "right_foot_index": {"x": 0.5069524049758911, "y": 0.7157511711120605, "z": 0.11559247225522995, "x_normalized": 22.101440437173263, "y_normalized": 31.367249378896954, "z_normalized": 0.11559247225522995}}}