{"sequence_id": 1697925405990398000, "sequence_source": "mediapipe", "frame_number": 319, "image_dimensions": {"height": 1080, "width": 1920}, "joint_positions": {"nose": {"x": 0.521989643573761, "y": 0.42149817943573, "z": -0.15386615693569183, "x_normalized": 24.10194045947849, "y_normalized": 19.34118766403246, "z_normalized": -0.15386615693569183}, "left_eye_inner": {"x": 0.5236886143684387, "y": 0.41712135076522827, "z": -0.1475614458322525, "x_normalized": 24.182087089730167, "y_normalized": 19.134716740442403, "z_normalized": -0.1475614458322525}, "left_eye": {"x": 0.5250044465065002, "y": 0.4173707067966461, "z": -0.1475183665752411, "x_normalized": 24.244159676364887, "y_normalized": 19.14647977116293, "z_normalized": -0.1475183665752411}, "left_eye_outer": {"x": 0.5263237357139587, "y": 0.41764363646507263, "z": -0.1475543975830078, "x_normalized": 24.306395345533797, "y_normalized": 19.159354856060574, "z_normalized": -0.1475543975830078}, "right_eye_inner": {"x": 0.5201051235198975, "y": 0.41656166315078735, "z": -0.14802858233451843, "x_normalized": 24.013040795969253, "y_normalized": 19.10831424051035, "z_normalized": -0.14802858233451843}, "right_eye": {"x": 0.5188217759132385, "y": 0.41652822494506836, "z": -0.14807505905628204, "x_normalized": 23.95250062280237, "y_normalized": 19.10673683875722, "z_normalized": -0.14807505905628204}, "right_eye_outer": {"x": 0.5175623893737793, "y": 0.41656965017318726, "z": -0.14805179834365845, "x_normalized": 23.893090780303503, "y_normalized": 19.10869101739969, "z_normalized": -0.14805179834365845}, "left_ear": {"x": 0.5292003154754639, "y": 0.4207927882671356, "z": -0.09976272284984589, "x_normalized": 24.442094072820364, "y_normalized": 19.307911797637797, "z_normalized": -0.09976272284984589}, "right_ear": {"x": 0.5152663588523865, "y": 0.42123156785964966, "z": -0.10310681909322739, "x_normalized": 23.784778671689804, "y_normalized": 19.328610626524892, "z_normalized": -0.10310681909322739}, "mouth_left": {"x": 0.5246408581733704, "y": 0.428385853767395, "z": -0.13555622100830078, "x_normalized": 24.22700789259646, "y_normalized": 19.666104307498742, "z_normalized": -0.13555622100830078}, "mouth_right": {"x": 0.5201691389083862, "y": 0.42847657203674316, "z": -0.1365199089050293, "x_normalized": 24.016060634619627, "y_normalized": 19.670383818137356, "z_normalized": -0.1365199089050293}, "left_shoulder": {"x": 0.5403758883476257, "y": 0.4497464895248413, "z": -0.05082511156797409, "x_normalized": 24.969286482273013, "y_normalized": 20.67376316859032, "z_normalized": -0.05082511156797409}, "right_shoulder": {"x": 0.5047593712806702, "y": 0.4527018070220947, "z": -0.04820690304040909, "x_normalized": 23.28912586199624, "y_normalized": 20.813176241181488, "z_normalized": -0.04820690304040909}, "left_elbow": {"x": 0.5555524826049805, "y": 0.4615568518638611, "z": 0.029357772320508957, "x_normalized": 25.68522161914196, "y_normalized": 21.230900905441942, "z_normalized": 0.029357772320508957}, "right_elbow": {"x": 0.491792768239975, "y": 0.45937344431877136, "z": 0.029328128322958946, "x_normalized": 22.677444046877103, "y_normalized": 21.12790163214471, "z_normalized": 0.029328128322958946}, "left_wrist": {"x": 0.5522928237915039, "y": 0.4781850278377533, "z": 0.10046862810850143, "x_normalized": 25.53145166000627, "y_normalized": 22.01531243018046, "z_normalized": 0.10046862810850143}, "right_wrist": {"x": 0.5031852722167969, "y": 0.4725174605846405, "z": 0.0978923887014389, "x_normalized": 23.214869885350275, "y_normalized": 21.74795267421249, "z_normalized": 0.0978923887014389}, "left_pinky": {"x": 0.5521882176399231, "y": 0.485525518655777, "z": 0.10975330322980881, "x_normalized": 25.526517007463056, "y_normalized": 22.36159007385801, "z_normalized": 0.10975330322980881}, "right_pinky": {"x": 0.5054169297218323, "y": 0.4798559546470642, "z": 0.10461241751909256, "x_normalized": 23.320145284706616, "y_normalized": 22.094136123667706, "z_normalized": 0.10461241751909256}, "left_index": {"x": 0.5502484440803528, "y": 0.4862503111362457, "z": 0.10035386681556702, "x_normalized": 25.435010835174584, "y_normalized": 22.39578117068163, "z_normalized": 0.10035386681556702}, "right_index": {"x": 0.5080782771110535, "y": 0.48028209805488586, "z": 0.10334877669811249, "x_normalized": 23.445690718355838, "y_normalized": 22.11423885777465, "z_normalized": 0.10334877669811249}, "left_thumb": {"x": 0.548413097858429, "y": 0.482161283493042, "z": 0.09852281212806702, "x_normalized": 25.348430880125832, "y_normalized": 22.202886868063022, "z_normalized": 0.09852281212806702}, "right_thumb": {"x": 0.5070897936820984, "y": 0.47761183977127075, "z": 0.09937085211277008, "x_normalized": 23.399060360648363, "y_normalized": 21.98827306483471, "z_normalized": 0.09937085211277008}, "left_hip": {"x": 0.5328038334846497, "y": 0.5427200198173523, "z": -0.0014646449126303196, "x_normalized": 24.612085120572456, "y_normalized": 25.059662666621698, "z_normalized": -0.0014646449126303196}, "right_hip": {"x": 0.5116143822669983, "y": 0.5421082377433777, "z": 0.0014613146195188165, "x_normalized": 23.612501656691194, "y_normalized": 25.030802681605447, "z_normalized": 0.0014613146195188165}, "left_knee": {"x": 0.530954122543335, "y": 0.61784827709198, "z": 0.0026735987048596144, "x_normalized": 24.524827529476457, "y_normalized": 28.60373574669171, "z_normalized": 0.0026735987048596144}, "right_knee": {"x": 0.5120489597320557, "y": 0.6195700764656067, "z": -0.027124494314193726, "x_normalized": 23.63300225594621, "y_normalized": 28.684959284022618, "z_normalized": -0.027124494314193726}, "left_ankle": {"x": 0.5236893892288208, "y": 0.6701074242591858, "z": 0.08303544670343399, "x_normalized": 24.182123642711968, "y_normalized": 31.068989745405993, "z_normalized": 0.08303544670343399}, "right_ankle": {"x": 0.5116854906082153, "y": 0.6869869232177734, "z": 0.02547086589038372, "x_normalized": 23.615856095713447, "y_normalized": 31.865257089203453, "z_normalized": 0.02547086589038372}, "left_heel": {"x": 0.5219119191169739, "y": 0.6768368482589722, "z": 0.08883406221866608, "x_normalized": 24.09827391422701, "y_normalized": 31.38644114528126, "z_normalized": 0.08883406221866608}, "right_heel": {"x": 0.512893795967102, "y": 0.6949489712715149, "z": 0.027668345719575882, "x_normalized": 23.67285625318124, "y_normalized": 32.24085584782152, "z_normalized": 0.027668345719575882}, "left_foot_index": {"x": 0.5276188254356384, "y": 0.6911118626594543, "z": 0.04456593841314316, "x_normalized": 24.367489436963368, "y_normalized": 32.05984548194017, "z_normalized": 0.04456593841314316}, "right_foot_index": {"x": 0.5103134512901306, "y": 0.7119545936584473, "z": -0.02739008516073227, "x_normalized": 23.551132012014197, "y_normalized": 33.04307289234915, "z_normalized": -0.02739008516073227}}}