{"sequence_id": 1697925405990398000, "sequence_source": "mediapipe", "frame_number": 638, "image_dimensions": {"height": 1080, "width": 1920}, "joint_positions": {"nose": {"x": 0.5271132588386536, "y": 0.4201403260231018, "z": -0.057105161249637604, "x_normalized": 42.83480681143434, "y_normalized": 34.05631046995843, "z_normalized": -0.057105161249637604}, "left_eye_inner": {"x": 0.5279142260551453, "y": 0.41827869415283203, "z": -0.055745743215084076, "x_normalized": 42.90070315111985, "y_normalized": 33.9031522338074, "z_normalized": -0.055745743215084076}, "left_eye": {"x": 0.528461754322052, "y": 0.4183168113231659, "z": -0.055747296661138535, "x_normalized": 42.945748825799946, "y_normalized": 33.906288169901224, "z_normalized": -0.055747296661138535}, "left_eye_outer": {"x": 0.5290421843528748, "y": 0.4182831048965454, "z": -0.05577246472239494, "x_normalized": 42.993501360095046, "y_normalized": 33.903515109915205, "z_normalized": -0.05577246472239494}, "right_eye_inner": {"x": 0.5263956785202026, "y": 0.41826215386390686, "z": -0.05469874292612076, "x_normalized": 42.77577079167887, "y_normalized": 33.90179144840312, "z_normalized": -0.05469874292612076}, "right_eye": {"x": 0.5259819030761719, "y": 0.41840967535972595, "z": -0.05470099672675133, "x_normalized": 42.74172908978151, "y_normalized": 33.91392818308994, "z_normalized": -0.05470099672675133}, "right_eye_outer": {"x": 0.5256008505821228, "y": 0.4184828996658325, "z": -0.054700665175914764, "x_normalized": 42.71037953630558, "y_normalized": 33.91995241685268, "z_normalized": -0.054700665175914764}, "left_ear": {"x": 0.5308213829994202, "y": 0.42115774750709534, "z": -0.03965146839618683, "x_normalized": 43.13987773601502, "y_normalized": 34.14001470944808, "z_normalized": -0.03965146839618683}, "right_ear": {"x": 0.5252367258071899, "y": 0.4215652048587799, "z": -0.03394191339612007, "x_normalized": 42.68042264248665, "y_normalized": 34.17353661583967, "z_normalized": -0.03394191339612007}, "mouth_left": {"x": 0.5288640856742859, "y": 0.4234992563724518, "z": -0.04998292028903961, "x_normalized": 42.97884901130949, "y_normalized": 34.33265288538243, "z_normalized": -0.04998292028903961}, "mouth_right": {"x": 0.5266067981719971, "y": 0.4242013692855835, "z": -0.04851857200264931, "x_normalized": 42.793139807541806, "y_normalized": 34.39041638689497, "z_normalized": -0.04851857200264931}, "left_shoulder": {"x": 0.5393495559692383, "y": 0.44320085644721985, "z": -0.023418966680765152, "x_normalized": 43.84149869046239, "y_normalized": 35.95352238433841, "z_normalized": -0.023418966680765152}, "right_shoulder": {"x": 0.5175792574882507, "y": 0.44735583662986755, "z": -0.014051486738026142, "x_normalized": 42.05043539321312, "y_normalized": 36.29535658162503, "z_normalized": -0.014051486738026142}, "left_elbow": {"x": 0.5548233389854431, "y": 0.4544033408164978, "z": 0.019043782725930214, "x_normalized": 45.11454163262173, "y_normalized": 36.8751614978005, "z_normalized": 0.019043782725930214}, "right_elbow": {"x": 0.5141776204109192, "y": 0.4617995619773865, "z": 0.03756603226065636, "x_normalized": 41.770579454393925, "y_normalized": 37.48365569328317, "z_normalized": 0.03756603226065636}, "left_wrist": {"x": 0.5461562275886536, "y": 0.4704064726829529, "z": 0.05032481625676155, "x_normalized": 44.40149008077841, "y_normalized": 38.19175447662803, "z_normalized": 0.05032481625676155}, "right_wrist": {"x": 0.520785927772522, "y": 0.47648218274116516, "z": 0.06941612809896469, "x_normalized": 42.314251227320945, "y_normalized": 38.69160895953719, "z_normalized": 0.06941612809896469}, "left_pinky": {"x": 0.5441908240318298, "y": 0.47643500566482544, "z": 0.054773587733507156, "x_normalized": 44.2397944486315, "y_normalized": 38.687727656303004, "z_normalized": 0.054773587733507156}, "right_pinky": {"x": 0.5252179503440857, "y": 0.48375657200813293, "z": 0.07339031249284744, "x_normalized": 42.67887796716287, "y_normalized": 39.290079928474455, "z_normalized": 0.07339031249284744}, "left_index": {"x": 0.5432640910148621, "y": 0.47602543234825134, "z": 0.049657031893730164, "x_normalized": 44.16355123614226, "y_normalized": 38.65403166745429, "z_normalized": 0.049657031893730164}, "right_index": {"x": 0.5263007879257202, "y": 0.4818110764026642, "z": 0.06902635842561722, "x_normalized": 42.76796405162981, "y_normalized": 39.13002214254387, "z_normalized": 0.06902635842561722}, "left_thumb": {"x": 0.5434759855270386, "y": 0.47371628880500793, "z": 0.049764346331357956, "x_normalized": 44.18098400051062, "y_normalized": 38.464056217554266, "z_normalized": 0.049764346331357956}, "right_thumb": {"x": 0.5257776379585266, "y": 0.4794587194919586, "z": 0.06867338716983795, "x_normalized": 42.72492400300503, "y_normalized": 38.936491487533566, "z_normalized": 0.06867338716983795}, "left_hip": {"x": 0.5373790264129639, "y": 0.5088141560554504, "z": -0.0038494551554322243, "x_normalized": 43.67938133743343, "y_normalized": 41.35159135626142, "z_normalized": -0.0038494551554322243}, "right_hip": {"x": 0.525232195854187, "y": 0.5092585682868958, "z": 0.003847680753096938, "x_normalized": 42.68004995891647, "y_normalized": 41.3881535759887, "z_normalized": 0.003847680753096938}, "left_knee": {"x": 0.5351495146751404, "y": 0.5583944916725159, "z": -0.015053343027830124, "x_normalized": 43.495957272398705, "y_normalized": 45.43061303189801, "z_normalized": -0.015053343027830124}, "right_knee": {"x": 0.5246407985687256, "y": 0.5556808710098267, "z": 0.010590835474431515, "x_normalized": 42.631395138083036, "y_normalized": 45.20736086216573, "z_normalized": 0.010590835474431515}, "left_ankle": {"x": 0.5333081483840942, "y": 0.6057097911834717, "z": 0.023665867745876312, "x_normalized": 43.34446630485111, "y_normalized": 49.32328801871266, "z_normalized": 0.023665867745876312}, "right_ankle": {"x": 0.5250177383422852, "y": 0.5960651636123657, "z": 0.07398174703121185, "x_normalized": 42.66240633410708, "y_normalized": 48.52981527540911, "z_normalized": 0.07398174703121185}, "left_heel": {"x": 0.5321735739707947, "y": 0.6106644868850708, "z": 0.02577557973563671, "x_normalized": 43.2511237817142, "y_normalized": 49.730915577329874, "z_normalized": 0.02577557973563671}, "right_heel": {"x": 0.5265073180198669, "y": 0.6008477807044983, "z": 0.07883082330226898, "x_normalized": 42.78495548019137, "y_normalized": 48.923285762090615, "z_normalized": 0.07883082330226898}, "left_foot_index": {"x": 0.5339832305908203, "y": 0.6216773986816406, "z": -0.006741464138031006, "x_normalized": 43.40000596427053, "y_normalized": 50.63695837375298, "z_normalized": -0.006741464138031006}, "right_foot_index": {"x": 0.5216633081436157, "y": 0.6124672293663025, "z": 0.05358358845114708, "x_normalized": 42.38643415038768, "y_normalized": 49.87922892706855, "z_normalized": 0.05358358845114708}}}