{"sequence_id": 1697925405990398000, "sequence_source": "mediapipe", "frame_number": 73, "image_dimensions": {"height": 1080, "width": 1920}, "joint_positions": {"nose": {"x": 0.5164783596992493, "y": 0.39276042580604553, "z": -0.06958964467048645, "x_normalized": 14.978599455083264, "y_normalized": 11.199835847294192, "z_normalized": -0.06958964467048645}, "left_eye_inner": {"x": 0.5183905363082886, "y": 0.383821964263916, "z": -0.057364873588085175, "x_normalized": 15.035979295917814, "y_normalized": 10.931614021878804, "z_normalized": -0.057364873588085175}, "left_eye": {"x": 0.5200985074043274, "y": 0.3836037218570709, "z": -0.05732428655028343, "x_normalized": 15.087231418330271, "y_normalized": 10.925065089887417, "z_normalized": -0.05732428655028343}, "left_eye_outer": {"x": 0.521777331829071, "y": 0.38334137201309204, "z": -0.05737622454762459, "x_normalized": 15.13760891893642, "y_normalized": 10.917192599334339, "z_normalized": -0.05737622454762459}, "right_eye_inner": {"x": 0.5136159062385559, "y": 0.3849296271800995, "z": -0.05945945903658867, "x_normalized": 14.892704081614907, "y_normalized": 10.964852333407398, "z_normalized": -0.05945945903658867}, "right_eye": {"x": 0.5120131373405457, "y": 0.38562434911727905, "z": -0.059485841542482376, "x_normalized": 14.844608825231346, "y_normalized": 10.985699275050337, "z_normalized": -0.059485841542482376}, "right_eye_outer": {"x": 0.5104050636291504, "y": 0.3863945007324219, "z": -0.059406720101833344, "x_normalized": 14.796354384101852, "y_normalized": 11.008809680693028, "z_normalized": -0.059406720101833344}, "left_ear": {"x": 0.5252941250801086, "y": 0.38835710287094116, "z": 0.008489672094583511, "x_normalized": 15.24313946252671, "y_normalized": 11.067702670910267, "z_normalized": 0.008489672094583511}, "right_ear": {"x": 0.5064049363136292, "y": 0.39414358139038086, "z": -0.0013363960897549987, "x_normalized": 14.676320142705157, "y_normalized": 11.241341034055393, "z_normalized": -0.0013363960897549987}, "mouth_left": {"x": 0.5208362340927124, "y": 0.4038044512271881, "z": -0.04598081111907959, "x_normalized": 15.109368829570855, "y_normalized": 11.531240602400077, "z_normalized": -0.04598081111907959}, "mouth_right": {"x": 0.5139816999435425, "y": 0.40576475858688354, "z": -0.04879976436495781, "x_normalized": 14.903680674713677, "y_normalized": 11.590064731800254, "z_normalized": -0.04879976436495781}, "left_shoulder": {"x": 0.545519232749939, "y": 0.4336181879043579, "z": 0.044238824397325516, "x_normalized": 15.8500465094336, "y_normalized": 12.425879443358724, "z_normalized": 0.044238824397325516}, "right_shoulder": {"x": 0.49099862575531006, "y": 0.44307616353034973, "z": 0.05245427414774895, "x_normalized": 14.214013657255512, "y_normalized": 12.709690642319634, "z_normalized": 0.05245427414774895}, "left_elbow": {"x": 0.5733289122581482, "y": 0.4570193886756897, "z": 0.11749760806560516, "x_normalized": 16.684548393986287, "y_normalized": 13.128093438263177, "z_normalized": 0.11749760806560516}, "right_elbow": {"x": 0.47506290674209595, "y": 0.4569762647151947, "z": 0.13511209189891815, "x_normalized": 13.735820891880289, "y_normalized": 13.126799391480228, "z_normalized": 0.13511209189891815}, "left_wrist": {"x": 0.5534380078315735, "y": 0.48015549778938293, "z": 0.21254248917102814, "x_normalized": 16.08766998607317, "y_normalized": 13.822352667352611, "z_normalized": 0.21254248917102814}, "right_wrist": {"x": 0.5003747940063477, "y": 0.45340704917907715, "z": 0.23831601440906525, "x_normalized": 14.495370012803019, "y_normalized": 13.019695780653445, "z_normalized": 0.23831601440906525}, "left_pinky": {"x": 0.5509539842605591, "y": 0.4909404516220093, "z": 0.2195904552936554, "x_normalized": 16.01313038734558, "y_normalized": 14.14598330450122, "z_normalized": 0.2195904552936554}, "right_pinky": {"x": 0.5063753724098206, "y": 0.45275750756263733, "z": 0.24176742136478424, "x_normalized": 14.675433000750294, "y_normalized": 13.000204592239912, "z_normalized": 0.24176742136478424}, "left_index": {"x": 0.5475761294364929, "y": 0.49109625816345215, "z": 0.21441027522087097, "x_normalized": 15.911769053224614, "y_normalized": 14.150658685690757, "z_normalized": 0.21441027522087097}, "right_index": {"x": 0.5080133080482483, "y": 0.45346859097480774, "z": 0.2491050362586975, "x_normalized": 14.724583526797904, "y_normalized": 13.02154250256553, "z_normalized": 0.2491050362586975}, "left_thumb": {"x": 0.5473608374595642, "y": 0.4872126281261444, "z": 0.21234433352947235, "x_normalized": 15.905308656569446, "y_normalized": 14.034120248630307, "z_normalized": 0.21234433352947235}, "right_thumb": {"x": 0.5060753226280212, "y": 0.4536133110523224, "z": 0.2414359599351883, "x_normalized": 14.666429225345501, "y_normalized": 13.025885205521995, "z_normalized": 0.2414359599351883}, "left_hip": {"x": 0.5363403558731079, "y": 0.5861772298812866, "z": -0.0054748812690377235, "x_normalized": 15.57461039556068, "y_normalized": 17.003810950901553, "z_normalized": -0.0054748812690377235}, "right_hip": {"x": 0.5030182003974915, "y": 0.5857506990432739, "z": 0.005567551124840975, "x_normalized": 14.5746923082792, "y_normalized": 16.991011781891483, "z_normalized": 0.005567551124840975}, "left_knee": {"x": 0.531352162361145, "y": 0.7088999152183533, "z": -0.034254275262355804, "x_normalized": 15.424926653789484, "y_normalized": 20.68642484657471, "z_normalized": -0.034254275262355804}, "right_knee": {"x": 0.5035894513130188, "y": 0.7073412537574768, "z": -0.03180188685655594, "x_normalized": 14.591834180245733, "y_normalized": 20.63965314875284, "z_normalized": -0.03180188685655594}, "left_ankle": {"x": 0.5224782228469849, "y": 0.8063926100730896, "z": 0.09233281016349792, "x_normalized": 15.15864097991873, "y_normalized": 23.611947147627518, "z_normalized": 0.09233281016349792}, "right_ankle": {"x": 0.5082377195358276, "y": 0.8084250092506409, "z": 0.09079382568597794, "x_normalized": 14.731317578128664, "y_normalized": 23.672934579838994, "z_normalized": 0.09079382568597794}, "left_heel": {"x": 0.5202796459197998, "y": 0.8161933422088623, "z": 0.10153809934854507, "x_normalized": 15.092666951396453, "y_normalized": 23.906043648627612, "z_normalized": 0.10153809934854507}, "right_heel": {"x": 0.510100781917572, "y": 0.8193193078041077, "z": 0.09866829216480255, "x_normalized": 14.787223618618844, "y_normalized": 23.99984639020574, "z_normalized": 0.09866829216480255}, "left_foot_index": {"x": 0.5243417024612427, "y": 0.8422298431396484, "z": 0.027811672538518906, "x_normalized": 15.214559540557467, "y_normalized": 24.687336690407722, "z_normalized": 0.027811672538518906}, "right_foot_index": {"x": 0.5071830153465271, "y": 0.8436239957809448, "z": 0.02414720505475998, "x_normalized": 14.699668431170421, "y_normalized": 24.72917187251302, "z_normalized": 0.02414720505475998}}}