{"sequence_id": 1697925405990398000, "sequence_source": "mediapipe", "frame_number": 249, "image_dimensions": {"height": 1080, "width": 1920}, "joint_positions": {"nose": {"x": 0.5094437003135681, "y": 0.42321348190307617, "z": -0.1717408150434494, "x_normalized": 21.788779313236102, "y_normalized": 17.96575493655375, "z_normalized": -0.1717408150434494}, "left_eye_inner": {"x": 0.5120165944099426, "y": 0.4173172116279602, "z": -0.16480636596679688, "x_normalized": 21.901412302328694, "y_normalized": 17.707635278026057, "z_normalized": -0.16480636596679688}, "left_eye": {"x": 0.5136874318122864, "y": 0.4174152910709381, "z": -0.1647854745388031, "x_normalized": 21.9745561644017, "y_normalized": 17.711928879090596, "z_normalized": -0.1647854745388031}, "left_eye_outer": {"x": 0.5152838826179504, "y": 0.41750437021255493, "z": -0.16481557488441467, "x_normalized": 22.04444362165639, "y_normalized": 17.715828476046507, "z_normalized": -0.16481557488441467}, "right_eye_inner": {"x": 0.5074663758277893, "y": 0.41747474670410156, "z": -0.1642455756664276, "x_normalized": 21.702218437079924, "y_normalized": 17.71453165457639, "z_normalized": -0.1642455756664276}, "right_eye": {"x": 0.5060341358184814, "y": 0.41773921251296997, "z": -0.1642732471227646, "x_normalized": 21.639519597833623, "y_normalized": 17.72610911305306, "z_normalized": -0.1642732471227646}, "right_eye_outer": {"x": 0.5046725273132324, "y": 0.418030321598053, "z": -0.1642426997423172, "x_normalized": 21.579912777585484, "y_normalized": 17.73885292806321, "z_normalized": -0.1642426997423172}, "left_ear": {"x": 0.5181344747543335, "y": 0.4206863343715668, "z": -0.10860901325941086, "x_normalized": 22.16923333354429, "y_normalized": 17.85512458423845, "z_normalized": -0.10860901325941086}, "right_ear": {"x": 0.502404510974884, "y": 0.42193183302879333, "z": -0.10431642830371857, "x_normalized": 21.480626351510285, "y_normalized": 17.90964849055543, "z_normalized": -0.10431642830371857}, "mouth_left": {"x": 0.5129076838493347, "y": 0.43071335554122925, "z": -0.14968529343605042, "x_normalized": 21.94042131838147, "y_normalized": 18.294075168184044, "z_normalized": -0.14968529343605042}, "mouth_right": {"x": 0.5063453316688538, "y": 0.4314730763435364, "z": -0.1488751769065857, "x_normalized": 21.65314274651667, "y_normalized": 18.32733328983011, "z_normalized": -0.1488751769065857}, "left_shoulder": {"x": 0.5308878421783447, "y": 0.45214471220970154, "z": -0.056481823325157166, "x_normalized": 22.727534546169625, "y_normalized": 19.23227070653942, "z_normalized": -0.056481823325157166}, "right_shoulder": {"x": 0.49286070466041565, "y": 0.45276713371276855, "z": -0.04634871333837509, "x_normalized": 21.0628293523901, "y_normalized": 19.25951830855488, "z_normalized": -0.04634871333837509}, "left_elbow": {"x": 0.5513455867767334, "y": 0.4675023555755615, "z": 0.025976240634918213, "x_normalized": 23.6231084943769, "y_normalized": 19.904578704040073, "z_normalized": 0.025976240634918213}, "right_elbow": {"x": 0.4823872447013855, "y": 0.46606940031051636, "z": 0.037359654903411865, "x_normalized": 20.604335120937126, "y_normalized": 19.84184855320898, "z_normalized": 0.037359654903411865}, "left_wrist": {"x": 0.5459699034690857, "y": 0.4878847897052765, "z": 0.08364761620759964, "x_normalized": 23.387778450979976, "y_normalized": 20.79685580329867, "z_normalized": 0.08364761620759964}, "right_wrist": {"x": 0.47990643978118896, "y": 0.48029038310050964, "z": 0.08059047907590866, "x_normalized": 20.495733498386443, "y_normalized": 20.46439722387843, "z_normalized": 0.08059047907590866}, "left_pinky": {"x": 0.542485773563385, "y": 0.49877217411994934, "z": 0.09453198313713074, "x_normalized": 23.23525450286298, "y_normalized": 21.273470309800373, "z_normalized": 0.09453198313713074}, "right_pinky": {"x": 0.4775242209434509, "y": 0.4812120795249939, "z": 0.0877736508846283, "x_normalized": 20.39144765593953, "y_normalized": 20.50474611483041, "z_normalized": 0.0877736508846283}, "left_index": {"x": 0.5397471785545349, "y": 0.4971737265586853, "z": 0.0818750336766243, "x_normalized": 23.115367663293686, "y_normalized": 21.203495441038143, "z_normalized": 0.0818750336766243}, "right_index": {"x": 0.480976939201355, "y": 0.4813861548900604, "z": 0.0763925313949585, "x_normalized": 20.54259650362443, "y_normalized": 20.512366571779047, "z_normalized": 0.0763925313949585}, "left_thumb": {"x": 0.5400596857070923, "y": 0.49273884296417236, "z": 0.08122632652521133, "x_normalized": 23.12904821654885, "y_normalized": 21.009350568837007, "z_normalized": 0.08122632652521133}, "right_thumb": {"x": 0.48238831758499146, "y": 0.48215749859809875, "z": 0.07809426635503769, "x_normalized": 20.604382088314313, "y_normalized": 20.54613350667798, "z_normalized": 0.07809426635503769}, "left_hip": {"x": 0.5244386196136475, "y": 0.5609220862388611, "z": -0.01295482274144888, "x_normalized": 22.445208423299352, "y_normalized": 23.994192621557698, "z_normalized": -0.01295482274144888}, "right_hip": {"x": 0.5016005635261536, "y": 0.5614052414894104, "z": 0.012926355935633183, "x_normalized": 21.44543213020461, "y_normalized": 24.015343597084374, "z_normalized": 0.012926355935633183}, "left_knee": {"x": 0.5244318246841431, "y": 0.6417232155799866, "z": -0.05156845599412918, "x_normalized": 22.44491096324383, "y_normalized": 27.531404950884458, "z_normalized": -0.05156845599412918}, "right_knee": {"x": 0.5039731860160828, "y": 0.6412086486816406, "z": 0.043832119554281235, "x_normalized": 21.54929787555557, "y_normalized": 27.508878874925685, "z_normalized": 0.043832119554281235}, "left_ankle": {"x": 0.5236361026763916, "y": 0.716118335723877, "z": -0.00020538551325444132, "x_normalized": 22.41007682516326, "y_normalized": 30.7881828989221, "z_normalized": -0.00020538551325444132}, "right_ankle": {"x": 0.512732207775116, "y": 0.6923184990882874, "z": 0.18287549912929535, "x_normalized": 21.932739542912618, "y_normalized": 29.746302961477678, "z_normalized": 0.18287549912929535}, "left_heel": {"x": 0.5227532982826233, "y": 0.7234494686126709, "z": 0.0011518242536112666, "x_normalized": 22.371430501634315, "y_normalized": 31.109116205840326, "z_normalized": 0.0011518242536112666}, "right_heel": {"x": 0.5155841112136841, "y": 0.697413980960846, "z": 0.19452428817749023, "x_normalized": 22.057586659372635, "y_normalized": 29.96936669153252, "z_normalized": 0.19452428817749023}, "left_foot_index": {"x": 0.5235832333564758, "y": 0.7474772930145264, "z": -0.05991479009389877, "x_normalized": 22.407762377187417, "y_normalized": 32.16097671093704, "z_normalized": -0.05991479009389877}, "right_foot_index": {"x": 0.5064696073532104, "y": 0.7157928347587585, "z": 0.15875805914402008, "x_normalized": 21.658583134374197, "y_normalized": 30.77393351854322, "z_normalized": 0.15875805914402008}}}