{"sequence_id": 1697925405990398000, "sequence_source": "mediapipe", "frame_number": 384, "image_dimensions": {"height": 1080, "width": 1920}, "joint_positions": {"nose": {"x": 0.5138151049613953, "y": 0.4224165380001068, "z": -0.0888238474726677, "x_normalized": 27.034685287986097, "y_normalized": 22.11250083215957, "z_normalized": -0.0888238474726677}, "left_eye_inner": {"x": 0.5155934691429138, "y": 0.4188942611217499, "z": -0.08221631497144699, "x_normalized": 27.13003635311872, "y_normalized": 21.92364589708291, "z_normalized": -0.08221631497144699}, "left_eye": {"x": 0.5167267918586731, "y": 0.4191327691078186, "z": -0.08223310858011246, "x_normalized": 27.190802043976465, "y_normalized": 21.936434048548527, "z_normalized": -0.08223310858011246}, "left_eye_outer": {"x": 0.5178325176239014, "y": 0.41936227679252625, "z": -0.0822419822216034, "x_normalized": 27.250088061179685, "y_normalized": 21.94873962826073, "z_normalized": -0.0822419822216034}, "right_eye_inner": {"x": 0.5126740336418152, "y": 0.41859981417655945, "z": -0.08105675131082535, "x_normalized": 26.97350413800289, "y_normalized": 21.90785845031541, "z_normalized": -0.08105675131082535}, "right_eye": {"x": 0.5117372274398804, "y": 0.41873350739479065, "z": -0.08104271441698074, "x_normalized": 26.923275129734712, "y_normalized": 21.915026718149317, "z_normalized": -0.08104271441698074}, "right_eye_outer": {"x": 0.5108150243759155, "y": 0.41880154609680176, "z": -0.0810190886259079, "x_normalized": 26.873829102126052, "y_normalized": 21.918674768854803, "z_normalized": -0.0810190886259079}, "left_ear": {"x": 0.5200883150100708, "y": 0.4234490394592285, "z": -0.04179419204592705, "x_normalized": 27.37103780011953, "y_normalized": 22.16786076062719, "z_normalized": -0.04179419204592705}, "right_ear": {"x": 0.5091766119003296, "y": 0.42283979058265686, "z": -0.050181254744529724, "x_normalized": 26.785981867967134, "y_normalized": 22.135194487927997, "z_normalized": -0.050181254744529724}, "mouth_left": {"x": 0.5165692567825317, "y": 0.4288548231124878, "z": -0.07447279989719391, "x_normalized": 27.18235544037191, "y_normalized": 22.457704221585026, "z_normalized": -0.07447279989719391}, "mouth_right": {"x": 0.5119063258171082, "y": 0.42915335297584534, "z": -0.0730394572019577, "x_normalized": 26.93234172618803, "y_normalized": 22.473710583353252, "z_normalized": -0.0730394572019577}, "left_shoulder": {"x": 0.5302916765213013, "y": 0.45345988869667053, "z": -0.014583412557840347, "x_normalized": 27.918114376525985, "y_normalized": 23.776961118171023, "z_normalized": -0.014583412557840347}, "right_shoulder": {"x": 0.49904149770736694, "y": 0.452725887298584, "z": -0.013321633450686932, "x_normalized": 26.24256452770416, "y_normalized": 23.737605953551913, "z_normalized": -0.013321633450686932}, "left_elbow": {"x": 0.5486231446266174, "y": 0.46668851375579834, "z": 0.03818199411034584, "x_normalized": 28.900997988022272, "y_normalized": 24.486244122595263, "z_normalized": 0.03818199411034584}, "right_elbow": {"x": 0.4915752708911896, "y": 0.45933887362480164, "z": 0.051633406430482864, "x_normalized": 25.84224569152722, "y_normalized": 24.092176348336793, "z_normalized": 0.051633406430482864}, "left_wrist": {"x": 0.5388991236686707, "y": 0.4868347644805908, "z": 0.07409627735614777, "x_normalized": 28.379622352284695, "y_normalized": 25.56643145711384, "z_normalized": 0.07409627735614777}, "right_wrist": {"x": 0.49064865708351135, "y": 0.478756308555603, "z": 0.08668787777423859, "x_normalized": 25.792563171800992, "y_normalized": 25.133286556266377, "z_normalized": 0.08668787777423859}, "left_pinky": {"x": 0.5357528924942017, "y": 0.4941519796848297, "z": 0.08044160902500153, "x_normalized": 28.210929968150577, "y_normalized": 25.95876069472423, "z_normalized": 0.08044160902500153}, "right_pinky": {"x": 0.49073320627212524, "y": 0.4833736717700958, "z": 0.08992595225572586, "x_normalized": 25.797096470027654, "y_normalized": 25.380857051208604, "z_normalized": 0.08992595225572586}, "left_index": {"x": 0.5344066023826599, "y": 0.49121883511543274, "z": 0.07129614055156708, "x_normalized": 28.13874554302152, "y_normalized": 25.801493436540277, "z_normalized": 0.07129614055156708}, "right_index": {"x": 0.4907463788986206, "y": 0.4813717305660248, "z": 0.08018501102924347, "x_normalized": 25.797802750540935, "y_normalized": 25.27351839238673, "z_normalized": 0.08018501102924347}, "left_thumb": {"x": 0.5347001552581787, "y": 0.487580806016922, "z": 0.0721886157989502, "x_normalized": 28.15448505219762, "y_normalized": 25.606432181297123, "z_normalized": 0.0721886157989502}, "right_thumb": {"x": 0.4910455346107483, "y": 0.47848352789878845, "z": 0.0841960459947586, "x_normalized": 25.813842668623142, "y_normalized": 25.118660797130453, "z_normalized": 0.0841960459947586}, "left_hip": {"x": 0.5240097641944885, "y": 0.5365628600120544, "z": -0.004998325370252132, "x_normalized": 27.58129527183626, "y_normalized": 28.23271709490315, "z_normalized": -0.004998325370252132}, "right_hip": {"x": 0.5053649544715881, "y": 0.5360941290855408, "z": 0.00498979864642024, "x_normalized": 26.581611132474237, "y_normalized": 28.207585013652217, "z_normalized": 0.00498979864642024}, "left_knee": {"x": 0.524632453918457, "y": 0.6024303436279297, "z": -0.025282200425863266, "x_normalized": 27.614682206326158, "y_normalized": 31.764352957595968, "z_normalized": -0.025282200425863266}, "right_knee": {"x": 0.5102016925811768, "y": 0.6031437516212463, "z": 0.014045829884707928, "x_normalized": 26.840943914426138, "y_normalized": 31.802603959693172, "z_normalized": 0.014045829884707928}, "left_ankle": {"x": 0.5249772667884827, "y": 0.6651675701141357, "z": 0.01041471678763628, "x_normalized": 27.633170137409152, "y_normalized": 35.12815292112099, "z_normalized": 0.01041471678763628}, "right_ankle": {"x": 0.5149348378181458, "y": 0.6514566540718079, "z": 0.10200867801904678, "x_normalized": 27.094722327454573, "y_normalized": 34.39301078197626, "z_normalized": 0.10200867801904678}, "left_heel": {"x": 0.5235080718994141, "y": 0.6715874075889587, "z": 0.012275086715817451, "x_normalized": 27.554395891382406, "y_normalized": 35.472367198243916, "z_normalized": 0.012275086715817451}, "right_heel": {"x": 0.5164358019828796, "y": 0.6574678421020508, "z": 0.10823364555835724, "x_normalized": 27.17519995589571, "y_normalized": 34.715314383990275, "z_normalized": 0.10823364555835724}, "left_foot_index": {"x": 0.5262166857719421, "y": 0.686907172203064, "z": -0.036938685923814774, "x_normalized": 27.69962442244628, "y_normalized": 36.293771435191964, "z_normalized": -0.036938685923814774}, "right_foot_index": {"x": 0.5110300183296204, "y": 0.6701028943061829, "z": 0.07315670698881149, "x_normalized": 26.88535649493787, "y_normalized": 35.39277162148453, "z_normalized": 0.07315670698881149}}}