{"sequence_id": 1697925405990398000, "sequence_source": "mediapipe", "frame_number": 145, "image_dimensions": {"height": 1080, "width": 1920}, "joint_positions": {"nose": {"x": 0.5131452083587646, "y": 0.399597704410553, "z": -0.22897663712501526, "x_normalized": 18.554453809125995, "y_normalized": 14.27665039303581, "z_normalized": -0.22897663712501526}, "left_eye_inner": {"x": 0.514905571937561, "y": 0.39280959963798523, "z": -0.219601109623909, "x_normalized": 18.619866403154674, "y_normalized": 14.024414123744384, "z_normalized": -0.219601109623909}, "left_eye": {"x": 0.516139566898346, "y": 0.3930091857910156, "z": -0.21955540776252747, "x_normalized": 18.665719891817762, "y_normalized": 14.03183045986902, "z_normalized": -0.21955540776252747}, "left_eye_outer": {"x": 0.517483651638031, "y": 0.39327722787857056, "z": -0.2196206897497177, "x_normalized": 18.71566415928396, "y_normalized": 14.041790520658179, "z_normalized": -0.2196206897497177}, "right_eye_inner": {"x": 0.5111157298088074, "y": 0.3929252028465271, "z": -0.2209925651550293, "x_normalized": 18.479041287487124, "y_normalized": 14.028709773711155, "z_normalized": -0.2209925651550293}, "right_eye": {"x": 0.5094878077507019, "y": 0.39326363801956177, "z": -0.22103910148143768, "x_normalized": 18.418550031033163, "y_normalized": 14.041285540925038, "z_normalized": -0.22103910148143768}, "right_eye_outer": {"x": 0.5077267289161682, "y": 0.393606960773468, "z": -0.22100971639156342, "x_normalized": 18.353110859123795, "y_normalized": 14.054042923656981, "z_normalized": -0.22100971639156342}, "left_ear": {"x": 0.5208038091659546, "y": 0.39832133054733276, "z": -0.15391436219215393, "x_normalized": 18.839036466630727, "y_normalized": 14.229222164941746, "z_normalized": -0.15391436219215393}, "right_ear": {"x": 0.5039140582084656, "y": 0.3989245593547821, "z": -0.15977977216243744, "x_normalized": 18.211437466097507, "y_normalized": 14.251637285069979, "z_normalized": -0.15977977216243744}, "mouth_left": {"x": 0.5160989761352539, "y": 0.4096975028514862, "z": -0.2033068686723709, "x_normalized": 18.664211597088517, "y_normalized": 14.651944464752486, "z_normalized": -0.2033068686723709}, "mouth_right": {"x": 0.5104824900627136, "y": 0.4096188545227051, "z": -0.20523883402347565, "x_normalized": 18.45551100378154, "y_normalized": 14.649022005288112, "z_normalized": -0.20523883402347565}, "left_shoulder": {"x": 0.536305844783783, "y": 0.4408320188522339, "z": -0.09064625948667526, "x_normalized": 19.415069948975567, "y_normalized": 15.808858570433287, "z_normalized": -0.09064625948667526}, "right_shoulder": {"x": 0.4882349669933319, "y": 0.4459637701511383, "z": -0.08494264632463455, "x_normalized": 17.62882485086981, "y_normalized": 15.999547112513266, "z_normalized": -0.08494264632463455}, "left_elbow": {"x": 0.5586209893226624, "y": 0.45585325360298157, "z": 0.021367648616433144, "x_normalized": 20.24426881902434, "y_normalized": 16.367026179894932, "z_normalized": 0.021367648616433144}, "right_elbow": {"x": 0.4707811772823334, "y": 0.4580266773700714, "z": 0.009836706332862377, "x_normalized": 16.980266976587917, "y_normalized": 16.447787500022976, "z_normalized": 0.009836706332862377}, "left_wrist": {"x": 0.5548002123832703, "y": 0.4695301055908203, "z": 0.12785819172859192, "x_normalized": 20.102294210016883, "y_normalized": 16.875238447773423, "z_normalized": 0.12785819172859192}, "right_wrist": {"x": 0.4894830584526062, "y": 0.44598665833473206, "z": 0.10069742798805237, "x_normalized": 17.675202145264866, "y_normalized": 16.000397604695394, "z_normalized": 0.10069742798805237}, "left_pinky": {"x": 0.5559298992156982, "y": 0.48137179017066956, "z": 0.14426879584789276, "x_normalized": 20.14427175774579, "y_normalized": 17.315258518267576, "z_normalized": 0.14426879584789276}, "right_pinky": {"x": 0.49315693974494934, "y": 0.44524186849594116, "z": 0.11041173338890076, "x_normalized": 17.8117183220253, "y_normalized": 15.972722279013624, "z_normalized": 0.11041173338890076}, "left_index": {"x": 0.5534501671791077, "y": 0.4814450442790985, "z": 0.12874755263328552, "x_normalized": 20.05212846021159, "y_normalized": 17.31798053621507, "z_normalized": 0.12874755263328552}, "right_index": {"x": 0.49610501527786255, "y": 0.4445944130420685, "z": 0.10941096395254135, "x_normalized": 17.921264594353985, "y_normalized": 15.9486637599293, "z_normalized": 0.10941096395254135}, "left_thumb": {"x": 0.5525125861167908, "y": 0.47481033205986023, "z": 0.12524573504924774, "x_normalized": 20.017289288271755, "y_normalized": 17.071444114920286, "z_normalized": 0.12524573504924774}, "right_thumb": {"x": 0.495060533285141, "y": 0.4450327455997467, "z": 0.10268191993236542, "x_normalized": 17.88245313666246, "y_normalized": 15.964951571146436, "z_normalized": 0.10268191993236542}, "left_hip": {"x": 0.5266658067703247, "y": 0.5703768134117126, "z": -0.0111848134547472, "x_normalized": 19.056859917485077, "y_normalized": 20.622557943173923, "z_normalized": -0.0111848134547472}, "right_hip": {"x": 0.4999113082885742, "y": 0.5732812881469727, "z": 0.011081683449447155, "x_normalized": 18.06270100127744, "y_normalized": 20.73048407219212, "z_normalized": 0.011081683449447155}, "left_knee": {"x": 0.5250087380409241, "y": 0.6793152689933777, "z": -0.013051492162048817, "x_normalized": 18.995285612392937, "y_normalized": 24.67055521766128, "z_normalized": -0.013051492162048817}, "right_knee": {"x": 0.5056272745132446, "y": 0.6832118034362793, "z": 0.018773138523101807, "x_normalized": 18.27509813482393, "y_normalized": 24.815344867198654, "z_normalized": 0.018773138523101807}, "left_ankle": {"x": 0.5210214853286743, "y": 0.757877767086029, "z": 0.11854623258113861, "x_normalized": 18.847125001654522, "y_normalized": 27.58982533635292, "z_normalized": 0.11854623258113861}, "right_ankle": {"x": 0.5138455033302307, "y": 0.7629140615463257, "z": 0.13731598854064941, "x_normalized": 18.58047576914641, "y_normalized": 27.77696683877227, "z_normalized": 0.13731598854064941}, "left_heel": {"x": 0.5219507217407227, "y": 0.7661683559417725, "z": 0.12817053496837616, "x_normalized": 18.881654098319622, "y_normalized": 27.897891766272025, "z_normalized": 0.12817053496837616}, "right_heel": {"x": 0.5163182020187378, "y": 0.7741363644599915, "z": 0.1472548395395279, "x_normalized": 18.672357717520477, "y_normalized": 28.193971571999242, "z_normalized": 0.1472548395395279}, "left_foot_index": {"x": 0.5184752941131592, "y": 0.7874339818954468, "z": 0.058994874358177185, "x_normalized": 18.7525121760394, "y_normalized": 28.688092026052736, "z_normalized": 0.058994874358177185}, "right_foot_index": {"x": 0.5056840181350708, "y": 0.794871985912323, "z": 0.0753563940525055, "x_normalized": 18.27720664669213, "y_normalized": 28.96447762218752, "z_normalized": 0.0753563940525055}}}