{"sequence_id": 1697925405990398000, "sequence_source": "mediapipe", "frame_number": 476, "image_dimensions": {"height": 1080, "width": 1920}, "joint_positions": {"nose": {"x": 0.5254144668579102, "y": 0.4137337803840637, "z": -0.09124414622783661, "x_normalized": 29.744397412371825, "y_normalized": 23.32008199978821, "z_normalized": -0.09124414622783661}, "left_eye_inner": {"x": 0.5270718336105347, "y": 0.4093436002731323, "z": -0.0867290198802948, "x_normalized": 29.839881552693257, "y_normalized": 23.067155136687617, "z_normalized": -0.0867290198802948}, "left_eye": {"x": 0.5283083319664001, "y": 0.40933629870414734, "z": -0.08670759946107864, "x_normalized": 29.911118641485896, "y_normalized": 23.066734479016993, "z_normalized": -0.08670759946107864}, "left_eye_outer": {"x": 0.529504656791687, "y": 0.409368097782135, "z": -0.086739681661129, "x_normalized": 29.98004125460506, "y_normalized": 23.068566486096813, "z_normalized": -0.086739681661129}, "right_eye_inner": {"x": 0.5238287448883057, "y": 0.4094964861869812, "z": -0.08686980605125427, "x_normalized": 29.65304086813276, "y_normalized": 23.07596319321946, "z_normalized": -0.08686980605125427}, "right_eye": {"x": 0.5228545069694519, "y": 0.40959370136260986, "z": -0.0868956670165062, "x_normalized": 29.596913116080906, "y_normalized": 23.08156394963406, "z_normalized": -0.0868956670165062}, "right_eye_outer": {"x": 0.5220056772232056, "y": 0.40969493985176086, "z": -0.08686172217130661, "x_normalized": 29.548010374143285, "y_normalized": 23.08739649701002, "z_normalized": -0.08686172217130661}, "left_ear": {"x": 0.5316069722175598, "y": 0.4121743142604828, "z": -0.050444938242435455, "x_normalized": 30.101159758283302, "y_normalized": 23.230238106193312, "z_normalized": -0.050444938242435455}, "right_ear": {"x": 0.5205458402633667, "y": 0.41277483105659485, "z": -0.051279354840517044, "x_normalized": 29.463906311539798, "y_normalized": 23.264835053389543, "z_normalized": -0.051279354840517044}, "mouth_left": {"x": 0.52801913022995, "y": 0.4194820821285248, "z": -0.0770508423447609, "x_normalized": 29.89445716378901, "y_normalized": 23.651252906594983, "z_normalized": -0.0770508423447609}, "mouth_right": {"x": 0.5233609676361084, "y": 0.41927140951156616, "z": -0.07730952650308609, "x_normalized": 29.626091305691467, "y_normalized": 23.639115645069914, "z_normalized": -0.07730952650308609}, "left_shoulder": {"x": 0.5411741137504578, "y": 0.43879377841949463, "z": -0.017258228734135628, "x_normalized": 30.65234149470685, "y_normalized": 24.763837502353205, "z_normalized": -0.017258228734135628}, "right_shoulder": {"x": 0.5125085711479187, "y": 0.44007471203804016, "z": -0.01224544458091259, "x_normalized": 29.00086351741756, "y_normalized": 24.837634593541356, "z_normalized": -0.01224544458091259}, "left_elbow": {"x": 0.554627537727356, "y": 0.4522363245487213, "z": 0.03953350707888603, "x_normalized": 31.427419564047675, "y_normalized": 25.5382888776133, "z_normalized": 0.03953350707888603}, "right_elbow": {"x": 0.5011544823646545, "y": 0.45185980200767517, "z": 0.04270599037408829, "x_normalized": 28.346732254746566, "y_normalized": 25.51659667756977, "z_normalized": 0.04270599037408829}, "left_wrist": {"x": 0.5468703508377075, "y": 0.4717179238796234, "z": 0.08348724246025085, "x_normalized": 30.98051285477656, "y_normalized": 26.660661919821436, "z_normalized": 0.08348724246025085}, "right_wrist": {"x": 0.5074403285980225, "y": 0.47619691491127014, "z": 0.07855768501758575, "x_normalized": 28.708872150961696, "y_normalized": 26.918705353772886, "z_normalized": 0.07855768501758575}, "left_pinky": {"x": 0.5433816313743591, "y": 0.4786304533481598, "z": 0.08917135745286942, "x_normalized": 30.779520902782252, "y_normalized": 27.05890626296671, "z_normalized": 0.08917135745286942}, "right_pinky": {"x": 0.5091044902801514, "y": 0.48405084013938904, "z": 0.08265058696269989, "x_normalized": 28.804747760462323, "y_normalized": 27.371185347937246, "z_normalized": 0.08265058696269989}, "left_index": {"x": 0.5422353148460388, "y": 0.4779711067676544, "z": 0.08128467947244644, "x_normalized": 30.71347936546434, "y_normalized": 27.020920016824306, "z_normalized": 0.08128467947244644}, "right_index": {"x": 0.5116000175476074, "y": 0.48377957940101624, "z": 0.07736553251743317, "x_normalized": 28.948519967431242, "y_normalized": 27.35555748623104, "z_normalized": 0.07736553251743317}, "left_thumb": {"x": 0.5423347353935242, "y": 0.4750284254550934, "z": 0.08189158141613007, "x_normalized": 30.71920717766517, "y_normalized": 26.851386390712346, "z_normalized": 0.08189158141613007}, "right_thumb": {"x": 0.5111415982246399, "y": 0.48118913173675537, "z": 0.07787179201841354, "x_normalized": 28.92210953359638, "y_normalized": 27.206316729544007, "z_normalized": 0.07787179201841354}, "left_hip": {"x": 0.5343624949455261, "y": 0.5170609354972839, "z": -0.0039059752598404884, "x_normalized": 30.25991081226661, "y_normalized": 29.27296150712825, "z_normalized": -0.0039059752598404884}, "right_hip": {"x": 0.5171529054641724, "y": 0.5147997140884399, "z": 0.0039036967791616917, "x_normalized": 29.268432701396044, "y_normalized": 29.142688118961157, "z_normalized": 0.0039036967791616917}, "left_knee": {"x": 0.5308119654655457, "y": 0.5817928910255432, "z": -0.01587332785129547, "x_normalized": 30.05535786431771, "y_normalized": 33.00229607665148, "z_normalized": -0.01587332785129547}, "right_knee": {"x": 0.5189754962921143, "y": 0.5814323425292969, "z": -0.0043398370034992695, "x_normalized": 29.373435723864173, "y_normalized": 32.981524172573074, "z_normalized": -0.0043398370034992695}, "left_ankle": {"x": 0.5280846953392029, "y": 0.6342114806175232, "z": 0.03701799735426903, "x_normalized": 29.898234497974208, "y_normalized": 36.02223355043413, "z_normalized": 0.03701799735426903}, "right_ankle": {"x": 0.5221482515335083, "y": 0.633919894695282, "z": 0.043809957802295685, "x_normalized": 29.556224359026004, "y_normalized": 36.005434715130505, "z_normalized": 0.043809957802295685}, "left_heel": {"x": 0.5275598764419556, "y": 0.6399861574172974, "z": 0.03964792564511299, "x_normalized": 29.86799865479179, "y_normalized": 36.3549239757654, "z_normalized": 0.03964792564511299}, "right_heel": {"x": 0.5237491726875305, "y": 0.640417218208313, "z": 0.04566938057541847, "x_normalized": 29.648456558008, "y_normalized": 36.379758231062986, "z_normalized": 0.04566938057541847}, "left_foot_index": {"x": 0.5290247797966003, "y": 0.6513950228691101, "z": -0.002066131914034486, "x_normalized": 29.95239460230959, "y_normalized": 37.01221102945112, "z_normalized": -0.002066131914034486}, "right_foot_index": {"x": 0.5187310576438904, "y": 0.6509889960289001, "z": 0.0062038288451731205, "x_normalized": 29.359353135233725, "y_normalized": 36.98881902902425, "z_normalized": 0.0062038288451731205}}}