{"sequence_id": 1697925405990398000, "sequence_source": "mediapipe", "frame_number": 379, "image_dimensions": {"height": 1080, "width": 1920}, "joint_positions": {"nose": {"x": 0.5150596499443054, "y": 0.4285244643688202, "z": -0.08741649240255356, "x_normalized": 27.48841254354629, "y_normalized": 22.75943214507824, "z_normalized": -0.08741649240255356}, "left_eye_inner": {"x": 0.51666659116745, "y": 0.42454251646995544, "z": -0.08181818574666977, "x_normalized": 27.575783388802417, "y_normalized": 22.542930042400908, "z_normalized": -0.08181818574666977}, "left_eye": {"x": 0.5177134871482849, "y": 0.42456644773483276, "z": -0.0817977711558342, "x_normalized": 27.63270406855311, "y_normalized": 22.544231206880518, "z_normalized": -0.0817977711558342}, "left_eye_outer": {"x": 0.5187157392501831, "y": 0.42454013228416443, "z": -0.08182382583618164, "x_normalized": 27.687197420295757, "y_normalized": 22.5428004120667, "z_normalized": -0.08182382583618164}, "right_eye_inner": {"x": 0.5138185024261475, "y": 0.4245925843715668, "z": -0.08291678875684738, "x_normalized": 27.42093023231601, "y_normalized": 22.545652279419272, "z_normalized": -0.08291678875684738}, "right_eye": {"x": 0.5127712488174438, "y": 0.42476963996887207, "z": -0.08294288069009781, "x_normalized": 27.363990108015187, "y_normalized": 22.555278952113387, "z_normalized": -0.08294288069009781}, "right_eye_outer": {"x": 0.5117537975311279, "y": 0.42486947774887085, "z": -0.08293580263853073, "x_normalized": 27.308670362891963, "y_normalized": 22.560707222358346, "z_normalized": -0.08293580263853073}, "left_ear": {"x": 0.52101731300354, "y": 0.42756685614585876, "z": -0.04731074348092079, "x_normalized": 27.81233606342336, "y_normalized": 22.707366121343636, "z_normalized": -0.04731074348092079}, "right_ear": {"x": 0.5096213817596436, "y": 0.42870521545410156, "z": -0.05166816711425781, "x_normalized": 27.192728991976413, "y_normalized": 22.76925974479038, "z_normalized": -0.05166816711425781}, "mouth_left": {"x": 0.5176050662994385, "y": 0.4340497553348541, "z": -0.07453534007072449, "x_normalized": 27.626809129105006, "y_normalized": 23.059847203846704, "z_normalized": -0.07453534007072449}, "mouth_right": {"x": 0.5132628083229065, "y": 0.43520572781562805, "z": -0.07595586776733398, "x_normalized": 27.390716642170503, "y_normalized": 23.12269847138741, "z_normalized": -0.07595586776733398}, "left_shoulder": {"x": 0.531333327293396, "y": 0.4552113711833954, "z": -0.019442548975348473, "x_normalized": 28.373227074990833, "y_normalized": 24.210423364967586, "z_normalized": -0.019442548975348473}, "right_shoulder": {"x": 0.5001832246780396, "y": 0.45525529980659485, "z": -0.016163622960448265, "x_normalized": 26.67956786946429, "y_normalized": 24.21281180387537, "z_normalized": -0.016163622960448265}, "left_elbow": {"x": 0.5495579242706299, "y": 0.4669591784477234, "z": 0.03004581108689308, "x_normalized": 29.36411486815935, "y_normalized": 24.84916225336444, "z_normalized": 0.03004581108689308}, "right_elbow": {"x": 0.49074187874794006, "y": 0.458633691072464, "z": 0.03671775758266449, "x_normalized": 26.166233366380162, "y_normalized": 24.39649798744797, "z_normalized": 0.03671775758266449}, "left_wrist": {"x": 0.5408161878585815, "y": 0.4829428195953369, "z": 0.06268569827079773, "x_normalized": 28.888818766269356, "y_normalized": 25.718207254652594, "z_normalized": 0.06268569827079773}, "right_wrist": {"x": 0.4953751266002655, "y": 0.4497615694999695, "z": 0.0794861689209938, "x_normalized": 26.41814723560474, "y_normalized": 23.91411272665598, "z_normalized": 0.0794861689209938}, "left_pinky": {"x": 0.5369725823402405, "y": 0.49084919691085815, "z": 0.06840705871582031, "x_normalized": 28.679838463734438, "y_normalized": 26.148084128194494, "z_normalized": 0.06840705871582031}, "right_pinky": {"x": 0.4968889355659485, "y": 0.44869139790534973, "z": 0.07948163151741028, "x_normalized": 26.500454395930873, "y_normalized": 23.855926530767583, "z_normalized": 0.07948163151741028}, "left_index": {"x": 0.5354394912719727, "y": 0.4870360195636749, "z": 0.05972366780042648, "x_normalized": 28.596482918080397, "y_normalized": 25.9407582327999, "z_normalized": 0.05972366780042648}, "right_index": {"x": 0.49757012724876404, "y": 0.4498130679130554, "z": 0.07911758869886398, "x_normalized": 26.537491402793247, "y_normalized": 23.91691274187487, "z_normalized": 0.07911758869886398}, "left_thumb": {"x": 0.5355310440063477, "y": 0.48172810673713684, "z": 0.060828935354948044, "x_normalized": 28.601460722913984, "y_normalized": 25.652162219752842, "z_normalized": 0.060828935354948044}, "right_thumb": {"x": 0.4975840747356415, "y": 0.4500470459461212, "z": 0.07890129089355469, "x_normalized": 26.538249740248364, "y_normalized": 23.9296343387982, "z_normalized": 0.07890129089355469}, "left_hip": {"x": 0.5250388383865356, "y": 0.5400625467300415, "z": -0.005325422156602144, "x_normalized": 28.030990029648542, "y_normalized": 28.823858394022036, "z_normalized": -0.005325422156602144}, "right_hip": {"x": 0.5066525340080261, "y": 0.5395972728729248, "z": 0.005308888852596283, "x_normalized": 27.031310059062374, "y_normalized": 28.79856103430136, "z_normalized": 0.005308888852596283}, "left_knee": {"x": 0.5259923338890076, "y": 0.6035963296890259, "z": -0.02654486894607544, "x_normalized": 28.08283244105664, "y_normalized": 32.2782475399943, "z_normalized": -0.02654486894607544}, "right_knee": {"x": 0.5109315514564514, "y": 0.6048007607460022, "z": 0.0026705877389758825, "x_normalized": 27.26396410138201, "y_normalized": 32.34373354407777, "z_normalized": 0.0026705877389758825}, "left_ankle": {"x": 0.5247930288314819, "y": 0.664363443851471, "z": 0.020750002935528755, "x_normalized": 28.017625142191708, "y_normalized": 35.58221040539335, "z_normalized": 0.020750002935528755}, "right_ankle": {"x": 0.5153301358222961, "y": 0.6524413228034973, "z": 0.08355723321437836, "x_normalized": 27.503119104962177, "y_normalized": 34.93399391918672, "z_normalized": 0.08355723321437836}, "left_heel": {"x": 0.5232158899307251, "y": 0.6697990894317627, "z": 0.022827737033367157, "x_normalized": 27.93187467611318, "y_normalized": 35.87775136359559, "z_normalized": 0.022827737033367157}, "right_heel": {"x": 0.5164963603019714, "y": 0.6583968997001648, "z": 0.08936561644077301, "x_normalized": 27.566527782939975, "y_normalized": 35.257804012521355, "z_normalized": 0.08936561644077301}, "left_foot_index": {"x": 0.526282787322998, "y": 0.6889051795005798, "z": -0.024353813380002975, "x_normalized": 28.09862465652152, "y_normalized": 36.916566732079126, "z_normalized": -0.024353813380002975}, "right_foot_index": {"x": 0.5111782550811768, "y": 0.6718505024909973, "z": 0.05381384119391441, "x_normalized": 27.277377600214177, "y_normalized": 35.98928854390643, "z_normalized": 0.05381384119391441}}}