{"sequence_id": 1697925405990398000, "sequence_source": "mediapipe", "frame_number": 225, "image_dimensions": {"height": 1080, "width": 1920}, "joint_positions": {"nose": {"x": 0.517169177532196, "y": 0.4170346260070801, "z": -0.1885150820016861, "x_normalized": 21.240957570150858, "y_normalized": 16.991603075151215, "z_normalized": -0.1885150820016861}, "left_eye_inner": {"x": 0.518894374370575, "y": 0.41048887372016907, "z": -0.18062403798103333, "x_normalized": 21.3135533292834, "y_normalized": 16.716159806423455, "z_normalized": -0.18062403798103333}, "left_eye": {"x": 0.5202646255493164, "y": 0.4104142189025879, "z": -0.1805742233991623, "x_normalized": 21.371213082831563, "y_normalized": 16.713018354367293, "z_normalized": -0.1805742233991623}, "left_eye_outer": {"x": 0.521687388420105, "y": 0.4102906286716461, "z": -0.18060989677906036, "x_normalized": 21.431082512436795, "y_normalized": 16.70781771497532, "z_normalized": -0.18060989677906036}, "right_eye_inner": {"x": 0.5151016116142273, "y": 0.4108285903930664, "z": -0.18254289031028748, "x_normalized": 21.153955024103674, "y_normalized": 16.730454980869833, "z_normalized": -0.18254289031028748}, "right_eye": {"x": 0.5137057900428772, "y": 0.411091148853302, "z": -0.18256907165050507, "x_normalized": 21.095219276198552, "y_normalized": 16.74150336115517, "z_normalized": -0.18256907165050507}, "right_eye_outer": {"x": 0.5122764110565186, "y": 0.41138869524002075, "z": -0.18251357972621918, "x_normalized": 21.035071442459003, "y_normalized": 16.75402402276344, "z_normalized": -0.18251357972621918}, "left_ear": {"x": 0.5247488617897034, "y": 0.41218528151512146, "z": -0.12046036124229431, "x_normalized": 21.559908382265593, "y_normalized": 16.78754413134991, "z_normalized": -0.12046036124229431}, "right_ear": {"x": 0.5090206861495972, "y": 0.41530144214630127, "z": -0.1289319396018982, "x_normalized": 20.8980715269208, "y_normalized": 16.918671224541207, "z_normalized": -0.1289319396018982}, "mouth_left": {"x": 0.5200194716453552, "y": 0.4239008128643036, "z": -0.16486719250679016, "x_normalized": 21.360897080989655, "y_normalized": 17.280530133303262, "z_normalized": -0.16486719250679016}, "mouth_right": {"x": 0.5151301622390747, "y": 0.4253959059715271, "z": -0.16739219427108765, "x_normalized": 21.155156425728347, "y_normalized": 17.34344319729584, "z_normalized": -0.16739219427108765}, "left_shoulder": {"x": 0.53846675157547, "y": 0.4432740807533264, "z": -0.05308425799012184, "x_normalized": 22.137153019248615, "y_normalized": 18.095751363712704, "z_normalized": -0.05308425799012184}, "right_shoulder": {"x": 0.49767521023750305, "y": 0.44748568534851074, "z": -0.06743135303258896, "x_normalized": 20.42065734539912, "y_normalized": 18.272974406296534, "z_normalized": -0.06743135303258896}, "left_elbow": {"x": 0.5592324137687683, "y": 0.46019247174263, "z": 0.06627775728702545, "x_normalized": 23.01096577920531, "y_normalized": 18.80767211956324, "z_normalized": 0.06627775728702545}, "right_elbow": {"x": 0.4895494282245636, "y": 0.46760132908821106, "z": 0.03657539188861847, "x_normalized": 20.078726905549022, "y_normalized": 19.119434587092783, "z_normalized": 0.03657539188861847}, "left_wrist": {"x": 0.564104437828064, "y": 0.4727921485900879, "z": 0.15486164391040802, "x_normalized": 23.215979072313896, "y_normalized": 19.337862695628417, "z_normalized": 0.15486164391040802}, "right_wrist": {"x": 0.48440805077552795, "y": 0.4719333350658417, "z": 0.11243588477373123, "x_normalized": 19.862379303584714, "y_normalized": 19.301724083292136, "z_normalized": 0.11243588477373123}, "left_pinky": {"x": 0.5671265721321106, "y": 0.4745692014694214, "z": 0.17480726540088654, "x_normalized": 23.34314956620891, "y_normalized": 19.41264054121913, "z_normalized": 0.17480726540088654}, "right_pinky": {"x": 0.4836495518684387, "y": 0.4707772433757782, "z": 0.12544052302837372, "x_normalized": 19.830461899879587, "y_normalized": 19.253076096001685, "z_normalized": 0.12544052302837372}, "left_index": {"x": 0.5652467012405396, "y": 0.4718031883239746, "z": 0.1583014279603958, "x_normalized": 23.264045169882166, "y_normalized": 19.296247547911197, "z_normalized": 0.1583014279603958}, "right_index": {"x": 0.48444101214408875, "y": 0.4696434438228607, "z": 0.11588837951421738, "x_normalized": 19.863766307965598, "y_normalized": 19.205366155073715, "z_normalized": 0.11588837951421738}, "left_thumb": {"x": 0.5636693835258484, "y": 0.4715220034122467, "z": 0.15188156068325043, "x_normalized": 23.197672119373443, "y_normalized": 19.284415372202666, "z_normalized": 0.15188156068325043}, "right_thumb": {"x": 0.485257625579834, "y": 0.4687061011791229, "z": 0.11182361096143723, "x_normalized": 19.89812915339109, "y_normalized": 19.16592306123325, "z_normalized": 0.11182361096143723}, "left_hip": {"x": 0.5332391858100891, "y": 0.5566675066947937, "z": -0.0017265003407374024, "x_normalized": 21.917178639102104, "y_normalized": 22.86731229735999, "z_normalized": -0.0017265003407374024}, "right_hip": {"x": 0.5094895958900452, "y": 0.5575072169303894, "z": 0.0016043282812461257, "x_normalized": 20.917803106422447, "y_normalized": 22.902647049110243, "z_normalized": 0.0016043282812461257}, "left_knee": {"x": 0.5303634405136108, "y": 0.6445934772491455, "z": -0.025761637836694717, "x_normalized": 21.796168150197055, "y_normalized": 26.567210441073648, "z_normalized": -0.025761637836694717}, "right_knee": {"x": 0.5105682015419006, "y": 0.6420531868934631, "z": 0.01112004928290844, "x_normalized": 20.96319050475241, "y_normalized": 26.460315794222147, "z_normalized": 0.01112004928290844}, "left_ankle": {"x": 0.5240827202796936, "y": 0.7154788970947266, "z": 0.0784277692437172, "x_normalized": 21.531877349786832, "y_normalized": 29.550047385033295, "z_normalized": 0.0784277692437172}, "right_ankle": {"x": 0.5091607570648193, "y": 0.6927700042724609, "z": 0.17973758280277252, "x_normalized": 20.903965668503215, "y_normalized": 28.594464070238317, "z_normalized": 0.17973758280277252}, "left_heel": {"x": 0.5216394066810608, "y": 0.7208154797554016, "z": 0.08598466217517853, "x_normalized": 21.429063455426647, "y_normalized": 29.77460916303267, "z_normalized": 0.08598466217517853}, "right_heel": {"x": 0.5099014043807983, "y": 0.6967469453811646, "z": 0.1946096122264862, "x_normalized": 20.935131882674753, "y_normalized": 28.761812544562584, "z_normalized": 0.1946096122264862}, "left_foot_index": {"x": 0.5229291915893555, "y": 0.7469756007194519, "z": 0.035882458090782166, "x_normalized": 21.483337212746612, "y_normalized": 30.875419110127694, "z_normalized": 0.035882458090782166}, "right_foot_index": {"x": 0.5061827898025513, "y": 0.7228262424468994, "z": 0.1616870015859604, "x_normalized": 20.778653710315677, "y_normalized": 29.85922144655728, "z_normalized": 0.1616870015859604}}}