{"sequence_id": 1697925405990398000, "sequence_source": "mediapipe", "frame_number": 425, "image_dimensions": {"height": 1080, "width": 1920}, "joint_positions": {"nose": {"x": 0.5133398771286011, "y": 0.4179193377494812, "z": -0.07302509993314743, "x_normalized": 27.56966086290313, "y_normalized": 22.33799839219686, "z_normalized": -0.07302509993314743}, "left_eye_inner": {"x": 0.5149424076080322, "y": 0.4150112569332123, "z": -0.06619428843259811, "x_normalized": 27.657337935823982, "y_normalized": 22.178892517419214, "z_normalized": -0.06619428843259811}, "left_eye": {"x": 0.5159827470779419, "y": 0.4152778089046478, "z": -0.06617255508899689, "x_normalized": 27.714256615834415, "y_normalized": 22.193476013294465, "z_normalized": -0.06617255508899689}, "left_eye_outer": {"x": 0.5171084403991699, "y": 0.41548338532447815, "z": -0.06618623435497284, "x_normalized": 27.77584514515016, "y_normalized": 22.204723436656217, "z_normalized": -0.06618623435497284}, "right_eye_inner": {"x": 0.5123720765113831, "y": 0.41477343440055847, "z": -0.06869741529226303, "x_normalized": 27.516710902588624, "y_normalized": 22.16588085629617, "z_normalized": -0.06869741529226303}, "right_eye": {"x": 0.5115633606910706, "y": 0.41502225399017334, "z": -0.06873353570699692, "x_normalized": 27.472464732634368, "y_normalized": 22.179494184456107, "z_normalized": -0.06873353570699692}, "right_eye_outer": {"x": 0.5107733607292175, "y": 0.41523176431655884, "z": -0.0687221810221672, "x_normalized": 27.429242538016613, "y_normalized": 22.190956838302597, "z_normalized": -0.0687221810221672}, "left_ear": {"x": 0.5196354985237122, "y": 0.41882508993148804, "z": -0.029618261381983757, "x_normalized": 27.914104643053356, "y_normalized": 22.387553580774753, "z_normalized": -0.029618261381983757}, "right_ear": {"x": 0.5088629126548767, "y": 0.41965433955192566, "z": -0.03815876692533493, "x_normalized": 27.324718788062768, "y_normalized": 22.432923188638004, "z_normalized": -0.03815876692533493}, "mouth_left": {"x": 0.5159106850624084, "y": 0.4243429899215698, "z": -0.058676816523075104, "x_normalized": 27.71031398468209, "y_normalized": 22.689446946305058, "z_normalized": -0.058676816523075104}, "mouth_right": {"x": 0.5122312307357788, "y": 0.4250234365463257, "z": -0.06205196678638458, "x_normalized": 27.509004999021265, "y_normalized": 22.726675298029537, "z_normalized": -0.06205196678638458}, "left_shoulder": {"x": 0.5288604497909546, "y": 0.44397109746932983, "z": -0.0008480398682877421, "x_normalized": 28.41881686870563, "y_normalized": 23.763332927789865, "z_normalized": -0.0008480398682877421}, "right_shoulder": {"x": 0.49828794598579407, "y": 0.4480324983596802, "z": -0.0020403985399752855, "x_normalized": 26.74614500386252, "y_normalized": 23.98553883687838, "z_normalized": -0.0020403985399752855}, "left_elbow": {"x": 0.5469522476196289, "y": 0.455488383769989, "z": 0.0534166544675827, "x_normalized": 29.40864882376275, "y_normalized": 24.393462565755723, "z_normalized": 0.0534166544675827}, "right_elbow": {"x": 0.48852500319480896, "y": 0.45609286427497864, "z": 0.05472955480217934, "x_normalized": 26.211998378887788, "y_normalized": 24.426534686377117, "z_normalized": 0.05472955480217934}, "left_wrist": {"x": 0.5367410778999329, "y": 0.4778417646884918, "z": 0.08984854817390442, "x_normalized": 28.84997896779922, "y_normalized": 25.616452726613574, "z_normalized": 0.08984854817390442}, "right_wrist": {"x": 0.4968947768211365, "y": 0.46860775351524353, "z": 0.1026676744222641, "x_normalized": 26.669922432118284, "y_normalized": 25.1112448186328, "z_normalized": 0.1026676744222641}, "left_pinky": {"x": 0.5346938967704773, "y": 0.4854421615600586, "z": 0.09401224553585052, "x_normalized": 28.73797432796661, "y_normalized": 26.032282914737237, "z_normalized": 0.09401224553585052}, "right_pinky": {"x": 0.4977968633174896, "y": 0.471462607383728, "z": 0.10533959418535233, "x_normalized": 26.719277065017213, "y_normalized": 25.26743855973053, "z_normalized": 0.10533959418535233}, "left_index": {"x": 0.5325505137443542, "y": 0.4850344657897949, "z": 0.08551805466413498, "x_normalized": 28.620706324461672, "y_normalized": 26.009977209954876, "z_normalized": 0.08551805466413498}, "right_index": {"x": 0.49899452924728394, "y": 0.470075786113739, "z": 0.10381199419498444, "x_normalized": 26.784803333883357, "y_normalized": 25.191563291723035, "z_normalized": 0.10381199419498444}, "left_thumb": {"x": 0.5327324867248535, "y": 0.48232805728912354, "z": 0.0873992070555687, "x_normalized": 28.63066236491497, "y_normalized": 25.86190515858821, "z_normalized": 0.0873992070555687}, "right_thumb": {"x": 0.49890413880348206, "y": 0.468938946723938, "z": 0.10297646373510361, "x_normalized": 26.779857924336213, "y_normalized": 25.12936494270052, "z_normalized": 0.10297646373510361}, "left_hip": {"x": 0.5251027941703796, "y": 0.5261748433113098, "z": -0.002389580709859729, "x_normalized": 28.213229361893568, "y_normalized": 28.260834791912107, "z_normalized": -0.002389580709859729}, "right_hip": {"x": 0.5069100260734558, "y": 0.5279342532157898, "z": 0.0024349503219127655, "x_normalized": 27.217873157728068, "y_normalized": 28.357094995679038, "z_normalized": 0.0024349503219127655}, "left_knee": {"x": 0.5239997506141663, "y": 0.5886099934577942, "z": -0.017658600583672523, "x_normalized": 28.15288003839906, "y_normalized": 31.676764337389884, "z_normalized": -0.017658600583672523}, "right_knee": {"x": 0.5106351375579834, "y": 0.5960890054702759, "z": -0.017714370042085648, "x_normalized": 27.421680121439085, "y_normalized": 32.085953360632075, "z_normalized": -0.017714370042085648}, "left_ankle": {"x": 0.5286995768547058, "y": 0.632652223110199, "z": 0.06879257410764694, "x_normalized": 28.41001524630686, "y_normalized": 34.08638701252392, "z_normalized": 0.06879257410764694}, "right_ankle": {"x": 0.5147618651390076, "y": 0.6508883833885193, "z": 0.040724221616983414, "x_normalized": 27.647460161001497, "y_normalized": 35.084117274157485, "z_normalized": 0.040724221616983414}, "left_heel": {"x": 0.5281739830970764, "y": 0.6360870003700256, "z": 0.07546987384557724, "x_normalized": 28.381259149118133, "y_normalized": 34.27430931424738, "z_normalized": 0.07546987384557724}, "right_heel": {"x": 0.5168465971946716, "y": 0.6583482027053833, "z": 0.04356818273663521, "x_normalized": 27.76151927364301, "y_normalized": 35.49225623351957, "z_normalized": 0.04356818273663521}, "left_foot_index": {"x": 0.5291815400123596, "y": 0.6553484201431274, "z": 0.03782719746232033, "x_normalized": 28.436384241755718, "y_normalized": 35.32813320569987, "z_normalized": 0.03782719746232033}, "right_foot_index": {"x": 0.512046754360199, "y": 0.6716985702514648, "z": -0.0003820458077825606, "x_normalized": 27.498911993714042, "y_normalized": 36.22267675523935, "z_normalized": -0.0003820458077825606}}}