{"sequence_id": 1697925405990398000, "sequence_source": "mediapipe", "frame_number": 376, "image_dimensions": {"height": 1080, "width": 1920}, "joint_positions": {"nose": {"x": 0.5150097608566284, "y": 0.43037205934524536, "z": -0.11397624760866165, "x_normalized": 27.3066586277186, "y_normalized": 22.709771940609457, "z_normalized": -0.11397624760866165}, "left_eye_inner": {"x": 0.5167921185493469, "y": 0.4258290231227875, "z": -0.10864540189504623, "x_normalized": 27.40294989235958, "y_normalized": 22.464335962771006, "z_normalized": -0.10864540189504623}, "left_eye": {"x": 0.5179479122161865, "y": 0.4259597361087799, "z": -0.10863335430622101, "x_normalized": 27.4653912498372, "y_normalized": 22.471397687125005, "z_normalized": -0.10863335430622101}, "left_eye_outer": {"x": 0.5190476179122925, "y": 0.42607513070106506, "z": -0.1086534708738327, "x_normalized": 27.52480247388248, "y_normalized": 22.47763184049908, "z_normalized": -0.1086534708738327}, "right_eye_inner": {"x": 0.5137245655059814, "y": 0.42569613456726074, "z": -0.10909032821655273, "x_normalized": 27.23722638853896, "y_normalized": 22.45715670401713, "z_normalized": -0.10909032821655273}, "right_eye": {"x": 0.512656033039093, "y": 0.42579635977745056, "z": -0.1091204509139061, "x_normalized": 27.17949928753843, "y_normalized": 22.462571336712642, "z_normalized": -0.1091204509139061}, "right_eye_outer": {"x": 0.5115653276443481, "y": 0.4258763790130615, "z": -0.10912363231182098, "x_normalized": 27.12057430169536, "y_normalized": 22.46689434854358, "z_normalized": -0.10912363231182098}, "left_ear": {"x": 0.5213181972503662, "y": 0.42871183156967163, "z": -0.06981461495161057, "x_normalized": 27.647469745903134, "y_normalized": 22.620078702964072, "z_normalized": -0.06981461495161057}, "right_ear": {"x": 0.5094142556190491, "y": 0.42933470010757446, "z": -0.07148607820272446, "x_normalized": 27.004363371366352, "y_normalized": 22.653728962653677, "z_normalized": -0.07148607820272446}, "mouth_left": {"x": 0.5175859928131104, "y": 0.4361126124858856, "z": -0.09921548515558243, "x_normalized": 27.44583867789124, "y_normalized": 23.019903360306646, "z_normalized": -0.09921548515558243}, "mouth_right": {"x": 0.5131323337554932, "y": 0.4372190833091736, "z": -0.0998668372631073, "x_normalized": 27.205231270809207, "y_normalized": 23.079680068033724, "z_normalized": -0.0998668372631073}, "left_shoulder": {"x": 0.5314212441444397, "y": 0.4551917314529419, "z": -0.03962760791182518, "x_normalized": 28.193283398309607, "y_normalized": 24.05064623592522, "z_normalized": -0.03962760791182518}, "right_shoulder": {"x": 0.5001392960548401, "y": 0.45596352219581604, "z": -0.027933377772569656, "x_normalized": 26.503286853684056, "y_normalized": 24.092341966795157, "z_normalized": -0.027933377772569656}, "left_elbow": {"x": 0.5498135685920715, "y": 0.4660019278526306, "z": -0.02406133897602558, "x_normalized": 29.186922434954642, "y_normalized": 24.634663398471165, "z_normalized": -0.02406133897602558}, "right_elbow": {"x": 0.4902455508708954, "y": 0.46106451749801636, "z": 0.008511080406606197, "x_normalized": 25.968780654569454, "y_normalized": 24.367921493050297, "z_normalized": 0.008511080406606197}, "left_wrist": {"x": 0.5412267446517944, "y": 0.4789004325866699, "z": -0.0377654992043972, "x_normalized": 28.723022208958138, "y_normalized": 25.3315007044128, "z_normalized": -0.0377654992043972}, "right_wrist": {"x": 0.48582956194877625, "y": 0.4656582474708557, "z": 0.024496283382177353, "x_normalized": 25.73020836367152, "y_normalized": 24.61609618341181, "z_normalized": 0.024496283382177353}, "left_pinky": {"x": 0.5392435193061829, "y": 0.4844576120376587, "z": -0.04212259501218796, "x_normalized": 28.615879138082327, "y_normalized": 25.631725423254963, "z_normalized": -0.04212259501218796}, "right_pinky": {"x": 0.4814026951789856, "y": 0.46961209177970886, "z": 0.022062620148062706, "x_normalized": 25.491048400774222, "y_normalized": 24.829701269668277, "z_normalized": 0.022062620148062706}, "left_index": {"x": 0.5374458432197571, "y": 0.48242080211639404, "z": -0.048648152500391006, "x_normalized": 28.51876030246142, "y_normalized": 25.521687464009684, "z_normalized": -0.048648152500391006}, "right_index": {"x": 0.4838792085647583, "y": 0.46834027767181396, "z": 0.019346721470355988, "x_normalized": 25.62484118927598, "y_normalized": 24.760991947550867, "z_normalized": 0.019346721470355988}, "left_thumb": {"x": 0.5373890399932861, "y": 0.4770723581314087, "z": -0.04043491929769516, "x_normalized": 28.51569152758255, "y_normalized": 25.232739607314222, "z_normalized": -0.04043491929769516}, "right_thumb": {"x": 0.4848405718803406, "y": 0.46928760409355164, "z": 0.022970085963606834, "x_normalized": 25.67677851353757, "y_normalized": 24.812170933424238, "z_normalized": 0.022970085963606834}, "left_hip": {"x": 0.5258204340934753, "y": 0.5411297678947449, "z": -0.005667774472385645, "x_normalized": 27.8907015512289, "y_normalized": 28.693419257047847, "z_normalized": -0.005667774472385645}, "right_hip": {"x": 0.5073146224021912, "y": 0.5407329201698303, "z": 0.005646036006510258, "x_normalized": 26.890931405067214, "y_normalized": 28.671979694462834, "z_normalized": 0.005646036006510258}, "left_knee": {"x": 0.5267623662948608, "y": 0.6033909320831299, "z": -0.031106524169445038, "x_normalized": 27.941589116192997, "y_normalized": 32.05705735405363, "z_normalized": -0.031106524169445038}, "right_knee": {"x": 0.5107561349868774, "y": 0.6059656143188477, "z": 0.006119517609477043, "x_normalized": 27.076857945183775, "y_normalized": 32.19615368109211, "z_normalized": 0.006119517609477043}, "left_ankle": {"x": 0.5244771242141724, "y": 0.6644443273544312, "z": 0.018039701506495476, "x_normalized": 27.81812969451841, "y_normalized": 35.35544614846703, "z_normalized": 0.018039701506495476}, "right_ankle": {"x": 0.515008807182312, "y": 0.6526802182197571, "z": 0.09282628446817398, "x_normalized": 27.30660710578989, "y_normalized": 34.71989417672755, "z_normalized": 0.09282628446817398}, "left_heel": {"x": 0.5221785306930542, "y": 0.6703333258628845, "z": 0.02047000452876091, "x_normalized": 27.693948965841866, "y_normalized": 35.6735972783802, "z_normalized": 0.02047000452876091}, "right_heel": {"x": 0.516158938407898, "y": 0.6588519811630249, "z": 0.10003837943077087, "x_normalized": 27.368742551815785, "y_normalized": 35.05332155850364, "z_normalized": 0.10003837943077087}, "left_foot_index": {"x": 0.5262851119041443, "y": 0.6892334818840027, "z": -0.029958276078104973, "x_normalized": 27.91580561099351, "y_normalized": 36.69467174206403, "z_normalized": -0.029958276078104973}, "right_foot_index": {"x": 0.5105351805686951, "y": 0.6723942756652832, "z": 0.06350620090961456, "x_normalized": 27.064920958325462, "y_normalized": 35.784939386445984, "z_normalized": 0.06350620090961456}}}