{"sequence_id": 1697925405990398000, "sequence_source": "mediapipe", "frame_number": 515, "image_dimensions": {"height": 1080, "width": 1920}, "joint_positions": {"nose": {"x": 0.5175963640213013, "y": 0.4279218018054962, "z": -0.08517684787511826, "x_normalized": 34.517581045189786, "y_normalized": 28.44672039729572, "z_normalized": -0.08517684787511826}, "left_eye_inner": {"x": 0.5189917683601379, "y": 0.4237522482872009, "z": -0.08110535889863968, "x_normalized": 34.6120403237721, "y_normalized": 28.164470295022944, "z_normalized": -0.08110535889863968}, "left_eye": {"x": 0.5198779106140137, "y": 0.4237501919269562, "z": -0.08108719438314438, "x_normalized": 34.67202606101883, "y_normalized": 28.164331093574436, "z_normalized": -0.08108719438314438}, "left_eye_outer": {"x": 0.5207575559616089, "y": 0.4237476587295532, "z": -0.08111365884542465, "x_normalized": 34.731572002384766, "y_normalized": 28.16415961352917, "z_normalized": -0.08111365884542465}, "right_eye_inner": {"x": 0.516534686088562, "y": 0.4238934814929962, "z": -0.08098653703927994, "x_normalized": 34.44571274951219, "y_normalized": 28.174030811899662, "z_normalized": -0.08098653703927994}, "right_eye": {"x": 0.5156504511833191, "y": 0.4239814877510071, "z": -0.08099940419197083, "x_normalized": 34.385856126652484, "y_normalized": 28.17998823041347, "z_normalized": -0.08099940419197083}, "right_eye_outer": {"x": 0.514774739742279, "y": 0.424060195684433, "z": -0.08098141103982925, "x_normalized": 34.32657648370979, "y_normalized": 28.185316216290534, "z_normalized": -0.08098141103982925}, "left_ear": {"x": 0.5225927829742432, "y": 0.42571529746055603, "z": -0.049120984971523285, "x_normalized": 34.85580425165004, "y_normalized": 28.297355225631172, "z_normalized": -0.049120984971523285}, "right_ear": {"x": 0.5135842561721802, "y": 0.42650285363197327, "z": -0.04891243949532509, "x_normalized": 34.24598893208344, "y_normalized": 28.35066736299857, "z_normalized": -0.04891243949532509}, "mouth_left": {"x": 0.5195649862289429, "y": 0.43296483159065247, "z": -0.07280981540679932, "x_normalized": 34.6508432318976, "y_normalized": 28.78809883658889, "z_normalized": -0.07280981540679932}, "mouth_right": {"x": 0.5159542560577393, "y": 0.43357327580451965, "z": -0.07277096807956696, "x_normalized": 34.406421627610754, "y_normalized": 28.829286326049754, "z_normalized": -0.07277096807956696}, "left_shoulder": {"x": 0.5318201780319214, "y": 0.44868728518486023, "z": -0.02146458812057972, "x_normalized": 35.480435447127725, "y_normalized": 29.852400833306852, "z_normalized": -0.02146458812057972}, "right_shoulder": {"x": 0.5057256817817688, "y": 0.4494401812553406, "z": -0.012009275145828724, "x_normalized": 33.714017483418914, "y_normalized": 29.903366720172535, "z_normalized": -0.012009275145828724}, "left_elbow": {"x": 0.5487279891967773, "y": 0.4601021707057953, "z": 0.02779027633368969, "x_normalized": 36.62497800055691, "y_normalized": 30.625110091403428, "z_normalized": 0.02779027633368969}, "right_elbow": {"x": 0.5003023147583008, "y": 0.45986780524253845, "z": 0.04799767956137657, "x_normalized": 33.346892828388114, "y_normalized": 30.60924516109777, "z_normalized": 0.04799767956137657}, "left_wrist": {"x": 0.5393789410591125, "y": 0.4785284996032715, "z": 0.06196790188550949, "x_normalized": 35.99211172808182, "y_normalized": 31.872445853614906, "z_normalized": 0.06196790188550949}, "right_wrist": {"x": 0.505909264087677, "y": 0.4815967082977295, "z": 0.08271510899066925, "x_normalized": 33.726444743170035, "y_normalized": 32.08014248444243, "z_normalized": 0.08271510899066925}, "left_pinky": {"x": 0.536904513835907, "y": 0.48493653535842896, "z": 0.06759760528802872, "x_normalized": 35.8246100198649, "y_normalized": 32.30622581094719, "z_normalized": 0.06759760528802872}, "right_pinky": {"x": 0.5077387094497681, "y": 0.48730072379112244, "z": 0.0880516842007637, "x_normalized": 33.850285614449646, "y_normalized": 32.46626511107654, "z_normalized": 0.0880516842007637}, "left_index": {"x": 0.535744309425354, "y": 0.48380953073501587, "z": 0.06030755862593651, "x_normalized": 35.74607215913256, "y_normalized": 32.229935347514, "z_normalized": 0.06030755862593651}, "right_index": {"x": 0.5099326968193054, "y": 0.4867725372314453, "z": 0.08247841149568558, "x_normalized": 33.99880347294935, "y_normalized": 32.430510512932194, "z_normalized": 0.08247841149568558}, "left_thumb": {"x": 0.5360539555549622, "y": 0.4812496602535248, "z": 0.06067348271608353, "x_normalized": 35.76703307290109, "y_normalized": 32.05664971824084, "z_normalized": 0.06067348271608353}, "right_thumb": {"x": 0.5096819996833801, "y": 0.48457279801368713, "z": 0.08194854855537415, "x_normalized": 33.981833000704796, "y_normalized": 32.28160329385913, "z_normalized": 0.08194854855537415}, "left_hip": {"x": 0.527519941329956, "y": 0.5206326246261597, "z": -0.004120989236980677, "x_normalized": 35.189338991931464, "y_normalized": 34.722605598938074, "z_normalized": -0.004120989236980677}, "right_hip": {"x": 0.5127474069595337, "y": 0.5206535458564758, "z": 0.004079700913280249, "x_normalized": 34.189339994776375, "y_normalized": 34.72402182237075, "z_normalized": 0.004079700913280249}, "left_knee": {"x": 0.5284134745597839, "y": 0.574895977973938, "z": -0.022922152653336525, "x_normalized": 35.24982504742792, "y_normalized": 38.395861491894195, "z_normalized": -0.022922152653336525}, "right_knee": {"x": 0.5157229900360107, "y": 0.5762908458709717, "z": 0.010504431091248989, "x_normalized": 34.390766508184015, "y_normalized": 38.490284457055154, "z_normalized": 0.010504431091248989}, "left_ankle": {"x": 0.5284357666969299, "y": 0.6307312846183777, "z": 0.007524179294705391, "x_normalized": 35.25133407182627, "y_normalized": 42.17552781388159, "z_normalized": 0.007524179294705391}, "right_ankle": {"x": 0.5215896368026733, "y": 0.6206488013267517, "z": 0.08345024287700653, "x_normalized": 34.78789815372427, "y_normalized": 41.49301302477092, "z_normalized": 0.08345024287700653}, "left_heel": {"x": 0.5281782150268555, "y": 0.6378817558288574, "z": 0.008008603937923908, "x_normalized": 35.233899594753346, "y_normalized": 42.65956554636321, "z_normalized": 0.008008603937923908}, "right_heel": {"x": 0.5228793025016785, "y": 0.6260532140731812, "z": 0.08856144547462463, "x_normalized": 34.8751996534759, "y_normalized": 41.85885460558067, "z_normalized": 0.08856144547462463}, "left_foot_index": {"x": 0.5296118259429932, "y": 0.6484238505363464, "z": -0.031880490481853485, "x_normalized": 35.33094519590075, "y_normalized": 43.37319286792223, "z_normalized": -0.031880490481853485}, "right_foot_index": {"x": 0.5162741541862488, "y": 0.6366165280342102, "z": 0.05909964069724083, "x_normalized": 34.42807653120955, "y_normalized": 42.573918324695335, "z_normalized": 0.05909964069724083}}}