{"sequence_id": 1697925405990398000, "sequence_source": "mediapipe", "frame_number": 176, "image_dimensions": {"height": 1080, "width": 1920}, "joint_positions": {"nose": {"x": 0.5153952836990356, "y": 0.41389772295951843, "z": -0.12236471474170685, "x_normalized": 19.363314909531514, "y_normalized": 15.397927522890246, "z_normalized": -0.12236471474170685}, "left_eye_inner": {"x": 0.5172668695449829, "y": 0.40903884172439575, "z": -0.11454913020133972, "x_normalized": 19.435513400351475, "y_normalized": 15.21049081353015, "z_normalized": -0.11454913020133972}, "left_eye": {"x": 0.5187042355537415, "y": 0.4093465507030487, "z": -0.11450575292110443, "x_normalized": 19.490961381438208, "y_normalized": 15.22236102718805, "z_normalized": -0.11450575292110443}, "left_eye_outer": {"x": 0.5201930403709412, "y": 0.4095577299594879, "z": -0.11455272883176804, "x_normalized": 19.54839367136499, "y_normalized": 15.230507500212735, "z_normalized": -0.11455272883176804}, "right_eye_inner": {"x": 0.5132774114608765, "y": 0.4086800515651703, "z": -0.11638564616441727, "x_normalized": 19.281615649155246, "y_normalized": 15.196650086922164, "z_normalized": -0.11638564616441727}, "right_eye": {"x": 0.511739194393158, "y": 0.4089558720588684, "z": -0.11643370240926743, "x_normalized": 19.222277227098214, "y_normalized": 15.207290167058131, "z_normalized": -0.11643370240926743}, "right_eye_outer": {"x": 0.5101589560508728, "y": 0.4092101454734802, "z": -0.11641965806484222, "x_normalized": 19.161317787970226, "y_normalized": 15.217099044823671, "z_normalized": -0.11641965806484222}, "left_ear": {"x": 0.5234431028366089, "y": 0.41433754563331604, "z": -0.06161808222532272, "x_normalized": 19.67376842005735, "y_normalized": 15.414894168232937, "z_normalized": -0.06161808222532272}, "right_ear": {"x": 0.5066437125205994, "y": 0.41602468490600586, "z": -0.07204566150903702, "x_normalized": 19.02571338686838, "y_normalized": 15.479977428803142, "z_normalized": -0.07204566150903702}, "mouth_left": {"x": 0.5185505151748657, "y": 0.4235308766365051, "z": -0.10224269330501556, "x_normalized": 19.485031448067996, "y_normalized": 15.769537063976077, "z_normalized": -0.10224269330501556}, "mouth_right": {"x": 0.5130301117897034, "y": 0.42437613010406494, "z": -0.10524725168943405, "x_normalized": 19.272075791244035, "y_normalized": 15.80214364990977, "z_normalized": -0.10524725168943405}, "left_shoulder": {"x": 0.5365809202194214, "y": 0.4486877918243408, "z": -0.018424196168780327, "x_normalized": 20.180574233833546, "y_normalized": 16.73999284840109, "z_normalized": -0.018424196168780327}, "right_shoulder": {"x": 0.4928859770298004, "y": 0.4576815962791443, "z": -0.01607898622751236, "x_normalized": 18.494993547494314, "y_normalized": 17.086938787200925, "z_normalized": -0.01607898622751236}, "left_elbow": {"x": 0.5581120848655701, "y": 0.46266067028045654, "z": 0.06970443576574326, "x_normalized": 21.01116268715734, "y_normalized": 17.27901206524696, "z_normalized": 0.06970443576574326}, "right_elbow": {"x": 0.4781533479690552, "y": 0.47220879793167114, "z": 0.07023199647665024, "x_normalized": 17.92666611207403, "y_normalized": 17.64734163349347, "z_normalized": 0.07023199647665024}, "left_wrist": {"x": 0.5496398210525513, "y": 0.48068326711654663, "z": 0.1550849974155426, "x_normalized": 20.684335754557335, "y_normalized": 17.974253640748262, "z_normalized": 0.1550849974155426}, "right_wrist": {"x": 0.48926112055778503, "y": 0.500485897064209, "z": 0.14412769675254822, "x_normalized": 18.35516070611801, "y_normalized": 18.738161959238333, "z_normalized": 0.14412769675254822}, "left_pinky": {"x": 0.5456486940383911, "y": 0.4892062842845917, "z": 0.16519059240818024, "x_normalized": 20.530373622541266, "y_normalized": 18.303038440065883, "z_normalized": 0.16519059240818024}, "right_pinky": {"x": 0.4938170313835144, "y": 0.5091654062271118, "z": 0.15308526158332825, "x_normalized": 18.53090999736225, "y_normalized": 19.0729836100734, "z_normalized": 0.15308526158332825}, "left_index": {"x": 0.5427713394165039, "y": 0.48992472887039185, "z": 0.15967822074890137, "x_normalized": 20.419376490508053, "y_normalized": 18.330753233349274, "z_normalized": 0.15967822074890137}, "right_index": {"x": 0.49632298946380615, "y": 0.5080175399780273, "z": 0.14884938299655914, "x_normalized": 18.627580097666186, "y_normalized": 19.028703401913823, "z_normalized": 0.14884938299655914}, "left_thumb": {"x": 0.5448095798492432, "y": 0.4851360321044922, "z": 0.1553143709897995, "x_normalized": 20.498003866051985, "y_normalized": 18.146023967394925, "z_normalized": 0.1553143709897995}, "right_thumb": {"x": 0.4956102669239044, "y": 0.5054866671562195, "z": 0.14444829523563385, "x_normalized": 18.600086038622248, "y_normalized": 18.93107218794228, "z_normalized": 0.14444829523563385}, "left_hip": {"x": 0.5315879583358765, "y": 0.5684948563575745, "z": -0.0008062877459451556, "x_normalized": 19.98796521539385, "y_normalized": 21.361682667011163, "z_normalized": -0.0008062877459451556}, "right_hip": {"x": 0.5056666731834412, "y": 0.5687735676765442, "z": 0.0008283689967356622, "x_normalized": 18.988023015482366, "y_normalized": 21.37243426392435, "z_normalized": 0.0008283689967356622}, "left_knee": {"x": 0.5280489325523376, "y": 0.6601917743682861, "z": -0.009933765977621078, "x_normalized": 19.851443387609287, "y_normalized": 24.89899254117531, "z_normalized": -0.009933765977621078}, "right_knee": {"x": 0.5063422322273254, "y": 0.6603645086288452, "z": -0.05859671160578728, "x_normalized": 19.01408345162738, "y_normalized": 24.905655956028692, "z_normalized": -0.05859671160578728}, "left_ankle": {"x": 0.5197247266769409, "y": 0.7234492301940918, "z": 0.11090102046728134, "x_normalized": 19.53032795345504, "y_normalized": 27.339218755550213, "z_normalized": 0.11090102046728134}, "right_ankle": {"x": 0.504115879535675, "y": 0.7466521263122559, "z": 0.015407978557050228, "x_normalized": 18.928199437961545, "y_normalized": 28.234296096518193, "z_normalized": 0.015407978557050228}, "left_heel": {"x": 0.5158655047416687, "y": 0.7322841286659241, "z": 0.12048432976007462, "x_normalized": 19.38145420552128, "y_normalized": 27.680034720575332, "z_normalized": 0.12048432976007462}, "right_heel": {"x": 0.5050934553146362, "y": 0.7537992596626282, "z": 0.020133700221776962, "x_normalized": 18.965910503182506, "y_normalized": 28.51000465816567, "z_normalized": 0.020133700221776962}, "left_foot_index": {"x": 0.5264952778816223, "y": 0.7499012351036072, "z": 0.07096214592456818, "x_normalized": 19.791509442968742, "y_normalized": 28.35963405617064, "z_normalized": 0.07096214592456818}, "right_foot_index": {"x": 0.5074738264083862, "y": 0.7808892130851746, "z": -0.03750714287161827, "x_normalized": 19.057735946793525, "y_normalized": 29.555029527169733, "z_normalized": -0.03750714287161827}}}