{"sequence_id": 1697925405990398000, "sequence_source": "mediapipe", "frame_number": 437, "image_dimensions": {"height": 1080, "width": 1920}, "joint_positions": {"nose": {"x": 0.5216420292854309, "y": 0.42416149377822876, "z": -0.03771798685193062, "x_normalized": 30.607256016403603, "y_normalized": 24.785750624574852, "z_normalized": -0.03771798685193062}, "left_eye_inner": {"x": 0.5229725241661072, "y": 0.42055198550224304, "z": -0.02934703603386879, "x_normalized": 30.686651173705844, "y_normalized": 24.57035898232369, "z_normalized": -0.02934703603386879}, "left_eye": {"x": 0.5238189101219177, "y": 0.42085370421409607, "z": -0.02931329794228077, "x_normalized": 30.73715790400294, "y_normalized": 24.588363564631006, "z_normalized": -0.02931329794228077}, "left_eye_outer": {"x": 0.5246979594230652, "y": 0.4210762083530426, "z": -0.029315916821360588, "x_normalized": 30.78961376727207, "y_normalized": 24.601641143799956, "z_normalized": -0.029315916821360588}, "right_eye_inner": {"x": 0.5206354260444641, "y": 0.41996055841445923, "z": -0.031615763902664185, "x_normalized": 30.547188575469985, "y_normalized": 24.535066515325592, "z_normalized": -0.031615763902664185}, "right_eye": {"x": 0.5198308825492859, "y": 0.42000097036361694, "z": -0.03164135664701462, "x_normalized": 30.499178727191797, "y_normalized": 24.53747803385668, "z_normalized": -0.03164135664701462}, "right_eye_outer": {"x": 0.5190224051475525, "y": 0.4200455844402313, "z": -0.0316278412938118, "x_normalized": 30.45093412932209, "y_normalized": 24.540140307633255, "z_normalized": -0.0316278412938118}, "left_ear": {"x": 0.5265962481498718, "y": 0.4238477349281311, "z": 0.011712463572621346, "x_normalized": 30.90289111561728, "y_normalized": 24.767027566244998, "z_normalized": 0.011712463572621346}, "right_ear": {"x": 0.5174676179885864, "y": 0.4230850636959076, "z": 0.0008217766880989075, "x_normalized": 30.35815468849112, "y_normalized": 24.721516378391723, "z_normalized": 0.0008217766880989075}, "mouth_left": {"x": 0.5231956243515015, "y": 0.43032106757164, "z": -0.023205935955047607, "x_normalized": 30.69996432099472, "y_normalized": 25.153313354311987, "z_normalized": -0.023205935955047607}, "mouth_right": {"x": 0.5203428864479065, "y": 0.43007126450538635, "z": -0.026288064196705818, "x_normalized": 30.52973174220955, "y_normalized": 25.138406755250355, "z_normalized": -0.026288064196705818}, "left_shoulder": {"x": 0.5344288349151611, "y": 0.4476553797721863, "z": 0.031206149607896805, "x_normalized": 31.37028822277301, "y_normalized": 26.187710753262518, "z_normalized": 0.031206149607896805}, "right_shoulder": {"x": 0.5069971680641174, "y": 0.45051276683807373, "z": 0.025039076805114746, "x_normalized": 29.733347309784094, "y_normalized": 26.358220763383123, "z_normalized": 0.025039076805114746}, "left_elbow": {"x": 0.551100492477417, "y": 0.46148768067359924, "z": 0.05921328812837601, "x_normalized": 32.36514276439411, "y_normalized": 27.013131220390818, "z_normalized": 0.05921328812837601}, "right_elbow": {"x": 0.4943615198135376, "y": 0.45780837535858154, "z": 0.042794760316610336, "x_normalized": 28.979335178628308, "y_normalized": 26.79357455129614, "z_normalized": 0.042794760316610336}, "left_wrist": {"x": 0.5385873913764954, "y": 0.4792119860649109, "z": 0.0777013823390007, "x_normalized": 31.618443438695422, "y_normalized": 28.070800840209934, "z_normalized": 0.0777013823390007}, "right_wrist": {"x": 0.5093171000480652, "y": 0.4536250829696655, "z": 0.07408184558153152, "x_normalized": 29.87178554616604, "y_normalized": 26.543943258396734, "z_normalized": 0.07408184558153152}, "left_pinky": {"x": 0.5355808734893799, "y": 0.4858797490596771, "z": 0.07712923735380173, "x_normalized": 31.439034284968947, "y_normalized": 28.468688948997283, "z_normalized": 0.07712923735380173}, "right_pinky": {"x": 0.5140972137451172, "y": 0.4531864821910858, "z": 0.07212662696838379, "x_normalized": 30.157031197548886, "y_normalized": 26.517770457348057, "z_normalized": 0.07212662696838379}, "left_index": {"x": 0.5339787602424622, "y": 0.48475179076194763, "z": 0.07529893517494202, "x_normalized": 31.34343073541573, "y_normalized": 28.401379838846417, "z_normalized": 0.07529893517494202}, "right_index": {"x": 0.5153514742851257, "y": 0.4532679319381714, "z": 0.07614322006702423, "x_normalized": 30.231877192312396, "y_normalized": 26.522630840936156, "z_normalized": 0.07614322006702423}, "left_thumb": {"x": 0.5342996716499329, "y": 0.48038727045059204, "z": 0.07707841694355011, "x_normalized": 31.362580611184715, "y_normalized": 28.140934059083047, "z_normalized": 0.07707841694355011}, "right_thumb": {"x": 0.5129668116569519, "y": 0.4527040123939514, "z": 0.07565810531377792, "x_normalized": 30.089576258106316, "y_normalized": 26.488979842672716, "z_normalized": 0.07565810531377792}, "left_hip": {"x": 0.5292701125144958, "y": 0.5257726311683655, "z": -0.0015381713164970279, "x_normalized": 31.0624497016122, "y_normalized": 30.849232982845194, "z_normalized": -0.0015381713164970279}, "right_hip": {"x": 0.5125280022621155, "y": 0.5250456929206848, "z": 0.001628311350941658, "x_normalized": 30.063391008215667, "y_normalized": 30.805854103781574, "z_normalized": 0.001628311350941658}, "left_knee": {"x": 0.5290601849555969, "y": 0.588772714138031, "z": -0.019868550822138786, "x_normalized": 31.04992260977372, "y_normalized": 34.60866232757778, "z_normalized": -0.019868550822138786}, "right_knee": {"x": 0.5133271813392639, "y": 0.5895331501960754, "z": -0.02410963363945484, "x_normalized": 30.111080743414504, "y_normalized": 34.65404013498133, "z_normalized": -0.02410963363945484}, "left_ankle": {"x": 0.5291253328323364, "y": 0.6321856379508972, "z": 0.04704010859131813, "x_normalized": 31.0538102052818, "y_normalized": 37.19925922887573, "z_normalized": 0.04704010859131813}, "right_ankle": {"x": 0.5146459341049194, "y": 0.6499525308609009, "z": 0.01984877698123455, "x_normalized": 30.189775208754174, "y_normalized": 38.259470190863674, "z_normalized": 0.01984877698123455}, "left_heel": {"x": 0.5274944305419922, "y": 0.6381215453147888, "z": 0.05142258480191231, "x_normalized": 30.956488715536082, "y_normalized": 37.55347502161006, "z_normalized": 0.05142258480191231}, "right_heel": {"x": 0.5163570642471313, "y": 0.6577164530754089, "z": 0.02134786918759346, "x_normalized": 30.291884167442138, "y_normalized": 38.722769850603754, "z_normalized": 0.02134786918759346}, "left_foot_index": {"x": 0.530680239200592, "y": 0.6526695489883423, "z": 0.013873632997274399, "x_normalized": 31.146596759736756, "y_normalized": 38.421603908741346, "z_normalized": 0.013873632997274399}, "right_foot_index": {"x": 0.5120142102241516, "y": 0.6703453660011292, "z": -0.021917305886745453, "x_normalized": 30.032731288838132, "y_normalized": 39.47638006200436, "z_normalized": -0.021917305886745453}}}