{"sequence_id": 1697925405990398000, "sequence_source": "mediapipe", "frame_number": 658, "image_dimensions": {"height": 1080, "width": 1920}, "joint_positions": {"nose": {"x": 0.523913562297821, "y": 0.4287683367729187, "z": -0.06107676029205322, "x_normalized": 42.55230690148415, "y_normalized": 34.74466479580032, "z_normalized": -0.06107676029205322}, "left_eye_inner": {"x": 0.5250229239463806, "y": 0.42540252208709717, "z": -0.057111117988824844, "x_normalized": 42.643523893289625, "y_normalized": 34.46791150167485, "z_normalized": -0.057111117988824844}, "left_eye": {"x": 0.5257666707038879, "y": 0.42551174759864807, "z": -0.05711507797241211, "x_normalized": 42.70467828957958, "y_normalized": 34.47689254280334, "z_normalized": -0.05711507797241211}, "left_eye_outer": {"x": 0.5265259742736816, "y": 0.42563268542289734, "z": -0.05713247135281563, "x_normalized": 42.767111840977066, "y_normalized": 34.48683662599555, "z_normalized": -0.05713247135281563}, "right_eye_inner": {"x": 0.5229827761650085, "y": 0.4252921938896179, "z": -0.05741717666387558, "x_normalized": 42.47577323803937, "y_normalized": 34.45883979246402, "z_normalized": -0.05741717666387558}, "right_eye": {"x": 0.5222585201263428, "y": 0.4253939688205719, "z": -0.057427022606134415, "x_normalized": 42.41622146136689, "y_normalized": 34.46720821141459, "z_normalized": -0.057427022606134415}, "right_eye_outer": {"x": 0.5215442180633545, "y": 0.42550283670425415, "z": -0.05743088200688362, "x_normalized": 42.35748814792412, "y_normalized": 34.476159846678534, "z_normalized": -0.05743088200688362}, "left_ear": {"x": 0.5283873081207275, "y": 0.4275936484336853, "z": -0.02999744936823845, "x_normalized": 42.92015956395693, "y_normalized": 34.64807633273873, "z_normalized": -0.02999744936823845}, "right_ear": {"x": 0.5203896164894104, "y": 0.42815110087394714, "z": -0.03075459785759449, "x_normalized": 42.26255131425424, "y_normalized": 34.69391272409166, "z_normalized": -0.03075459785759449}, "mouth_left": {"x": 0.5255604982376099, "y": 0.43290892243385315, "z": -0.05049271136522293, "x_normalized": 42.68772580867183, "y_normalized": 35.08512344496465, "z_normalized": -0.05049271136522293}, "mouth_right": {"x": 0.5225174427032471, "y": 0.4337044656276703, "z": -0.050837237387895584, "x_normalized": 42.43751130729441, "y_normalized": 35.1505367906356, "z_normalized": -0.050837237387895584}, "left_shoulder": {"x": 0.536160409450531, "y": 0.44769152998924255, "z": -0.010299754329025745, "x_normalized": 43.559300930728014, "y_normalized": 36.300619756734854, "z_normalized": -0.010299754329025745}, "right_shoulder": {"x": 0.5140396356582642, "y": 0.4488244354724884, "z": -0.005533197429031134, "x_normalized": 41.74042568444573, "y_normalized": 36.39377263462259, "z_normalized": -0.005533197429031134}, "left_elbow": {"x": 0.5502263903617859, "y": 0.4585080146789551, "z": 0.015684984624385834, "x_normalized": 44.71587279093593, "y_normalized": 37.19000258025919, "z_normalized": 0.015684984624385834}, "right_elbow": {"x": 0.5099753737449646, "y": 0.4619879126548767, "z": 0.029335975646972656, "x_normalized": 41.40624273687214, "y_normalized": 37.47613634517317, "z_normalized": 0.029335975646972656}, "left_wrist": {"x": 0.5410770773887634, "y": 0.47576582431793213, "z": 0.021299684420228004, "x_normalized": 43.96357275643454, "y_normalized": 38.60902178149349, "z_normalized": 0.021299684420228004}, "right_wrist": {"x": 0.5130018591880798, "y": 0.47652626037597656, "z": 0.04384290799498558, "x_normalized": 41.655094766525835, "y_normalized": 38.671548451462016, "z_normalized": 0.04384290799498558}, "left_pinky": {"x": 0.539385199546814, "y": 0.48106372356414795, "z": 0.02068798430263996, "x_normalized": 43.82445851226957, "y_normalized": 39.04464025880048, "z_normalized": 0.02068798430263996}, "right_pinky": {"x": 0.5158520936965942, "y": 0.48395034670829773, "z": 0.04320842772722244, "x_normalized": 41.88945460593836, "y_normalized": 39.28199214493002, "z_normalized": 0.04320842772722244}, "left_index": {"x": 0.5384756922721863, "y": 0.47990015149116516, "z": 0.015223477967083454, "x_normalized": 43.749674497764964, "y_normalized": 38.94896582802836, "z_normalized": 0.015223477967083454}, "right_index": {"x": 0.516711950302124, "y": 0.48252370953559875, "z": 0.038307588547468185, "x_normalized": 41.96015610624922, "y_normalized": 39.16468725029946, "z_normalized": 0.038307588547468185}, "left_thumb": {"x": 0.5387900471687317, "y": 0.47796744108200073, "z": 0.019619045779109, "x_normalized": 43.775522252696305, "y_normalized": 38.7900491845839, "z_normalized": 0.019619045779109}, "right_thumb": {"x": 0.51664799451828, "y": 0.4804285764694214, "z": 0.04216712713241577, "x_normalized": 41.95489735747385, "y_normalized": 38.99241544337607, "z_normalized": 0.04216712713241577}, "left_hip": {"x": 0.5323947072029114, "y": 0.5099726915359497, "z": -0.003030928783118725, "x_normalized": 43.24966697906854, "y_normalized": 41.42167312090856, "z_normalized": -0.003030928783118725}, "right_hip": {"x": 0.5203220248222351, "y": 0.5114421844482422, "z": 0.0030039730481803417, "x_normalized": 42.25699360585603, "y_normalized": 41.54250181830659, "z_normalized": 0.0030039730481803417}, "left_knee": {"x": 0.5329862833023071, "y": 0.5579795837402344, "z": -0.013513464480638504, "x_normalized": 43.2983091799964, "y_normalized": 45.369028159268055, "z_normalized": -0.013513464480638504}, "right_knee": {"x": 0.5218015313148499, "y": 0.5568927526473999, "z": 0.003037459449842572, "x_normalized": 42.37864566746121, "y_normalized": 45.279663736928654, "z_normalized": 0.003037459449842572}, "left_ankle": {"x": 0.5335003137588501, "y": 0.606127917766571, "z": 0.01158998068422079, "x_normalized": 43.34057520929633, "y_normalized": 49.32801321705343, "z_normalized": 0.01158998068422079}, "right_ankle": {"x": 0.5272004008293152, "y": 0.598054826259613, "z": 0.048233743757009506, "x_normalized": 42.822566400523534, "y_normalized": 48.66420523091006, "z_normalized": 0.048233743757009506}, "left_heel": {"x": 0.5333067774772644, "y": 0.611982524394989, "z": 0.011871729046106339, "x_normalized": 43.324661735602355, "y_normalized": 49.80940682349555, "z_normalized": 0.011871729046106339}, "right_heel": {"x": 0.5286869406700134, "y": 0.6032628417015076, "z": 0.05087661370635033, "x_normalized": 42.944796777464674, "y_normalized": 49.09243303426247, "z_normalized": 0.05087661370635033}, "left_foot_index": {"x": 0.5348435044288635, "y": 0.6193221211433411, "z": -0.023126238957047462, "x_normalized": 43.45101873553405, "y_normalized": 50.412903381465796, "z_normalized": -0.023126238957047462}, "right_foot_index": {"x": 0.5230320692062378, "y": 0.610840916633606, "z": 0.02264466881752014, "x_normalized": 42.479826346368576, "y_normalized": 49.71553840290399, "z_normalized": 0.02264466881752014}}}