{"sequence_id": 1697925405990398000, "sequence_source": "mediapipe", "frame_number": 223, "image_dimensions": {"height": 1080, "width": 1920}, "joint_positions": {"nose": {"x": 0.5169801115989685, "y": 0.41377440094947815, "z": -0.1826981008052826, "x_normalized": 21.599052837600908, "y_normalized": 17.147665752300036, "z_normalized": -0.1826981008052826}, "left_eye_inner": {"x": 0.5185959339141846, "y": 0.40769773721694946, "z": -0.17329396307468414, "x_normalized": 21.66819040773866, "y_normalized": 16.887658348605378, "z_normalized": -0.17329396307468414}, "left_eye": {"x": 0.5199728012084961, "y": 0.4076397120952606, "z": -0.17323395609855652, "x_normalized": 21.72710360520747, "y_normalized": 16.885175578140622, "z_normalized": -0.17323395609855652}, "left_eye_outer": {"x": 0.5213555097579956, "y": 0.40752872824668884, "z": -0.1732650101184845, "x_normalized": 21.786266737453424, "y_normalized": 16.880426817374953, "z_normalized": -0.1732650101184845}, "right_eye_inner": {"x": 0.5147761702537537, "y": 0.40794384479522705, "z": -0.17767804861068726, "x_normalized": 21.50475091597291, "y_normalized": 16.89818876385857, "z_normalized": -0.17767804861068726}, "right_eye": {"x": 0.5133301615715027, "y": 0.4082256853580475, "z": -0.17769823968410492, "x_normalized": 21.442879306856312, "y_normalized": 16.910248116855595, "z_normalized": -0.17769823968410492}, "right_eye_outer": {"x": 0.5118833184242249, "y": 0.40852227807044983, "z": -0.1776498705148697, "x_normalized": 21.380971992771556, "y_normalized": 16.92293868268264, "z_normalized": -0.1776498705148697}, "left_ear": {"x": 0.5242931842803955, "y": 0.409880667924881, "z": -0.11376196891069412, "x_normalized": 21.9119635275161, "y_normalized": 16.98106127014213, "z_normalized": -0.11376196891069412}, "right_ear": {"x": 0.5084559321403503, "y": 0.41327837109565735, "z": -0.12449579685926437, "x_normalized": 21.234321487106982, "y_normalized": 17.12644169908205, "z_normalized": -0.12449579685926437}, "mouth_left": {"x": 0.5197492837905884, "y": 0.4210813641548157, "z": -0.1583757996559143, "x_normalized": 21.71753977444955, "y_normalized": 17.46031503084118, "z_normalized": -0.1583757996559143}, "mouth_right": {"x": 0.5149350762367249, "y": 0.42266660928726196, "z": -0.1628829687833786, "x_normalized": 21.511550162053076, "y_normalized": 17.528144268931243, "z_normalized": -0.1628829687833786}, "left_shoulder": {"x": 0.5380752682685852, "y": 0.4422966241836548, "z": -0.04705875366926193, "x_normalized": 22.501669332049694, "y_normalized": 18.368070490350554, "z_normalized": -0.04705875366926193}, "right_shoulder": {"x": 0.4972998797893524, "y": 0.44730281829833984, "z": -0.06601472198963165, "x_normalized": 20.756977942204653, "y_normalized": 18.582274795779362, "z_normalized": -0.06601472198963165}, "left_elbow": {"x": 0.5586344599723816, "y": 0.4595276415348053, "z": 0.07715704292058945, "x_normalized": 23.38135303551841, "y_normalized": 19.10534875383378, "z_normalized": 0.07715704292058945}, "right_elbow": {"x": 0.4911939203739166, "y": 0.46632349491119385, "z": 0.036487553268671036, "x_normalized": 20.49571703909199, "y_normalized": 19.396128739375136, "z_normalized": 0.036487553268671036}, "left_wrist": {"x": 0.5634210705757141, "y": 0.47151264548301697, "z": 0.16586914658546448, "x_normalized": 23.586161833610635, "y_normalized": 19.618161359073664, "z_normalized": 0.16586914658546448}, "right_wrist": {"x": 0.4852657616138458, "y": 0.4692794382572174, "z": 0.1137419119477272, "x_normalized": 20.242063844552895, "y_normalized": 19.522607213205095, "z_normalized": 0.1137419119477272}, "left_pinky": {"x": 0.566846489906311, "y": 0.47406166791915894, "z": 0.1854359209537506, "x_normalized": 23.732728177564535, "y_normalized": 19.727228560214463, "z_normalized": 0.1854359209537506}, "right_pinky": {"x": 0.4835391640663147, "y": 0.46891212463378906, "z": 0.12553352117538452, "x_normalized": 20.168186439891517, "y_normalized": 19.50689065132624, "z_normalized": 0.12553352117538452}, "left_index": {"x": 0.5654881596565247, "y": 0.47126102447509766, "z": 0.16857881844043732, "x_normalized": 23.674608140459913, "y_normalized": 19.60739503599511, "z_normalized": 0.16857881844043732}, "right_index": {"x": 0.4841786324977875, "y": 0.46751800179481506, "z": 0.11715196073055267, "x_normalized": 20.195547922101223, "y_normalized": 19.447239126122916, "z_normalized": 0.11715196073055267}, "left_thumb": {"x": 0.5633360147476196, "y": 0.4710497558116913, "z": 0.1624772548675537, "x_normalized": 23.582522477212883, "y_normalized": 19.59835530316272, "z_normalized": 0.1624772548675537}, "right_thumb": {"x": 0.485606849193573, "y": 0.46788522601127625, "z": 0.1133330762386322, "x_normalized": 20.256658250289487, "y_normalized": 19.462951862469467, "z_normalized": 0.1133330762386322}, "left_hip": {"x": 0.5331010818481445, "y": 0.5566697120666504, "z": -0.0009277917561121285, "x_normalized": 22.288834567185418, "y_normalized": 23.261849534566956, "z_normalized": -0.0009277917561121285}, "right_hip": {"x": 0.5097328424453735, "y": 0.5570365190505981, "z": 0.0007933286251500249, "x_normalized": 21.28895773946085, "y_normalized": 23.27754441842943, "z_normalized": 0.0007933286251500249}, "left_knee": {"x": 0.5303571820259094, "y": 0.6466596126556396, "z": -0.01063555758446455, "x_normalized": 22.171428980801142, "y_normalized": 27.112324308353212, "z_normalized": -0.01063555758446455}, "right_knee": {"x": 0.5108389258384705, "y": 0.6439594626426697, "z": -0.0022088512778282166, "x_normalized": 21.336284674760797, "y_normalized": 26.996790682442622, "z_normalized": -0.0022088512778282166}, "left_ankle": {"x": 0.5234586000442505, "y": 0.7169331312179565, "z": 0.10400369018316269, "x_normalized": 21.876253458643447, "y_normalized": 30.119177396515298, "z_normalized": 0.10400369018316269}, "right_ankle": {"x": 0.5101894736289978, "y": 0.703109085559845, "z": 0.1478784829378128, "x_normalized": 21.308496008110573, "y_normalized": 29.527676142154085, "z_normalized": 0.1478784829378128}, "left_heel": {"x": 0.5215193629264832, "y": 0.7228538990020752, "z": 0.11274395138025284, "x_normalized": 21.7932776629877, "y_normalized": 30.372514347050664, "z_normalized": 0.11274395138025284}, "right_heel": {"x": 0.5105479955673218, "y": 0.7080029845237732, "z": 0.16057650744915009, "x_normalized": 21.32383639264628, "y_normalized": 29.737075579010114, "z_normalized": 0.16057650744915009}, "left_foot_index": {"x": 0.5229818820953369, "y": 0.7482462525367737, "z": 0.06227400526404381, "x_normalized": 21.855855720402946, "y_normalized": 31.45899867576412, "z_normalized": 0.06227400526404381}, "right_foot_index": {"x": 0.5085349678993225, "y": 0.7321370840072632, "z": 0.11837337166070938, "x_normalized": 21.237703257662986, "y_normalized": 30.769721916443633, "z_normalized": 0.11837337166070938}}}