{"sequence_id": 1697925405990398000, "sequence_source": "mediapipe", "frame_number": 159, "image_dimensions": {"height": 1080, "width": 1920}, "joint_positions": {"nose": {"x": 0.5133533477783203, "y": 0.42268481850624084, "z": -0.20539729297161102, "x_normalized": 17.98983145025437, "y_normalized": 14.657559160394262, "z_normalized": -0.20539729297161102}, "left_eye_inner": {"x": 0.5158543586730957, "y": 0.4160485565662384, "z": -0.19497264921665192, "x_normalized": 18.079970481644505, "y_normalized": 14.418381384490676, "z_normalized": -0.19497264921665192}, "left_eye": {"x": 0.5174662470817566, "y": 0.41602081060409546, "z": -0.19495739042758942, "x_normalized": 18.13806461476851, "y_normalized": 14.417381391184858, "z_normalized": -0.19495739042758942}, "left_eye_outer": {"x": 0.5192129015922546, "y": 0.4159439504146576, "z": -0.1949763000011444, "x_normalized": 18.20101585823506, "y_normalized": 14.414611270093877, "z_normalized": -0.1949763000011444}, "right_eye_inner": {"x": 0.5109710097312927, "y": 0.41586434841156006, "z": -0.19697818160057068, "x_normalized": 17.903969511607276, "y_normalized": 14.411742331189647, "z_normalized": -0.19697818160057068}, "right_eye": {"x": 0.5090733766555786, "y": 0.4158676862716675, "z": -0.1969979852437973, "x_normalized": 17.835576843772014, "y_normalized": 14.411862631136211, "z_normalized": -0.1969979852437973}, "right_eye_outer": {"x": 0.5071460604667664, "y": 0.41592937707901, "z": -0.19700828194618225, "x_normalized": 17.76611436569766, "y_normalized": 14.414086031934323, "z_normalized": -0.19700828194618225}, "left_ear": {"x": 0.522510290145874, "y": 0.4184659719467163, "z": -0.12696915864944458, "x_normalized": 18.319857167947486, "y_normalized": 14.505507546683365, "z_normalized": -0.12696915864944458}, "right_ear": {"x": 0.5023506283760071, "y": 0.41951802372932434, "z": -0.1369122862815857, "x_normalized": 17.59328201032441, "y_normalized": 14.54342458609117, "z_normalized": -0.1369122862815857}, "mouth_left": {"x": 0.5165199637413025, "y": 0.430801659822464, "z": -0.1792740374803543, "x_normalized": 18.10395957991747, "y_normalized": 14.95009855545254, "z_normalized": -0.1792740374803543}, "mouth_right": {"x": 0.5100909471511841, "y": 0.4314114451408386, "z": -0.18210984766483307, "x_normalized": 17.872251141767542, "y_normalized": 14.972075851940545, "z_normalized": -0.18210984766483307}, "left_shoulder": {"x": 0.535053551197052, "y": 0.4555840790271759, "z": -0.09040488302707672, "x_normalized": 18.771929329643644, "y_normalized": 15.843282694427486, "z_normalized": -0.09040488302707672}, "right_shoulder": {"x": 0.48798102140426636, "y": 0.46102604269981384, "z": -0.11773838847875595, "x_normalized": 17.075386443937475, "y_normalized": 16.039416719807623, "z_normalized": -0.11773838847875595}, "left_elbow": {"x": 0.5549364686012268, "y": 0.46528545022010803, "z": -0.18469645082950592, "x_normalized": 19.488530332768523, "y_normalized": 16.19293019269061, "z_normalized": -0.18469645082950592}, "right_elbow": {"x": 0.46855592727661133, "y": 0.46809449791908264, "z": -0.23232796788215637, "x_normalized": 16.375285867411918, "y_normalized": 16.29417119057798, "z_normalized": -0.23232796788215637}, "left_wrist": {"x": 0.5429728031158447, "y": 0.4622962474822998, "z": -0.28989145159721375, "x_normalized": 19.057347397507968, "y_normalized": 16.08519622000875, "z_normalized": -0.28989145159721375}, "right_wrist": {"x": 0.48937633633613586, "y": 0.4448581039905548, "z": -0.3426254093647003, "x_normalized": 17.125675043921444, "y_normalized": 15.456707408995722, "z_normalized": -0.3426254093647003}, "left_pinky": {"x": 0.5444942712783813, "y": 0.4726986885070801, "z": -0.31351131200790405, "x_normalized": 19.112182691008073, "y_normalized": 16.460111003477085, "z_normalized": -0.31351131200790405}, "right_pinky": {"x": 0.4985775053501129, "y": 0.4371640980243683, "z": -0.3696499764919281, "x_normalized": 17.45729473590654, "y_normalized": 15.17940743931117, "z_normalized": -0.3696499764919281}, "left_index": {"x": 0.5391749143600464, "y": 0.4719299376010895, "z": -0.3096180558204651, "x_normalized": 18.920467540450854, "y_normalized": 16.432404422033944, "z_normalized": -0.3096180558204651}, "right_index": {"x": 0.501011312007904, "y": 0.43276888132095337, "z": -0.3583478331565857, "x_normalized": 17.545011656765393, "y_normalized": 15.020999262352339, "z_normalized": -0.3583478331565857}, "left_thumb": {"x": 0.5394632816314697, "y": 0.4644180238246918, "z": -0.2915855050086975, "x_normalized": 18.930860596548698, "y_normalized": 16.161667244077154, "z_normalized": -0.2915855050086975}, "right_thumb": {"x": 0.49856793880462646, "y": 0.4374012351036072, "z": -0.3413260877132416, "x_normalized": 17.456949947666832, "y_normalized": 15.187954106050581, "z_normalized": -0.3413260877132416}, "left_hip": {"x": 0.5258277058601379, "y": 0.5762062072753906, "z": 0.008088854141533375, "x_normalized": 18.439420277339302, "y_normalized": 20.19062953214958, "z_normalized": 0.008088854141533375}, "right_hip": {"x": 0.49808552861213684, "y": 0.5766755938529968, "z": -0.008166985586285591, "x_normalized": 17.43956338306826, "y_normalized": 20.207546712135215, "z_normalized": -0.008166985586285591}, "left_knee": {"x": 0.5249013304710388, "y": 0.6642327904701233, "z": 0.02526392787694931, "x_normalized": 18.406032745740983, "y_normalized": 23.363199056869146, "z_normalized": 0.02526392787694931}, "right_knee": {"x": 0.5032837986946106, "y": 0.6758356094360352, "z": -0.0546971894800663, "x_normalized": 17.62691443824252, "y_normalized": 23.781376708620748, "z_normalized": -0.0546971894800663}, "left_ankle": {"x": 0.5236722826957703, "y": 0.7159478664398193, "z": 0.18712171912193298, "x_normalized": 18.36173658684526, "y_normalized": 25.227064130753245, "z_normalized": 0.18712171912193298}, "right_ankle": {"x": 0.5098479390144348, "y": 0.7618014812469482, "z": 0.0068667056038975716, "x_normalized": 17.863492876014977, "y_normalized": 26.879676053830046, "z_normalized": 0.0068667056038975716}, "left_heel": {"x": 0.520862877368927, "y": 0.7193052768707275, "z": 0.20067261159420013, "x_normalized": 18.2604826996779, "y_normalized": 25.3480686912905, "z_normalized": 0.20067261159420013}, "right_heel": {"x": 0.5126273036003113, "y": 0.7728264331817627, "z": 0.008860579691827297, "x_normalized": 17.963664063663256, "y_normalized": 27.27702677733266, "z_normalized": 0.008860579691827297}, "left_foot_index": {"x": 0.5276742577552795, "y": 0.7465987801551819, "z": 0.14914940297603607, "x_normalized": 18.50597192634946, "y_normalized": 26.331754909708607, "z_normalized": 0.14914940297603607}, "right_foot_index": {"x": 0.5055856108665466, "y": 0.7937295436859131, "z": -0.07194454222917557, "x_normalized": 17.709874140678746, "y_normalized": 28.03039659983966, "z_normalized": -0.07194454222917557}}}