{"sequence_id": 1697925405990398000, "sequence_source": "mediapipe", "frame_number": 56, "image_dimensions": {"height": 1080, "width": 1920}, "joint_positions": {"nose": {"x": 0.5205712914466858, "y": 0.39283597469329834, "z": -0.14352959394454956, "x_normalized": 15.24942664470169, "y_normalized": 11.31191660608324, "z_normalized": -0.14352959394454956}, "left_eye_inner": {"x": 0.5222219228744507, "y": 0.3840002417564392, "z": -0.13604655861854553, "x_normalized": 15.299429656428556, "y_normalized": 11.044253425662962, "z_normalized": -0.13604655861854553}, "left_eye": {"x": 0.5238005518913269, "y": 0.3838747441768646, "z": -0.13601213693618774, "x_normalized": 15.34725148019579, "y_normalized": 11.04045169449657, "z_normalized": -0.13601213693618774}, "left_eye_outer": {"x": 0.5254839062690735, "y": 0.3837464451789856, "z": -0.13610795140266418, "x_normalized": 15.398245776848018, "y_normalized": 11.0365650992291, "z_normalized": -0.13610795140266418}, "right_eye_inner": {"x": 0.5177719593048096, "y": 0.3848336935043335, "z": -0.13540250062942505, "x_normalized": 15.16462574029436, "y_normalized": 11.069501398543357, "z_normalized": -0.13540250062942505}, "right_eye": {"x": 0.516166627407074, "y": 0.3854186236858368, "z": -0.13545189797878265, "x_normalized": 15.115994999138122, "y_normalized": 11.087220842286598, "z_normalized": -0.13545189797878265}, "right_eye_outer": {"x": 0.5145136713981628, "y": 0.38608232140541077, "z": -0.13536754250526428, "x_normalized": 15.065921568263555, "y_normalized": 11.107326411765479, "z_normalized": -0.13536754250526428}, "left_ear": {"x": 0.5291330814361572, "y": 0.38960257172584534, "z": -0.07472516596317291, "x_normalized": 15.508791199408009, "y_normalized": 11.213966280056695, "z_normalized": -0.07472516596317291}, "right_ear": {"x": 0.5109368562698364, "y": 0.39311838150024414, "z": -0.07241992652416229, "x_normalized": 14.957568167378223, "y_normalized": 11.320471629719608, "z_normalized": -0.07241992652416229}, "mouth_left": {"x": 0.5243934988975525, "y": 0.4043623208999634, "z": -0.11978127062320709, "x_normalized": 15.36521377971765, "y_normalized": 11.661087241541342, "z_normalized": -0.11978127062320709}, "mouth_right": {"x": 0.5174850821495056, "y": 0.4055528938770294, "z": -0.11913265287876129, "x_normalized": 15.155935295220102, "y_normalized": 11.697153581690054, "z_normalized": -0.11913265287876129}, "left_shoulder": {"x": 0.5489556789398193, "y": 0.4342215657234192, "z": -0.024158751592040062, "x_normalized": 16.109282356161707, "y_normalized": 12.565621193790351, "z_normalized": -0.024158751592040062}, "right_shoulder": {"x": 0.4942515790462494, "y": 0.4416140019893646, "z": 0.008067023940384388, "x_normalized": 14.452116678546004, "y_normalized": 12.789562208773146, "z_normalized": 0.008067023940384388}, "left_elbow": {"x": 0.5746174454689026, "y": 0.4584107995033264, "z": 0.08662521094083786, "x_normalized": 16.8866609950886, "y_normalized": 13.298392011075956, "z_normalized": 0.08662521094083786}, "right_elbow": {"x": 0.4785347878932953, "y": 0.454865038394928, "z": 0.14497333765029907, "x_normalized": 13.976003792828068, "y_normalized": 13.190979337779174, "z_normalized": 0.14497333765029907}, "left_wrist": {"x": 0.555718183517456, "y": 0.4880009889602661, "z": 0.2141799032688141, "x_normalized": 16.314140684926492, "y_normalized": 14.194775398383099, "z_normalized": 0.2141799032688141}, "right_wrist": {"x": 0.4888957142829895, "y": 0.4805821180343628, "z": 0.26425597071647644, "x_normalized": 14.289870059427992, "y_normalized": 13.970033591297572, "z_normalized": 0.26425597071647644}, "left_pinky": {"x": 0.5504907369613647, "y": 0.5009071230888367, "z": 0.22711969912052155, "x_normalized": 16.155784272314296, "y_normalized": 14.585744312051043, "z_normalized": 0.22711969912052155}, "right_pinky": {"x": 0.4926748275756836, "y": 0.4908890426158905, "z": 0.2772938907146454, "x_normalized": 14.404351731782683, "y_normalized": 14.282263966927772, "z_normalized": 0.2772938907146454}, "left_index": {"x": 0.547191321849823, "y": 0.5005829930305481, "z": 0.21837443113327026, "x_normalized": 16.055834223054894, "y_normalized": 14.57592535499436, "z_normalized": 0.21837443113327026}, "right_index": {"x": 0.49635598063468933, "y": 0.4904596507549286, "z": 0.26951441168785095, "x_normalized": 14.515865869028389, "y_normalized": 14.269256286413551, "z_normalized": 0.26951441168785095}, "left_thumb": {"x": 0.5484933853149414, "y": 0.49546220898628235, "z": 0.2143835872411728, "x_normalized": 16.095277973864608, "y_normalized": 14.420800097890245, "z_normalized": 0.2143835872411728}, "right_thumb": {"x": 0.4958232343196869, "y": 0.48580479621887207, "z": 0.26291272044181824, "x_normalized": 14.499727244870128, "y_normalized": 14.128245554376019, "z_normalized": 0.26291272044181824}, "left_hip": {"x": 0.5368640422821045, "y": 0.5891289114952087, "z": -0.007939268834888935, "x_normalized": 15.7429872284775, "y_normalized": 17.258270138256975, "z_normalized": -0.007939268834888935}, "right_hip": {"x": 0.5038886070251465, "y": 0.5876047611236572, "z": 0.007988793775439262, "x_normalized": 14.744053700303446, "y_normalized": 17.212098650412837, "z_normalized": 0.007988793775439262}, "left_knee": {"x": 0.5312002301216125, "y": 0.7125797271728516, "z": -0.028805367648601532, "x_normalized": 15.57141187790797, "y_normalized": 20.997998147906557, "z_normalized": -0.028805367648601532}, "right_knee": {"x": 0.5052534341812134, "y": 0.7113573551177979, "z": -0.024988630786538124, "x_normalized": 14.785398768101148, "y_normalized": 20.96096850992965, "z_normalized": -0.024988630786538124}, "left_ankle": {"x": 0.5231216549873352, "y": 0.8063366413116455, "z": 0.1079908087849617, "x_normalized": 15.32668547782808, "y_normalized": 23.838200992889927, "z_normalized": 0.1079908087849617}, "right_ankle": {"x": 0.5083900690078735, "y": 0.8061621189117432, "z": 0.1081792339682579, "x_normalized": 14.880417671402148, "y_normalized": 23.832914139954664, "z_normalized": 0.1081792339682579}, "left_heel": {"x": 0.5214636921882629, "y": 0.8159158825874329, "z": 0.11802665144205093, "x_normalized": 15.276460374943074, "y_normalized": 24.128387466860236, "z_normalized": 0.11802665144205093}, "right_heel": {"x": 0.5099374651908875, "y": 0.8164983987808228, "z": 0.11764060705900192, "x_normalized": 14.927293350723316, "y_normalized": 24.146033783027015, "z_normalized": 0.11764060705900192}, "left_foot_index": {"x": 0.5225822329521179, "y": 0.8419891595840454, "z": 0.046353358775377274, "x_normalized": 15.31034462432257, "y_normalized": 24.918232100549787, "z_normalized": 0.046353358775377274}, "right_foot_index": {"x": 0.5046908855438232, "y": 0.842297375202179, "z": 0.04359196498990059, "x_normalized": 14.768357334356947, "y_normalized": 24.927568957287576, "z_normalized": 0.04359196498990059}}}