{"sequence_id": 1697925405990398000, "sequence_source": "mediapipe", "frame_number": 553, "image_dimensions": {"height": 1080, "width": 1920}, "joint_positions": {"nose": {"x": 0.5178571343421936, "y": 0.4183998107910156, "z": -0.0842747688293457, "x_normalized": 32.7226552945082, "y_normalized": 26.349070883475513, "z_normalized": -0.0842747688293457}, "left_eye_inner": {"x": 0.5191754698753357, "y": 0.4147832691669464, "z": -0.0795721560716629, "x_normalized": 32.807285074557555, "y_normalized": 26.116909104861502, "z_normalized": -0.0795721560716629}, "left_eye": {"x": 0.5200790166854858, "y": 0.4149278998374939, "z": -0.0795411691069603, "x_normalized": 32.865287734642926, "y_normalized": 26.126193586337667, "z_normalized": -0.0795411691069603}, "left_eye_outer": {"x": 0.5211801528930664, "y": 0.41511863470077515, "z": -0.07956738770008087, "x_normalized": 32.93597453076517, "y_normalized": 26.138437699555766, "z_normalized": -0.07956738770008087}, "right_eye_inner": {"x": 0.5164934992790222, "y": 0.4145931899547577, "z": -0.08006671071052551, "x_normalized": 32.63511753756955, "y_normalized": 26.10470708078259, "z_normalized": -0.08006671071052551}, "right_eye": {"x": 0.5155618786811829, "y": 0.4146720767021179, "z": -0.08009625971317291, "x_normalized": 32.57531269706989, "y_normalized": 26.10977116948389, "z_normalized": -0.08009625971317291}, "right_eye_outer": {"x": 0.5146305561065674, "y": 0.4148123562335968, "z": -0.08006905019283295, "x_normalized": 32.515526987997134, "y_normalized": 26.118776332127265, "z_normalized": -0.08006905019283295}, "left_ear": {"x": 0.5233845114707947, "y": 0.41744914650917053, "z": -0.04751436039805412, "x_normalized": 33.07748204299798, "y_normalized": 26.288043544796736, "z_normalized": -0.04751436039805412}, "right_ear": {"x": 0.5126602053642273, "y": 0.4180150330066681, "z": -0.050186920911073685, "x_normalized": 32.389041472168785, "y_normalized": 26.324370298200684, "z_normalized": -0.050186920911073685}, "mouth_left": {"x": 0.5200600624084473, "y": 0.42383524775505066, "z": -0.07214266806840897, "x_normalized": 32.86407097589188, "y_normalized": 26.69799558676563, "z_normalized": -0.07214266806840897}, "mouth_right": {"x": 0.5163424611091614, "y": 0.4241752028465271, "z": -0.07299162447452545, "x_normalized": 32.62542173041496, "y_normalized": 26.7198188054342, "z_normalized": -0.07299162447452545}, "left_shoulder": {"x": 0.5317056775093079, "y": 0.43997859954833984, "z": -0.02322927489876747, "x_normalized": 33.61165443984988, "y_normalized": 27.73430863240526, "z_normalized": -0.02322927489876747}, "right_shoulder": {"x": 0.5055288672447205, "y": 0.4437105655670166, "z": -0.012146544642746449, "x_normalized": 31.931249384085547, "y_normalized": 27.973880012658906, "z_normalized": -0.012146544642746449}, "left_elbow": {"x": 0.5470855236053467, "y": 0.4492180645465851, "z": 0.023709794506430626, "x_normalized": 34.59895468290599, "y_normalized": 28.327430694974236, "z_normalized": 0.023709794506430626}, "right_elbow": {"x": 0.4961005747318268, "y": 0.45421138405799866, "z": 0.041564833372831345, "x_normalized": 31.32600564943065, "y_normalized": 28.647973926453332, "z_normalized": 0.041564833372831345}, "left_wrist": {"x": 0.536708652973175, "y": 0.47001978754997253, "z": 0.07206254452466965, "x_normalized": 33.932817529560644, "y_normalized": 29.662785161396368, "z_normalized": 0.07206254452466965}, "right_wrist": {"x": 0.5056472420692444, "y": 0.46854716539382935, "z": 0.09330417960882187, "x_normalized": 31.938848386851532, "y_normalized": 29.568251041639183, "z_normalized": 0.09330417960882187}, "left_pinky": {"x": 0.534562885761261, "y": 0.475453644990921, "z": 0.07707566767930984, "x_normalized": 33.79507125585702, "y_normalized": 30.011608468123896, "z_normalized": 0.07707566767930984}, "right_pinky": {"x": 0.5085253119468689, "y": 0.4727902114391327, "z": 0.09746851027011871, "x_normalized": 32.1236044027419, "y_normalized": 29.84063090588927, "z_normalized": 0.09746851027011871}, "left_index": {"x": 0.5329467058181763, "y": 0.47531890869140625, "z": 0.07282627373933792, "x_normalized": 33.69132152776052, "y_normalized": 30.00295915002092, "z_normalized": 0.07282627373933792}, "right_index": {"x": 0.5095856785774231, "y": 0.4717648923397064, "z": 0.09660111367702484, "x_normalized": 32.19167401966377, "y_normalized": 29.77481114477122, "z_normalized": 0.09660111367702484}, "left_thumb": {"x": 0.5333043932914734, "y": 0.47314029932022095, "z": 0.0718500092625618, "x_normalized": 33.71428306632984, "y_normalized": 29.863104593072553, "z_normalized": 0.0718500092625618}, "right_thumb": {"x": 0.5092729926109314, "y": 0.4689236283302307, "z": 0.09378167986869812, "x_normalized": 32.171601326556846, "y_normalized": 29.592417860103406, "z_normalized": 0.09378167986869812}, "left_hip": {"x": 0.5286687016487122, "y": 0.5097177028656006, "z": -0.005139954853802919, "x_normalized": 33.41669754713468, "y_normalized": 32.21116966376374, "z_normalized": -0.005139954853802919}, "right_hip": {"x": 0.5130936503410339, "y": 0.5100038051605225, "z": 0.005181455984711647, "x_normalized": 32.416866219456914, "y_normalized": 32.22953583359089, "z_normalized": 0.005181455984711647}, "left_knee": {"x": 0.5272766351699829, "y": 0.5671369433403015, "z": -0.01494597364217043, "x_normalized": 33.32733465206945, "y_normalized": 35.897164290938235, "z_normalized": -0.01494597364217043}, "right_knee": {"x": 0.5160806775093079, "y": 0.5697363018989563, "z": -0.008890088647603989, "x_normalized": 32.60861668502312, "y_normalized": 36.06402859638865, "z_normalized": -0.008890088647603989}, "left_ankle": {"x": 0.5273983478546143, "y": 0.618141233921051, "z": 0.018769294023513794, "x_normalized": 33.33514792681675, "y_normalized": 39.1713549540196, "z_normalized": 0.018769294023513794}, "right_ankle": {"x": 0.521663248538971, "y": 0.6205940246582031, "z": 0.024534158408641815, "x_normalized": 32.96698657377539, "y_normalized": 39.328810423718984, "z_normalized": 0.024534158408641815}, "left_heel": {"x": 0.5276574492454529, "y": 0.6254221200942993, "z": 0.019705211743712425, "x_normalized": 33.351780789366465, "y_normalized": 39.6387471921229, "z_normalized": 0.019705211743712425}, "right_heel": {"x": 0.5242760181427002, "y": 0.628187894821167, "z": 0.02510470151901245, "x_normalized": 33.13471179343645, "y_normalized": 39.816294486356114, "z_normalized": 0.02510470151901245}, "left_foot_index": {"x": 0.5275623202323914, "y": 0.6308509111404419, "z": -0.020510060712695122, "x_normalized": 33.34567403789894, "y_normalized": 39.98724526459308, "z_normalized": -0.020510060712695122}, "right_foot_index": {"x": 0.5161042809486389, "y": 0.6356204748153687, "z": -0.01737351156771183, "x_normalized": 32.61013189403386, "y_normalized": 40.293424620753186, "z_normalized": -0.01737351156771183}}}