{"sequence_id": 1697925405990398000, "sequence_source": "mediapipe", "frame_number": 484, "image_dimensions": {"height": 1080, "width": 1920}, "joint_positions": {"nose": {"x": 0.5239596366882324, "y": 0.41834449768066406, "z": -0.13399139046669006, "x_normalized": 30.703016997346293, "y_normalized": 24.417967316652867, "z_normalized": -0.13399139046669006}, "left_eye_inner": {"x": 0.5255475640296936, "y": 0.41368189454078674, "z": -0.1305566281080246, "x_normalized": 30.79766141515751, "y_normalized": 24.140064576309356, "z_normalized": -0.1305566281080246}, "left_eye": {"x": 0.5266303420066833, "y": 0.4135485887527466, "z": -0.13052837550640106, "x_normalized": 30.86219767483089, "y_normalized": 24.132119219887496, "z_normalized": -0.13052837550640106}, "left_eye_outer": {"x": 0.5277053117752075, "y": 0.41339629888534546, "z": -0.13056504726409912, "x_normalized": 30.926268545865213, "y_normalized": 24.123042365133255, "z_normalized": -0.13056504726409912}, "right_eye_inner": {"x": 0.5224705934524536, "y": 0.41422057151794434, "z": -0.12972556054592133, "x_normalized": 30.614266318101524, "y_normalized": 24.172171063527134, "z_normalized": -0.12972556054592133}, "right_eye": {"x": 0.5214280486106873, "y": 0.4144481420516968, "z": -0.12975656986236572, "x_normalized": 30.552128053324076, "y_normalized": 24.185734833175545, "z_normalized": -0.12975656986236572}, "right_eye_outer": {"x": 0.5205118060112, "y": 0.4146585762500763, "z": -0.12972261011600494, "x_normalized": 30.497517716227343, "y_normalized": 24.198277234627536, "z_normalized": -0.12972261011600494}, "left_ear": {"x": 0.5298244953155518, "y": 0.41496148705482483, "z": -0.09345383942127228, "x_normalized": 31.05257715405785, "y_normalized": 24.216331471755144, "z_normalized": -0.09345383942127228}, "right_ear": {"x": 0.5192639827728271, "y": 0.4167853593826294, "z": -0.08983222395181656, "x_normalized": 30.423144348603085, "y_normalized": 24.325038797411626, "z_normalized": -0.08983222395181656}, "mouth_left": {"x": 0.5264160633087158, "y": 0.4233563244342804, "z": -0.11888348311185837, "x_normalized": 30.8494261316444, "y_normalized": 24.71668465269308, "z_normalized": -0.11888348311185837}, "mouth_right": {"x": 0.5220656991004944, "y": 0.42401066422462463, "z": -0.11786680668592453, "x_normalized": 30.59013360798585, "y_normalized": 24.75568493116354, "z_normalized": -0.11786680668592453}, "left_shoulder": {"x": 0.5404716730117798, "y": 0.4386949837207794, "z": -0.05048966780304909, "x_normalized": 31.687175418147703, "y_normalized": 25.63090688457397, "z_normalized": -0.05048966780304909}, "right_shoulder": {"x": 0.5120115280151367, "y": 0.4416598677635193, "z": -0.040568456053733826, "x_normalized": 29.990880012369544, "y_normalized": 25.807621345479138, "z_normalized": -0.040568456053733826}, "left_elbow": {"x": 0.5555579662322998, "y": 0.4516015946865082, "z": 0.02135612629354, "x_normalized": 32.58635600500729, "y_normalized": 26.400172989434438, "z_normalized": 0.02135612629354}, "right_elbow": {"x": 0.5027992725372314, "y": 0.4543367624282837, "z": 0.032349180430173874, "x_normalized": 29.441806680316297, "y_normalized": 26.56319578763008, "z_normalized": 0.032349180430173874}, "left_wrist": {"x": 0.5496790409088135, "y": 0.47261127829551697, "z": 0.08241424709558487, "x_normalized": 32.23595743822841, "y_normalized": 27.652402371506035, "z_normalized": 0.08241424709558487}, "right_wrist": {"x": 0.5088204741477966, "y": 0.4749051630496979, "z": 0.08937568217515945, "x_normalized": 29.8006852675642, "y_normalized": 27.78912360642457, "z_normalized": 0.08937568217515945}, "left_pinky": {"x": 0.5454620718955994, "y": 0.4802534282207489, "z": 0.08981728553771973, "x_normalized": 31.984615599869272, "y_normalized": 28.107893508672337, "z_normalized": 0.08981728553771973}, "right_pinky": {"x": 0.5113598108291626, "y": 0.4828508198261261, "z": 0.09766034781932831, "x_normalized": 29.952036047640448, "y_normalized": 28.26270450656879, "z_normalized": 0.09766034781932831}, "left_index": {"x": 0.5438249111175537, "y": 0.4799017310142517, "z": 0.08293578773736954, "x_normalized": 31.88703674682244, "y_normalized": 28.086931480696844, "z_normalized": 0.08293578773736954}, "right_index": {"x": 0.5132591724395752, "y": 0.4830591380596161, "z": 0.09333878010511398, "x_normalized": 30.06524272223871, "y_normalized": 28.27512079125218, "z_normalized": 0.09333878010511398}, "left_thumb": {"x": 0.5441499948501587, "y": 0.4772852063179016, "z": 0.08154408633708954, "x_normalized": 31.90641254558158, "y_normalized": 27.930980103005435, "z_normalized": 0.08154408633708954}, "right_thumb": {"x": 0.5128484964370728, "y": 0.48042044043540955, "z": 0.08872129768133163, "x_normalized": 30.04076541137503, "y_normalized": 28.117847851929238, "z_normalized": 0.08872129768133163}, "left_hip": {"x": 0.5346371531486511, "y": 0.517135739326477, "z": -0.004380180966109037, "x_normalized": 31.339423527216933, "y_normalized": 30.306170955625156, "z_normalized": -0.004380180966109037}, "right_hip": {"x": 0.51792311668396, "y": 0.5156741142272949, "z": 0.004374269861727953, "x_normalized": 30.343225395745417, "y_normalized": 30.219054465494654, "z_normalized": 0.004374269861727953}, "left_knee": {"x": 0.5313010811805725, "y": 0.5784605145454407, "z": -0.015264992602169514, "x_normalized": 31.140585343031134, "y_normalized": 33.96128003804819, "z_normalized": -0.015264992602169514}, "right_knee": {"x": 0.5195332765579224, "y": 0.5781146883964539, "z": -0.010218740440905094, "x_normalized": 30.439194927773205, "y_normalized": 33.940667939698244, "z_normalized": -0.010218740440905094}, "left_ankle": {"x": 0.5282785892486572, "y": 0.6332443356513977, "z": 0.03129429370164871, "x_normalized": 30.960437308693496, "y_normalized": 37.22653199175288, "z_normalized": 0.03129429370164871}, "right_ankle": {"x": 0.5218102335929871, "y": 0.6320846080780029, "z": 0.034773457795381546, "x_normalized": 30.57490722854293, "y_normalized": 37.15740934480446, "z_normalized": 0.034773457795381546}, "left_heel": {"x": 0.5275856852531433, "y": 0.639141321182251, "z": 0.033785630017519, "x_normalized": 30.91913850770797, "y_normalized": 37.57800699179615, "z_normalized": 0.033785630017519}, "right_heel": {"x": 0.5228708982467651, "y": 0.6381622552871704, "z": 0.03763550892472267, "x_normalized": 30.63812547916981, "y_normalized": 37.51965223007673, "z_normalized": 0.03763550892472267}, "left_foot_index": {"x": 0.5292737483978271, "y": 0.6504743099212646, "z": -0.007393880281597376, "x_normalized": 31.01975126837129, "y_normalized": 38.25348129925284, "z_normalized": -0.007393880281597376}, "right_foot_index": {"x": 0.518985390663147, "y": 0.6495647430419922, "z": -0.0033087236806750298, "x_normalized": 30.40653956616813, "y_normalized": 38.199268851679584, "z_normalized": -0.0033087236806750298}}}