{"sequence_id": 1697925405990398000, "sequence_source": "mediapipe", "frame_number": 673, "image_dimensions": {"height": 1080, "width": 1920}, "joint_positions": {"nose": {"x": 0.5240935683250427, "y": 0.4195655584335327, "z": -0.056794922798871994, "x_normalized": 42.71673763662579, "y_normalized": 34.11541744499925, "z_normalized": -0.056794922798871994}, "left_eye_inner": {"x": 0.5250418782234192, "y": 0.4174933433532715, "z": -0.05260354280471802, "x_normalized": 42.794984147910974, "y_normalized": 33.94443578495269, "z_normalized": -0.05260354280471802}, "left_eye": {"x": 0.5257044434547424, "y": 0.4176340699195862, "z": -0.05259376019239426, "x_normalized": 42.849653426317396, "y_normalized": 33.956047350832286, "z_normalized": -0.05259376019239426}, "left_eye_outer": {"x": 0.5263640880584717, "y": 0.41781583428382874, "z": -0.05261373892426491, "x_normalized": 42.90408171923965, "y_normalized": 33.97104500866787, "z_normalized": -0.05261373892426491}, "right_eye_inner": {"x": 0.5231999754905701, "y": 0.4176199436187744, "z": -0.052751071751117706, "x_normalized": 42.64300591461526, "y_normalized": 33.95488176798033, "z_normalized": -0.052751071751117706}, "right_eye": {"x": 0.5227225422859192, "y": 0.4179074466228485, "z": -0.052763815969228745, "x_normalized": 42.603612165061875, "y_normalized": 33.978604083956704, "z_normalized": -0.052763815969228745}, "right_eye_outer": {"x": 0.5222818851470947, "y": 0.41820743680000305, "z": -0.05275004357099533, "x_normalized": 42.56725286538045, "y_normalized": 34.003356735829634, "z_normalized": -0.05275004357099533}, "left_ear": {"x": 0.5279709100723267, "y": 0.42114177346229553, "z": -0.02556460164487362, "x_normalized": 43.0366630800961, "y_normalized": 34.24547337634313, "z_normalized": -0.02556460164487362}, "right_ear": {"x": 0.520836591720581, "y": 0.4218965470790863, "z": -0.025940917432308197, "x_normalized": 42.44799947721935, "y_normalized": 34.307750910749434, "z_normalized": -0.025940917432308197}, "mouth_left": {"x": 0.5258192420005798, "y": 0.4242630898952484, "z": -0.04660855606198311, "x_normalized": 42.85912563126618, "y_normalized": 34.50301800591392, "z_normalized": -0.04660855606198311}, "mouth_right": {"x": 0.5231449007987976, "y": 0.4246084690093994, "z": -0.04676244780421257, "x_normalized": 42.63846161691397, "y_normalized": 34.53151576893354, "z_normalized": -0.04676244780421257}, "left_shoulder": {"x": 0.5361825227737427, "y": 0.4410506784915924, "z": -0.0074780890718102455, "x_normalized": 43.71421590012989, "y_normalized": 35.88818781464814, "z_normalized": -0.0074780890718102455}, "right_shoulder": {"x": 0.5139099359512329, "y": 0.4447901248931885, "z": 0.002515514614060521, "x_normalized": 41.87647043407343, "y_normalized": 36.19673530061636, "z_normalized": 0.002515514614060521}, "left_elbow": {"x": 0.5487464070320129, "y": 0.44990620017051697, "z": 0.027561577036976814, "x_normalized": 44.75088135420094, "y_normalized": 36.61887055683239, "z_normalized": 0.027561577036976814}, "right_elbow": {"x": 0.5068506598472595, "y": 0.455628901720047, "z": 0.04199808090925217, "x_normalized": 41.29399868271825, "y_normalized": 37.091059481722525, "z_normalized": 0.04199808090925217}, "left_wrist": {"x": 0.5409389138221741, "y": 0.4666059911251068, "z": 0.054805003106594086, "x_normalized": 44.10667305626103, "y_normalized": 37.996796046828514, "z_normalized": 0.054805003106594086}, "right_wrist": {"x": 0.513978123664856, "y": 0.4691499173641205, "z": 0.0681757777929306, "x_normalized": 41.88209670741789, "y_normalized": 38.20669932160235, "z_normalized": 0.0681757777929306}, "left_pinky": {"x": 0.5389957427978516, "y": 0.4730606973171234, "z": 0.05724625661969185, "x_normalized": 43.946339020157424, "y_normalized": 38.529383802962734, "z_normalized": 0.05724625661969185}, "right_pinky": {"x": 0.5164216160774231, "y": 0.47402626276016235, "z": 0.06928922235965729, "x_normalized": 42.08371303237931, "y_normalized": 38.6090540958329, "z_normalized": 0.06928922235965729}, "left_index": {"x": 0.5376468300819397, "y": 0.4727269411087036, "z": 0.05119470879435539, "x_normalized": 43.83503815297358, "y_normalized": 38.50184506380865, "z_normalized": 0.05119470879435539}, "right_index": {"x": 0.5177706480026245, "y": 0.4730674922466278, "z": 0.06647339463233948, "x_normalized": 42.19502373570537, "y_normalized": 38.52994446306874, "z_normalized": 0.06647339463233948}, "left_thumb": {"x": 0.5376609563827515, "y": 0.4704442620277405, "z": 0.0532100647687912, "x_normalized": 43.836203735825535, "y_normalized": 38.31349769468931, "z_normalized": 0.0532100647687912}, "right_thumb": {"x": 0.516930878162384, "y": 0.47046270966529846, "z": 0.06751523911952972, "x_normalized": 42.12573303190292, "y_normalized": 38.3150198376964, "z_normalized": 0.06751523911952972}, "left_hip": {"x": 0.5329988598823547, "y": 0.5025352835655212, "z": -0.009214099496603012, "x_normalized": 43.451526968182954, "y_normalized": 40.96137734163599, "z_normalized": -0.009214099496603012}, "right_hip": {"x": 0.5210620164871216, "y": 0.5046315789222717, "z": 0.009241238236427307, "x_normalized": 42.46659962213956, "y_normalized": 41.13434590240909, "z_normalized": 0.009241238236427307}, "left_knee": {"x": 0.5306029915809631, "y": 0.5521562099456787, "z": -0.010213999077677727, "x_normalized": 43.25384018203466, "y_normalized": 45.05567645486219, "z_normalized": -0.010213999077677727}, "right_knee": {"x": 0.5222205519676208, "y": 0.5556953549385071, "z": 0.002906401874497533, "x_normalized": 42.56219217021311, "y_normalized": 45.34769676288108, "z_normalized": 0.002906401874497533}, "left_ankle": {"x": 0.5324082970619202, "y": 0.5986044406890869, "z": 0.020747357979416847, "x_normalized": 43.40279871967173, "y_normalized": 48.888191561224836, "z_normalized": 0.020747357979416847}, "right_ankle": {"x": 0.5279497504234314, "y": 0.5986095666885376, "z": 0.031374696642160416, "x_normalized": 43.03491716485372, "y_normalized": 48.88861451533989, "z_normalized": 0.031374696642160416}, "left_heel": {"x": 0.533229649066925, "y": 0.6049662232398987, "z": 0.021741488948464394, "x_normalized": 43.47056973950264, "y_normalized": 49.4131120445059, "z_normalized": 0.021741488948464394}, "right_heel": {"x": 0.5302317142486572, "y": 0.6053546071052551, "z": 0.03216069936752319, "x_normalized": 43.2232055171198, "y_normalized": 49.44515819582798, "z_normalized": 0.03216069936752319}, "left_foot_index": {"x": 0.529280424118042, "y": 0.6099139451980591, "z": -0.011992348358035088, "x_normalized": 43.14471310227935, "y_normalized": 49.821356208885035, "z_normalized": -0.011992348358035088}, "right_foot_index": {"x": 0.5227875113487244, "y": 0.6119876503944397, "z": 0.002242366084828973, "x_normalized": 42.60897286256664, "y_normalized": 49.992460820709226, "z_normalized": 0.002242366084828973}}}