{"sequence_id": 1697925405990398000, "sequence_source": "mediapipe", "frame_number": 91, "image_dimensions": {"height": 1080, "width": 1920}, "joint_positions": {"nose": {"x": 0.5214493870735168, "y": 0.40295135974884033, "z": -0.1707644909620285, "x_normalized": 15.93290943340022, "y_normalized": 12.124301148677308, "z_normalized": -0.1707644909620285}, "left_eye_inner": {"x": 0.5238074064254761, "y": 0.3936443626880646, "z": -0.1593180000782013, "x_normalized": 16.00732191863351, "y_normalized": 11.830598393110089, "z_normalized": -0.1593180000782013}, "left_eye": {"x": 0.5254818201065063, "y": 0.39338892698287964, "z": -0.1593121737241745, "x_normalized": 16.06016172387538, "y_normalized": 11.822537557805944, "z_normalized": -0.1593121737241745}, "left_eye_outer": {"x": 0.5272160768508911, "y": 0.39312615990638733, "z": -0.15936271846294403, "x_normalized": 16.114890008558472, "y_normalized": 11.814245364960694, "z_normalized": -0.15936271846294403}, "right_eye_inner": {"x": 0.5190457701683044, "y": 0.39443179965019226, "z": -0.16436070203781128, "x_normalized": 15.857058017118586, "y_normalized": 11.85544769778937, "z_normalized": -0.16436070203781128}, "right_eye": {"x": 0.5173534750938416, "y": 0.39481908082962036, "z": -0.16440649330615997, "x_normalized": 15.803653925191092, "y_normalized": 11.867669206922184, "z_normalized": -0.16440649330615997}, "right_eye_outer": {"x": 0.515678882598877, "y": 0.39511892199516296, "z": -0.16444414854049683, "x_normalized": 15.75080847708237, "y_normalized": 11.877131354162296, "z_normalized": -0.16444414854049683}, "left_ear": {"x": 0.5312488675117493, "y": 0.3977140784263611, "z": -0.08464503288269043, "x_normalized": 16.242153584767344, "y_normalized": 11.959027221324776, "z_normalized": -0.08464503288269043}, "right_ear": {"x": 0.511764407157898, "y": 0.4004229009151459, "z": -0.10619089752435684, "x_normalized": 15.627278597776709, "y_normalized": 12.044510070852208, "z_normalized": -0.10619089752435684}, "mouth_left": {"x": 0.5252712965011597, "y": 0.4133652448654175, "z": -0.14169815182685852, "x_normalized": 16.053518188629962, "y_normalized": 12.45293419056249, "z_normalized": -0.14169815182685852}, "mouth_right": {"x": 0.518680989742279, "y": 0.41508960723876953, "z": -0.14822746813297272, "x_normalized": 15.845546568731848, "y_normalized": 12.507350236612869, "z_normalized": -0.14822746813297272}, "left_shoulder": {"x": 0.5493836998939514, "y": 0.44245532155036926, "z": -0.03861957788467407, "x_normalized": 16.81443809368267, "y_normalized": 13.370935520770272, "z_normalized": -0.03861957788467407}, "right_shoulder": {"x": 0.49546435475349426, "y": 0.44533929228782654, "z": -0.07545410096645355, "x_normalized": 15.112894605195496, "y_normalized": 13.461945558383395, "z_normalized": -0.07545410096645355}, "left_elbow": {"x": 0.5805843472480774, "y": 0.46431106328964233, "z": -0.05683090165257454, "x_normalized": 17.79904312187251, "y_normalized": 14.060641505619369, "z_normalized": -0.05683090165257454}, "right_elbow": {"x": 0.482735812664032, "y": 0.45525872707366943, "z": -0.15031889081001282, "x_normalized": 14.711217473289665, "y_normalized": 13.77497513293325, "z_normalized": -0.15031889081001282}, "left_wrist": {"x": 0.5653916001319885, "y": 0.4961564838886261, "z": -0.11162469536066055, "x_normalized": 17.31960258229859, "y_normalized": 15.065593771215017, "z_normalized": -0.11162469536066055}, "right_wrist": {"x": 0.5061886310577393, "y": 0.4289245903491974, "z": -0.22248908877372742, "x_normalized": 15.451322723465307, "y_normalized": 12.94394354766952, "z_normalized": -0.22248908877372742}, "left_pinky": {"x": 0.5603135824203491, "y": 0.5105043649673462, "z": -0.12542977929115295, "x_normalized": 17.15935456835935, "y_normalized": 15.518372705370997, "z_normalized": -0.12542977929115295}, "right_pinky": {"x": 0.5126485824584961, "y": 0.4251030683517456, "z": -0.2454342246055603, "x_normalized": 15.65518069342522, "y_normalized": 12.8233470186513, "z_normalized": -0.2454342246055603}, "left_index": {"x": 0.556641697883606, "y": 0.5034759044647217, "z": -0.13154038786888123, "x_normalized": 17.043480178421998, "y_normalized": 15.296574180719466, "z_normalized": -0.13154038786888123}, "right_index": {"x": 0.5143482685089111, "y": 0.42621907591819763, "z": -0.23848024010658264, "x_normalized": 15.708818023849435, "y_normalized": 12.858565091178928, "z_normalized": -0.23848024010658264}, "left_thumb": {"x": 0.5576832890510559, "y": 0.4988986551761627, "z": -0.11515748500823975, "x_normalized": 17.07634987785962, "y_normalized": 15.15212901541114, "z_normalized": -0.11515748500823975}, "right_thumb": {"x": 0.512798547744751, "y": 0.4292626976966858, "z": -0.22257480025291443, "x_normalized": 15.65991317776199, "y_normalized": 12.954613268416868, "z_normalized": -0.22257480025291443}, "left_hip": {"x": 0.5384165644645691, "y": 0.5917880535125732, "z": 0.0005947810714133084, "x_normalized": 16.46834602174427, "y_normalized": 18.08345821603634, "z_normalized": 0.0005947810714133084}, "right_hip": {"x": 0.5067284107208252, "y": 0.591641902923584, "z": -0.0005901968688704073, "x_normalized": 15.46835665754869, "y_normalized": 18.07884611285917, "z_normalized": -0.0005901968688704073}, "left_knee": {"x": 0.5326708555221558, "y": 0.7087379097938538, "z": -0.0491148978471756, "x_normalized": 16.287027542963816, "y_normalized": 21.774068068892507, "z_normalized": -0.0491148978471756}, "right_knee": {"x": 0.5039211511611938, "y": 0.7020734548568726, "z": 0.02118418924510479, "x_normalized": 15.379767409816894, "y_normalized": 21.563756540204672, "z_normalized": 0.02118418924510479}, "left_ankle": {"x": 0.524774968624115, "y": 0.801635205745697, "z": 0.058236077427864075, "x_normalized": 16.037855471192646, "y_normalized": 24.705646496137195, "z_normalized": 0.058236077427864075}, "right_ankle": {"x": 0.5050713419914246, "y": 0.7576330304145813, "z": 0.228693887591362, "x_normalized": 15.416064210391875, "y_normalized": 23.317061105886363, "z_normalized": 0.228693887591362}, "left_heel": {"x": 0.5215798020362854, "y": 0.807153046131134, "z": 0.06492733210325241, "x_normalized": 15.93702496429404, "y_normalized": 24.879774081587172, "z_normalized": 0.06492733210325241}, "right_heel": {"x": 0.5069019794464111, "y": 0.760292649269104, "z": 0.24675635993480682, "x_normalized": 15.473834000310484, "y_normalized": 23.40099122655052, "z_normalized": 0.24675635993480682}, "left_foot_index": {"x": 0.5229617357254028, "y": 0.8384124040603638, "z": -0.019365591928362846, "x_normalized": 15.980634920314714, "y_normalized": 25.86623185106148, "z_normalized": -0.019365591928362846}, "right_foot_index": {"x": 0.502794623374939, "y": 0.7997090220451355, "z": 0.19283412396907806, "x_normalized": 15.344217348622557, "y_normalized": 24.64486153436173, "z_normalized": 0.19283412396907806}}}