{"sequence_id": 1697925405990398000, "sequence_source": "mediapipe", "frame_number": 39, "image_dimensions": {"height": 1080, "width": 1920}, "joint_positions": {"nose": {"x": 0.5292878746986389, "y": 0.3971957862377167, "z": -0.13198164105415344, "x_normalized": 14.582427773686812, "y_normalized": 10.744218777753485, "z_normalized": -0.13198164105415344}, "left_eye_inner": {"x": 0.5326526761054993, "y": 0.3876838982105255, "z": -0.12242522090673447, "x_normalized": 14.678448403200413, "y_normalized": 10.472780031213606, "z_normalized": -0.12242522090673447}, "left_eye": {"x": 0.534534752368927, "y": 0.3876023590564728, "z": -0.1223902702331543, "x_normalized": 14.732156817384526, "y_normalized": 10.47045316553702, "z_normalized": -0.1223902702331543}, "left_eye_outer": {"x": 0.5364252328872681, "y": 0.3876178562641144, "z": -0.12247967720031738, "x_normalized": 14.786105062022147, "y_normalized": 10.470895406089587, "z_normalized": -0.12247967720031738}, "right_eye_inner": {"x": 0.5263261795043945, "y": 0.3880837857723236, "z": -0.12281528115272522, "x_normalized": 14.497910501315568, "y_normalized": 10.484191538395047, "z_normalized": -0.12281528115272522}, "right_eye": {"x": 0.5241163969039917, "y": 0.3883274793624878, "z": -0.1228615939617157, "x_normalized": 14.434850400369857, "y_normalized": 10.49114577108417, "z_normalized": -0.1228615939617157}, "right_eye_outer": {"x": 0.521960437297821, "y": 0.38867998123168945, "z": -0.12275709211826324, "x_normalized": 14.373326234881716, "y_normalized": 10.501205042729877, "z_normalized": -0.12275709211826324}, "left_ear": {"x": 0.5406979322433472, "y": 0.39325618743896484, "z": -0.0539938360452652, "x_normalized": 14.90803418421539, "y_normalized": 10.631795276052635, "z_normalized": -0.0539938360452652}, "right_ear": {"x": 0.517756462097168, "y": 0.39454299211502075, "z": -0.0572991780936718, "x_normalized": 14.253358279446587, "y_normalized": 10.668516550242552, "z_normalized": -0.0572991780936718}, "mouth_left": {"x": 0.533599853515625, "y": 0.4094177186489105, "z": -0.10607768595218658, "x_normalized": 14.705477805588295, "y_normalized": 11.09299349046099, "z_normalized": -0.10607768595218658}, "mouth_right": {"x": 0.5246017575263977, "y": 0.40906694531440735, "z": -0.10696136951446533, "x_normalized": 14.448701034291227, "y_normalized": 11.082983545646147, "z_normalized": -0.10696136951446533}, "left_shoulder": {"x": 0.5575191378593445, "y": 0.44137972593307495, "z": -0.0033544315956532955, "x_normalized": 15.3880573882989, "y_normalized": 12.005086564865483, "z_normalized": -0.0033544315956532955}, "right_shoulder": {"x": 0.49948403239250183, "y": 0.4387478828430176, "z": 0.027750182896852493, "x_normalized": 13.73192179900294, "y_normalized": 11.929982212563118, "z_normalized": 0.027750182896852493}, "left_elbow": {"x": 0.5862444639205933, "y": 0.4692619740962982, "z": 0.11317232996225357, "x_normalized": 16.207785971911882, "y_normalized": 12.800756411956193, "z_normalized": 0.11317232996225357}, "right_elbow": {"x": 0.4808572232723236, "y": 0.4524659514427185, "z": 0.1721527874469757, "x_normalized": 13.200372467769718, "y_normalized": 12.321451848770606, "z_normalized": 0.1721527874469757}, "left_wrist": {"x": 0.5684249997138977, "y": 0.5157139301300049, "z": 0.2341548055410385, "x_normalized": 15.699275672542221, "y_normalized": 14.126346103936436, "z_normalized": 0.2341548055410385}, "right_wrist": {"x": 0.4903653860092163, "y": 0.497059166431427, "z": 0.2986656725406647, "x_normalized": 13.47170490648446, "y_normalized": 13.59399903878339, "z_normalized": 0.2986656725406647}, "left_pinky": {"x": 0.5623840093612671, "y": 0.5255692601203918, "z": 0.24716278910636902, "x_normalized": 15.52688520237583, "y_normalized": 14.40758558149129, "z_normalized": 0.24716278910636902}, "right_pinky": {"x": 0.49427929520606995, "y": 0.5103961825370789, "z": 0.3129889667034149, "x_normalized": 13.58339530942317, "y_normalized": 13.974594660173327, "z_normalized": 0.3129889667034149}, "left_index": {"x": 0.5580996870994568, "y": 0.5244499444961548, "z": 0.23568962514400482, "x_normalized": 15.404624399768158, "y_normalized": 14.375643907119507, "z_normalized": 0.23568962514400482}, "right_index": {"x": 0.49704664945602417, "y": 0.5090790390968323, "z": 0.3068273365497589, "x_normalized": 13.662366715172695, "y_normalized": 13.9370076150555, "z_normalized": 0.3068273365497589}, "left_thumb": {"x": 0.558342695236206, "y": 0.5209435820579529, "z": 0.23292423784732819, "x_normalized": 15.411559071817456, "y_normalized": 14.275583580250721, "z_normalized": 0.23292423784732819}, "right_thumb": {"x": 0.49643829464912415, "y": 0.5041358470916748, "z": 0.29826197028160095, "x_normalized": 13.64500622209662, "y_normalized": 13.795944785262904, "z_normalized": 0.29826197028160095}, "left_hip": {"x": 0.5392478704452515, "y": 0.5913569331169128, "z": -0.007019595243036747, "x_normalized": 14.866654075896697, "y_normalized": 16.28495455859691, "z_normalized": -0.007019595243036747}, "right_hip": {"x": 0.5042499303817749, "y": 0.5895906090736389, "z": 0.00708479480817914, "x_normalized": 13.867925226781644, "y_normalized": 16.23454934115544, "z_normalized": 0.00708479480817914}, "left_knee": {"x": 0.5323305726051331, "y": 0.7107932567596436, "z": -0.03649468719959259, "x_normalized": 14.669256603407819, "y_normalized": 19.693283787056885, "z_normalized": -0.03649468719959259}, "right_knee": {"x": 0.5039002895355225, "y": 0.7133674621582031, "z": -0.03506596386432648, "x_normalized": 13.857947599545643, "y_normalized": 19.766743344688738, "z_normalized": -0.03506596386432648}, "left_ankle": {"x": 0.524948000907898, "y": 0.8051560521125793, "z": 0.10993721336126328, "x_normalized": 14.458581708790707, "y_normalized": 22.386095016265987, "z_normalized": 0.10993721336126328}, "right_ankle": {"x": 0.505914568901062, "y": 0.8073508739471436, "z": 0.10400009900331497, "x_normalized": 13.915428665828195, "y_normalized": 22.44872818498595, "z_normalized": 0.10400009900331497}, "left_heel": {"x": 0.5222154855728149, "y": 0.8137044310569763, "z": 0.12185181677341461, "x_normalized": 14.380604493821854, "y_normalized": 22.630038306912585, "z_normalized": 0.12185181677341461}, "right_heel": {"x": 0.5074697732925415, "y": 0.8167958855628967, "z": 0.11413240432739258, "x_normalized": 13.95980920620354, "y_normalized": 22.71825849344898, "z_normalized": 0.11413240432739258}, "left_foot_index": {"x": 0.5227904915809631, "y": 0.8426176905632019, "z": 0.048858944326639175, "x_normalized": 14.397013319247309, "y_normalized": 23.455129907688047, "z_normalized": 0.048858944326639175}, "right_foot_index": {"x": 0.5032582879066467, "y": 0.8443222641944885, "z": 0.03837589547038078, "x_normalized": 13.839626934192935, "y_normalized": 23.503772966620062, "z_normalized": 0.03837589547038078}}}