{"sequence_id": 1697925405990398000, "sequence_source": "mediapipe", "frame_number": 374, "image_dimensions": {"height": 1080, "width": 1920}, "joint_positions": {"nose": {"x": 0.5152970552444458, "y": 0.43074968457221985, "z": -0.1266154646873474, "x_normalized": 27.078511837696134, "y_normalized": 22.526983119819363, "z_normalized": -0.1266154646873474}, "left_eye_inner": {"x": 0.5171781778335571, "y": 0.42609789967536926, "z": -0.12150093913078308, "x_normalized": 27.179252064902872, "y_normalized": 22.277864922984037, "z_normalized": -0.12150093913078308}, "left_eye": {"x": 0.5184053778648376, "y": 0.42624732851982117, "z": -0.12147679924964905, "x_normalized": 27.24497261426788, "y_normalized": 22.285867323161707, "z_normalized": -0.12147679924964905}, "left_eye_outer": {"x": 0.5195472240447998, "y": 0.42639365792274475, "z": -0.12149607390165329, "x_normalized": 27.306122187544165, "y_normalized": 22.29370373817415, "z_normalized": -0.12149607390165329}, "right_eye_inner": {"x": 0.5139044523239136, "y": 0.42594027519226074, "z": -0.12196741253137589, "x_normalized": 27.003933426148027, "y_normalized": 22.26942361972522, "z_normalized": -0.12196741253137589}, "right_eye": {"x": 0.5127848982810974, "y": 0.4260396957397461, "z": -0.12200237810611725, "x_normalized": 26.943977669252455, "y_normalized": 22.274747913102306, "z_normalized": -0.12200237810611725}, "right_eye_outer": {"x": 0.5116608142852783, "y": 0.4261251986026764, "z": -0.12199518084526062, "x_normalized": 26.88377931865385, "y_normalized": 22.27932686924705, "z_normalized": -0.12199518084526062}, "left_ear": {"x": 0.5217447876930237, "y": 0.4288695454597473, "z": -0.07972892373800278, "x_normalized": 27.4238088617167, "y_normalized": 22.42629556098236, "z_normalized": -0.07972892373800278}, "right_ear": {"x": 0.5095708966255188, "y": 0.42919132113456726, "z": -0.08220116049051285, "x_normalized": 26.77185743695075, "y_normalized": 22.4435276939537, "z_normalized": -0.08220116049051285}, "mouth_left": {"x": 0.5179163217544556, "y": 0.4365488290786743, "z": -0.11039642244577408, "x_normalized": 27.218782070407574, "y_normalized": 22.837546152003743, "z_normalized": -0.11039642244577408}, "mouth_right": {"x": 0.5132507085800171, "y": 0.43760964274406433, "z": -0.11115022748708725, "x_normalized": 26.968923324373517, "y_normalized": 22.894356170815907, "z_normalized": -0.11115022748708725}, "left_shoulder": {"x": 0.5317280888557434, "y": 0.45484405755996704, "z": -0.04086782783269882, "x_normalized": 27.95844707893189, "y_normalized": 23.817315086082274, "z_normalized": -0.04086782783269882}, "right_shoulder": {"x": 0.5002106428146362, "y": 0.45567992329597473, "z": -0.03857065737247467, "x_normalized": 26.27058542996978, "y_normalized": 23.86207841232542, "z_normalized": -0.03857065737247467}, "left_elbow": {"x": 0.5501746535301208, "y": 0.4655521512031555, "z": 0.008514707908034325, "x_normalized": 28.946320557905164, "y_normalized": 24.390768295782696, "z_normalized": 0.008514707908034325}, "right_elbow": {"x": 0.4905085861682892, "y": 0.4617858827114105, "z": 0.009690733626484871, "x_normalized": 25.751008770488276, "y_normalized": 24.189072379856654, "z_normalized": 0.009690733626484871}, "left_wrist": {"x": 0.5412083268165588, "y": 0.48334813117980957, "z": 0.029468709602952003, "x_normalized": 28.466144627020817, "y_normalized": 25.3438008501691, "z_normalized": 0.029468709602952003}, "right_wrist": {"x": 0.48324066400527954, "y": 0.4713551104068756, "z": 0.032805636525154114, "x_normalized": 25.361787922117948, "y_normalized": 24.70153561740121, "z_normalized": 0.032805636525154114}, "left_pinky": {"x": 0.5388895869255066, "y": 0.4911816120147705, "z": 0.03181455656886101, "x_normalized": 28.341968571292153, "y_normalized": 25.76330920316082, "z_normalized": 0.03181455656886101}, "right_pinky": {"x": 0.48065319657325745, "y": 0.4732738733291626, "z": 0.0331864133477211, "x_normalized": 25.22322063336135, "y_normalized": 24.804291606758806, "z_normalized": 0.0331864133477211}, "left_index": {"x": 0.5372937917709351, "y": 0.4892316460609436, "z": 0.023337507620453835, "x_normalized": 28.256508555354063, "y_normalized": 25.658882190072465, "z_normalized": 0.023337507620453835}, "right_index": {"x": 0.48287174105644226, "y": 0.4699057638645172, "z": 0.027154866605997086, "x_normalized": 25.34203089942162, "y_normalized": 24.623918400520378, "z_normalized": 0.027154866605997086}, "left_thumb": {"x": 0.5376409888267517, "y": 0.48547130823135376, "z": 0.027057994157075882, "x_normalized": 28.27510208588256, "y_normalized": 25.45750388037605, "z_normalized": 0.027057994157075882}, "right_thumb": {"x": 0.48457035422325134, "y": 0.47131678462028503, "z": 0.03062371537089348, "x_normalized": 25.43299715401407, "y_normalized": 24.699483146992655, "z_normalized": 0.03062371537089348}, "left_hip": {"x": 0.5266563892364502, "y": 0.5410599708557129, "z": -0.004596746992319822, "x_normalized": 27.686841084229915, "y_normalized": 28.434457394895436, "z_normalized": -0.004596746992319822}, "right_hip": {"x": 0.507983386516571, "y": 0.5410643815994263, "z": 0.00456453999504447, "x_normalized": 26.686841112127418, "y_normalized": 28.43469360455365, "z_normalized": 0.00456453999504447}, "left_knee": {"x": 0.5271678566932678, "y": 0.6038400530815125, "z": -0.02774568274617195, "x_normalized": 27.714231828515754, "y_normalized": 31.796534797024066, "z_normalized": -0.02774568274617195}, "right_knee": {"x": 0.5107342600822449, "y": 0.6062864065170288, "z": -0.0002997207338921726, "x_normalized": 26.83415933031644, "y_normalized": 31.927544972728953, "z_normalized": -0.0002997207338921726}, "left_ankle": {"x": 0.5245310068130493, "y": 0.6654013395309448, "z": 0.032681118696928024, "x_normalized": 27.57301994919386, "y_normalized": 35.093341724947265, "z_normalized": 0.032681118696928024}, "right_ankle": {"x": 0.5144765973091125, "y": 0.6529993414878845, "z": 0.08946234732866287, "x_normalized": 27.034573649245537, "y_normalized": 34.429174430424645, "z_normalized": 0.08946234732866287}, "left_heel": {"x": 0.5221155285835266, "y": 0.67154860496521, "z": 0.03625846281647682, "x_normalized": 27.443663241096484, "y_normalized": 35.42254776400746, "z_normalized": 0.03625846281647682}, "right_heel": {"x": 0.5159173607826233, "y": 0.6595122218132019, "z": 0.09610436111688614, "x_normalized": 27.111731214899574, "y_normalized": 34.77796033493752, "z_normalized": 0.09610436111688614}, "left_foot_index": {"x": 0.5263165831565857, "y": 0.6895603537559509, "z": -0.011325622908771038, "x_normalized": 27.668643364480054, "y_normalized": 36.387135439512, "z_normalized": -0.011325622908771038}, "right_foot_index": {"x": 0.5102623105049133, "y": 0.672599732875824, "z": 0.059072863310575485, "x_normalized": 26.80888489688732, "y_normalized": 35.47883907917828, "z_normalized": 0.059072863310575485}}}