{"sequence_id": 1697925405990398000, "sequence_source": "mediapipe", "frame_number": 668, "image_dimensions": {"height": 1080, "width": 1920}, "joint_positions": {"nose": {"x": 0.523795485496521, "y": 0.42170870304107666, "z": -0.05579910799860954, "x_normalized": 38.678171745915165, "y_normalized": 31.056623712373725, "z_normalized": -0.05579910799860954}, "left_eye_inner": {"x": 0.5247781276702881, "y": 0.41991126537323, "z": -0.05248255282640457, "x_normalized": 38.75171922195527, "y_normalized": 30.922091522184143, "z_normalized": -0.05248255282640457}, "left_eye": {"x": 0.5254955887794495, "y": 0.42009061574935913, "z": -0.05247247591614723, "x_normalized": 38.80541878334643, "y_normalized": 30.93551529722992, "z_normalized": -0.05247247591614723}, "left_eye_outer": {"x": 0.5262295007705688, "y": 0.42029455304145813, "z": -0.052485592663288116, "x_normalized": 38.86034963816154, "y_normalized": 30.95077932059952, "z_normalized": -0.052485592663288116}, "right_eye_inner": {"x": 0.5228822827339172, "y": 0.4199717342853546, "z": -0.05226145312190056, "x_normalized": 38.609821577262345, "y_normalized": 30.926617417758735, "z_normalized": -0.05226145312190056}, "right_eye": {"x": 0.5222846269607544, "y": 0.42026183009147644, "z": -0.05226694792509079, "x_normalized": 38.56508904406726, "y_normalized": 30.948330117375814, "z_normalized": -0.05226694792509079}, "right_eye_outer": {"x": 0.5216952562332153, "y": 0.42055201530456543, "z": -0.05226590484380722, "x_normalized": 38.520976618792204, "y_normalized": 30.97004950880498, "z_normalized": -0.05226590484380722}, "left_ear": {"x": 0.5277529954910278, "y": 0.4237918257713318, "z": -0.03035840205848217, "x_normalized": 38.97437811611769, "y_normalized": 31.21253847278411, "z_normalized": -0.03035840205848217}, "right_ear": {"x": 0.5202265381813049, "y": 0.4243411719799042, "z": -0.029092807322740555, "x_normalized": 38.41104799104113, "y_normalized": 31.253655196848385, "z_normalized": -0.029092807322740555}, "mouth_left": {"x": 0.5254386067390442, "y": 0.42646732926368713, "z": -0.04766865074634552, "x_normalized": 38.80115386844322, "y_normalized": 31.412790949476467, "z_normalized": -0.04766865074634552}, "mouth_right": {"x": 0.5226117968559265, "y": 0.42680636048316956, "z": -0.04731615632772446, "x_normalized": 38.58957661509626, "y_normalized": 31.43816630090896, "z_normalized": -0.04731615632772446}, "left_shoulder": {"x": 0.5360601544380188, "y": 0.44440725445747375, "z": -0.013224402442574501, "x_normalized": 39.59614114433469, "y_normalized": 32.755534273114876, "z_normalized": -0.013224402442574501}, "right_shoulder": {"x": 0.5134619474411011, "y": 0.4470061957836151, "z": -0.005267472937703133, "x_normalized": 37.90474102735876, "y_normalized": 32.95005632805705, "z_normalized": -0.005267472937703133}, "left_elbow": {"x": 0.549675703048706, "y": 0.4539479613304138, "z": 0.019551360979676247, "x_normalized": 40.61521936217511, "y_normalized": 33.46962423269109, "z_normalized": 0.019551360979676247}, "right_elbow": {"x": 0.5071596503257751, "y": 0.4593406915664673, "z": 0.029658088460564613, "x_normalized": 37.43303519337232, "y_normalized": 33.873252031716234, "z_normalized": 0.029658088460564613}, "left_wrist": {"x": 0.5404488444328308, "y": 0.4707697033882141, "z": 0.04199853911995888, "x_normalized": 39.924619893626996, "y_normalized": 34.72867529316607, "z_normalized": 0.04199853911995888}, "right_wrist": {"x": 0.5131252408027649, "y": 0.4736453592777252, "z": 0.04951656237244606, "x_normalized": 37.87953966304052, "y_normalized": 34.94390850651636, "z_normalized": 0.04951656237244606}, "left_pinky": {"x": 0.5384003520011902, "y": 0.47616544365882874, "z": 0.04509180784225464, "x_normalized": 39.77129709509816, "y_normalized": 35.13252838319813, "z_normalized": 0.04509180784225464}, "right_pinky": {"x": 0.5156936049461365, "y": 0.4774814248085022, "z": 0.050739917904138565, "x_normalized": 38.07177311824906, "y_normalized": 35.23102516530121, "z_normalized": 0.050739917904138565}, "left_index": {"x": 0.5370030999183655, "y": 0.47605523467063904, "z": 0.04073796048760414, "x_normalized": 39.66671745580833, "y_normalized": 35.12427960949934, "z_normalized": 0.04073796048760414}, "right_index": {"x": 0.5174412131309509, "y": 0.47814443707466125, "z": 0.04727652296423912, "x_normalized": 38.20257573850236, "y_normalized": 35.28064941313162, "z_normalized": 0.04727652296423912}, "left_thumb": {"x": 0.5374010801315308, "y": 0.47338396310806274, "z": 0.04125741869211197, "x_normalized": 39.696504942009945, "y_normalized": 34.92434387857909, "z_normalized": 0.04125741869211197}, "right_thumb": {"x": 0.5162927508354187, "y": 0.4736180901527405, "z": 0.0485205203294754, "x_normalized": 38.116617181645594, "y_normalized": 34.94186750382993, "z_normalized": 0.0485205203294754}, "left_hip": {"x": 0.5327619314193726, "y": 0.5058003664016724, "z": -0.004102497827261686, "x_normalized": 39.34928019645896, "y_normalized": 37.35060310924409, "z_normalized": -0.004102497827261686}, "right_hip": {"x": 0.5195705890655518, "y": 0.5079206228256226, "z": 0.004079566802829504, "x_normalized": 38.36195239636557, "y_normalized": 37.50929720227446, "z_normalized": 0.004079566802829504}, "left_knee": {"x": 0.5327226519584656, "y": 0.5514608025550842, "z": -0.009507576003670692, "x_normalized": 39.3463402603489, "y_normalized": 40.76813384792555, "z_normalized": -0.009507576003670692}, "right_knee": {"x": 0.5216865539550781, "y": 0.5560477375984192, "z": 0.003454444697126746, "x_normalized": 38.520325282415776, "y_normalized": 41.11145057521794, "z_normalized": 0.003454444697126746}, "left_ankle": {"x": 0.5332245230674744, "y": 0.6016508340835571, "z": 0.014130697585642338, "x_normalized": 39.38390363219518, "y_normalized": 44.52468963174784, "z_normalized": 0.014130697585642338}, "right_ankle": {"x": 0.5269730687141418, "y": 0.5974835157394409, "z": 0.033413004130125046, "x_normalized": 38.916003208682, "y_normalized": 44.21277980918203, "z_normalized": 0.033413004130125046}, "left_heel": {"x": 0.533233106136322, "y": 0.6069296002388, "z": 0.013888620771467686, "x_normalized": 39.3845460461555, "y_normalized": 44.91978760096656, "z_normalized": 0.013888620771467686}, "right_heel": {"x": 0.5285441875457764, "y": 0.6021965742111206, "z": 0.03425111249089241, "x_normalized": 39.03359619187629, "y_normalized": 44.56553645272462, "z_normalized": 0.03425111249089241}, "left_foot_index": {"x": 0.5323212146759033, "y": 0.6142517924308777, "z": -0.021814972162246704, "x_normalized": 39.316294024079944, "y_normalized": 45.4678291660292, "z_normalized": -0.021814972162246704}, "right_foot_index": {"x": 0.5229275226593018, "y": 0.6118789911270142, "z": 0.004950926639139652, "x_normalized": 38.613207634178174, "y_normalized": 45.29023293445814, "z_normalized": 0.004950926639139652}}}