{"sequence_id": 1697925405990398000, "sequence_source": "mediapipe", "frame_number": 593, "image_dimensions": {"height": 1080, "width": 1920}, "joint_positions": {"nose": {"x": 0.5333195328712463, "y": 0.4151248037815094, "z": -0.08388446271419525, "x_normalized": 33.81886172245329, "y_normalized": 26.231072191925247, "z_normalized": -0.08388446271419525}, "left_eye_inner": {"x": 0.5344582200050354, "y": 0.4133264422416687, "z": -0.07838929444551468, "x_normalized": 33.892206005924976, "y_normalized": 26.115237442722684, "z_normalized": -0.07838929444551468}, "left_eye": {"x": 0.5353492498397827, "y": 0.41357365250587463, "z": -0.07837119698524475, "x_normalized": 33.94959836844686, "y_normalized": 26.131160569591337, "z_normalized": -0.07837119698524475}, "left_eye_outer": {"x": 0.5362573862075806, "y": 0.41389042139053345, "z": -0.07838893681764603, "x_normalized": 34.00809258447358, "y_normalized": 26.151564055484883, "z_normalized": -0.07838893681764603}, "right_eye_inner": {"x": 0.5319295525550842, "y": 0.41327372193336487, "z": -0.07872258126735687, "x_normalized": 33.72933132617191, "y_normalized": 26.11184166075395, "z_normalized": -0.07872258126735687}, "right_eye": {"x": 0.531051754951477, "y": 0.413504034280777, "z": -0.07874016463756561, "x_normalized": 33.672791268451675, "y_normalized": 26.126676371355632, "z_normalized": -0.07874016463756561}, "right_eye_outer": {"x": 0.5301911234855652, "y": 0.41377100348472595, "z": -0.07872319966554642, "x_normalized": 33.61735690344709, "y_normalized": 26.143872196610534, "z_normalized": -0.07872319966554642}, "left_ear": {"x": 0.5382185578346252, "y": 0.4180169701576233, "z": -0.0450175479054451, "x_normalized": 34.134414138026166, "y_normalized": 26.417360298853353, "z_normalized": -0.0450175479054451}, "right_ear": {"x": 0.5287992358207703, "y": 0.4176330864429474, "z": -0.047174401581287384, "x_normalized": 33.527703652419525, "y_normalized": 26.39263386157847, "z_normalized": -0.047174401581287384}, "mouth_left": {"x": 0.5355460047721863, "y": 0.4206433594226837, "z": -0.07180512696504593, "x_normalized": 33.96227160335788, "y_normalized": 26.58652936474292, "z_normalized": -0.07180512696504593}, "mouth_right": {"x": 0.532091498374939, "y": 0.42056307196617126, "z": -0.07243243604898453, "x_normalized": 33.73976246196507, "y_normalized": 26.581357947770748, "z_normalized": -0.07243243604898453}, "left_shoulder": {"x": 0.5463910698890686, "y": 0.4429471492767334, "z": -0.016194764524698257, "x_normalized": 34.66081601173685, "y_normalized": 28.02314477648007, "z_normalized": -0.016194764524698257}, "right_shoulder": {"x": 0.5215322375297546, "y": 0.44294828176498413, "z": -0.015990503132343292, "x_normalized": 33.059627069459566, "y_normalized": 28.02321772148562, "z_normalized": -0.015990503132343292}, "left_elbow": {"x": 0.5582444667816162, "y": 0.45396268367767334, "z": 0.03261225298047066, "x_normalized": 35.42430834952801, "y_normalized": 28.732669327799215, "z_normalized": 0.03261225298047066}, "right_elbow": {"x": 0.5105858445167542, "y": 0.4533625841140747, "z": 0.028439372777938843, "x_normalized": 32.35455600268958, "y_normalized": 28.694016153281165, "z_normalized": 0.028439372777938843}, "left_wrist": {"x": 0.5561444759368896, "y": 0.4696187973022461, "z": 0.06504658609628677, "x_normalized": 35.28904527397974, "y_normalized": 29.741099476583344, "z_normalized": 0.06504658609628677}, "right_wrist": {"x": 0.5174006223678589, "y": 0.47455230355262756, "z": 0.05588369071483612, "x_normalized": 32.79350449317154, "y_normalized": 30.058872875614572, "z_normalized": 0.05588369071483612}, "left_pinky": {"x": 0.555832028388977, "y": 0.47564074397087097, "z": 0.06939344108104706, "x_normalized": 35.26892013087052, "y_normalized": 30.128980704366473, "z_normalized": 0.06939344108104706}, "right_pinky": {"x": 0.519883394241333, "y": 0.4788587689399719, "z": 0.05836601182818413, "x_normalized": 32.95342298059456, "y_normalized": 30.3362577768379, "z_normalized": 0.05836601182818413}, "left_index": {"x": 0.5544905066490173, "y": 0.47558537125587463, "z": 0.06204766780138016, "x_normalized": 35.182511012984364, "y_normalized": 30.125414077516325, "z_normalized": 0.06204766780138016}, "right_index": {"x": 0.5214874148368835, "y": 0.4780961275100708, "z": 0.055581532418727875, "x_normalized": 33.05673998292425, "y_normalized": 30.287135074418508, "z_normalized": 0.055581532418727875}, "left_thumb": {"x": 0.5543461441993713, "y": 0.4733584523200989, "z": 0.06299491971731186, "x_normalized": 35.173212444382585, "y_normalized": 29.98197540253061, "z_normalized": 0.06299491971731186}, "right_thumb": {"x": 0.5208919048309326, "y": 0.4756297469139099, "z": 0.05579466000199318, "x_normalized": 33.018382427639196, "y_normalized": 30.128272369970507, "z_normalized": 0.05579466000199318}, "left_hip": {"x": 0.5405623316764832, "y": 0.5090392231941223, "z": -0.0013790809316560626, "x_normalized": 34.28537958582105, "y_normalized": 32.280219139389395, "z_normalized": -0.0013790809316560626}, "right_hip": {"x": 0.5252901911735535, "y": 0.506247341632843, "z": 0.0013791840756312013, "x_normalized": 33.30168163312803, "y_normalized": 32.100390504662975, "z_normalized": 0.0013791840756312013}, "left_knee": {"x": 0.538095235824585, "y": 0.5606288909912109, "z": -0.009382366202771664, "x_normalized": 34.12647081084323, "y_normalized": 35.60317511811246, "z_normalized": -0.009382366202771664}, "right_knee": {"x": 0.5228039026260376, "y": 0.557955265045166, "z": -0.017120277509093285, "x_normalized": 33.141536632266735, "y_normalized": 35.430963477649435, "z_normalized": -0.017120277509093285}, "left_ankle": {"x": 0.53371661901474, "y": 0.6073358654975891, "z": 0.0354151576757431, "x_normalized": 33.844438544924415, "y_normalized": 38.611630625026855, "z_normalized": 0.0354151576757431}, "right_ankle": {"x": 0.5201773047447205, "y": 0.6113598942756653, "z": 0.021369630470871925, "x_normalized": 32.972354129139305, "y_normalized": 38.870823425787954, "z_normalized": 0.021369630470871925}, "left_heel": {"x": 0.5315343141555786, "y": 0.6127437949180603, "z": 0.03759412840008736, "x_normalized": 33.703873519236154, "y_normalized": 38.95996222256587, "z_normalized": 0.03759412840008736}, "right_heel": {"x": 0.5214512348175049, "y": 0.6177048087120056, "z": 0.02274096943438053, "x_normalized": 33.05440958195757, "y_normalized": 39.27950741738972, "z_normalized": 0.02274096943438053}, "left_foot_index": {"x": 0.5357440710067749, "y": 0.622702419757843, "z": 0.0014827583217993379, "x_normalized": 33.97502930090689, "y_normalized": 39.60140988765597, "z_normalized": 0.0014827583217993379}, "right_foot_index": {"x": 0.5192296504974365, "y": 0.6284626722335815, "z": -0.01667271926999092, "x_normalized": 32.91131451634009, "y_normalized": 39.97243506034161, "z_normalized": -0.01667271926999092}}}