{"sequence_id": 1697925405990398000, "sequence_source": "mediapipe", "frame_number": 41, "image_dimensions": {"height": 1080, "width": 1920}, "joint_positions": {"nose": {"x": 0.5289052128791809, "y": 0.39773258566856384, "z": -0.12280485033988953, "x_normalized": 14.470661851976903, "y_normalized": 10.682960001209567, "z_normalized": -0.12280485033988953}, "left_eye_inner": {"x": 0.5324345231056213, "y": 0.3879038691520691, "z": -0.11304975301027298, "x_normalized": 14.570704936028488, "y_normalized": 10.404351703981296, "z_normalized": -0.11304975301027298}, "left_eye": {"x": 0.534396231174469, "y": 0.38778388500213623, "z": -0.11302436143159866, "x_normalized": 14.626312211281913, "y_normalized": 10.400950590555034, "z_normalized": -0.11302436143159866}, "left_eye_outer": {"x": 0.5363036394119263, "y": 0.3877667188644409, "z": -0.11311426758766174, "x_normalized": 14.680380284184952, "y_normalized": 10.400463993105078, "z_normalized": -0.11311426758766174}, "right_eye_inner": {"x": 0.525621235370636, "y": 0.3883925974369049, "z": -0.11395558714866638, "x_normalized": 14.377573056480953, "y_normalized": 10.418205369922001, "z_normalized": -0.11395558714866638}, "right_eye": {"x": 0.5232440233230591, "y": 0.38863083720207214, "z": -0.11399506032466888, "x_normalized": 14.310187757534298, "y_normalized": 10.424958599114634, "z_normalized": -0.11399506032466888}, "right_eye_outer": {"x": 0.5209481120109558, "y": 0.38895103335380554, "z": -0.11388230323791504, "x_normalized": 14.245107038177022, "y_normalized": 10.434034993215915, "z_normalized": -0.11388230323791504}, "left_ear": {"x": 0.5404986143112183, "y": 0.39346766471862793, "z": -0.04099149629473686, "x_normalized": 14.799292536018205, "y_normalized": 10.562065033725187, "z_normalized": -0.04099149629473686}, "right_ear": {"x": 0.5167025923728943, "y": 0.39466914534568787, "z": -0.04691099375486374, "x_normalized": 14.124762027185561, "y_normalized": 10.596122631285983, "z_normalized": -0.04691099375486374}, "mouth_left": {"x": 0.533441960811615, "y": 0.409793496131897, "z": -0.09520578384399414, "x_normalized": 14.599262123872842, "y_normalized": 11.024842862677044, "z_normalized": -0.09520578384399414}, "mouth_right": {"x": 0.5238956809043884, "y": 0.4098038375377655, "z": -0.09680451452732086, "x_normalized": 14.328659875313395, "y_normalized": 11.025136003849154, "z_normalized": -0.09680451452732086}, "left_shoulder": {"x": 0.5567365884780884, "y": 0.44057944416999817, "z": 0.014497781172394753, "x_normalized": 15.259579932187991, "y_normalized": 11.897512305025792, "z_normalized": 0.014497781172394753}, "right_shoulder": {"x": 0.49887406826019287, "y": 0.4401662051677704, "z": 0.038204845041036606, "x_normalized": 13.619388336043194, "y_normalized": 11.885798485162763, "z_normalized": 0.038204845041036606}, "left_elbow": {"x": 0.5837627053260803, "y": 0.4670869708061218, "z": 0.13506776094436646, "x_normalized": 16.025671861187554, "y_normalized": 12.648904091270662, "z_normalized": 0.13506776094436646}, "right_elbow": {"x": 0.48043766617774963, "y": 0.45464590191841125, "z": 0.18346363306045532, "x_normalized": 13.096783519576565, "y_normalized": 12.29624512377601, "z_normalized": 0.18346363306045532}, "left_wrist": {"x": 0.5655922293663025, "y": 0.5089886784553528, "z": 0.2529573142528534, "x_normalized": 15.510605081259062, "y_normalized": 13.836664812573106, "z_normalized": 0.2529573142528534}, "right_wrist": {"x": 0.48949235677719116, "y": 0.49703019857406616, "z": 0.3082273304462433, "x_normalized": 13.353451002620314, "y_normalized": 13.497685484847821, "z_normalized": 0.3082273304462433}, "left_pinky": {"x": 0.560484766960144, "y": 0.5211585164070129, "z": 0.26661860942840576, "x_normalized": 15.36582713372653, "y_normalized": 14.181635371400988, "z_normalized": 0.26661860942840576}, "right_pinky": {"x": 0.49304869771003723, "y": 0.5111932754516602, "z": 0.3235554099082947, "x_normalized": 13.454260308698135, "y_normalized": 13.899157103828527, "z_normalized": 0.3235554099082947}, "left_index": {"x": 0.5573964715003967, "y": 0.5192816853523254, "z": 0.2543717622756958, "x_normalized": 15.278285211245194, "y_normalized": 14.128434050205684, "z_normalized": 0.2543717622756958}, "right_index": {"x": 0.4960560202598572, "y": 0.508806586265564, "z": 0.3167131543159485, "x_normalized": 13.539506944249723, "y_normalized": 13.831503162539708, "z_normalized": 0.3167131543159485}, "left_thumb": {"x": 0.5580768585205078, "y": 0.5133052468299866, "z": 0.25117266178131104, "x_normalized": 15.297571703923179, "y_normalized": 13.959023796343555, "z_normalized": 0.25117266178131104}, "right_thumb": {"x": 0.49569928646087646, "y": 0.50272536277771, "z": 0.3080676198005676, "x_normalized": 13.529394840992804, "y_normalized": 13.659122636743465, "z_normalized": 0.3080676198005676}, "left_hip": {"x": 0.5394980311393738, "y": 0.5920248627662659, "z": -0.006876381114125252, "x_normalized": 14.770929649238939, "y_normalized": 16.19043805248408, "z_normalized": -0.006876381114125252}, "right_hip": {"x": 0.5042491555213928, "y": 0.5905940532684326, "z": 0.006937773432582617, "x_normalized": 13.771752472986515, "y_normalized": 16.149879817115263, "z_normalized": 0.006937773432582617}, "left_knee": {"x": 0.5324834585189819, "y": 0.7119223475456238, "z": -0.038298700004816055, "x_normalized": 14.572092076675762, "y_normalized": 19.58909483745386, "z_normalized": -0.038298700004816055}, "right_knee": {"x": 0.5039560794830322, "y": 0.7150557041168213, "z": -0.03437940031290054, "x_normalized": 13.763444835273186, "y_normalized": 19.677914078241333, "z_normalized": -0.03437940031290054}, "left_ankle": {"x": 0.5249149203300476, "y": 0.8054564595222473, "z": 0.11546647548675537, "x_normalized": 14.357551598904596, "y_normalized": 22.240446072056276, "z_normalized": 0.11546647548675537}, "right_ankle": {"x": 0.5072159171104431, "y": 0.8072826266288757, "z": 0.11084907501935959, "x_normalized": 13.855849353105132, "y_normalized": 22.292211254944412, "z_normalized": 0.11084907501935959}, "left_heel": {"x": 0.5222094058990479, "y": 0.813624382019043, "z": 0.12759871780872345, "x_normalized": 14.28086012372751, "y_normalized": 22.47197691078844, "z_normalized": 0.12759871780872345}, "right_heel": {"x": 0.5087085366249084, "y": 0.8166055679321289, "z": 0.12123239040374756, "x_normalized": 13.898159677208689, "y_normalized": 22.556482667930982, "z_normalized": 0.12123239040374756}, "left_foot_index": {"x": 0.5227577686309814, "y": 0.8425392508506775, "z": 0.05624236911535263, "x_normalized": 14.296404208934472, "y_normalized": 23.29160807587911, "z_normalized": 0.05624236911535263}, "right_foot_index": {"x": 0.5039083957672119, "y": 0.8441710472106934, "z": 0.04724462702870369, "x_normalized": 13.762093175689971, "y_normalized": 23.337863556391174, "z_normalized": 0.04724462702870369}}}