{"sequence_id": 1697925405990398000, "sequence_source": "mediapipe", "frame_number": 87, "image_dimensions": {"height": 1080, "width": 1920}, "joint_positions": {"nose": {"x": 0.5201428532600403, "y": 0.40334779024124146, "z": -0.11333584040403366, "x_normalized": 15.27754884378604, "y_normalized": 11.659498848522134, "z_normalized": -0.11333584040403366}, "left_eye_inner": {"x": 0.5227685570716858, "y": 0.39360249042510986, "z": -0.1009427085518837, "x_normalized": 15.357301989136376, "y_normalized": 11.363495045933494, "z_normalized": -0.1009427085518837}, "left_eye": {"x": 0.5246685743331909, "y": 0.3933141231536865, "z": -0.10095397382974625, "x_normalized": 15.415013126300018, "y_normalized": 11.3547361764791, "z_normalized": -0.10095397382974625}, "left_eye_outer": {"x": 0.5265581011772156, "y": 0.3930261731147766, "z": -0.10096967965364456, "x_normalized": 15.472405627452089, "y_normalized": 11.345989980047895, "z_normalized": -0.10096967965364456}, "right_eye_inner": {"x": 0.517538845539093, "y": 0.39440837502479553, "z": -0.10756158828735352, "x_normalized": 15.198454695641448, "y_normalized": 11.387972990220002, "z_normalized": -0.10756158828735352}, "right_eye": {"x": 0.5158683657646179, "y": 0.3947733938694, "z": -0.10760997235774994, "x_normalized": 15.147715531662774, "y_normalized": 11.399060075077113, "z_normalized": -0.10760997235774994}, "right_eye_outer": {"x": 0.5142368078231812, "y": 0.395100474357605, "z": -0.1076616570353508, "x_normalized": 15.098158579704299, "y_normalized": 11.40899482004011, "z_normalized": -0.1076616570353508}, "left_ear": {"x": 0.5311291813850403, "y": 0.3972491919994354, "z": -0.026597045361995697, "x_normalized": 15.611247648629728, "y_normalized": 11.474259984239398, "z_normalized": -0.026597045361995697}, "right_ear": {"x": 0.5110808610916138, "y": 0.40027153491973877, "z": -0.054973676800727844, "x_normalized": 15.00229983231463, "y_normalized": 11.566060648561264, "z_normalized": -0.054973676800727844}, "mouth_left": {"x": 0.5246003866195679, "y": 0.41358765959739685, "z": -0.08504974097013474, "x_normalized": 15.412941992224816, "y_normalized": 11.97052470966758, "z_normalized": -0.08504974097013474}, "mouth_right": {"x": 0.5175082087516785, "y": 0.41533392667770386, "z": -0.09374415874481201, "x_normalized": 15.197524133653115, "y_normalized": 12.023565837786656, "z_normalized": -0.09374415874481201}, "left_shoulder": {"x": 0.5495319962501526, "y": 0.44223442673683167, "z": 0.015638748183846474, "x_normalized": 16.170214871925513, "y_normalized": 12.840641808692862, "z_normalized": 0.015638748183846474}, "right_shoulder": {"x": 0.4944201111793518, "y": 0.44498199224472046, "z": -0.0062387678772211075, "x_normalized": 14.496246101690103, "y_normalized": 12.924096382029868, "z_normalized": -0.0062387678772211075}, "left_elbow": {"x": 0.5805965065956116, "y": 0.4638468623161316, "z": 0.07179198414087296, "x_normalized": 17.11376851945814, "y_normalized": 13.497098073289783, "z_normalized": 0.07179198414087296}, "right_elbow": {"x": 0.48157116770744324, "y": 0.45580196380615234, "z": 0.07285229116678238, "x_normalized": 14.105972205689932, "y_normalized": 13.252742271485543, "z_normalized": 0.07285229116678238}, "left_wrist": {"x": 0.5642312169075012, "y": 0.500314474105835, "z": 0.10390406101942062, "x_normalized": 16.616689099682194, "y_normalized": 14.604765560667657, "z_normalized": 0.10390406101942062}, "right_wrist": {"x": 0.49881744384765625, "y": 0.4735770523548126, "z": 0.16095788776874542, "x_normalized": 14.629810713926123, "y_normalized": 13.79264293139585, "z_normalized": 0.16095788776874542}, "left_pinky": {"x": 0.5584274530410767, "y": 0.5128815770149231, "z": 0.10356412827968597, "x_normalized": 16.440405536713257, "y_normalized": 14.986478829504723, "z_normalized": 0.10356412827968597}, "right_pinky": {"x": 0.5026195645332336, "y": 0.4799143970012665, "z": 0.16160941123962402, "x_normalized": 14.745296353369342, "y_normalized": 13.985133480589619, "z_normalized": 0.16160941123962402}, "left_index": {"x": 0.5549387335777283, "y": 0.5102115869522095, "z": 0.09063725918531418, "x_normalized": 16.334439148115678, "y_normalized": 14.905380533264635, "z_normalized": 0.09063725918531418}, "right_index": {"x": 0.5043750405311584, "y": 0.4824458956718445, "z": 0.15858392417430878, "x_normalized": 14.798617193214483, "y_normalized": 14.062025238347424, "z_normalized": 0.15858392417430878}, "left_thumb": {"x": 0.5557495355606079, "y": 0.5059535503387451, "z": 0.09959079325199127, "x_normalized": 16.359066453032607, "y_normalized": 14.776046900341331, "z_normalized": 0.09959079325199127}, "right_thumb": {"x": 0.5032936334609985, "y": 0.4809018671512604, "z": 0.16052085161209106, "x_normalized": 14.765770527544566, "y_normalized": 14.015126905610481, "z_normalized": 0.16052085161209106}, "left_hip": {"x": 0.5377302765846252, "y": 0.5921900272369385, "z": -0.0031410555820912123, "x_normalized": 15.811749358909832, "y_normalized": 17.395394233448357, "z_normalized": -0.0031410555820912123}, "right_hip": {"x": 0.5048171281814575, "y": 0.5913892984390259, "z": 0.003207731293514371, "x_normalized": 14.8120451664975, "y_normalized": 17.37107289151981, "z_normalized": 0.003207731293514371}, "left_knee": {"x": 0.5320303440093994, "y": 0.7121484279632568, "z": -0.041763946413993835, "x_normalized": 15.638619568282678, "y_normalized": 21.039011509200595, "z_normalized": -0.041763946413993835}, "right_knee": {"x": 0.5043960809707642, "y": 0.7084199786186218, "z": -0.018740125000476837, "x_normalized": 14.799256275669505, "y_normalized": 20.925763563565898, "z_normalized": -0.018740125000476837}, "left_ankle": {"x": 0.5237798094749451, "y": 0.8026098608970642, "z": 0.10472609847784042, "x_normalized": 15.388017776478922, "y_normalized": 23.78668768553535, "z_normalized": 0.10472609847784042}, "right_ankle": {"x": 0.5055645704269409, "y": 0.7672330141067505, "z": 0.20754435658454895, "x_normalized": 14.834747982321826, "y_normalized": 22.71215110163317, "z_normalized": 0.20754435658454895}, "left_heel": {"x": 0.520725667476654, "y": 0.8080310225486755, "z": 0.1161959245800972, "x_normalized": 15.295251246746986, "y_normalized": 23.951350086241423, "z_normalized": 0.1161959245800972}, "right_heel": {"x": 0.507050633430481, "y": 0.7693831920623779, "z": 0.22762912511825562, "x_normalized": 14.879885670051658, "y_normalized": 22.777460621413613, "z_normalized": 0.22762912511825562}, "left_foot_index": {"x": 0.5230804085731506, "y": 0.841117799282074, "z": 0.04241131618618965, "x_normalized": 15.366774168753032, "y_normalized": 24.956328066731608, "z_normalized": 0.04241131618618965}, "right_foot_index": {"x": 0.503914475440979, "y": 0.8090999126434326, "z": 0.1777488738298416, "x_normalized": 14.78462798604745, "y_normalized": 23.98381656121572, "z_normalized": 0.1777488738298416}}}