{"sequence_id": 1697925405990398000, "sequence_source": "mediapipe", "frame_number": 232, "image_dimensions": {"height": 1080, "width": 1920}, "joint_positions": {"nose": {"x": 0.5171921253204346, "y": 0.42125898599624634, "z": -0.18759317696094513, "x_normalized": 21.32301240116085, "y_normalized": 17.2315010092484, "z_normalized": -0.18759317696094513}, "left_eye_inner": {"x": 0.5190659165382385, "y": 0.41527724266052246, "z": -0.17925862967967987, "x_normalized": 21.4021470847163, "y_normalized": 16.978877685217025, "z_normalized": -0.17925862967967987}, "left_eye": {"x": 0.5204479694366455, "y": 0.41527774930000305, "z": -0.17921312153339386, "x_normalized": 21.4605144832467, "y_normalized": 16.97889908181372, "z_normalized": -0.17921312153339386}, "left_eye_outer": {"x": 0.5219139456748962, "y": 0.4152507781982422, "z": -0.17924000322818756, "x_normalized": 21.522426165088046, "y_normalized": 16.977760027695677, "z_normalized": -0.17924000322818756}, "right_eye_inner": {"x": 0.5152374505996704, "y": 0.4153974950313568, "z": -0.1823807805776596, "x_normalized": 21.24046181387461, "y_normalized": 16.98395623037315, "z_normalized": -0.1823807805776596}, "right_eye": {"x": 0.5137448906898499, "y": 0.415601521730423, "z": -0.18241220712661743, "x_normalized": 21.17742744001858, "y_normalized": 16.992572765723544, "z_normalized": -0.18241220712661743}, "right_eye_outer": {"x": 0.5121641159057617, "y": 0.4158412218093872, "z": -0.18237273395061493, "x_normalized": 21.11066754109139, "y_normalized": 17.002695873205752, "z_normalized": -0.18237273395061493}, "left_ear": {"x": 0.52497798204422, "y": 0.4176698327064514, "z": -0.11588753759860992, "x_normalized": 21.651827747390794, "y_normalized": 17.07992248378557, "z_normalized": -0.11588753759860992}, "right_ear": {"x": 0.5086156725883484, "y": 0.4194863438606262, "z": -0.13131830096244812, "x_normalized": 20.960808295103966, "y_normalized": 17.156638093291434, "z_normalized": -0.13131830096244812}, "mouth_left": {"x": 0.5201379060745239, "y": 0.42810308933258057, "z": -0.16291704773902893, "x_normalized": 21.447419766070908, "y_normalized": 17.52054385809704, "z_normalized": -0.16291704773902893}, "mouth_right": {"x": 0.5147019028663635, "y": 0.4290774464607239, "z": -0.1672540009021759, "x_normalized": 21.21784435254733, "y_normalized": 17.56169328940667, "z_normalized": -0.1672540009021759}, "left_shoulder": {"x": 0.5380082726478577, "y": 0.44833070039749146, "z": -0.04531393200159073, "x_normalized": 22.202128076347886, "y_normalized": 18.374804239667426, "z_normalized": -0.04531393200159073}, "right_shoulder": {"x": 0.4978788495063782, "y": 0.4508896470069885, "z": -0.08044459670782089, "x_normalized": 20.507366583503703, "y_normalized": 18.482874673691114, "z_normalized": -0.08044459670782089}, "left_elbow": {"x": 0.5575267672538757, "y": 0.4618067741394043, "z": 0.060600053519010544, "x_normalized": 23.02644077428882, "y_normalized": 18.94393105646723, "z_normalized": 0.060600053519010544}, "right_elbow": {"x": 0.4881571829319, "y": 0.46220651268959045, "z": -0.04543003812432289, "x_normalized": 20.096797358558483, "y_normalized": 18.960812971257592, "z_normalized": -0.04543003812432289}, "left_wrist": {"x": 0.5631210207939148, "y": 0.4760841727256775, "z": 0.1358378827571869, "x_normalized": 23.262699477720457, "y_normalized": 19.546899737494517, "z_normalized": 0.1358378827571869}, "right_wrist": {"x": 0.48410189151763916, "y": 0.4697363078594208, "z": -0.040746450424194336, "x_normalized": 19.92553270551524, "y_normalized": 19.27881422579449, "z_normalized": -0.040746450424194336}, "left_pinky": {"x": 0.5666714310646057, "y": 0.47950056195259094, "z": 0.1514596939086914, "x_normalized": 23.41264179284798, "y_normalized": 19.69118202348521, "z_normalized": 0.1514596939086914}, "right_pinky": {"x": 0.4834425747394562, "y": 0.470498263835907, "z": -0.038591597229242325, "x_normalized": 19.897688181478323, "y_normalized": 19.310993448596637, "z_normalized": -0.038591597229242325}, "left_index": {"x": 0.5650966167449951, "y": 0.47761914134025574, "z": 0.13687579333782196, "x_normalized": 23.34613361858776, "y_normalized": 19.61172513235604, "z_normalized": 0.13687579333782196}, "right_index": {"x": 0.4845045208930969, "y": 0.46949225664138794, "z": -0.044285550713539124, "x_normalized": 19.942536706769083, "y_normalized": 19.268507359305392, "z_normalized": -0.044285550713539124}, "left_thumb": {"x": 0.5627310872077942, "y": 0.47737160325050354, "z": 0.13282009959220886, "x_normalized": 23.24623165000726, "y_normalized": 19.601271006936763, "z_normalized": 0.13282009959220886}, "right_thumb": {"x": 0.486756294965744, "y": 0.4681583642959595, "z": -0.04175567999482155, "x_normalized": 20.037634510080455, "y_normalized": 19.21217389608411, "z_normalized": -0.04175567999482155}, "left_hip": {"x": 0.5310804843902588, "y": 0.5588815808296204, "z": -0.003433795180171728, "x_normalized": 21.909551013174987, "y_normalized": 23.04363225884553, "z_normalized": -0.003433795180171728}, "right_hip": {"x": 0.5074149370193481, "y": 0.5596649050712585, "z": 0.0033436024095863104, "x_normalized": 20.9100983609428, "y_normalized": 23.076713914578768, "z_normalized": 0.0033436024095863104}, "left_knee": {"x": 0.5294386744499207, "y": 0.6399484276771545, "z": -0.055168215185403824, "x_normalized": 21.84021345365802, "y_normalized": 26.46727904038839, "z_normalized": -0.055168215185403824}, "right_knee": {"x": 0.5056532025337219, "y": 0.6402696967124939, "z": 0.032219335436820984, "x_normalized": 20.83569610112639, "y_normalized": 26.48084699993809, "z_normalized": 0.032219335436820984}, "left_ankle": {"x": 0.5243527889251709, "y": 0.7142141461372375, "z": 0.020076453685760498, "x_normalized": 21.62542434707228, "y_normalized": 29.603697907931473, "z_normalized": 0.020076453685760498}, "right_ankle": {"x": 0.5088931322097778, "y": 0.6893269419670105, "z": 0.19378048181533813, "x_normalized": 20.972526078351432, "y_normalized": 28.552651767957055, "z_normalized": 0.19378048181533813}, "left_heel": {"x": 0.521906852722168, "y": 0.7204539179801941, "z": 0.02404015325009823, "x_normalized": 21.52212661273435, "y_normalized": 29.86721839279599, "z_normalized": 0.02404015325009823}, "right_heel": {"x": 0.5115257501602173, "y": 0.6940742135047913, "z": 0.2076919972896576, "x_normalized": 21.08370782925887, "y_normalized": 28.753140396212213, "z_normalized": 0.2076919972896576}, "left_foot_index": {"x": 0.522570788860321, "y": 0.7448456287384033, "z": -0.038009703159332275, "x_normalized": 21.55016622338817, "y_normalized": 30.897338661205165, "z_normalized": -0.038009703159332275}, "right_foot_index": {"x": 0.5050368309020996, "y": 0.7159958481788635, "z": 0.17109371721744537, "x_normalized": 20.809665253314993, "y_normalized": 29.67894344538223, "z_normalized": 0.17109371721744537}}}