{"sequence_id": 1697925405990398000, "sequence_source": "mediapipe", "frame_number": 588, "image_dimensions": {"height": 1080, "width": 1920}, "joint_positions": {"nose": {"x": 0.5318079590797424, "y": 0.4216567873954773, "z": -0.0967060774564743, "x_normalized": 33.48242127198623, "y_normalized": 26.45832858791634, "z_normalized": -0.0967060774564743}, "left_eye_inner": {"x": 0.5328794121742249, "y": 0.41832706332206726, "z": -0.09174514561891556, "x_normalized": 33.5509526056004, "y_normalized": 26.245355726581504, "z_normalized": -0.09174514561891556}, "left_eye": {"x": 0.533798336982727, "y": 0.41829100251197815, "z": -0.09172096103429794, "x_normalized": 33.609728060113625, "y_normalized": 26.243049236993354, "z_normalized": -0.09172096103429794}, "left_eye_outer": {"x": 0.5346920490264893, "y": 0.4183233976364136, "z": -0.09174025803804398, "x_normalized": 33.66689087810488, "y_normalized": 26.245121265243203, "z_normalized": -0.09174025803804398}, "right_eye_inner": {"x": 0.5303705334663391, "y": 0.41877785325050354, "z": -0.09256307035684586, "x_normalized": 33.39048192833697, "y_normalized": 26.27418875262311, "z_normalized": -0.09256307035684586}, "right_eye": {"x": 0.529460608959198, "y": 0.4190326929092407, "z": -0.0925920158624649, "x_normalized": 33.332282143125916, "y_normalized": 26.29048858110928, "z_normalized": -0.0925920158624649}, "right_eye_outer": {"x": 0.5285741090774536, "y": 0.41928908228874207, "z": -0.09257450699806213, "x_normalized": 33.275580623052285, "y_normalized": 26.306887531462046, "z_normalized": -0.09257450699806213}, "left_ear": {"x": 0.5367057919502258, "y": 0.42143192887306213, "z": -0.0566914938390255, "x_normalized": 33.7956921189902, "y_normalized": 26.4439463863109, "z_normalized": -0.0566914938390255}, "right_ear": {"x": 0.5269360542297363, "y": 0.42259013652801514, "z": -0.06108466908335686, "x_normalized": 33.17080881005804, "y_normalized": 26.518026638264818, "z_normalized": -0.06108466908335686}, "mouth_left": {"x": 0.5339556336402893, "y": 0.4264821708202362, "z": -0.08335983753204346, "x_normalized": 33.61978892957333, "y_normalized": 26.766965487656847, "z_normalized": -0.08335983753204346}, "mouth_right": {"x": 0.5306217074394226, "y": 0.4270727038383484, "z": -0.08459577709436417, "x_normalized": 33.406547295484835, "y_normalized": 26.80473663739997, "z_normalized": -0.08459577709436417}, "left_shoulder": {"x": 0.545164167881012, "y": 0.44591590762138367, "z": -0.023465221747756004, "x_normalized": 34.33669926688291, "y_normalized": 28.009968944315595, "z_normalized": -0.023465221747756004}, "right_shoulder": {"x": 0.5196095705032349, "y": 0.44724467396736145, "z": -0.02524643763899803, "x_normalized": 32.70219874857683, "y_normalized": 28.09495832016454, "z_normalized": -0.02524643763899803}, "left_elbow": {"x": 0.5568382143974304, "y": 0.45704448223114014, "z": 0.030256042256951332, "x_normalized": 35.08338428796678, "y_normalized": 28.72176497454666, "z_normalized": 0.030256042256951332}, "right_elbow": {"x": 0.5095263719558716, "y": 0.45909762382507324, "z": 0.024356458336114883, "x_normalized": 32.05726613593545, "y_normalized": 28.853086198271267, "z_normalized": 0.024356458336114883}, "left_wrist": {"x": 0.5540953874588013, "y": 0.4742811918258667, "z": 0.06697183102369308, "x_normalized": 34.90795002122651, "y_normalized": 29.824244123405105, "z_normalized": 0.06697183102369308}, "right_wrist": {"x": 0.516693651676178, "y": 0.47795620560646057, "z": 0.05548689514398575, "x_normalized": 32.515693331813445, "y_normalized": 30.059302099093905, "z_normalized": 0.05548689514398575}, "left_pinky": {"x": 0.5536839365959167, "y": 0.48120948672294617, "z": 0.0723472312092781, "x_normalized": 34.8816331656447, "y_normalized": 30.267385583739816, "z_normalized": 0.0723472312092781}, "right_pinky": {"x": 0.5191794633865356, "y": 0.48440021276474, "z": 0.059397440403699875, "x_normalized": 32.67468861821636, "y_normalized": 30.471467976116696, "z_normalized": 0.059397440403699875}, "left_index": {"x": 0.5472725629806519, "y": 0.4803864061832428, "z": 0.06493227183818817, "x_normalized": 34.4715545663897, "y_normalized": 30.214740435437744, "z_normalized": 0.06493227183818817}, "right_index": {"x": 0.5206727981567383, "y": 0.48405954241752625, "z": 0.055290207266807556, "x_normalized": 32.770203973822134, "y_normalized": 30.449678321172783, "z_normalized": 0.055290207266807556}, "left_thumb": {"x": 0.5478042960166931, "y": 0.47810786962509155, "z": 0.06526102125644684, "x_normalized": 34.505564803771314, "y_normalized": 30.06900269869233, "z_normalized": 0.06526102125644684}, "right_thumb": {"x": 0.5201705694198608, "y": 0.4814072251319885, "z": 0.055275026708841324, "x_normalized": 32.738080864285365, "y_normalized": 30.280033152679792, "z_normalized": 0.055275026708841324}, "left_hip": {"x": 0.5403602123260498, "y": 0.5123176574707031, "z": -0.0016096626641228795, "x_normalized": 34.0294329175671, "y_normalized": 32.25709884194908, "z_normalized": -0.0016096626641228795}, "right_hip": {"x": 0.5248563289642334, "y": 0.5103009343147278, "z": 0.0016277629183605313, "x_normalized": 33.037787265083324, "y_normalized": 32.12810698208953, "z_normalized": 0.0016277629183605313}, "left_knee": {"x": 0.5370458960533142, "y": 0.5632287263870239, "z": -0.006029119249433279, "x_normalized": 33.81744555632901, "y_normalized": 35.51342752915462, "z_normalized": -0.006029119249433279}, "right_knee": {"x": 0.5220280885696411, "y": 0.5627408027648926, "z": -0.028004003688693047, "x_normalized": 32.8568898585417, "y_normalized": 35.48221939069414, "z_normalized": -0.028004003688693047}, "left_ankle": {"x": 0.5336037278175354, "y": 0.6082618236541748, "z": 0.042288027703762054, "x_normalized": 33.59728064109658, "y_normalized": 38.39379460111234, "z_normalized": 0.042288027703762054}, "right_ankle": {"x": 0.5186861753463745, "y": 0.6156511306762695, "z": 0.0032039727084338665, "x_normalized": 32.64313736560227, "y_normalized": 38.866422910570265, "z_normalized": 0.0032039727084338665}, "left_heel": {"x": 0.531363844871521, "y": 0.6135242581367493, "z": 0.04504503682255745, "x_normalized": 33.4540152324469, "y_normalized": 38.73038577342327, "z_normalized": 0.04504503682255745}, "right_heel": {"x": 0.5198608040809631, "y": 0.6219807267189026, "z": 0.003864845959469676, "x_normalized": 32.71826792810418, "y_normalized": 39.27127092517247, "z_normalized": 0.003864845959469676}, "left_foot_index": {"x": 0.5359207391738892, "y": 0.6236896514892578, "z": 0.010376396588981152, "x_normalized": 33.74547926879927, "y_normalized": 39.38057565737384, "z_normalized": 0.010376396588981152}, "right_foot_index": {"x": 0.5170864462852478, "y": 0.6339813470840454, "z": -0.03741100803017616, "x_normalized": 32.54081691261659, "y_normalized": 40.03884397345216, "z_normalized": -0.03741100803017616}}}