{"sequence_id": 1697925405990398000, "sequence_source": "mediapipe", "frame_number": 57, "image_dimensions": {"height": 1080, "width": 1920}, "joint_positions": {"nose": {"x": 0.5201590061187744, "y": 0.3923361003398895, "z": -0.1412452906370163, "x_normalized": 15.159287179611773, "y_normalized": 11.23808812088095, "z_normalized": -0.1412452906370163}, "left_eye_inner": {"x": 0.521905779838562, "y": 0.38352304697036743, "z": -0.13365529477596283, "x_normalized": 15.211941506149389, "y_normalized": 10.972429561529218, "z_normalized": -0.13365529477596283}, "left_eye": {"x": 0.5235649347305298, "y": 0.3834257423877716, "z": -0.13361941277980804, "x_normalized": 15.26195467183222, "y_normalized": 10.969496435613957, "z_normalized": -0.13361941277980804}, "left_eye_outer": {"x": 0.5253073573112488, "y": 0.38334858417510986, "z": -0.13371744751930237, "x_normalized": 15.314477838681126, "y_normalized": 10.967170597024488, "z_normalized": -0.13371744751930237}, "right_eye_inner": {"x": 0.5172325968742371, "y": 0.38437986373901367, "z": -0.13385887444019318, "x_normalized": 15.07107420377006, "y_normalized": 10.9982572399561, "z_normalized": -0.13385887444019318}, "right_eye": {"x": 0.5155496597290039, "y": 0.3849616050720215, "z": -0.13390880823135376, "x_normalized": 15.020344151569503, "y_normalized": 11.015793110665413, "z_normalized": -0.13390880823135376}, "right_eye_outer": {"x": 0.5138100385665894, "y": 0.3856212794780731, "z": -0.13381600379943848, "x_normalized": 14.967905429999625, "y_normalized": 11.03567817716903, "z_normalized": -0.13381600379943848}, "left_ear": {"x": 0.528869092464447, "y": 0.3892156481742859, "z": -0.0687226727604866, "x_normalized": 15.42184192578212, "y_normalized": 11.144025961935327, "z_normalized": -0.0687226727604866}, "right_ear": {"x": 0.5102059841156006, "y": 0.3926156759262085, "z": -0.06574205309152603, "x_normalized": 14.859265680172852, "y_normalized": 11.246515580057387, "z_normalized": -0.06574205309152603}, "mouth_left": {"x": 0.5240882039070129, "y": 0.4038132429122925, "z": -0.11762242019176483, "x_normalized": 15.277727971930279, "y_normalized": 11.584052343882625, "z_normalized": -0.11762242019176483}, "mouth_right": {"x": 0.5169217586517334, "y": 0.40479734539985657, "z": -0.11603479832410812, "x_normalized": 15.061704371213803, "y_normalized": 11.613716892381202, "z_normalized": -0.11603479832410812}, "left_shoulder": {"x": 0.5486555695533752, "y": 0.4343053102493286, "z": -0.017675211653113365, "x_normalized": 16.01828072828262, "y_normalized": 12.503197881844155, "z_normalized": -0.017675211653113365}, "right_shoulder": {"x": 0.49322518706321716, "y": 0.44174686074256897, "z": 0.015860656276345253, "x_normalized": 14.347400621329466, "y_normalized": 12.727514188632231, "z_normalized": 0.015860656276345253}, "left_elbow": {"x": 0.574164628982544, "y": 0.4584580361843109, "z": 0.09450561553239822, "x_normalized": 16.787219675345657, "y_normalized": 13.231251838545948, "z_normalized": 0.09450561553239822}, "right_elbow": {"x": 0.4785520136356354, "y": 0.45485734939575195, "z": 0.15003886818885803, "x_normalized": 13.905096013556408, "y_normalized": 13.122713602724819, "z_normalized": 0.15003886818885803}, "left_wrist": {"x": 0.5557864308357239, "y": 0.4873995780944824, "z": 0.2270348221063614, "x_normalized": 16.233231694284598, "y_normalized": 14.103658711272157, "z_normalized": 0.2270348221063614}, "right_wrist": {"x": 0.48735541105270386, "y": 0.4772687554359436, "z": 0.2850227653980255, "x_normalized": 14.170463506201695, "y_normalized": 13.798277631676896, "z_normalized": 0.2850227653980255}, "left_pinky": {"x": 0.5506390929222107, "y": 0.49969470500946045, "z": 0.24118152260780334, "x_normalized": 16.07807157925234, "y_normalized": 14.474280057396708, "z_normalized": 0.24118152260780334}, "right_pinky": {"x": 0.4919876158237457, "y": 0.48648297786712646, "z": 0.30123621225357056, "x_normalized": 14.310095571786695, "y_normalized": 14.076028934656604, "z_normalized": 0.30123621225357056}, "left_index": {"x": 0.5473219156265259, "y": 0.4989902079105377, "z": 0.23207584023475647, "x_normalized": 15.978079385339907, "y_normalized": 14.453043866428601, "z_normalized": 0.23207584023475647}, "right_index": {"x": 0.49487408995628357, "y": 0.4879692792892456, "z": 0.2954561114311218, "x_normalized": 14.397104753225207, "y_normalized": 14.120831646952446, "z_normalized": 0.2954561114311218}, "left_thumb": {"x": 0.548572301864624, "y": 0.49443626403808594, "z": 0.22711627185344696, "x_normalized": 16.015770727116543, "y_normalized": 14.315770878532263, "z_normalized": 0.22711627185344696}, "right_thumb": {"x": 0.4943866729736328, "y": 0.4843733608722687, "z": 0.2848254144191742, "x_normalized": 14.382412173027932, "y_normalized": 14.012437147776474, "z_normalized": 0.2848254144191742}, "left_hip": {"x": 0.536831259727478, "y": 0.5891390442848206, "z": -0.007438289932906628, "x_normalized": 15.661851579159386, "y_normalized": 17.170468690071274, "z_normalized": -0.007438289932906628}, "right_hip": {"x": 0.5036901235580444, "y": 0.5876546502113342, "z": 0.00746685778722167, "x_normalized": 14.662853147980163, "y_normalized": 17.125723472433496, "z_normalized": 0.00746685778722167}, "left_knee": {"x": 0.5311263799667358, "y": 0.713322103023529, "z": -0.029498737305402756, "x_normalized": 15.489885056891996, "y_normalized": 20.913812920177293, "z_normalized": -0.029498737305402756}, "right_knee": {"x": 0.5052529573440552, "y": 0.7129020690917969, "z": -0.023241546005010605, "x_normalized": 14.709962833430797, "y_normalized": 20.90115151844691, "z_normalized": -0.023241546005010605}, "left_ankle": {"x": 0.52299964427948, "y": 0.8070359230041504, "z": 0.11649689078330994, "x_normalized": 15.244914692548702, "y_normalized": 23.738699751510474, "z_normalized": 0.11649689078330994}, "right_ankle": {"x": 0.5084433555603027, "y": 0.8063303828239441, "z": 0.12060019373893738, "x_normalized": 14.806133429290087, "y_normalized": 23.717432118151237, "z_normalized": 0.12060019373893738}, "left_heel": {"x": 0.5214093923568726, "y": 0.8163394927978516, "z": 0.12864170968532562, "x_normalized": 15.19697852138841, "y_normalized": 24.019144319878833, "z_normalized": 0.12864170968532562}, "right_heel": {"x": 0.5099360346794128, "y": 0.8165332674980164, "z": 0.1319676637649536, "x_normalized": 14.851128389348828, "y_normalized": 24.024985417796454, "z_normalized": 0.1319676637649536}, "left_foot_index": {"x": 0.5225798487663269, "y": 0.8422094583511353, "z": 0.06262237578630447, "x_normalized": 15.232260477650579, "y_normalized": 24.798962334272293, "z_normalized": 0.06262237578630447}, "right_foot_index": {"x": 0.5050773024559021, "y": 0.8423205018043518, "z": 0.06446648389101028, "x_normalized": 14.704667934764778, "y_normalized": 24.802309601396416, "z_normalized": 0.06446648389101028}}}