{"sequence_id": 1697925405990398000, "sequence_source": "mediapipe", "frame_number": 470, "image_dimensions": {"height": 1080, "width": 1920}, "joint_positions": {"nose": {"x": 0.526921272277832, "y": 0.41313740611076355, "z": -0.07898350059986115, "x_normalized": 29.295198378686827, "y_normalized": 22.86568830668432, "z_normalized": -0.07898350059986115}, "left_eye_inner": {"x": 0.5288429260253906, "y": 0.4087558388710022, "z": -0.07396164536476135, "x_normalized": 29.40395416539811, "y_normalized": 22.617713981031724, "z_normalized": -0.07396164536476135}, "left_eye": {"x": 0.5300649404525757, "y": 0.4087978005409241, "z": -0.07393770664930344, "x_normalized": 29.473113940185787, "y_normalized": 22.620088797217974, "z_normalized": -0.07393770664930344}, "left_eye_outer": {"x": 0.5312826037406921, "y": 0.408888041973114, "z": -0.0739661380648613, "x_normalized": 29.542027462726878, "y_normalized": 22.625196001345795, "z_normalized": -0.0739661380648613}, "right_eye_inner": {"x": 0.5256063938140869, "y": 0.40879639983177185, "z": -0.07337963581085205, "x_normalized": 29.220782973759693, "y_normalized": 22.620009524234487, "z_normalized": -0.07337963581085205}, "right_eye": {"x": 0.5246986746788025, "y": 0.40889430046081543, "z": -0.07340158522129059, "x_normalized": 29.169410707139775, "y_normalized": 22.625550199782666, "z_normalized": -0.07340158522129059}, "right_eye_outer": {"x": 0.5238378047943115, "y": 0.4089813530445099, "z": -0.07336369901895523, "x_normalized": 29.120689868818715, "y_normalized": 22.6304769313736, "z_normalized": -0.07336369901895523}, "left_ear": {"x": 0.5333935618400574, "y": 0.411899209022522, "z": -0.03845507279038429, "x_normalized": 29.66149690882386, "y_normalized": 22.79561267593845, "z_normalized": -0.03845507279038429}, "right_ear": {"x": 0.5226309299468994, "y": 0.4121105968952179, "z": -0.03586864471435547, "x_normalized": 29.05238691691642, "y_normalized": 22.807576149808536, "z_normalized": -0.03586864471435547}, "mouth_left": {"x": 0.5295087099075317, "y": 0.41909950971603394, "z": -0.06552784144878387, "x_normalized": 29.44163413244417, "y_normalized": 23.203112917579563, "z_normalized": -0.06552784144878387}, "mouth_right": {"x": 0.5248808264732361, "y": 0.4185798168182373, "z": -0.0647989958524704, "x_normalized": 29.179719568311913, "y_normalized": 23.17370095404558, "z_normalized": -0.0647989958524704}, "left_shoulder": {"x": 0.5429825186729431, "y": 0.43975332379341125, "z": -0.007845680229365826, "x_normalized": 30.20418288720364, "y_normalized": 24.372013299049154, "z_normalized": -0.007845680229365826}, "right_shoulder": {"x": 0.5139515399932861, "y": 0.439934104681015, "z": 0.0016761496663093567, "x_normalized": 28.561177778028394, "y_normalized": 24.382244573897022, "z_normalized": 0.0016761496663093567}, "left_elbow": {"x": 0.5552744269371033, "y": 0.45412126183509827, "z": 0.05209096893668175, "x_normalized": 30.899842110489846, "y_normalized": 25.185165203822763, "z_normalized": 0.05209096893668175}, "right_elbow": {"x": 0.5011813640594482, "y": 0.4501885175704956, "z": 0.05303258076310158, "x_normalized": 27.838451047528437, "y_normalized": 24.962591966071408, "z_normalized": 0.05303258076310158}, "left_wrist": {"x": 0.5455366373062134, "y": 0.469224214553833, "z": 0.10646101832389832, "x_normalized": 30.348732955949455, "y_normalized": 26.039915185017904, "z_normalized": 0.10646101832389832}, "right_wrist": {"x": 0.5081470608711243, "y": 0.46875640749931335, "z": 0.08774524182081223, "x_normalized": 28.2326739077646, "y_normalized": 26.013439695191494, "z_normalized": 0.08774524182081223}, "left_pinky": {"x": 0.5431710481643677, "y": 0.4761747717857361, "z": 0.11334402859210968, "x_normalized": 30.21485269344954, "y_normalized": 26.433281222368688, "z_normalized": 0.11334402859210968}, "right_pinky": {"x": 0.5092830061912537, "y": 0.47945958375930786, "z": 0.0911640077829361, "x_normalized": 28.296962610715703, "y_normalized": 26.61918480194867, "z_normalized": 0.0911640077829361}, "left_index": {"x": 0.5417338013648987, "y": 0.4733002781867981, "z": 0.10663845390081406, "x_normalized": 30.133511865751984, "y_normalized": 26.27059956697358, "z_normalized": 0.10663845390081406}, "right_index": {"x": 0.512518584728241, "y": 0.47725987434387207, "z": 0.08747758716344833, "x_normalized": 28.48007982925898, "y_normalized": 26.49469248468503, "z_normalized": 0.08747758716344833}, "left_thumb": {"x": 0.5419257879257202, "y": 0.46952441334724426, "z": 0.1054297536611557, "x_normalized": 30.144377324467772, "y_normalized": 26.056904903373095, "z_normalized": 0.1054297536611557}, "right_thumb": {"x": 0.5121237635612488, "y": 0.4744308888912201, "z": 0.08729080855846405, "x_normalized": 28.45773496787016, "y_normalized": 26.334586357923733, "z_normalized": 0.08729080855846405}, "left_hip": {"x": 0.5345553755760193, "y": 0.5173091292381287, "z": -0.0036203747149556875, "x_normalized": 29.727249631980694, "y_normalized": 28.76127574858424, "z_normalized": -0.0036203747149556875}, "right_hip": {"x": 0.5171530842781067, "y": 0.5142481923103333, "z": 0.0036190247628837824, "x_normalized": 28.742368831738787, "y_normalized": 28.588042353088856, "z_normalized": 0.0036190247628837824}, "left_knee": {"x": 0.5317724347114563, "y": 0.5815607309341431, "z": -0.014461252838373184, "x_normalized": 29.569749393719224, "y_normalized": 32.39758822099903, "z_normalized": -0.014461252838373184}, "right_knee": {"x": 0.519191563129425, "y": 0.5795735120773315, "z": -0.005922127980738878, "x_normalized": 28.85773632260497, "y_normalized": 32.28512178399673, "z_normalized": -0.005922127980738878}, "left_ankle": {"x": 0.5282772779464722, "y": 0.6336904168128967, "z": 0.034889042377471924, "x_normalized": 29.371941373341965, "y_normalized": 35.34786217433669, "z_normalized": 0.034889042377471924}, "right_ankle": {"x": 0.521897554397583, "y": 0.6340389251708984, "z": 0.04323406144976616, "x_normalized": 29.01088160675216, "y_normalized": 35.367585967292676, "z_normalized": 0.04323406144976616}, "left_heel": {"x": 0.5270949602127075, "y": 0.6395904421806335, "z": 0.037408873438835144, "x_normalized": 29.30502822863958, "y_normalized": 35.681773474070035, "z_normalized": 0.037408873438835144}, "right_heel": {"x": 0.5229848027229309, "y": 0.6406609416007996, "z": 0.045327913016080856, "x_normalized": 29.072414308532576, "y_normalized": 35.74235827336701, "z_normalized": 0.045327913016080856}, "left_foot_index": {"x": 0.5292937755584717, "y": 0.6513837575912476, "z": -0.005575284361839294, "x_normalized": 29.429469946126527, "y_normalized": 36.349214888552275, "z_normalized": -0.005575284361839294}, "right_foot_index": {"x": 0.5188410878181458, "y": 0.6511608362197876, "z": 0.0058287507854402065, "x_normalized": 28.83790121014026, "y_normalized": 36.33659867756281, "z_normalized": 0.0058287507854402065}}}