{"sequence_id": 1697925405990398000, "sequence_source": "mediapipe", "frame_number": 461, "image_dimensions": {"height": 1080, "width": 1920}, "joint_positions": {"nose": {"x": 0.5316047072410583, "y": 0.41591086983680725, "z": -0.1068589985370636, "x_normalized": 28.955601553440545, "y_normalized": 22.544600468957658, "z_normalized": -0.1068589985370636}, "left_eye_inner": {"x": 0.5333260297775269, "y": 0.41189005970954895, "z": -0.10105612128973007, "x_normalized": 29.051063432928277, "y_normalized": 22.32161257233785, "z_normalized": -0.10105612128973007}, "left_eye": {"x": 0.53434818983078, "y": 0.4120754599571228, "z": -0.10101878643035889, "x_normalized": 29.107750844934756, "y_normalized": 22.331894582661842, "z_normalized": -0.10101878643035889}, "left_eye_outer": {"x": 0.5354058146476746, "y": 0.4123099148273468, "z": -0.10105869174003601, "x_normalized": 29.166405077755503, "y_normalized": 22.344897086313804, "z_normalized": -0.10105869174003601}, "right_eye_inner": {"x": 0.530069887638092, "y": 0.4115025997161865, "z": -0.10107684135437012, "x_normalized": 28.870482837529014, "y_normalized": 22.30012464174434, "z_normalized": -0.10107684135437012}, "right_eye": {"x": 0.5289042592048645, "y": 0.4114103615283966, "z": -0.10110045224428177, "x_normalized": 28.805838891573057, "y_normalized": 22.295009254836646, "z_normalized": -0.10110045224428177}, "right_eye_outer": {"x": 0.5278330445289612, "y": 0.41129207611083984, "z": -0.10105032473802567, "x_normalized": 28.74643098623861, "y_normalized": 22.288449328944356, "z_normalized": -0.10105032473802567}, "left_ear": {"x": 0.5373907089233398, "y": 0.4157671332359314, "z": -0.06149286776781082, "x_normalized": 29.276484237311617, "y_normalized": 22.53662905989278, "z_normalized": -0.06149286776781082}, "right_ear": {"x": 0.5256761312484741, "y": 0.4140017330646515, "z": -0.0620686374604702, "x_normalized": 28.626811919338003, "y_normalized": 22.438722703107313, "z_normalized": -0.0620686374604702}, "mouth_left": {"x": 0.5337460041046143, "y": 0.42222222685813904, "z": -0.09184280037879944, "x_normalized": 29.074354558066634, "y_normalized": 22.894618545529475, "z_normalized": -0.09184280037879944}, "mouth_right": {"x": 0.5293997526168823, "y": 0.42147672176361084, "z": -0.09202084690332413, "x_normalized": 28.83331818809238, "y_normalized": 22.853273988664874, "z_normalized": -0.09202084690332413}, "left_shoulder": {"x": 0.5460954308509827, "y": 0.44525250792503357, "z": -0.022853322327136993, "x_normalized": 29.759234621406215, "y_normalized": 24.1718422320833, "z_normalized": -0.022853322327136993}, "right_shoulder": {"x": 0.5158162713050842, "y": 0.4415655732154846, "z": -0.02021622844040394, "x_normalized": 28.07999937157873, "y_normalized": 23.967370548557803, "z_normalized": -0.02021622844040394}, "left_elbow": {"x": 0.557178795337677, "y": 0.4581240713596344, "z": 0.05229464918375015, "x_normalized": 30.373900834467083, "y_normalized": 24.885679186738805, "z_normalized": 0.05229464918375015}, "right_elbow": {"x": 0.5022340416908264, "y": 0.4501880407333374, "z": 0.04847440496087074, "x_normalized": 27.326749972270285, "y_normalized": 24.44555923059578, "z_normalized": 0.04847440496087074}, "left_wrist": {"x": 0.5524177551269531, "y": 0.4669382870197296, "z": 0.12424645572900772, "x_normalized": 30.109860924918912, "y_normalized": 25.374501923498624, "z_normalized": 0.12424645572900772}, "right_wrist": {"x": 0.50868821144104, "y": 0.46687546372413635, "z": 0.10874518752098083, "x_normalized": 27.684688221398375, "y_normalized": 25.371017840913353, "z_normalized": 0.10874518752098083}, "left_pinky": {"x": 0.5513721704483032, "y": 0.47269967198371887, "z": 0.13401994109153748, "x_normalized": 30.051874419500656, "y_normalized": 25.69401940233391, "z_normalized": 0.13401994109153748}, "right_pinky": {"x": 0.5096176862716675, "y": 0.4738393723964691, "z": 0.11587728559970856, "x_normalized": 27.73623545463816, "y_normalized": 25.757225420467673, "z_normalized": 0.11587728559970856}, "left_index": {"x": 0.5494832992553711, "y": 0.4721427261829376, "z": 0.1267501264810562, "x_normalized": 29.947120551258468, "y_normalized": 25.663132051596925, "z_normalized": 0.1267501264810562}, "right_index": {"x": 0.5128217935562134, "y": 0.47310492396354675, "z": 0.1136794313788414, "x_normalized": 27.91393027764943, "y_normalized": 25.716494048915756, "z_normalized": 0.1136794313788414}, "left_thumb": {"x": 0.5499706864356995, "y": 0.47048595547676086, "z": 0.12323018908500671, "x_normalized": 29.974150288734528, "y_normalized": 25.57125011654928, "z_normalized": 0.12323018908500671}, "right_thumb": {"x": 0.5122633576393127, "y": 0.470445454120636, "z": 0.10950813442468643, "x_normalized": 27.882960287382435, "y_normalized": 25.569003974123575, "z_normalized": 0.10950813442468643}, "left_hip": {"x": 0.5352597832679749, "y": 0.5226818919181824, "z": -0.0010536644840613008, "x_normalized": 29.158306403814407, "y_normalized": 28.465955837734423, "z_normalized": -0.0010536644840613008}, "right_hip": {"x": 0.5174830555915833, "y": 0.5196613669395447, "z": 0.0010370447998866439, "x_normalized": 28.17243664426805, "y_normalized": 28.29844220482053, "z_normalized": 0.0010370447998866439}, "left_knee": {"x": 0.5325252413749695, "y": 0.5884266495704651, "z": -0.003525916486978531, "x_normalized": 29.00665294950026, "y_normalized": 32.11205817996516, "z_normalized": -0.003525916486978531}, "right_knee": {"x": 0.5167578458786011, "y": 0.584402859210968, "z": -0.01659391075372696, "x_normalized": 28.132217637802203, "y_normalized": 31.888905004285334, "z_normalized": -0.01659391075372696}, "left_ankle": {"x": 0.5280485153198242, "y": 0.6334628462791443, "z": 0.07500934600830078, "x_normalized": 28.758380662278228, "y_normalized": 34.60969583456192, "z_normalized": 0.07500934600830078}, "right_ankle": {"x": 0.5176354646682739, "y": 0.6371188163757324, "z": 0.054065998643636703, "x_normalized": 28.180889015397597, "y_normalized": 34.812450268653784, "z_normalized": 0.054065998643636703}, "left_heel": {"x": 0.5256097316741943, "y": 0.6380234360694885, "z": 0.08113143593072891, "x_normalized": 28.623129501880705, "y_normalized": 34.86261907453298, "z_normalized": 0.08113143593072891}, "right_heel": {"x": 0.5185296535491943, "y": 0.6425126791000366, "z": 0.05905073136091232, "x_normalized": 28.230479344566714, "y_normalized": 35.11158553380711, "z_normalized": 0.05905073136091232}, "left_foot_index": {"x": 0.5298360586166382, "y": 0.6517642736434937, "z": 0.04265521466732025, "x_normalized": 28.85751504247966, "y_normalized": 35.62466462541582, "z_normalized": 0.04265521466732025}, "right_foot_index": {"x": 0.5159094929695129, "y": 0.6578003168106079, "z": 0.016243139281868935, "x_normalized": 28.08516930057623, "y_normalized": 35.959414222422765, "z_normalized": 0.016243139281868935}}}