{"sequence_id": 1697925405990398000, "sequence_source": "mediapipe", "frame_number": 586, "image_dimensions": {"height": 1080, "width": 1920}, "joint_positions": {"nose": {"x": 0.5310671925544739, "y": 0.4227384924888611, "z": -0.09256048500537872, "x_normalized": 33.170710118182924, "y_normalized": 26.31642108154023, "z_normalized": -0.09256048500537872}, "left_eye_inner": {"x": 0.5321716070175171, "y": 0.41947683691978455, "z": -0.08781003952026367, "x_normalized": 33.240798684830985, "y_normalized": 26.10942925792148, "z_normalized": -0.08781003952026367}, "left_eye": {"x": 0.5330986380577087, "y": 0.4194676876068115, "z": -0.08778354525566101, "x_normalized": 33.29963011000651, "y_normalized": 26.10884862243222, "z_normalized": -0.08778354525566101}, "left_eye_outer": {"x": 0.5340078473091125, "y": 0.4195314049720764, "z": -0.0878022238612175, "x_normalized": 33.35733052533651, "y_normalized": 26.112892266328103, "z_normalized": -0.0878022238612175}, "right_eye_inner": {"x": 0.5297071933746338, "y": 0.41990339756011963, "z": -0.08826450258493423, "x_normalized": 33.08440158425185, "y_normalized": 26.136499732702465, "z_normalized": -0.08826450258493423}, "right_eye": {"x": 0.5287991166114807, "y": 0.42017048597335815, "z": -0.0882970467209816, "x_normalized": 33.026773039112705, "y_normalized": 26.153449749818872, "z_normalized": -0.0882970467209816}, "right_eye_outer": {"x": 0.5279046297073364, "y": 0.4204200804233551, "z": -0.08828459680080414, "x_normalized": 32.9700069362638, "y_normalized": 26.169289561618687, "z_normalized": -0.08828459680080414}, "left_ear": {"x": 0.5360503792762756, "y": 0.42256447672843933, "z": -0.053983788937330246, "x_normalized": 33.486954088502124, "y_normalized": 26.305377659319443, "z_normalized": -0.053983788937330246}, "right_ear": {"x": 0.5262562036514282, "y": 0.42366817593574524, "z": -0.05680955573916435, "x_normalized": 32.86539419951498, "y_normalized": 26.375420834268017, "z_normalized": -0.05680955573916435}, "mouth_left": {"x": 0.533186137676239, "y": 0.4276444613933563, "z": -0.07968306541442871, "x_normalized": 33.3051830279103, "y_normalized": 26.627764639635753, "z_normalized": -0.07968306541442871}, "mouth_right": {"x": 0.5299336314201355, "y": 0.42831987142562866, "z": -0.0804450660943985, "x_normalized": 33.0987718397808, "y_normalized": 26.670627643196255, "z_normalized": -0.0804450660943985}, "left_shoulder": {"x": 0.5448220372200012, "y": 0.4466876685619354, "z": -0.02292734943330288, "x_normalized": 34.043622760432356, "y_normalized": 27.83628837731843, "z_normalized": -0.02292734943330288}, "right_shoulder": {"x": 0.5188900232315063, "y": 0.4479309022426605, "z": -0.021086489781737328, "x_normalized": 32.39792021707481, "y_normalized": 27.915186716308405, "z_normalized": -0.021086489781737328}, "left_elbow": {"x": 0.5556236505508423, "y": 0.45769453048706055, "z": 0.03146393597126007, "x_normalized": 34.729116858145574, "y_normalized": 28.53480800146333, "z_normalized": 0.03146393597126007}, "right_elbow": {"x": 0.5085496306419373, "y": 0.45919933915138245, "z": 0.029919277876615524, "x_normalized": 31.741696200246835, "y_normalized": 28.630306463219508, "z_normalized": 0.029919277876615524}, "left_wrist": {"x": 0.5490610003471375, "y": 0.475801944732666, "z": 0.07315334677696228, "x_normalized": 34.31263666743634, "y_normalized": 29.683944265651775, "z_normalized": 0.07315334677696228}, "right_wrist": {"x": 0.5167113542556763, "y": 0.4792223274707794, "z": 0.06445932388305664, "x_normalized": 32.25965710044035, "y_normalized": 29.9010092639148, "z_normalized": 0.06445932388305664}, "left_pinky": {"x": 0.5464028120040894, "y": 0.48216286301612854, "z": 0.07701330631971359, "x_normalized": 34.14394219893811, "y_normalized": 30.087622105785137, "z_normalized": 0.07701330631971359}, "right_pinky": {"x": 0.5192221403121948, "y": 0.48651236295700073, "z": 0.06906696408987045, "x_normalized": 32.41899709620283, "y_normalized": 30.363650921680524, "z_normalized": 0.06906696408987045}, "left_index": {"x": 0.5448275208473206, "y": 0.4817081689834595, "z": 0.07084322720766068, "x_normalized": 34.04397076346175, "y_normalized": 30.0587662241577, "z_normalized": 0.07084322720766068}, "right_index": {"x": 0.520740270614624, "y": 0.4860458970069885, "z": 0.0647440180182457, "x_normalized": 32.515340978361934, "y_normalized": 30.33404796833238, "z_normalized": 0.0647440180182457}, "left_thumb": {"x": 0.5449939370155334, "y": 0.47935131192207336, "z": 0.07194189727306366, "x_normalized": 34.054531898875496, "y_normalized": 29.909194900388783, "z_normalized": 0.07194189727306366}, "right_thumb": {"x": 0.5201868414878845, "y": 0.48328202962875366, "z": 0.06417889147996902, "x_normalized": 32.480219150884615, "y_normalized": 30.158646876235096, "z_normalized": 0.06417889147996902}, "left_hip": {"x": 0.5398033261299133, "y": 0.5124236345291138, "z": -0.0017019470687955618, "x_normalized": 33.725124335705345, "y_normalized": 32.00803710575297, "z_normalized": -0.0017019470687955618}, "right_hip": {"x": 0.5241565108299255, "y": 0.5105599761009216, "z": 0.0017312641721218824, "x_normalized": 32.732143083032106, "y_normalized": 31.88976525010049, "z_normalized": 0.0017312641721218824}, "left_knee": {"x": 0.5363753437995911, "y": 0.5634747743606567, "z": -0.006720567587763071, "x_normalized": 33.50757705063528, "y_normalized": 35.24785452600218, "z_normalized": -0.006720567587763071}, "right_knee": {"x": 0.5220849514007568, "y": 0.5629960894584656, "z": -0.0275198295712471, "x_normalized": 32.600677373395676, "y_normalized": 35.21747613112115, "z_normalized": -0.0275198295712471}, "left_ankle": {"x": 0.533622145652771, "y": 0.6082717180252075, "z": 0.040013477206230164, "x_normalized": 33.33285305138866, "y_normalized": 38.0907669259455, "z_normalized": 0.040013477206230164}, "right_ankle": {"x": 0.5189267992973328, "y": 0.6165359616279602, "z": 0.00466577522456646, "x_normalized": 32.400254106956716, "y_normalized": 38.61523396973202, "z_normalized": 0.00466577522456646}, "left_heel": {"x": 0.5319316983222961, "y": 0.6134964823722839, "z": 0.04257865622639656, "x_normalized": 33.225573552295046, "y_normalized": 38.42234194276611, "z_normalized": 0.04257865622639656}, "right_heel": {"x": 0.5202506184577942, "y": 0.6233722567558289, "z": 0.005416117142885923, "x_normalized": 32.48426657742212, "y_normalized": 39.04908026813629, "z_normalized": 0.005416117142885923}, "left_foot_index": {"x": 0.535944402217865, "y": 0.6236764788627625, "z": 0.008310647681355476, "x_normalized": 33.48022855169494, "y_normalized": 39.06838687098434, "z_normalized": 0.008310647681355476}, "right_foot_index": {"x": 0.516862690448761, "y": 0.6346526741981506, "z": -0.034898240119218826, "x_normalized": 32.26926122752327, "y_normalized": 39.76496032601378, "z_normalized": -0.034898240119218826}}}