{"sequence_id": 1697925405990398000, "sequence_source": "mediapipe", "frame_number": 507, "image_dimensions": {"height": 1080, "width": 1920}, "joint_positions": {"nose": {"x": 0.5189157724380493, "y": 0.43131887912750244, "z": -0.09402374178171158, "x_normalized": 32.23119060069969, "y_normalized": 26.701571827631053, "z_normalized": -0.09402374178171158}, "left_eye_inner": {"x": 0.5205767154693604, "y": 0.4268036186695099, "z": -0.09048591554164886, "x_normalized": 32.33602657083799, "y_normalized": 26.416576074244446, "z_normalized": -0.09048591554164886}, "left_eye": {"x": 0.5216720700263977, "y": 0.42675092816352844, "z": -0.09046681225299835, "x_normalized": 32.40516353427843, "y_normalized": 26.41325033687266, "z_normalized": -0.09046681225299835}, "left_eye_outer": {"x": 0.5226704478263855, "y": 0.42670464515686035, "z": -0.09049273282289505, "x_normalized": 32.46817948561039, "y_normalized": 26.4103290302333, "z_normalized": -0.09049273282289505}, "right_eye_inner": {"x": 0.5176212191581726, "y": 0.4267890751361847, "z": -0.0906919613480568, "x_normalized": 32.149480544163644, "y_normalized": 26.415658110535492, "z_normalized": -0.0906919613480568}, "right_eye": {"x": 0.5166531801223755, "y": 0.4268084764480591, "z": -0.09071072190999985, "x_normalized": 32.08837952532291, "y_normalized": 26.416882689171825, "z_normalized": -0.09071072190999985}, "right_eye_outer": {"x": 0.5157411098480225, "y": 0.42680415511131287, "z": -0.09071443229913712, "x_normalized": 32.0308111619031, "y_normalized": 26.41660993356158, "z_normalized": -0.09071443229913712}, "left_ear": {"x": 0.5242782235145569, "y": 0.4282152056694031, "z": -0.059104446321725845, "x_normalized": 32.56965962120611, "y_normalized": 26.50567310513514, "z_normalized": -0.059104446321725845}, "right_ear": {"x": 0.5141172409057617, "y": 0.42856112122535706, "z": -0.06002058833837509, "x_normalized": 31.928315246793375, "y_normalized": 26.527506721466786, "z_normalized": -0.06002058833837509}, "mouth_left": {"x": 0.5211591720581055, "y": 0.4359405040740967, "z": -0.08142344653606415, "x_normalized": 32.37279026495237, "y_normalized": 26.99328113117598, "z_normalized": -0.08142344653606415}, "mouth_right": {"x": 0.5170789361000061, "y": 0.43656063079833984, "z": -0.08182733505964279, "x_normalized": 32.11525253668793, "y_normalized": 27.032422501782413, "z_normalized": -0.08182733505964279}, "left_shoulder": {"x": 0.5330780148506165, "y": 0.44936785101890564, "z": -0.033241745084524155, "x_normalized": 33.12508785946553, "y_normalized": 27.840793006541972, "z_normalized": -0.033241745084524155}, "right_shoulder": {"x": 0.5058649182319641, "y": 0.451769083738327, "z": -0.025814402848482132, "x_normalized": 31.407442322741957, "y_normalized": 27.992354834324622, "z_normalized": -0.025814402848482132}, "left_elbow": {"x": 0.5496460795402527, "y": 0.45854678750038147, "z": 0.002628423972055316, "x_normalized": 34.170836631282825, "y_normalized": 28.420152257722147, "z_normalized": 0.002628423972055316}, "right_elbow": {"x": 0.5019013285636902, "y": 0.4563620090484619, "z": 0.017919855192303658, "x_normalized": 31.157267114880902, "y_normalized": 28.282252664402904, "z_normalized": 0.017919855192303658}, "left_wrist": {"x": 0.5399782061576843, "y": 0.4763953387737274, "z": 0.024319840595126152, "x_normalized": 33.560616493608556, "y_normalized": 29.546723219537324, "z_normalized": 0.024319840595126152}, "right_wrist": {"x": 0.5099858045578003, "y": 0.47313451766967773, "z": 0.05157040059566498, "x_normalized": 31.667545834815854, "y_normalized": 29.340905598194443, "z_normalized": 0.05157040059566498}, "left_pinky": {"x": 0.5375425815582275, "y": 0.48395848274230957, "z": 0.02601616643369198, "x_normalized": 33.40688390738301, "y_normalized": 30.024096326437945, "z_normalized": 0.02601616643369198}, "right_pinky": {"x": 0.5138645768165588, "y": 0.4806196987628937, "z": 0.053148552775382996, "x_normalized": 31.912367508423458, "y_normalized": 29.81335781767165, "z_normalized": 0.053148552775382996}, "left_index": {"x": 0.5363350510597229, "y": 0.4830704927444458, "z": 0.02042415551841259, "x_normalized": 33.3306665845153, "y_normalized": 29.968047870142808, "z_normalized": 0.02042415551841259}, "right_index": {"x": 0.5149199962615967, "y": 0.48180779814720154, "z": 0.04956483840942383, "x_normalized": 31.978983833810624, "y_normalized": 29.888348680829857, "z_normalized": 0.04956483840942383}, "left_thumb": {"x": 0.5366814136505127, "y": 0.48052915930747986, "z": 0.02316078543663025, "x_normalized": 33.35252841694455, "y_normalized": 29.807643117368773, "z_normalized": 0.02316078543663025}, "right_thumb": {"x": 0.5143015384674072, "y": 0.47965580224990845, "z": 0.0505557656288147, "x_normalized": 31.93994780330194, "y_normalized": 29.752518268002113, "z_normalized": 0.0505557656288147}, "left_hip": {"x": 0.5298317670822144, "y": 0.5223654508590698, "z": -0.005366649944335222, "x_normalized": 32.92019008290478, "y_normalized": 32.4482804716418, "z_normalized": -0.005366649944335222}, "right_hip": {"x": 0.5139933228492737, "y": 0.5227558612823486, "z": 0.0053471531718969345, "x_normalized": 31.92049374453552, "y_normalized": 32.47292253022236, "z_normalized": 0.0053471531718969345}, "left_knee": {"x": 0.5304670333862305, "y": 0.5739573240280151, "z": -0.029711918905377388, "x_normalized": 32.960287038683646, "y_normalized": 35.70467396194044, "z_normalized": -0.029711918905377388}, "right_knee": {"x": 0.5161698460578918, "y": 0.577686607837677, "z": 0.01375353243201971, "x_normalized": 32.05787228058554, "y_normalized": 35.94006017250682, "z_normalized": 0.01375353243201971}, "left_ankle": {"x": 0.5283934473991394, "y": 0.6304054260253906, "z": 0.0006172034190967679, "x_normalized": 32.82940572937693, "y_normalized": 39.26758456381044, "z_normalized": 0.0006172034190967679}, "right_ankle": {"x": 0.5216118693351746, "y": 0.6213038563728333, "z": 0.08168525248765945, "x_normalized": 32.40136376646677, "y_normalized": 38.6931085785902, "z_normalized": 0.08168525248765945}, "left_heel": {"x": 0.5271238088607788, "y": 0.6365534067153931, "z": 0.0013347549829632044, "x_normalized": 32.74926825001442, "y_normalized": 39.65563491103948, "z_normalized": 0.0013347549829632044}, "right_heel": {"x": 0.5228151082992554, "y": 0.6259942650794983, "z": 0.08667757362127304, "x_normalized": 32.47731021479741, "y_normalized": 38.98915939902092, "z_normalized": 0.08667757362127304}, "left_foot_index": {"x": 0.5296327471733093, "y": 0.6503628492355347, "z": -0.040846772491931915, "x_normalized": 32.90762827624822, "y_normalized": 40.52726402557045, "z_normalized": -0.040846772491931915}, "right_foot_index": {"x": 0.5155413150787354, "y": 0.6368879079818726, "z": 0.05690263584256172, "x_normalized": 32.018200447344014, "y_normalized": 39.67674807634545, "z_normalized": 0.05690263584256172}}}