{"sequence_id": 1697925405990398000, "sequence_source": "mediapipe", "frame_number": 569, "image_dimensions": {"height": 1080, "width": 1920}, "joint_positions": {"nose": {"x": 0.5227729678153992, "y": 0.42451268434524536, "z": -0.04509184882044792, "x_normalized": 32.10383732591299, "y_normalized": 25.98449734667811, "z_normalized": -0.04509184882044792}, "left_eye_inner": {"x": 0.524130642414093, "y": 0.42153722047805786, "z": -0.039340220391750336, "x_normalized": 32.18857539964458, "y_normalized": 25.798786369389468, "z_normalized": -0.039340220391750336}, "left_eye": {"x": 0.5250570178031921, "y": 0.4216693937778473, "z": -0.0393148735165596, "x_normalized": 32.246394310081676, "y_normalized": 25.80703585040184, "z_normalized": -0.0393148735165596}, "left_eye_outer": {"x": 0.5260019898414612, "y": 0.42175817489624023, "z": -0.03933798894286156, "x_normalized": 32.30537391412683, "y_normalized": 25.81257704632875, "z_normalized": -0.03933798894286156}, "right_eye_inner": {"x": 0.5216387510299683, "y": 0.42121589183807373, "z": -0.04098139703273773, "x_normalized": 32.03304617633715, "y_normalized": 25.77873092310415, "z_normalized": -0.04098139703273773}, "right_eye": {"x": 0.5208195447921753, "y": 0.4212385416030884, "z": -0.04099332541227341, "x_normalized": 31.981916134833646, "y_normalized": 25.78014458839601, "z_normalized": -0.04099332541227341}, "right_eye_outer": {"x": 0.5199924111366272, "y": 0.42121315002441406, "z": -0.04095086827874184, "x_normalized": 31.93029131047799, "y_normalized": 25.778559795200398, "z_normalized": -0.04095086827874184}, "left_ear": {"x": 0.5277822017669678, "y": 0.42420777678489685, "z": -0.007224814500659704, "x_normalized": 32.41648428589526, "y_normalized": 25.965466807729392, "z_normalized": -0.007224814500659704}, "right_ear": {"x": 0.5185972452163696, "y": 0.4239554703235626, "z": -0.01583026722073555, "x_normalized": 31.84321324867119, "y_normalized": 25.949719320412427, "z_normalized": -0.01583026722073555}, "mouth_left": {"x": 0.5245439410209656, "y": 0.4294660687446594, "z": -0.03285038098692894, "x_normalized": 32.214371071049214, "y_normalized": 26.2936585056644, "z_normalized": -0.03285038098692894}, "mouth_right": {"x": 0.5216872692108154, "y": 0.4299846887588501, "z": -0.03497342765331268, "x_normalized": 32.03607439619919, "y_normalized": 26.32602772067619, "z_normalized": -0.03497342765331268}, "left_shoulder": {"x": 0.5350300073623657, "y": 0.4447532296180725, "z": 0.01136824768036604, "x_normalized": 32.868849738947034, "y_normalized": 27.24779329354666, "z_normalized": 0.01136824768036604}, "right_shoulder": {"x": 0.5100942254066467, "y": 0.4478631913661957, "z": 0.017469584941864014, "x_normalized": 31.312504697247586, "y_normalized": 27.441898838548685, "z_normalized": 0.017469584941864014}, "left_elbow": {"x": 0.5495677590370178, "y": 0.4546627104282379, "z": 0.0573820136487484, "x_normalized": 33.776210806527814, "y_normalized": 27.86628487933708, "z_normalized": 0.0573820136487484}, "right_elbow": {"x": 0.5009378790855408, "y": 0.45563316345214844, "z": 0.0711943730711937, "x_normalized": 30.741019342497445, "y_normalized": 27.92685485683558, "z_normalized": 0.0711943730711937}, "left_wrist": {"x": 0.539995551109314, "y": 0.47414782643318176, "z": 0.10357919335365295, "x_normalized": 33.17876981298475, "y_normalized": 29.082431368550257, "z_normalized": 0.10357919335365295}, "right_wrist": {"x": 0.5127045512199402, "y": 0.46905088424682617, "z": 0.12270930409431458, "x_normalized": 31.47542590196271, "y_normalized": 28.764310175733847, "z_normalized": 0.12270930409431458}, "left_pinky": {"x": 0.5384613275527954, "y": 0.4811587929725647, "z": 0.10750104486942291, "x_normalized": 33.08301259032029, "y_normalized": 29.520014718872538, "z_normalized": 0.10750104486942291}, "right_pinky": {"x": 0.5156244039535522, "y": 0.4753728210926056, "z": 0.12757764756679535, "x_normalized": 31.65766595894266, "y_normalized": 29.158888339808996, "z_normalized": 0.12757764756679535}, "left_index": {"x": 0.5368971228599548, "y": 0.48042070865631104, "z": 0.10413810610771179, "x_normalized": 32.98538412123003, "y_normalized": 29.473947831216982, "z_normalized": 0.10413810610771179}, "right_index": {"x": 0.5163498520851135, "y": 0.47387388348579407, "z": 0.12643060088157654, "x_normalized": 31.702944170172223, "y_normalized": 29.065333458862384, "z_normalized": 0.12643060088157654}, "left_thumb": {"x": 0.5367240905761719, "y": 0.4778490960597992, "z": 0.10339090973138809, "x_normalized": 32.97458446243457, "y_normalized": 29.313442878099394, "z_normalized": 0.10339090973138809}, "right_thumb": {"x": 0.5159896612167358, "y": 0.4725147485733032, "z": 0.12291520088911057, "x_normalized": 31.68046317185982, "y_normalized": 28.980504240921192, "z_normalized": 0.12291520088911057}, "left_hip": {"x": 0.5325891375541687, "y": 0.5108897089958191, "z": -0.002222271403297782, "x_normalized": 32.71650498271812, "y_normalized": 31.375643863374354, "z_normalized": -0.002222271403297782}, "right_hip": {"x": 0.5165721774101257, "y": 0.5112920999526978, "z": 0.0023098639212548733, "x_normalized": 31.71682041106338, "y_normalized": 31.400758743335803, "z_normalized": 0.0023098639212548733}, "left_knee": {"x": 0.5322301387786865, "y": 0.5647168755531311, "z": -0.0178699754178524, "x_normalized": 32.69409838784213, "y_normalized": 34.735219429481255, "z_normalized": -0.0178699754178524}, "right_knee": {"x": 0.5172116160392761, "y": 0.5674545168876648, "z": -0.023832427337765694, "x_normalized": 31.7567304143557, "y_normalized": 34.90608692120536, "z_normalized": -0.023832427337765694}, "left_ankle": {"x": 0.5338910222053528, "y": 0.6062899827957153, "z": 0.032119691371917725, "x_normalized": 32.79776097562555, "y_normalized": 37.32996859114514, "z_normalized": 0.032119691371917725}, "right_ankle": {"x": 0.5204031467437744, "y": 0.6188569068908691, "z": 0.015096964314579964, "x_normalized": 31.955927014494335, "y_normalized": 38.11432217747493, "z_normalized": 0.015096964314579964}, "left_heel": {"x": 0.5329543948173523, "y": 0.6118595600128174, "z": 0.035310663282871246, "x_normalized": 32.73930219563529, "y_normalized": 37.67758888641368, "z_normalized": 0.035310663282871246}, "right_heel": {"x": 0.5222429633140564, "y": 0.6253567934036255, "z": 0.016677262261509895, "x_normalized": 32.07075755808345, "y_normalized": 38.52000691452074, "z_normalized": 0.016677262261509895}, "left_foot_index": {"x": 0.535957932472229, "y": 0.6234349608421326, "z": 0.005345429293811321, "x_normalized": 32.926765373851474, "y_normalized": 38.400057414506364, "z_normalized": 0.005345429293811321}, "right_foot_index": {"x": 0.5173360705375671, "y": 0.635640561580658, "z": -0.01819753646850586, "x_normalized": 31.764498133117293, "y_normalized": 39.16185931925916, "z_normalized": -0.01819753646850586}}}