{"sequence_id": 1697925405990398000, "sequence_source": "mediapipe", "frame_number": 659, "image_dimensions": {"height": 1080, "width": 1920}, "joint_positions": {"nose": {"x": 0.523784339427948, "y": 0.42876213788986206, "z": -0.060929376631975174, "x_normalized": 42.664339021465736, "y_normalized": 34.84471676762711, "z_normalized": -0.060929376631975174}, "left_eye_inner": {"x": 0.5248690843582153, "y": 0.42541173100471497, "z": -0.05709000676870346, "x_normalized": 42.75378561250513, "y_normalized": 34.56844677446154, "z_normalized": -0.05709000676870346}, "left_eye": {"x": 0.5256009697914124, "y": 0.4255194067955017, "z": -0.05709272623062134, "x_normalized": 42.814135889518866, "y_normalized": 34.57732557366549, "z_normalized": -0.05709272623062134}, "left_eye_outer": {"x": 0.5263569951057434, "y": 0.42563825845718384, "z": -0.05711059644818306, "x_normalized": 42.876476708286035, "y_normalized": 34.58712591997752, "z_normalized": -0.05711059644818306}, "right_eye_inner": {"x": 0.5228592157363892, "y": 0.4253169894218445, "z": -0.057279545813798904, "x_normalized": 42.58805458058862, "y_normalized": 34.560634512444004, "z_normalized": -0.057279545813798904}, "right_eye": {"x": 0.5221498012542725, "y": 0.42543020844459534, "z": -0.05728892609477043, "x_normalized": 42.52955722762687, "y_normalized": 34.569970399013556, "z_normalized": -0.05728892609477043}, "right_eye_outer": {"x": 0.521443784236908, "y": 0.42556026577949524, "z": -0.05729050561785698, "x_normalized": 42.47134002498597, "y_normalized": 34.580694749892615, "z_normalized": -0.05729050561785698}, "left_ear": {"x": 0.5281474590301514, "y": 0.4275895953178406, "z": -0.030060255900025368, "x_normalized": 43.02411592737679, "y_normalized": 34.748030502506666, "z_normalized": -0.030060255900025368}, "right_ear": {"x": 0.5203532576560974, "y": 0.4282130002975464, "z": -0.030671389773488045, "x_normalized": 42.38141668690932, "y_normalized": 34.799435628924655, "z_normalized": -0.030671389773488045}, "mouth_left": {"x": 0.525397539138794, "y": 0.43293336033821106, "z": -0.05049390345811844, "x_normalized": 42.79736127469291, "y_normalized": 35.18867009532775, "z_normalized": -0.05049390345811844}, "mouth_right": {"x": 0.52242511510849, "y": 0.4337306320667267, "z": -0.05069589242339134, "x_normalized": 42.55225923345197, "y_normalized": 35.25441203728847, "z_normalized": -0.05069589242339134}, "left_shoulder": {"x": 0.5359817147254944, "y": 0.4476597309112549, "z": -0.010398483835160732, "x_normalized": 43.67011799267961, "y_normalized": 36.40298657599304, "z_normalized": -0.010398483835160732}, "right_shoulder": {"x": 0.5139933228492737, "y": 0.44896796345710754, "z": -0.004731162916868925, "x_normalized": 41.856985116103985, "y_normalized": 36.51086165173502, "z_normalized": -0.004731162916868925}, "left_elbow": {"x": 0.5499858260154724, "y": 0.4585080146789551, "z": 0.016445698216557503, "x_normalized": 44.824877955573584, "y_normalized": 37.2975212952378, "z_normalized": 0.016445698216557503}, "right_elbow": {"x": 0.5098073482513428, "y": 0.4618619680404663, "z": 0.03324209153652191, "x_normalized": 41.511815346220686, "y_normalized": 37.574083726019005, "z_normalized": 0.03324209153652191}, "left_wrist": {"x": 0.5408077836036682, "y": 0.4757870137691498, "z": 0.02528100088238716, "x_normalized": 44.06806906599563, "y_normalized": 38.722324050305716, "z_normalized": 0.02528100088238716}, "right_wrist": {"x": 0.5148336887359619, "y": 0.4768597185611725, "z": 0.052258994430303574, "x_normalized": 41.926280543713446, "y_normalized": 38.81077782792735, "z_normalized": 0.052258994430303574}, "left_pinky": {"x": 0.5392754673957825, "y": 0.48104721307754517, "z": 0.025610720738768578, "x_normalized": 43.94171635637197, "y_normalized": 39.15607292821735, "z_normalized": 0.025610720738768578}, "right_pinky": {"x": 0.5159674882888794, "y": 0.48401200771331787, "z": 0.05254536122083664, "x_normalized": 42.01977211219256, "y_normalized": 39.40054585996585, "z_normalized": 0.05254536122083664}, "left_index": {"x": 0.5383849740028381, "y": 0.4799083471298218, "z": 0.020227650180459023, "x_normalized": 43.86828748280042, "y_normalized": 39.0621635917159, "z_normalized": 0.020227650180459023}, "right_index": {"x": 0.5170481204986572, "y": 0.48274099826812744, "z": 0.047984831035137177, "x_normalized": 42.108879573896196, "y_normalized": 39.2957401504585, "z_normalized": 0.047984831035137177}, "left_thumb": {"x": 0.5386937260627747, "y": 0.4779573082923889, "z": 0.023840075358748436, "x_normalized": 43.893746757572885, "y_normalized": 38.901283583776305, "z_normalized": 0.023840075358748436}, "right_thumb": {"x": 0.5167024731636047, "y": 0.480579674243927, "z": 0.05076388642191887, "x_normalized": 42.0803779649376, "y_normalized": 39.11752031213333, "z_normalized": 0.05076388642191887}, "left_hip": {"x": 0.5322248935699463, "y": 0.5096991062164307, "z": -0.0030293443705886602, "x_normalized": 43.36033563174645, "y_normalized": 41.51866905251263, "z_normalized": -0.0030293443705886602}, "right_hip": {"x": 0.5201849937438965, "y": 0.5111523866653442, "z": 0.0030035427771508694, "x_normalized": 42.36754187365012, "y_normalized": 41.63850458098796, "z_normalized": 0.0030035427771508694}, "left_knee": {"x": 0.5329271554946899, "y": 0.5577643513679504, "z": -0.013532598502933979, "x_normalized": 43.41824319455903, "y_normalized": 45.482063769846825, "z_normalized": -0.013532598502933979}, "right_knee": {"x": 0.5218002796173096, "y": 0.5567202568054199, "z": 0.0030271855648607016, "x_normalized": 42.50073614900414, "y_normalized": 45.39596915282187, "z_normalized": 0.0030271855648607016}, "left_ankle": {"x": 0.5335102081298828, "y": 0.6060436964035034, "z": 0.01156944315880537, "x_normalized": 43.46632092155213, "y_normalized": 49.46311287231282, "z_normalized": 0.01156944315880537}, "right_ankle": {"x": 0.5271424651145935, "y": 0.5978769659996033, "z": 0.05233222618699074, "x_normalized": 42.94124549650062, "y_normalized": 48.789695394909465, "z_normalized": 0.05233222618699074}, "left_heel": {"x": 0.5332938432693481, "y": 0.6116585731506348, "z": 0.011944008991122246, "x_normalized": 43.448479769539766, "y_normalized": 49.92610796924638, "z_normalized": 0.011944008991122246}, "right_heel": {"x": 0.5286662578582764, "y": 0.6031946539878845, "z": 0.0554315485060215, "x_normalized": 43.066895372863186, "y_normalized": 49.22818471114505, "z_normalized": 0.0554315485060215}, "left_foot_index": {"x": 0.5348462462425232, "y": 0.6193739175796509, "z": -0.022894468158483505, "x_normalized": 43.57648880649901, "y_normalized": 50.562304773319255, "z_normalized": -0.022894468158483505}, "right_foot_index": {"x": 0.5230287909507751, "y": 0.6108452677726746, "z": 0.027893127873539925, "x_normalized": 42.60203752204184, "y_normalized": 49.859043914367945, "z_normalized": 0.027893127873539925}}}