{"sequence_id": 1697925405990398000, "sequence_source": "mediapipe", "frame_number": 359, "image_dimensions": {"height": 1080, "width": 1920}, "joint_positions": {"nose": {"x": 0.520646333694458, "y": 0.41971731185913086, "z": -0.11832569539546967, "x_normalized": 26.38014894319877, "y_normalized": 21.15179495232311, "z_normalized": -0.11832569539546967}, "left_eye_inner": {"x": 0.5217430591583252, "y": 0.41443637013435364, "z": -0.11376263201236725, "x_normalized": 26.43681944121865, "y_normalized": 20.87891572464309, "z_normalized": -0.11376263201236725}, "left_eye": {"x": 0.5225771069526672, "y": 0.41436776518821716, "z": -0.11373897641897202, "x_normalized": 26.479916738979096, "y_normalized": 20.875370738598477, "z_normalized": -0.11373897641897202}, "left_eye_outer": {"x": 0.523593544960022, "y": 0.41426414251327515, "z": -0.11377723515033722, "x_normalized": 26.532438586953717, "y_normalized": 20.87001630051111, "z_normalized": -0.11377723515033722}, "right_eye_inner": {"x": 0.518994152545929, "y": 0.4146992862224579, "z": -0.11395633220672607, "x_normalized": 26.294776685882844, "y_normalized": 20.892501244576007, "z_normalized": -0.11395633220672607}, "right_eye": {"x": 0.5178517699241638, "y": 0.4149176776409149, "z": -0.11400207132101059, "x_normalized": 26.235746970391048, "y_normalized": 20.903786065486052, "z_normalized": -0.11400207132101059}, "right_eye_outer": {"x": 0.516712486743927, "y": 0.41508162021636963, "z": -0.11410971730947495, "x_normalized": 26.176877410654527, "y_normalized": 20.912257380964515, "z_normalized": -0.11410971730947495}, "left_ear": {"x": 0.5260757207870483, "y": 0.41661307215690613, "z": -0.06762439757585526, "x_normalized": 26.660698707580885, "y_normalized": 20.9913912636207, "z_normalized": -0.06762439757585526}, "right_ear": {"x": 0.5141785144805908, "y": 0.418559730052948, "z": -0.07808087766170502, "x_normalized": 26.04594084096327, "y_normalized": 21.091979857646802, "z_normalized": -0.07808087766170502}, "mouth_left": {"x": 0.5230430364608765, "y": 0.426093727350235, "z": -0.10336963832378387, "x_normalized": 26.503992460882433, "y_normalized": 21.48127999973723, "z_normalized": -0.10336963832378387}, "mouth_right": {"x": 0.5189652442932129, "y": 0.4272318482398987, "z": -0.10540243238210678, "x_normalized": 26.29328292547308, "y_normalized": 21.54008950106552, "z_normalized": -0.10540243238210678}, "left_shoulder": {"x": 0.5373135805130005, "y": 0.4436909854412079, "z": -0.021839916706085205, "x_normalized": 27.241386517182416, "y_normalized": 22.39057354005806, "z_normalized": -0.021839916706085205}, "right_shoulder": {"x": 0.504408061504364, "y": 0.44785377383232117, "z": -0.06808657944202423, "x_normalized": 25.541077541728658, "y_normalized": 22.605675039063954, "z_normalized": -0.06808657944202423}, "left_elbow": {"x": 0.5546221137046814, "y": 0.4560178816318512, "z": 0.04745172709226608, "x_normalized": 28.13576093291584, "y_normalized": 23.02753453820966, "z_normalized": 0.04745172709226608}, "right_elbow": {"x": 0.49494215846061707, "y": 0.4553559422492981, "z": -0.11525191366672516, "x_normalized": 25.051951085408867, "y_normalized": 22.993330504744456, "z_normalized": -0.11525191366672516}, "left_wrist": {"x": 0.5578122735023499, "y": 0.46803018450737, "z": 0.09958197176456451, "x_normalized": 28.30060432394954, "y_normalized": 23.648239727200995, "z_normalized": 0.09958197176456451}, "right_wrist": {"x": 0.5109418630599976, "y": 0.4230300188064575, "z": -0.1527978479862213, "x_normalized": 25.878695113600468, "y_normalized": 21.322970655526856, "z_normalized": -0.1527978479862213}, "left_pinky": {"x": 0.5599376559257507, "y": 0.4729021191596985, "z": 0.11081204563379288, "x_normalized": 28.410428053210023, "y_normalized": 23.899984555021643, "z_normalized": 0.11081204563379288}, "right_pinky": {"x": 0.514007568359375, "y": 0.4153233468532562, "z": -0.16434906423091888, "x_normalized": 26.037107635076257, "y_normalized": 20.924747989916668, "z_normalized": -0.16434906423091888}, "left_index": {"x": 0.5573021769523621, "y": 0.4732787013053894, "z": 0.10179571807384491, "x_normalized": 28.274246382533555, "y_normalized": 23.919443479287384, "z_normalized": 0.10179571807384491}, "right_index": {"x": 0.5150652527809143, "y": 0.4172307550907135, "z": -0.15832653641700745, "x_normalized": 26.091760786563363, "y_normalized": 21.0233084576957, "z_normalized": -0.15832653641700745}, "left_thumb": {"x": 0.5567325353622437, "y": 0.47196006774902344, "z": 0.09765873104333878, "x_normalized": 28.244811602665294, "y_normalized": 23.851306445173588, "z_normalized": 0.09765873104333878}, "right_thumb": {"x": 0.5147441029548645, "y": 0.4201034605503082, "z": -0.15179413557052612, "x_normalized": 26.075166186382326, "y_normalized": 21.17174820348734, "z_normalized": -0.15179413557052612}, "left_hip": {"x": 0.5326014757156372, "y": 0.5359247922897339, "z": 0.0028250166215002537, "x_normalized": 26.997900490472652, "y_normalized": 27.156520844631984, "z_normalized": 0.0028250166215002537}, "right_hip": {"x": 0.513249933719635, "y": 0.5361337661743164, "z": -0.002870076335966587, "x_normalized": 25.997958792666978, "y_normalized": 27.16731903843947, "z_normalized": -0.002870076335966587}, "left_knee": {"x": 0.529650092124939, "y": 0.6074954271316528, "z": -0.030091185122728348, "x_normalized": 26.845395252431764, "y_normalized": 30.85475130769499, "z_normalized": -0.030091185122728348}, "right_knee": {"x": 0.5135143399238586, "y": 0.6046098470687866, "z": 0.012709091417491436, "x_normalized": 26.011621310559164, "y_normalized": 30.705646299535292, "z_normalized": 0.012709091417491436}, "left_ankle": {"x": 0.5249559879302979, "y": 0.6677858829498291, "z": 0.03764893487095833, "x_normalized": 26.602839361069936, "y_normalized": 33.97010721911331, "z_normalized": 0.03764893487095833}, "right_ankle": {"x": 0.5129435658454895, "y": 0.6465089321136475, "z": 0.14450152218341827, "x_normalized": 25.98212801224186, "y_normalized": 32.87067491818066, "z_normalized": 0.14450152218341827}, "left_heel": {"x": 0.5220019817352295, "y": 0.6731119155883789, "z": 0.04199527949094772, "x_normalized": 26.450198606620734, "y_normalized": 34.24531640504072, "z_normalized": 0.04199527949094772}, "right_heel": {"x": 0.5138253569602966, "y": 0.6505047082901001, "z": 0.15593458712100983, "x_normalized": 26.027692324617192, "y_normalized": 33.07714648591201, "z_normalized": 0.15593458712100983}, "left_foot_index": {"x": 0.5258821249008179, "y": 0.6906927824020386, "z": -0.010523251257836819, "x_normalized": 26.650695132713025, "y_normalized": 35.15376296780963, "z_normalized": -0.010523251257836819}, "right_foot_index": {"x": 0.5104549527168274, "y": 0.6719250679016113, "z": 0.11886414140462875, "x_normalized": 25.85353526043066, "y_normalized": 34.183989070444426, "z_normalized": 0.11886414140462875}}}