{"sequence_id": 1697925405990398000, "sequence_source": "mediapipe", "frame_number": 21, "image_dimensions": {"height": 1080, "width": 1920}, "joint_positions": {"nose": {"x": 0.5225266218185425, "y": 0.39475277066230774, "z": -0.2048742026090622, "x_normalized": 15.588043807340338, "y_normalized": 11.579385773935012, "z_normalized": -0.2048742026090622}, "left_eye_inner": {"x": 0.5240899324417114, "y": 0.386797159910202, "z": -0.2011437863111496, "x_normalized": 15.636242246805615, "y_normalized": 11.334106289767378, "z_normalized": -0.2011437863111496}, "left_eye": {"x": 0.5255087018013, "y": 0.387032151222229, "z": -0.20110127329826355, "x_normalized": 15.679984333681926, "y_normalized": 11.341351308357886, "z_normalized": -0.20110127329826355}, "left_eye_outer": {"x": 0.5270348191261292, "y": 0.38729795813560486, "z": -0.2011861503124237, "x_normalized": 15.727036066336684, "y_normalized": 11.34954640294365, "z_normalized": -0.2011861503124237}, "right_eye_inner": {"x": 0.5201650857925415, "y": 0.3869819939136505, "z": -0.2010352909564972, "x_normalized": 15.515235275556968, "y_normalized": 11.339804908067737, "z_normalized": -0.2010352909564972}, "right_eye": {"x": 0.518318235874176, "y": 0.3874381482601166, "z": -0.20109611749649048, "x_normalized": 15.458295034332645, "y_normalized": 11.35386860553715, "z_normalized": -0.20109611749649048}, "right_eye_outer": {"x": 0.5163452625274658, "y": 0.3879745900630951, "z": -0.20106086134910583, "x_normalized": 15.397466280911107, "y_normalized": 11.370407646073504, "z_normalized": -0.20106086134910583}, "left_ear": {"x": 0.5300481915473938, "y": 0.3925139904022217, "z": -0.14904829859733582, "x_normalized": 15.81994137004289, "y_normalized": 11.510361925927713, "z_normalized": -0.14904829859733582}, "right_ear": {"x": 0.5120371580123901, "y": 0.39444318413734436, "z": -0.14915551245212555, "x_normalized": 15.264643084034823, "y_normalized": 11.569840909874365, "z_normalized": -0.14915551245212555}, "mouth_left": {"x": 0.5252958536148071, "y": 0.406297504901886, "z": -0.18296104669570923, "x_normalized": 15.673422009931336, "y_normalized": 11.93532154648229, "z_normalized": -0.18296104669570923}, "mouth_right": {"x": 0.5198035836219788, "y": 0.40772545337677, "z": -0.1831216812133789, "x_normalized": 15.504089799906637, "y_normalized": 11.979346634718892, "z_normalized": -0.1831216812133789}, "left_shoulder": {"x": 0.5489747524261475, "y": 0.4383344054222107, "z": -0.09088750928640366, "x_normalized": 16.403466285233005, "y_normalized": 12.923051424025028, "z_normalized": -0.09088750928640366}, "right_shoulder": {"x": 0.4946576654911041, "y": 0.44516563415527344, "z": -0.06277242302894592, "x_normalized": 14.72881584291597, "y_normalized": 13.133665079228466, "z_normalized": -0.06277242302894592}, "left_elbow": {"x": 0.5782171487808228, "y": 0.4606613516807556, "z": 0.02832130342721939, "x_normalized": 17.305038787608364, "y_normalized": 13.611413641832742, "z_normalized": 0.02832130342721939}, "right_elbow": {"x": 0.478685200214386, "y": 0.45760419964790344, "z": 0.08445385098457336, "x_normalized": 14.236368667452801, "y_normalized": 13.51715856865165, "z_normalized": 0.08445385098457336}, "left_wrist": {"x": 0.5607593059539795, "y": 0.49394491314888, "z": 0.15503613650798798, "x_normalized": 16.766795927735618, "y_normalized": 14.63757933074638, "z_normalized": 0.15503613650798798}, "right_wrist": {"x": 0.4958766996860504, "y": 0.4878036081790924, "z": 0.21915806829929352, "x_normalized": 14.766399893699248, "y_normalized": 14.448236719343864, "z_normalized": 0.21915806829929352}, "left_pinky": {"x": 0.5561063289642334, "y": 0.5062304735183716, "z": 0.17042776942253113, "x_normalized": 16.62333996546563, "y_normalized": 15.016355518274363, "z_normalized": 0.17042776942253113}, "right_pinky": {"x": 0.4994983971118927, "y": 0.4950321912765503, "z": 0.2252609133720398, "x_normalized": 14.878060469373683, "y_normalized": 14.671101209406814, "z_normalized": 0.2252609133720398}, "left_index": {"x": 0.5525643825531006, "y": 0.5083245038986206, "z": 0.15927886962890625, "x_normalized": 16.514138193817598, "y_normalized": 15.080916581843605, "z_normalized": 0.15927886962890625}, "right_index": {"x": 0.5028427243232727, "y": 0.49509018659591675, "z": 0.21729831397533417, "x_normalized": 14.981169442255236, "y_normalized": 14.672889263455911, "z_normalized": 0.21729831397533417}, "left_thumb": {"x": 0.5530887842178345, "y": 0.5040234327316284, "z": 0.15528538823127747, "x_normalized": 16.53030602477747, "y_normalized": 14.948310230165463, "z_normalized": 0.15528538823127747}, "right_thumb": {"x": 0.5010554790496826, "y": 0.4932754635810852, "z": 0.21012374758720398, "x_normalized": 14.92606687220162, "y_normalized": 14.616939526992597, "z_normalized": 0.21012374758720398}, "left_hip": {"x": 0.5380861163139343, "y": 0.5931165814399719, "z": -0.004703762475401163, "x_normalized": 16.06775867809727, "y_normalized": 17.69514164751061, "z_normalized": -0.004703762475401163}, "right_hip": {"x": 0.5058692693710327, "y": 0.5893620848655701, "z": 0.004713810048997402, "x_normalized": 15.074480871290172, "y_normalized": 17.579386740467843, "z_normalized": 0.004713810048997402}, "left_knee": {"x": 0.531961977481842, "y": 0.7110176086425781, "z": -0.007409677375108004, "x_normalized": 15.878945315991917, "y_normalized": 21.330148944396672, "z_normalized": -0.007409677375108004}, "right_knee": {"x": 0.505461573600769, "y": 0.7086269855499268, "z": -0.01126800011843443, "x_normalized": 15.061911200482545, "y_normalized": 21.256443629082, "z_normalized": -0.01126800011843443}, "left_ankle": {"x": 0.5229570269584656, "y": 0.8068515658378601, "z": 0.11635573208332062, "x_normalized": 15.601313630864006, "y_normalized": 24.2848062697793, "z_normalized": 0.11635573208332062}, "right_ankle": {"x": 0.5031208395957947, "y": 0.8094152212142944, "z": 0.10645187646150589, "x_normalized": 14.98974401593775, "y_normalized": 24.36384634450253, "z_normalized": 0.10645187646150589}, "left_heel": {"x": 0.5194805860519409, "y": 0.8145474195480347, "z": 0.12519828975200653, "x_normalized": 15.49413145983258, "y_normalized": 24.522077182984997, "z_normalized": 0.12519828975200653}, "right_heel": {"x": 0.5052347183227539, "y": 0.8187353610992432, "z": 0.11458076536655426, "x_normalized": 15.054917024006837, "y_normalized": 24.651195634781136, "z_normalized": 0.11458076536655426}, "left_foot_index": {"x": 0.5239509344100952, "y": 0.8427855968475342, "z": 0.05376807600259781, "x_normalized": 15.631956797635528, "y_normalized": 25.3926886014763, "z_normalized": 0.05376807600259781}, "right_foot_index": {"x": 0.5029706358909607, "y": 0.846747875213623, "z": 0.04084336385130882, "x_normalized": 14.985113084587573, "y_normalized": 25.51484963022015, "z_normalized": 0.04084336385130882}}}