{"sequence_id": 1697925405990398000, "sequence_source": "mediapipe", "frame_number": 35, "image_dimensions": {"height": 1080, "width": 1920}, "joint_positions": {"nose": {"x": 0.530206024646759, "y": 0.3957788348197937, "z": -0.1403864473104477, "x_normalized": 14.887665316307428, "y_normalized": 10.912802790249565, "z_normalized": -0.1403864473104477}, "left_eye_inner": {"x": 0.5330142974853516, "y": 0.38681745529174805, "z": -0.13161414861679077, "x_normalized": 14.969282324001217, "y_normalized": 10.652357661187954, "z_normalized": -0.13161414861679077}, "left_eye": {"x": 0.5348798036575317, "y": 0.38684242963790894, "z": -0.1315847486257553, "x_normalized": 15.023499645593068, "y_normalized": 10.653083492159487, "z_normalized": -0.1315847486257553}, "left_eye_outer": {"x": 0.5367394685745239, "y": 0.38694998621940613, "z": -0.13167573511600494, "x_normalized": 15.077547202423084, "y_normalized": 10.656209415758838, "z_normalized": -0.13167573511600494}, "right_eye_inner": {"x": 0.5275073051452637, "y": 0.38712620735168457, "z": -0.13207577168941498, "x_normalized": 14.809232264044846, "y_normalized": 10.661330941456528, "z_normalized": -0.13207577168941498}, "right_eye": {"x": 0.5254048705101013, "y": 0.3874315321445465, "z": -0.13212060928344727, "x_normalized": 14.748129075837632, "y_normalized": 10.670204614849533, "z_normalized": -0.13212060928344727}, "right_eye_outer": {"x": 0.5232900381088257, "y": 0.3878541886806488, "z": -0.13202735781669617, "x_normalized": 14.686665570584884, "y_normalized": 10.682488307973944, "z_normalized": -0.13202735781669617}, "left_ear": {"x": 0.5410182476043701, "y": 0.39247050881385803, "z": -0.06368742883205414, "x_normalized": 15.20190162276281, "y_normalized": 10.816652706337015, "z_normalized": -0.06368742883205414}, "right_ear": {"x": 0.5185959339141846, "y": 0.39404213428497314, "z": -0.06758201122283936, "x_normalized": 14.550240529219787, "y_normalized": 10.862328954885585, "z_normalized": -0.06758201122283936}, "mouth_left": {"x": 0.5339295864105225, "y": 0.40761440992355347, "z": -0.11429867893457413, "x_normalized": 14.995883422805116, "y_normalized": 11.256780843602845, "z_normalized": -0.11429867893457413}, "mouth_right": {"x": 0.5263420343399048, "y": 0.40728282928466797, "z": -0.11533834785223007, "x_normalized": 14.77536592635168, "y_normalized": 11.247144094928315, "z_normalized": -0.11533834785223007}, "left_shoulder": {"x": 0.5575651526451111, "y": 0.44128549098968506, "z": -0.0124578308314085, "x_normalized": 15.682805350299258, "y_normalized": 12.235365561108395, "z_normalized": -0.0124578308314085}, "right_shoulder": {"x": 0.5005574822425842, "y": 0.43655842542648315, "z": 0.02207072824239731, "x_normalized": 14.025987889436085, "y_normalized": 12.097982561444358, "z_normalized": 0.02207072824239731}, "left_elbow": {"x": 0.586226761341095, "y": 0.4770757555961609, "z": 0.10469686985015869, "x_normalized": 16.515799461593957, "y_normalized": 13.275540241291328, "z_normalized": 0.10469686985015869}, "right_elbow": {"x": 0.48104965686798096, "y": 0.4502120912075043, "z": 0.17114529013633728, "x_normalized": 13.459030750582718, "y_normalized": 12.494799896919675, "z_normalized": 0.17114529013633728}, "left_wrist": {"x": 0.5679702758789062, "y": 0.5232218503952026, "z": 0.2181011289358139, "x_normalized": 15.98521009223063, "y_normalized": 14.61668705669094, "z_normalized": 0.2181011289358139}, "right_wrist": {"x": 0.4894132912158966, "y": 0.49705713987350464, "z": 0.29830390214920044, "x_normalized": 13.702103574398501, "y_normalized": 13.856260451907978, "z_normalized": 0.29830390214920044}, "left_pinky": {"x": 0.5628675222396851, "y": 0.535888135433197, "z": 0.2303852140903473, "x_normalized": 15.836908446710837, "y_normalized": 14.98480808438845, "z_normalized": 0.2303852140903473}, "right_pinky": {"x": 0.4934268891811371, "y": 0.5099672675132751, "z": 0.31401902437210083, "x_normalized": 13.818751021009485, "y_normalized": 14.231468292265475, "z_normalized": 0.31401902437210083}, "left_index": {"x": 0.5582277178764343, "y": 0.5332418084144592, "z": 0.2173166126012802, "x_normalized": 15.70206152471344, "y_normalized": 14.907897718101943, "z_normalized": 0.2173166126012802}, "right_index": {"x": 0.4956289529800415, "y": 0.5091337561607361, "z": 0.30569374561309814, "x_normalized": 13.88274973778213, "y_normalized": 14.207243900127304, "z_normalized": 0.30569374561309814}, "left_thumb": {"x": 0.558163583278656, "y": 0.5291738510131836, "z": 0.21647635102272034, "x_normalized": 15.7001975769202, "y_normalized": 14.789670419829774, "z_normalized": 0.21647635102272034}, "right_thumb": {"x": 0.49543458223342896, "y": 0.5039419531822205, "z": 0.2972926199436188, "x_normalized": 13.8771007287173, "y_normalized": 14.056354208136227, "z_normalized": 0.2972926199436188}, "left_hip": {"x": 0.5389209985733032, "y": 0.5907272696495056, "z": -0.006386978086084127, "x_normalized": 15.140949144089062, "y_normalized": 16.57860124356606, "z_normalized": -0.006386978086084127}, "right_hip": {"x": 0.5045695304870605, "y": 0.588756799697876, "z": 0.006446202751249075, "x_normalized": 14.142590296416378, "y_normalized": 16.52133335314159, "z_normalized": 0.006446202751249075}, "left_knee": {"x": 0.5322855114936829, "y": 0.7099720239639282, "z": -0.03461086377501488, "x_normalized": 14.94810157152171, "y_normalized": 20.0442189344745, "z_normalized": -0.03461086377501488}, "right_knee": {"x": 0.5039543509483337, "y": 0.7099407911300659, "z": -0.03440457955002785, "x_normalized": 14.12471129532527, "y_normalized": 20.043311212686714, "z_normalized": -0.03440457955002785}, "left_ankle": {"x": 0.5248390436172485, "y": 0.8051379919052124, "z": 0.09824053198099136, "x_normalized": 14.731684413754705, "y_normalized": 22.81003336351098, "z_normalized": 0.09824053198099136}, "right_ankle": {"x": 0.5045086741447449, "y": 0.8076740503311157, "z": 0.09092716872692108, "x_normalized": 14.140821624764985, "y_normalized": 22.883738986844424, "z_normalized": 0.09092716872692108}, "left_heel": {"x": 0.522185206413269, "y": 0.8139408826828003, "z": 0.10844515264034271, "x_normalized": 14.654555778488692, "y_normalized": 23.06587232418762, "z_normalized": 0.10844515264034271}, "right_heel": {"x": 0.506225049495697, "y": 0.817022979259491, "z": 0.09939505904912949, "x_normalized": 14.190704748049507, "y_normalized": 23.15544748816593, "z_normalized": 0.09939505904912949}, "left_foot_index": {"x": 0.523319661617279, "y": 0.8427684307098389, "z": 0.03580907732248306, "x_normalized": 14.68752652044849, "y_normalized": 23.903689140553304, "z_normalized": 0.03580907732248306}, "right_foot_index": {"x": 0.5023311376571655, "y": 0.8446284532546997, "z": 0.02238541841506958, "x_normalized": 14.077535746762711, "y_normalized": 23.95774709114425, "z_normalized": 0.02238541841506958}}}