{"sequence_id": 1697925405990398000, "sequence_source": "mediapipe", "frame_number": 400, "image_dimensions": {"height": 1080, "width": 1920}, "joint_positions": {"nose": {"x": 0.5115047693252563, "y": 0.4088842272758484, "z": -0.08045146614313126, "x_normalized": 26.393949209525385, "y_normalized": 20.986573765658704, "z_normalized": -0.08045146614313126}, "left_eye_inner": {"x": 0.5132334232330322, "y": 0.40532857179641724, "z": -0.07382293790578842, "x_normalized": 26.4848950523424, "y_normalized": 20.79950793201254, "z_normalized": -0.07382293790578842}, "left_eye": {"x": 0.51445072889328, "y": 0.40546444058418274, "z": -0.0738101452589035, "x_normalized": 26.548938461343567, "y_normalized": 20.80665609588749, "z_normalized": -0.0738101452589035}, "left_eye_outer": {"x": 0.5156476497650146, "y": 0.40561744570732117, "z": -0.07384883612394333, "x_normalized": 26.611909410574945, "y_normalized": 20.81470581585547, "z_normalized": -0.07384883612394333}, "right_eye_inner": {"x": 0.5098329186439514, "y": 0.40561044216156006, "z": -0.07426957786083221, "x_normalized": 26.30599182916629, "y_normalized": 20.81433735380006, "z_normalized": -0.07426957786083221}, "right_eye": {"x": 0.508715033531189, "y": 0.4060324728488922, "z": -0.07428739964962006, "x_normalized": 26.247179013428305, "y_normalized": 20.836540720466697, "z_normalized": -0.07428739964962006}, "right_eye_outer": {"x": 0.507712185382843, "y": 0.4064684808254242, "z": -0.0742497369647026, "x_normalized": 26.194418382940878, "y_normalized": 20.859479443320517, "z_normalized": -0.0742497369647026}, "left_ear": {"x": 0.5182255506515503, "y": 0.40935495495796204, "z": -0.03528447821736336, "x_normalized": 26.747534805438605, "y_normalized": 21.011339119553174, "z_normalized": -0.03528447821736336}, "right_ear": {"x": 0.5058668255805969, "y": 0.4108666777610779, "z": -0.037821631878614426, "x_normalized": 26.09733255114946, "y_normalized": 21.09087204619432, "z_normalized": -0.037821631878614426}, "mouth_left": {"x": 0.5144165754318237, "y": 0.4154931604862213, "z": -0.06662905216217041, "x_normalized": 26.547141620852077, "y_normalized": 21.33427494415085, "z_normalized": -0.06662905216217041}, "mouth_right": {"x": 0.50971519947052, "y": 0.4159236252307892, "z": -0.06733958423137665, "x_normalized": 26.299798530788124, "y_normalized": 21.35692203320762, "z_normalized": -0.06733958423137665}, "left_shoulder": {"x": 0.5283368229866028, "y": 0.43687379360198975, "z": -0.009623875841498375, "x_normalized": 27.27949680218488, "y_normalized": 22.4591268823718, "z_normalized": -0.009623875841498375}, "right_shoulder": {"x": 0.4971643388271332, "y": 0.4458600580692291, "z": 0.0070060016587376595, "x_normalized": 25.639487872791626, "y_normalized": 22.93190132963012, "z_normalized": 0.0070060016587376595}, "left_elbow": {"x": 0.547429621219635, "y": 0.45052677392959595, "z": 0.05351335555315018, "x_normalized": 28.283983946330707, "y_normalized": 23.177420924500705, "z_normalized": 0.05351335555315018}, "right_elbow": {"x": 0.48934584856033325, "y": 0.4579155743122101, "z": 0.08815555274486542, "x_normalized": 25.228150945444725, "y_normalized": 23.566151528805474, "z_normalized": 0.08815555274486542}, "left_wrist": {"x": 0.537803053855896, "y": 0.474185973405838, "z": 0.10687467455863953, "x_normalized": 27.77752265966608, "y_normalized": 24.422150032544735, "z_normalized": 0.10687467455863953}, "right_wrist": {"x": 0.4944208264350891, "y": 0.47669586539268494, "z": 0.15323853492736816, "x_normalized": 25.49514952626025, "y_normalized": 24.55419742566182, "z_normalized": 0.15323853492736816}, "left_pinky": {"x": 0.5354082584381104, "y": 0.4832662045955658, "z": 0.11417385935783386, "x_normalized": 27.65153058764684, "y_normalized": 24.899868143040106, "z_normalized": 0.11417385935783386}, "right_pinky": {"x": 0.49702373147010803, "y": 0.4807250499725342, "z": 0.16205908358097076, "x_normalized": 25.632090409057906, "y_normalized": 24.766175998024618, "z_normalized": 0.16205908358097076}, "left_index": {"x": 0.533282458782196, "y": 0.4816829562187195, "z": 0.10538167506456375, "x_normalized": 27.53969059440262, "y_normalized": 24.816572199662858, "z_normalized": 0.10538167506456375}, "right_index": {"x": 0.4981596767902374, "y": 0.479594886302948, "z": 0.1563912034034729, "x_normalized": 25.691853386521757, "y_normalized": 24.706717197746933, "z_normalized": 0.1563912034034729}, "left_thumb": {"x": 0.5334866642951965, "y": 0.47824397683143616, "z": 0.10531651973724365, "x_normalized": 27.55043400718419, "y_normalized": 24.635644787067456, "z_normalized": 0.10531651973724365}, "right_thumb": {"x": 0.4976155459880829, "y": 0.47874847054481506, "z": 0.15231704711914062, "x_normalized": 25.663226236701867, "y_normalized": 24.66218659844609, "z_normalized": 0.15231704711914062}, "left_hip": {"x": 0.5261752605438232, "y": 0.5241949558258057, "z": -0.005791123490780592, "x_normalized": 27.165775300572612, "y_normalized": 27.053161962779452, "z_normalized": -0.005791123490780592}, "right_hip": {"x": 0.5072634220123291, "y": 0.5260996222496033, "z": 0.005771343596279621, "x_normalized": 26.170808588769123, "y_normalized": 27.153367962614556, "z_normalized": 0.005771343596279621}, "left_knee": {"x": 0.5223667621612549, "y": 0.5941718220710754, "z": -0.019631175324320793, "x_normalized": 26.965407202764325, "y_normalized": 30.734699979002556, "z_normalized": -0.019631175324320793}, "right_knee": {"x": 0.50957190990448, "y": 0.5982344746589661, "z": -0.01364063285291195, "x_normalized": 26.2922599539268, "y_normalized": 30.948439329613127, "z_normalized": -0.01364063285291195}, "left_ankle": {"x": 0.5216591358184814, "y": 0.6504181027412415, "z": 0.04772239923477173, "x_normalized": 26.92817842385516, "y_normalized": 33.69386107993809, "z_normalized": 0.04772239923477173}, "right_ankle": {"x": 0.5151011347770691, "y": 0.6487218737602234, "z": 0.05887727811932564, "x_normalized": 26.58315682686385, "y_normalized": 33.604621138041445, "z_normalized": 0.05887727811932564}, "left_heel": {"x": 0.521691083908081, "y": 0.6570374369621277, "z": 0.051818426698446274, "x_normalized": 26.929859237997285, "y_normalized": 34.042109463780605, "z_normalized": 0.051818426698446274}, "right_heel": {"x": 0.5167850852012634, "y": 0.6550374627113342, "z": 0.06341832131147385, "x_normalized": 26.6717507842208, "y_normalized": 33.936889244144645, "z_normalized": 0.06341832131147385}, "left_foot_index": {"x": 0.5213007926940918, "y": 0.6697113513946533, "z": 0.00837133638560772, "x_normalized": 26.90932571000729, "y_normalized": 34.70889407848684, "z_normalized": 0.00837133638560772}, "right_foot_index": {"x": 0.5109758973121643, "y": 0.6700977087020874, "z": 0.024947216734290123, "x_normalized": 26.366124836609192, "y_normalized": 34.72922064055635, "z_normalized": 0.024947216734290123}}}