{"sequence_id": 1697925405990398000, "sequence_source": "mediapipe", "frame_number": 679, "image_dimensions": {"height": 1080, "width": 1920}, "joint_positions": {"nose": {"x": 0.5254608988761902, "y": 0.4193460941314697, "z": -0.05021769180893898, "x_normalized": 37.61472356854542, "y_normalized": 29.936405794921775, "z_normalized": -0.05021769180893898}, "left_eye_inner": {"x": 0.5267167687416077, "y": 0.417059987783432, "z": -0.04575088992714882, "x_normalized": 37.70588473000436, "y_normalized": 29.770461762307797, "z_normalized": -0.04575088992714882}, "left_eye": {"x": 0.5275003910064697, "y": 0.4172743558883667, "z": -0.04573800787329674, "x_normalized": 37.76276635267642, "y_normalized": 29.786022327907563, "z_normalized": -0.04573800787329674}, "left_eye_outer": {"x": 0.5283464789390564, "y": 0.41749307513237, "z": -0.04575436934828758, "x_normalized": 37.82418223719989, "y_normalized": 29.80189873426606, "z_normalized": -0.04575436934828758}, "right_eye_inner": {"x": 0.5244215130805969, "y": 0.4167436361312866, "z": -0.046128496527671814, "x_normalized": 37.53927656647989, "y_normalized": 29.74749840851362, "z_normalized": -0.046128496527671814}, "right_eye": {"x": 0.5236685276031494, "y": 0.41682055592536926, "z": -0.04614029824733734, "x_normalized": 37.48461880887616, "y_normalized": 29.753081867406017, "z_normalized": -0.04614029824733734}, "right_eye_outer": {"x": 0.5229464173316956, "y": 0.41690269112586975, "z": -0.04612567275762558, "x_normalized": 37.432202222683706, "y_normalized": 29.759043902550317, "z_normalized": -0.04612567275762558}, "left_ear": {"x": 0.5301850438117981, "y": 0.42056822776794434, "z": -0.01861330308020115, "x_normalized": 37.957640100814615, "y_normalized": 30.02511810885409, "z_normalized": -0.01861330308020115}, "right_ear": {"x": 0.5211688876152039, "y": 0.4204463064670563, "z": -0.02029043436050415, "x_normalized": 37.30317478286272, "y_normalized": 30.016268077730967, "z_normalized": -0.02029043436050415}, "mouth_left": {"x": 0.5273659825325012, "y": 0.4243571162223816, "z": -0.04020959138870239, "x_normalized": 37.753009901841594, "y_normalized": 30.300146184338658, "z_normalized": -0.04020959138870239}, "mouth_right": {"x": 0.5240969061851501, "y": 0.42416781187057495, "z": -0.040719326585531235, "x_normalized": 37.515713980561266, "y_normalized": 30.286404948040907, "z_normalized": -0.040719326585531235}, "left_shoulder": {"x": 0.5374830961227417, "y": 0.44037488102912903, "z": 0.00023585448798257858, "x_normalized": 38.48739158492438, "y_normalized": 31.462844712241996, "z_normalized": 0.00023585448798257858}, "right_shoulder": {"x": 0.5146029591560364, "y": 0.44342079758644104, "z": 0.006954662501811981, "x_normalized": 36.826566751349056, "y_normalized": 31.683941896526484, "z_normalized": 0.006954662501811981}, "left_elbow": {"x": 0.5496423840522766, "y": 0.4495086669921875, "z": 0.03720570355653763, "x_normalized": 39.3700107484963, "y_normalized": 32.125848547144024, "z_normalized": 0.03720570355653763}, "right_elbow": {"x": 0.5063576698303223, "y": 0.45442572236061096, "z": 0.046883709728717804, "x_normalized": 36.22805716672171, "y_normalized": 32.48276807414799, "z_normalized": 0.046883709728717804}, "left_wrist": {"x": 0.5427738428115845, "y": 0.46640533208847046, "z": 0.06458000838756561, "x_normalized": 38.87143664120063, "y_normalized": 33.352344745018534, "z_normalized": 0.06458000838756561}, "right_wrist": {"x": 0.5125271081924438, "y": 0.471743106842041, "z": 0.07225939631462097, "x_normalized": 36.67588474991906, "y_normalized": 33.73980347744054, "z_normalized": 0.07225939631462097}, "left_pinky": {"x": 0.5409584045410156, "y": 0.47322794795036316, "z": 0.06766703724861145, "x_normalized": 38.7396574928515, "y_normalized": 33.84758521800457, "z_normalized": 0.06766703724861145}, "right_pinky": {"x": 0.5153124928474426, "y": 0.476950466632843, "z": 0.07429949194192886, "x_normalized": 36.8780704279512, "y_normalized": 34.11779564027202, "z_normalized": 0.07429949194192886}, "left_index": {"x": 0.5394874811172485, "y": 0.47290515899658203, "z": 0.06241321563720703, "x_normalized": 38.63288601005684, "y_normalized": 33.8241545929509, "z_normalized": 0.06241321563720703}, "right_index": {"x": 0.5166538953781128, "y": 0.4758435785770416, "z": 0.07172396779060364, "x_normalized": 36.975440239941385, "y_normalized": 34.03744877986039, "z_normalized": 0.07172396779060364}, "left_thumb": {"x": 0.5394773483276367, "y": 0.47022393345832825, "z": 0.06336647272109985, "x_normalized": 38.63215049048171, "y_normalized": 33.62952962349253, "z_normalized": 0.06336647272109985}, "right_thumb": {"x": 0.5158841013908386, "y": 0.47406768798828125, "z": 0.07193731516599655, "x_normalized": 36.91956238516008, "y_normalized": 33.90854032114714, "z_normalized": 0.07193731516599655}, "left_hip": {"x": 0.5343142151832581, "y": 0.5023788213729858, "z": -0.003819993231445551, "x_normalized": 38.257368654266386, "y_normalized": 35.963590667235685, "z_normalized": -0.003819993231445551}, "right_hip": {"x": 0.5206167697906494, "y": 0.5038513541221619, "z": 0.003825991414487362, "x_normalized": 37.26309761918953, "y_normalized": 36.07047896784522, "z_normalized": 0.003825991414487362}, "left_knee": {"x": 0.5336174368858337, "y": 0.5532380938529968, "z": -0.008566852658987045, "x_normalized": 38.20679086701176, "y_normalized": 39.65536676434965, "z_normalized": -0.008566852658987045}, "right_knee": {"x": 0.5225838422775269, "y": 0.5556892156600952, "z": -0.004881332162767649, "x_normalized": 37.40588360165121, "y_normalized": 39.833288949573934, "z_normalized": -0.004881332162767649}, "left_ankle": {"x": 0.5324847102165222, "y": 0.5982470512390137, "z": 0.021397974342107773, "x_normalized": 38.12456843168355, "y_normalized": 42.922479818297184, "z_normalized": 0.021397974342107773}, "right_ankle": {"x": 0.5278806090354919, "y": 0.5991278290748596, "z": 0.023580143228173256, "x_normalized": 37.790365643086794, "y_normalized": 42.98641377571904, "z_normalized": 0.023580143228173256}, "left_heel": {"x": 0.5329615473747253, "y": 0.6040952801704407, "z": 0.022498806938529015, "x_normalized": 38.15918111757208, "y_normalized": 43.34699143096286, "z_normalized": 0.022498806938529015}, "right_heel": {"x": 0.5299376845359802, "y": 0.6056667566299438, "z": 0.02417084388434887, "x_normalized": 37.93968477000994, "y_normalized": 43.461061863894265, "z_normalized": 0.02417084388434887}, "left_foot_index": {"x": 0.5308263301849365, "y": 0.6090099811553955, "z": -0.012018510140478611, "x_normalized": 38.00418983674896, "y_normalized": 43.70374005783026, "z_normalized": -0.012018510140478611}, "right_foot_index": {"x": 0.5229412317276001, "y": 0.6118869185447693, "z": -0.006819012574851513, "x_normalized": 37.431825809724664, "y_normalized": 43.912571371553, "z_normalized": -0.006819012574851513}}}