{"sequence_id": 1697925405990398000, "sequence_source": "mediapipe", "frame_number": 141, "image_dimensions": {"height": 1080, "width": 1920}, "joint_positions": {"nose": {"x": 0.5133985877037048, "y": 0.3964267671108246, "z": -0.183533176779747, "x_normalized": 18.74338365416161, "y_normalized": 14.298747102907658, "z_normalized": -0.183533176779747}, "left_eye_inner": {"x": 0.5149617195129395, "y": 0.3898346424102783, "z": -0.17352896928787231, "x_normalized": 18.80201823660605, "y_normalized": 14.051470144589315, "z_normalized": -0.17352896928787231}, "left_eye": {"x": 0.5162414312362671, "y": 0.39013993740081787, "z": -0.17349432408809662, "x_normalized": 18.850021458153506, "y_normalized": 14.062922054266355, "z_normalized": -0.17349432408809662}, "left_eye_outer": {"x": 0.5176275372505188, "y": 0.3905799388885498, "z": -0.17356549203395844, "x_normalized": 18.90201563221434, "y_normalized": 14.079426934632604, "z_normalized": -0.17356549203395844}, "right_eye_inner": {"x": 0.5117411613464355, "y": 0.3898060917854309, "z": -0.17421914637088776, "x_normalized": 18.681211992234733, "y_normalized": 14.050399183102533, "z_normalized": -0.17421914637088776}, "right_eye": {"x": 0.5102497339248657, "y": 0.390205979347229, "z": -0.17424233257770538, "x_normalized": 18.625267110559815, "y_normalized": 14.06539935140071, "z_normalized": -0.17424233257770538}, "right_eye_outer": {"x": 0.5083579421043396, "y": 0.39060521125793457, "z": -0.17417408525943756, "x_normalized": 18.554304173964812, "y_normalized": 14.080374925593764, "z_normalized": -0.17417408525943756}, "left_ear": {"x": 0.5205754041671753, "y": 0.39655911922454834, "z": -0.10799098759889603, "x_normalized": 19.012592964681623, "y_normalized": 14.30371175840119, "z_normalized": -0.10799098759889603}, "right_ear": {"x": 0.5036519765853882, "y": 0.3967552185058594, "z": -0.11117064952850342, "x_normalized": 18.377778866520174, "y_normalized": 14.31106763166114, "z_normalized": -0.11117064952850342}, "mouth_left": {"x": 0.5161051154136658, "y": 0.40680384635925293, "z": -0.15757957100868225, "x_normalized": 18.844908120115356, "y_normalized": 14.688001358453997, "z_normalized": -0.15757957100868225}, "mouth_right": {"x": 0.5110577940940857, "y": 0.4063601791858673, "z": -0.15874218940734863, "x_normalized": 18.655578227211834, "y_normalized": 14.671358974681826, "z_normalized": -0.15874218940734863}, "left_shoulder": {"x": 0.536198616027832, "y": 0.4363086223602295, "z": -0.05289071425795555, "x_normalized": 19.598634716553537, "y_normalized": 15.794753975676326, "z_normalized": -0.05289071425795555}, "right_shoulder": {"x": 0.48876187205314636, "y": 0.44403108954429626, "z": -0.03227439895272255, "x_normalized": 17.819236677919008, "y_normalized": 16.084431171229227, "z_normalized": -0.03227439895272255}, "left_elbow": {"x": 0.5598071217536926, "y": 0.4557848274707794, "z": 0.06553550064563751, "x_normalized": 20.484212546391653, "y_normalized": 16.52532522213983, "z_normalized": 0.06553550064563751}, "right_elbow": {"x": 0.4718934893608093, "y": 0.45880913734436035, "z": 0.08903560042381287, "x_normalized": 17.186487366674147, "y_normalized": 16.638770003681852, "z_normalized": 0.08903560042381287}, "left_wrist": {"x": 0.5580812692642212, "y": 0.4771016538143158, "z": 0.17100761830806732, "x_normalized": 20.419474154220875, "y_normalized": 17.324939947084765, "z_normalized": 0.17100761830806732}, "right_wrist": {"x": 0.48255255818367004, "y": 0.48395827412605286, "z": 0.18884697556495667, "x_normalized": 17.586319323251736, "y_normalized": 17.582138390993087, "z_normalized": 0.18884697556495667}, "left_pinky": {"x": 0.5593269467353821, "y": 0.4915030002593994, "z": 0.18777798116207123, "x_normalized": 20.4662007181296, "y_normalized": 17.865148348229525, "z_normalized": 0.18777798116207123}, "right_pinky": {"x": 0.48529091477394104, "y": 0.49203774333000183, "z": 0.2047453075647354, "x_normalized": 17.689037721217886, "y_normalized": 17.885207076786255, "z_normalized": 0.2047453075647354}, "left_index": {"x": 0.5561885833740234, "y": 0.48618412017822266, "z": 0.17229489982128143, "x_normalized": 20.348477680209793, "y_normalized": 17.665632024149, "z_normalized": 0.17229489982128143}, "right_index": {"x": 0.4882201552391052, "y": 0.4920457601547241, "z": 0.19675634801387787, "x_normalized": 17.798916357516863, "y_normalized": 17.885507795617094, "z_normalized": 0.19675634801387787}, "left_thumb": {"x": 0.5556421279907227, "y": 0.4824661314487457, "z": 0.16830787062644958, "x_normalized": 20.327979611502432, "y_normalized": 17.52616667938531, "z_normalized": 0.16830787062644958}, "right_thumb": {"x": 0.4873998761177063, "y": 0.48750627040863037, "z": 0.18863961100578308, "x_normalized": 17.768146896178433, "y_normalized": 17.715227155046332, "z_normalized": 0.18863961100578308}, "left_hip": {"x": 0.5278972387313843, "y": 0.5697826147079468, "z": -0.010745856910943985, "x_normalized": 19.287242044089613, "y_normalized": 20.801492218903785, "z_normalized": -0.010745856910943985}, "right_hip": {"x": 0.5014882683753967, "y": 0.5734242796897888, "z": 0.010642430745065212, "x_normalized": 18.29661608378174, "y_normalized": 20.93809458624822, "z_normalized": 0.010642430745065212}, "left_knee": {"x": 0.5261358618736267, "y": 0.6789628863334656, "z": -0.008807708509266376, "x_normalized": 19.221171098586638, "y_normalized": 24.89694955661034, "z_normalized": -0.008807708509266376}, "right_knee": {"x": 0.5062798857688904, "y": 0.681035578250885, "z": 0.013491785153746605, "x_normalized": 18.476354275686724, "y_normalized": 24.974698230391954, "z_normalized": 0.013491785153746605}, "left_ankle": {"x": 0.5202828645706177, "y": 0.7579414248466492, "z": 0.1162191703915596, "x_normalized": 19.00161952214064, "y_normalized": 27.85951074334727, "z_normalized": 0.1162191703915596}, "right_ankle": {"x": 0.5140897035598755, "y": 0.7628709673881531, "z": 0.12561343610286713, "x_normalized": 18.769308076790526, "y_normalized": 28.044422640639343, "z_normalized": 0.12561343610286713}, "left_heel": {"x": 0.5210397243499756, "y": 0.7684073448181152, "z": 0.12539155781269073, "x_normalized": 19.030010062765214, "y_normalized": 28.25209750013797, "z_normalized": 0.12539155781269073}, "right_heel": {"x": 0.5165250897407532, "y": 0.7747287750244141, "z": 0.13341574370861053, "x_normalized": 18.86066176236144, "y_normalized": 28.489220446781523, "z_normalized": 0.13341574370861053}, "left_foot_index": {"x": 0.5188313126564026, "y": 0.7855905890464783, "z": 0.06646831333637238, "x_normalized": 18.947170409222835, "y_normalized": 28.896657571411918, "z_normalized": 0.06646831333637238}, "right_foot_index": {"x": 0.5055329203605652, "y": 0.7947126626968384, "z": 0.07517116516828537, "x_normalized": 18.448334882466757, "y_normalized": 29.238835356008444, "z_normalized": 0.07517116516828537}}}