{"sequence_id": 1697925405990398000, "sequence_source": "mediapipe", "frame_number": 132, "image_dimensions": {"height": 1080, "width": 1920}, "joint_positions": {"nose": {"x": 0.5125489234924316, "y": 0.3942644000053406, "z": -0.19195756316184998, "x_normalized": 19.307517422324473, "y_normalized": 14.676245667515316, "z_normalized": -0.19195756316184998}, "left_eye_inner": {"x": 0.5135208368301392, "y": 0.38904890418052673, "z": -0.1848447173833847, "x_normalized": 19.345105811527233, "y_normalized": 14.474538293675902, "z_normalized": -0.1848447173833847}, "left_eye": {"x": 0.5145949721336365, "y": 0.38922038674354553, "z": -0.18481674790382385, "x_normalized": 19.386647597484732, "y_normalized": 14.48117031843589, "z_normalized": -0.18481674790382385}, "left_eye_outer": {"x": 0.5158250331878662, "y": 0.38940608501434326, "z": -0.1848832666873932, "x_normalized": 19.434219754235464, "y_normalized": 14.48835213044136, "z_normalized": -0.1848832666873932}, "right_eye_inner": {"x": 0.5114259123802185, "y": 0.3895106017589569, "z": -0.1854555606842041, "x_normalized": 19.264085382525057, "y_normalized": 14.492394276919162, "z_normalized": -0.1854555606842041}, "right_eye": {"x": 0.5112120509147644, "y": 0.3900412321090698, "z": -0.18547317385673523, "x_normalized": 19.255814369372874, "y_normalized": 14.512916209635806, "z_normalized": -0.18547317385673523}, "right_eye_outer": {"x": 0.5097669363021851, "y": 0.39038005471229553, "z": -0.18542538583278656, "x_normalized": 19.19992509571772, "y_normalized": 14.526020048616738, "z_normalized": -0.18542538583278656}, "left_ear": {"x": 0.5187773108482361, "y": 0.39645615220069885, "z": -0.12820523977279663, "x_normalized": 19.54839800184996, "y_normalized": 14.761010873793333, "z_normalized": -0.12820523977279663}, "right_ear": {"x": 0.5046780109405518, "y": 0.39613276720046997, "z": -0.13472382724285126, "x_normalized": 19.00311278777258, "y_normalized": 14.748504078403933, "z_normalized": -0.13472382724285126}, "mouth_left": {"x": 0.5151183009147644, "y": 0.40462809801101685, "z": -0.16992397606372833, "x_normalized": 19.406887144718894, "y_normalized": 15.077057858380092, "z_normalized": -0.16992397606372833}, "mouth_right": {"x": 0.5121552348136902, "y": 0.40498557686805725, "z": -0.17086859047412872, "x_normalized": 19.29229165814661, "y_normalized": 15.09088322108361, "z_normalized": -0.17086859047412872}, "left_shoulder": {"x": 0.5353190302848816, "y": 0.4373454749584198, "z": -0.07597070187330246, "x_normalized": 20.188142888708008, "y_normalized": 16.34239032237653, "z_normalized": -0.07597070187330246}, "right_shoulder": {"x": 0.4893188774585724, "y": 0.44455164670944214, "z": -0.058737266808748245, "x_normalized": 18.409103975732233, "y_normalized": 16.62108635208457, "z_normalized": -0.058737266808748245}, "left_elbow": {"x": 0.5583566427230835, "y": 0.4549601674079895, "z": 0.03855913132429123, "x_normalized": 21.079114037094612, "y_normalized": 17.02363204403364, "z_normalized": 0.03855913132429123}, "right_elbow": {"x": 0.4727168083190918, "y": 0.4598449170589447, "z": 0.05649188533425331, "x_normalized": 17.76702508641694, "y_normalized": 17.21254793181356, "z_normalized": 0.05649188533425331}, "left_wrist": {"x": 0.5611723065376282, "y": 0.47156235575675964, "z": 0.14145301282405853, "x_normalized": 21.188008794702196, "y_normalized": 17.665715543724154, "z_normalized": 0.14145301282405853}, "right_wrist": {"x": 0.480743408203125, "y": 0.47543826699256897, "z": 0.15322569012641907, "x_normalized": 18.077450871011614, "y_normalized": 17.81561497857562, "z_normalized": 0.15322569012641907}, "left_pinky": {"x": 0.5635061860084534, "y": 0.4799124300479889, "z": 0.15949566662311554, "x_normalized": 21.278270720841245, "y_normalized": 17.98865158148965, "z_normalized": 0.15949566662311554}, "right_pinky": {"x": 0.48394477367401123, "y": 0.4784780442714691, "z": 0.16927190124988556, "x_normalized": 18.201262497657044, "y_normalized": 17.93317724160467, "z_normalized": 0.16927190124988556}, "left_index": {"x": 0.5609461665153503, "y": 0.47638770937919617, "z": 0.14312201738357544, "x_normalized": 21.179262912901923, "y_normalized": 17.852334312048626, "z_normalized": 0.14312201738357544}, "right_index": {"x": 0.4858782887458801, "y": 0.4777567684650421, "z": 0.1608995795249939, "x_normalized": 18.276040478605676, "y_normalized": 17.90528216631075, "z_normalized": 0.1608995795249939}, "left_thumb": {"x": 0.5599992275238037, "y": 0.47561949491500854, "z": 0.1384745091199875, "x_normalized": 21.142640397308625, "y_normalized": 17.822623901510184, "z_normalized": 0.1384745091199875}, "right_thumb": {"x": 0.4849518835544586, "y": 0.4793725907802582, "z": 0.1529884934425354, "x_normalized": 18.240212100144745, "y_normalized": 17.967773497286938, "z_normalized": 0.1529884934425354}, "left_hip": {"x": 0.5279839634895325, "y": 0.5704677700996399, "z": -0.011249560862779617, "x_normalized": 19.90446189078882, "y_normalized": 21.490845896755076, "z_normalized": -0.011249560862779617}, "right_hip": {"x": 0.5022616386413574, "y": 0.5731008648872375, "z": 0.011114760302007198, "x_normalized": 18.909660481978396, "y_normalized": 21.592679864706827, "z_normalized": 0.011114760302007198}, "left_knee": {"x": 0.5250546336174011, "y": 0.6778416037559509, "z": -0.0032384092919528484, "x_normalized": 19.791171140404977, "y_normalized": 25.6434892375553, "z_normalized": -0.0032384092919528484}, "right_knee": {"x": 0.5067606568336487, "y": 0.6782748699188232, "z": 0.02393869124352932, "x_normalized": 19.083658348126665, "y_normalized": 25.660245646307594, "z_normalized": 0.02393869124352932}, "left_ankle": {"x": 0.518928587436676, "y": 0.7582157850265503, "z": 0.1174769401550293, "x_normalized": 19.55424856800945, "y_normalized": 28.751930999017983, "z_normalized": 0.1174769401550293}, "right_ankle": {"x": 0.514701783657074, "y": 0.7627993822097778, "z": 0.12769867479801178, "x_normalized": 19.390778493685602, "y_normalized": 28.92919992638781, "z_normalized": 0.12769867479801178}, "left_heel": {"x": 0.520488440990448, "y": 0.7682507038116455, "z": 0.1259894222021103, "x_normalized": 19.61457532781788, "y_normalized": 29.140027775014463, "z_normalized": 0.1259894222021103}, "right_heel": {"x": 0.5176722407341003, "y": 0.7754989862442017, "z": 0.13457642495632172, "x_normalized": 19.505659823521786, "y_normalized": 29.420352419770445, "z_normalized": 0.13457642495632172}, "left_foot_index": {"x": 0.5188964605331421, "y": 0.785257875919342, "z": 0.065673828125, "x_normalized": 19.553006071886532, "y_normalized": 29.79777387193533, "z_normalized": 0.065673828125}, "right_foot_index": {"x": 0.5060116648674011, "y": 0.7942025065422058, "z": 0.07746634632349014, "x_normalized": 19.054691360593125, "y_normalized": 30.143704156131438, "z_normalized": 0.07746634632349014}}}