{"sequence_id": 1697925405990398000, "sequence_source": "mediapipe", "frame_number": 534, "image_dimensions": {"height": 1080, "width": 1920}, "joint_positions": {"nose": {"x": 0.514198362827301, "y": 0.4116417169570923, "z": -0.08842913806438446, "x_normalized": 31.186506840727215, "y_normalized": 24.87308501878634, "z_normalized": -0.08842913806438446}, "left_eye_inner": {"x": 0.5156367421150208, "y": 0.40897858142852783, "z": -0.08383850753307343, "x_normalized": 31.275198961742994, "y_normalized": 24.70887301949142, "z_normalized": -0.08383850753307343}, "left_eye": {"x": 0.5166957378387451, "y": 0.40911832451820374, "z": -0.08382359892129898, "x_normalized": 31.340497855912037, "y_normalized": 24.71748973910527, "z_normalized": -0.08382359892129898}, "left_eye_outer": {"x": 0.5177046656608582, "y": 0.4093034267425537, "z": -0.08385246247053146, "x_normalized": 31.402709505689682, "y_normalized": 24.728903355126096, "z_normalized": -0.08385246247053146}, "right_eye_inner": {"x": 0.5128215551376343, "y": 0.40929868817329407, "z": -0.08406352251768112, "x_normalized": 31.101611295254667, "y_normalized": 24.728611169496194, "z_normalized": -0.08406352251768112}, "right_eye": {"x": 0.5119239091873169, "y": 0.4096967875957489, "z": -0.08407185971736908, "x_normalized": 31.046261413666002, "y_normalized": 24.753158437698765, "z_normalized": -0.08407185971736908}, "right_eye_outer": {"x": 0.5111001133918762, "y": 0.4100938141345978, "z": -0.08403678238391876, "x_normalized": 30.995465217554653, "y_normalized": 24.777639550664375, "z_normalized": -0.08403678238391876}, "left_ear": {"x": 0.5198398232460022, "y": 0.41292473673820496, "z": -0.05193543806672096, "x_normalized": 31.534365777819104, "y_normalized": 24.952197493961428, "z_normalized": -0.05193543806672096}, "right_ear": {"x": 0.5097519159317017, "y": 0.414394736289978, "z": -0.053318511694669724, "x_normalized": 30.912333811734335, "y_normalized": 25.042839356822014, "z_normalized": -0.053318511694669724}, "mouth_left": {"x": 0.5169013142585754, "y": 0.41752591729164124, "z": -0.07646765559911728, "x_normalized": 31.353173934371487, "y_normalized": 25.23591157824011, "z_normalized": -0.07646765559911728}, "mouth_right": {"x": 0.5127670168876648, "y": 0.41790178418159485, "z": -0.07684662938117981, "x_normalized": 31.098248404042607, "y_normalized": 25.259087962921257, "z_normalized": -0.07684662938117981}, "left_shoulder": {"x": 0.5297609567642212, "y": 0.43701621890068054, "z": -0.026715749874711037, "x_normalized": 32.146114279847765, "y_normalized": 26.437705989284073, "z_normalized": -0.026715749874711037}, "right_shoulder": {"x": 0.5033251643180847, "y": 0.44253894686698914, "z": -0.01073702983558178, "x_normalized": 30.516052916479715, "y_normalized": 26.778243746819218, "z_normalized": -0.01073702983558178}, "left_elbow": {"x": 0.5460861921310425, "y": 0.448091059923172, "z": 0.03158152103424072, "x_normalized": 33.15274706657303, "y_normalized": 27.12059342278884, "z_normalized": 0.03158152103424072}, "right_elbow": {"x": 0.4972313344478607, "y": 0.4614960551261902, "z": 0.05673293396830559, "x_normalized": 30.140300358782433, "y_normalized": 27.94716084274025, "z_normalized": 0.05673293396830559}, "left_wrist": {"x": 0.5370849967002869, "y": 0.4703686237335205, "z": 0.0812339037656784, "x_normalized": 32.597723004945394, "y_normalized": 28.494253626514737, "z_normalized": 0.0812339037656784}, "right_wrist": {"x": 0.5043425559997559, "y": 0.47672006487846375, "z": 0.11138542741537094, "x_normalized": 30.578786457571145, "y_normalized": 28.88589079166396, "z_normalized": 0.11138542741537094}, "left_pinky": {"x": 0.5349782109260559, "y": 0.47822055220603943, "z": 0.08670596033334732, "x_normalized": 32.46781617130443, "y_normalized": 28.978412565841452, "z_normalized": 0.08670596033334732}, "right_pinky": {"x": 0.5065969824790955, "y": 0.48183849453926086, "z": 0.11379676312208176, "x_normalized": 30.717796986875797, "y_normalized": 29.201499050738555, "z_normalized": 0.11379676312208176}, "left_index": {"x": 0.5331758260726929, "y": 0.47772079706192017, "z": 0.07962989807128906, "x_normalized": 32.356679048504986, "y_normalized": 28.94759708893706, "z_normalized": 0.07962989807128906}, "right_index": {"x": 0.5081578493118286, "y": 0.4805905520915985, "z": 0.10943569242954254, "x_normalized": 30.81404183077768, "y_normalized": 29.12454948428292, "z_normalized": 0.10943569242954254}, "left_thumb": {"x": 0.5332291722297668, "y": 0.47492703795433044, "z": 0.0799817219376564, "x_normalized": 32.3599684338982, "y_normalized": 28.775330689542432, "z_normalized": 0.0799817219376564}, "right_thumb": {"x": 0.5076138377189636, "y": 0.47900667786598206, "z": 0.10956773161888123, "x_normalized": 30.780497450348744, "y_normalized": 29.02688597807737, "z_normalized": 0.10956773161888123}, "left_hip": {"x": 0.5275924801826477, "y": 0.5081392526626587, "z": -0.005839108023792505, "x_normalized": 32.01240352008168, "y_normalized": 30.82323404247718, "z_normalized": -0.005839108023792505}, "right_hip": {"x": 0.5115185976028442, "y": 0.5102940201759338, "z": 0.005826501175761223, "x_normalized": 31.021269435259434, "y_normalized": 30.95609948532657, "z_normalized": 0.005826501175761223}, "left_knee": {"x": 0.5264193415641785, "y": 0.5648268461227417, "z": -0.014167873188853264, "x_normalized": 31.94006644375844, "y_normalized": 34.318656245911114, "z_normalized": -0.014167873188853264}, "right_knee": {"x": 0.5151163339614868, "y": 0.5681411623954773, "z": -0.00846000574529171, "x_normalized": 31.24310999652715, "y_normalized": 34.523020798748945, "z_normalized": -0.00846000574529171}, "left_ankle": {"x": 0.5275991559028625, "y": 0.617555558681488, "z": 0.024077540263533592, "x_normalized": 32.0128151526672, "y_normalized": 37.569969300258904, "z_normalized": 0.024077540263533592}, "right_ankle": {"x": 0.5207855105400085, "y": 0.6182621121406555, "z": 0.03427909314632416, "x_normalized": 31.59267794390714, "y_normalized": 37.61353619908706, "z_normalized": 0.03427909314632416}, "left_heel": {"x": 0.5285802483558655, "y": 0.6234006285667419, "z": 0.024846453219652176, "x_normalized": 32.07331044157487, "y_normalized": 37.93038303120915, "z_normalized": 0.024846453219652176}, "right_heel": {"x": 0.5229840874671936, "y": 0.6240904331207275, "z": 0.03550054505467415, "x_normalized": 31.728244725599005, "y_normalized": 37.97291717328257, "z_normalized": 0.03550054505467415}, "left_foot_index": {"x": 0.5261979699134827, "y": 0.63351970911026, "z": -0.015418346971273422, "x_normalized": 31.92641641319932, "y_normalized": 38.55433717445666, "z_normalized": -0.015418346971273422}, "right_foot_index": {"x": 0.5164517164230347, "y": 0.6366840600967407, "z": 0.00015526666538789868, "x_normalized": 31.325451214794906, "y_normalized": 38.749454695284065, "z_normalized": 0.00015526666538789868}}}