{"sequence_id": 1697925405990398000, "sequence_source": "mediapipe", "frame_number": 654, "image_dimensions": {"height": 1080, "width": 1920}, "joint_positions": {"nose": {"x": 0.5240437388420105, "y": 0.4285605251789093, "z": -0.06238831579685211, "x_normalized": 41.22128990915943, "y_normalized": 33.629858846769025, "z_normalized": -0.06238831579685211}, "left_eye_inner": {"x": 0.5252999067306519, "y": 0.4250955283641815, "z": -0.058728430420160294, "x_normalized": 41.32136286897286, "y_normalized": 33.35381892397738, "z_normalized": -0.058728430420160294}, "left_eye": {"x": 0.5261489748954773, "y": 0.4251481890678406, "z": -0.05872601270675659, "x_normalized": 41.389004117492064, "y_normalized": 33.35801415339589, "z_normalized": -0.05872601270675659}, "left_eye_outer": {"x": 0.5270029902458191, "y": 0.42522016167640686, "z": -0.058740124106407166, "x_normalized": 41.457039484904016, "y_normalized": 33.36374787102221, "z_normalized": -0.058740124106407166}, "right_eye_inner": {"x": 0.5230734944343567, "y": 0.42505306005477905, "z": -0.058405566960573196, "x_normalized": 41.14399512197827, "y_normalized": 33.350435674446324, "z_normalized": -0.058405566960573196}, "right_eye": {"x": 0.522335410118103, "y": 0.42514050006866455, "z": -0.058412857353687286, "x_normalized": 41.08519543223356, "y_normalized": 33.35740160716501, "z_normalized": -0.058412857353687286}, "right_eye_outer": {"x": 0.521612823009491, "y": 0.42520853877067566, "z": -0.058412399142980576, "x_normalized": 41.02763033179142, "y_normalized": 33.362821929045296, "z_normalized": -0.058412399142980576}, "left_ear": {"x": 0.5289590358734131, "y": 0.42710745334625244, "z": -0.0322236493229866, "x_normalized": 41.61286839698929, "y_normalized": 33.51409948018247, "z_normalized": -0.0322236493229866}, "right_ear": {"x": 0.5203776955604553, "y": 0.42768606543540955, "z": -0.03074961155653, "x_normalized": 40.92923356437724, "y_normalized": 33.560194771161775, "z_normalized": -0.03074961155653}, "mouth_left": {"x": 0.5258452296257019, "y": 0.4325571656227112, "z": -0.052206091582775116, "x_normalized": 41.36480616716185, "y_normalized": 33.948252305269136, "z_normalized": -0.052206091582775116}, "mouth_right": {"x": 0.5225673317909241, "y": 0.4333803653717041, "z": -0.051823463290929794, "x_normalized": 41.10367153598844, "y_normalized": 34.01383273933715, "z_normalized": -0.051823463290929794}, "left_shoulder": {"x": 0.5368728637695312, "y": 0.44777554273605347, "z": -0.012141781859099865, "x_normalized": 42.243325669603685, "y_normalized": 35.16062849722567, "z_normalized": -0.012141781859099865}, "right_shoulder": {"x": 0.5141497254371643, "y": 0.44742587208747864, "z": -0.004618687555193901, "x_normalized": 40.433080614199994, "y_normalized": 35.13277188898152, "z_normalized": -0.004618687555193901}, "left_elbow": {"x": 0.5508948564529419, "y": 0.4583911895751953, "z": 0.019074821844697, "x_normalized": 43.360391567402445, "y_normalized": 36.00632691790094, "z_normalized": 0.019074821844697}, "right_elbow": {"x": 0.5104597210884094, "y": 0.4598517119884491, "z": 0.03171943500638008, "x_normalized": 40.13911540441923, "y_normalized": 36.122679837036806, "z_normalized": 0.03171943500638008}, "left_wrist": {"x": 0.5416920185089111, "y": 0.4762708842754364, "z": 0.03196421638131142, "x_normalized": 42.62724495533727, "y_normalized": 37.4307177062603, "z_normalized": 0.03196421638131142}, "right_wrist": {"x": 0.5141804218292236, "y": 0.48138123750686646, "z": 0.046806804835796356, "x_normalized": 40.435526050703146, "y_normalized": 37.837835399831064, "z_normalized": 0.046806804835796356}, "left_pinky": {"x": 0.5398442149162292, "y": 0.4812283515930176, "z": 0.03254454955458641, "x_normalized": 42.48003917468834, "y_normalized": 37.82565570151925, "z_normalized": 0.03254454955458641}, "right_pinky": {"x": 0.5160806179046631, "y": 0.4868559241294861, "z": 0.04698869213461876, "x_normalized": 40.58690569287881, "y_normalized": 38.27397781306301, "z_normalized": 0.04698869213461876}, "left_index": {"x": 0.538913905620575, "y": 0.4805982708930969, "z": 0.027422316372394562, "x_normalized": 42.40592582917148, "y_normalized": 37.77546014952932, "z_normalized": 0.027422316372394562}, "right_index": {"x": 0.5178161859512329, "y": 0.48854511976242065, "z": 0.04221583530306816, "x_normalized": 40.725170197924946, "y_normalized": 38.40854804704225, "z_normalized": 0.04221583530306816}, "left_thumb": {"x": 0.5391910076141357, "y": 0.47835540771484375, "z": 0.030675489455461502, "x_normalized": 42.42800123558536, "y_normalized": 37.59678183850586, "z_normalized": 0.030675489455461502}, "right_thumb": {"x": 0.5167871117591858, "y": 0.4844277799129486, "z": 0.04535280913114548, "x_normalized": 40.64318871981445, "y_normalized": 38.08053903724334, "z_normalized": 0.04535280913114548}, "left_hip": {"x": 0.5330581665039062, "y": 0.5110775828361511, "z": -0.0031672681216150522, "x_normalized": 41.93942676435769, "y_normalized": 40.203602905604036, "z_normalized": -0.0031672681216150522}, "right_hip": {"x": 0.5205387473106384, "y": 0.5119885802268982, "z": 0.0031433014664798975, "x_normalized": 40.942063796283094, "y_normalized": 40.2761777629131, "z_normalized": 0.0031433014664798975}, "left_knee": {"x": 0.5333485007286072, "y": 0.5589758157730103, "z": -0.014765503816306591, "x_normalized": 41.96255632009915, "y_normalized": 44.01942878617868, "z_normalized": -0.014765503816306591}, "right_knee": {"x": 0.5218839049339294, "y": 0.558925986289978, "z": 0.00140003499109298, "x_normalized": 41.049226147745465, "y_normalized": 44.015459106728905, "z_normalized": 0.00140003499109298}, "left_ankle": {"x": 0.5335318446159363, "y": 0.6065564155578613, "z": 0.017268789932131767, "x_normalized": 41.97716246123253, "y_normalized": 47.809950334471196, "z_normalized": 0.017268789932131767}, "right_ankle": {"x": 0.5272091627120972, "y": 0.5982499122619629, "z": 0.06285270303487778, "x_normalized": 41.47346427104848, "y_normalized": 47.14821046829804, "z_normalized": 0.06285270303487778}, "left_heel": {"x": 0.5333090424537659, "y": 0.6126577854156494, "z": 0.018453435972332954, "x_normalized": 41.95941286579801, "y_normalized": 48.296017639730586, "z_normalized": 0.018453435972332954}, "right_heel": {"x": 0.528718113899231, "y": 0.6030132174491882, "z": 0.06710292398929596, "x_normalized": 41.59367528175485, "y_normalized": 47.52768048412201, "z_normalized": 0.06710292398929596}, "left_foot_index": {"x": 0.5350410342216492, "y": 0.6213018894195557, "z": -0.016104046255350113, "x_normalized": 42.09739246562048, "y_normalized": 48.984652559018016, "z_normalized": -0.016104046255350113}, "right_foot_index": {"x": 0.5230244398117065, "y": 0.6112108826637268, "z": 0.04061678797006607, "x_normalized": 41.14008717199362, "y_normalized": 48.18074973465486, "z_normalized": 0.04061678797006607}}}