{"sequence_id": 1697925405990398000, "sequence_source": "mediapipe", "frame_number": 415, "image_dimensions": {"height": 1080, "width": 1920}, "joint_positions": {"nose": {"x": 0.5130730271339417, "y": 0.4117858111858368, "z": -0.08648087084293365, "x_normalized": 26.416973306185202, "y_normalized": 21.091792302569672, "z_normalized": -0.08648087084293365}, "left_eye_inner": {"x": 0.5147327184677124, "y": 0.408432275056839, "z": -0.08000001311302185, "x_normalized": 26.504097558727597, "y_normalized": 20.9157509371255, "z_normalized": -0.08000001311302185}, "left_eye": {"x": 0.5158332586288452, "y": 0.40865206718444824, "z": -0.07996820658445358, "x_normalized": 26.56186958957489, "y_normalized": 20.927288760118863, "z_normalized": -0.07996820658445358}, "left_eye_outer": {"x": 0.5169934630393982, "y": 0.40884312987327576, "z": -0.08000003546476364, "x_normalized": 26.622773650474073, "y_normalized": 20.937318452757562, "z_normalized": -0.08000003546476364}, "right_eye_inner": {"x": 0.5118633508682251, "y": 0.40817001461982727, "z": -0.08100145310163498, "x_normalized": 26.353472257330903, "y_normalized": 20.90198377206224, "z_normalized": -0.08100145310163498}, "right_eye": {"x": 0.51090008020401, "y": 0.4083583950996399, "z": -0.08102870732545853, "x_normalized": 26.30290608583377, "y_normalized": 20.911872664149158, "z_normalized": -0.08102870732545853}, "right_eye_outer": {"x": 0.5099353194236755, "y": 0.40854740142822266, "z": -0.08098910748958588, "x_normalized": 26.252261691807867, "y_normalized": 20.92179440969816, "z_normalized": -0.08098910748958588}, "left_ear": {"x": 0.5197077393531799, "y": 0.4120524227619171, "z": -0.040480561554431915, "x_normalized": 26.765257551076537, "y_normalized": 21.105787877416937, "z_normalized": -0.040480561554431915}, "right_ear": {"x": 0.5079166293144226, "y": 0.41327518224716187, "z": -0.04563587158918381, "x_normalized": 26.146292067634555, "y_normalized": 21.169975720073825, "z_normalized": -0.04563587158918381}, "mouth_left": {"x": 0.5158571600914001, "y": 0.41854384541511536, "z": -0.07202283293008804, "x_normalized": 26.563124278936336, "y_normalized": 21.446550243941893, "z_normalized": -0.07202283293008804}, "mouth_right": {"x": 0.5117461681365967, "y": 0.4186320900917053, "z": -0.07355771958827972, "x_normalized": 26.347320837668544, "y_normalized": 21.451182582095566, "z_normalized": -0.07355771958827972}, "left_shoulder": {"x": 0.5295290350914001, "y": 0.439188688993454, "z": -0.012354925274848938, "x_normalized": 27.280819109288817, "y_normalized": 22.53028583321617, "z_normalized": -0.012354925274848938}, "right_shoulder": {"x": 0.49837568402290344, "y": 0.4441942274570465, "z": 0.00020881435193587095, "x_normalized": 25.645447295984788, "y_normalized": 22.79304782295429, "z_normalized": 0.00020881435193587095}, "left_elbow": {"x": 0.5477436184883118, "y": 0.4506118595600128, "z": 0.04913423955440521, "x_normalized": 28.236980011943913, "y_normalized": 23.129936609854628, "z_normalized": 0.04913423955440521}, "right_elbow": {"x": 0.48799291253089905, "y": 0.4551982879638672, "z": 0.07436311990022659, "x_normalized": 25.100411488932522, "y_normalized": 23.37069773115131, "z_normalized": 0.07436311990022659}, "left_wrist": {"x": 0.5381072163581848, "y": 0.47294509410858154, "z": 0.10824178904294968, "x_normalized": 27.731124305101233, "y_normalized": 24.302303017575383, "z_normalized": 0.10824178904294968}, "right_wrist": {"x": 0.4986553192138672, "y": 0.4659382402896881, "z": 0.13538546860218048, "x_normalized": 25.66012653573349, "y_normalized": 23.934483478349392, "z_normalized": 0.13538546860218048}, "left_pinky": {"x": 0.5354065299034119, "y": 0.47965365648269653, "z": 0.11566130816936493, "x_normalized": 27.589353793961134, "y_normalized": 24.65446397099249, "z_normalized": 0.11566130816936493}, "right_pinky": {"x": 0.5003418326377869, "y": 0.4696638584136963, "z": 0.14228621125221252, "x_normalized": 25.748658793793723, "y_normalized": 24.130057009227063, "z_normalized": 0.14228621125221252}, "left_index": {"x": 0.5334476828575134, "y": 0.47812512516975403, "z": 0.10923337191343307, "x_normalized": 27.486525586543166, "y_normalized": 24.5742248654323, "z_normalized": 0.10923337191343307}, "right_index": {"x": 0.5022687911987305, "y": 0.46993499994277954, "z": 0.14113524556159973, "x_normalized": 25.849813039096045, "y_normalized": 24.144290380561788, "z_normalized": 0.14113524556159973}, "left_thumb": {"x": 0.5334953665733337, "y": 0.47498688101768494, "z": 0.10741627216339111, "x_normalized": 27.48902870746376, "y_normalized": 24.40948509094461, "z_normalized": 0.10741627216339111}, "right_thumb": {"x": 0.5015800595283508, "y": 0.46820834279060364, "z": 0.13605305552482605, "x_normalized": 25.813658586299226, "y_normalized": 24.05365080757653, "z_normalized": 0.13605305552482605}, "left_hip": {"x": 0.5259336829185486, "y": 0.5244075655937195, "z": -0.005454469937831163, "x_normalized": 27.09208379187609, "y_normalized": 27.00378688442214, "z_normalized": -0.005454469937831163}, "right_hip": {"x": 0.506887674331665, "y": 0.5247828364372253, "z": 0.005458036903291941, "x_normalized": 26.092277847069305, "y_normalized": 27.023486446067206, "z_normalized": 0.005458036903291941}, "left_knee": {"x": 0.5229765176773071, "y": 0.5924035906791687, "z": -0.014156614430248737, "x_normalized": 26.936849619084352, "y_normalized": 30.57318725476963, "z_normalized": -0.014156614430248737}, "right_knee": {"x": 0.510209858417511, "y": 0.5948160290718079, "z": -0.007946735247969627, "x_normalized": 26.266673410508183, "y_normalized": 30.69982639994474, "z_normalized": -0.007946735247969627}, "left_ankle": {"x": 0.5218292474746704, "y": 0.6496439576148987, "z": 0.05016499012708664, "x_normalized": 26.87662452973488, "y_normalized": 33.57797741246581, "z_normalized": 0.05016499012708664}, "right_ankle": {"x": 0.5146936178207397, "y": 0.6513981223106384, "z": 0.05377420410513878, "x_normalized": 26.50204499957271, "y_normalized": 33.670060973332134, "z_normalized": 0.05377420410513878}, "left_heel": {"x": 0.5217028260231018, "y": 0.6562371253967285, "z": 0.05433596670627594, "x_normalized": 26.86998813039416, "y_normalized": 33.92408081325508, "z_normalized": 0.05433596670627594}, "right_heel": {"x": 0.5168262720108032, "y": 0.658117949962616, "z": 0.0572577528655529, "x_normalized": 26.61399708274624, "y_normalized": 34.02281328906673, "z_normalized": 0.0572577528655529}, "left_foot_index": {"x": 0.5215876698493958, "y": 0.6693168878555298, "z": 0.008896630257368088, "x_normalized": 26.863943093370924, "y_normalized": 34.6106931395761, "z_normalized": 0.008896630257368088}, "right_foot_index": {"x": 0.5114799737930298, "y": 0.6720060110092163, "z": 0.013027737848460674, "x_normalized": 26.333347165129332, "y_normalized": 34.75185664389295, "z_normalized": 0.013027737848460674}}}