{"sequence_id": 1697925405990398000, "sequence_source": "mediapipe", "frame_number": 144, "image_dimensions": {"height": 1080, "width": 1920}, "joint_positions": {"nose": {"x": 0.513356626033783, "y": 0.3981706202030182, "z": -0.21582484245300293, "x_normalized": 19.550568098847965, "y_normalized": 14.990958841793644, "z_normalized": -0.21582484245300293}, "left_eye_inner": {"x": 0.5149174928665161, "y": 0.3913765251636505, "z": -0.20783060789108276, "x_normalized": 19.611574601086613, "y_normalized": 14.725411541065247, "z_normalized": -0.20783060789108276}, "left_eye": {"x": 0.5161487460136414, "y": 0.3916044533252716, "z": -0.20779821276664734, "x_normalized": 19.659698147760295, "y_normalized": 14.734320116486662, "z_normalized": -0.20779821276664734}, "left_eye_outer": {"x": 0.5174532532691956, "y": 0.3919200897216797, "z": -0.20784209668636322, "x_normalized": 19.710684832298238, "y_normalized": 14.746656769505519, "z_normalized": -0.20784209668636322}, "right_eye_inner": {"x": 0.5117022395133972, "y": 0.39149653911590576, "z": -0.2062888741493225, "x_normalized": 19.485906378294413, "y_normalized": 14.730102288086957, "z_normalized": -0.2062888741493225}, "right_eye": {"x": 0.5102349519729614, "y": 0.3918869197368622, "z": -0.2062986195087433, "x_normalized": 19.428557424019054, "y_normalized": 14.745360320179676, "z_normalized": -0.2062986195087433}, "right_eye_outer": {"x": 0.5085314512252808, "y": 0.3922845125198364, "z": -0.20621584355831146, "x_normalized": 19.361976073196868, "y_normalized": 14.76090023972689, "z_normalized": -0.20621584355831146}, "left_ear": {"x": 0.5205591320991516, "y": 0.3972529172897339, "z": -0.14545249938964844, "x_normalized": 19.832078150305318, "y_normalized": 14.955090410445367, "z_normalized": -0.14545249938964844}, "right_ear": {"x": 0.5047486424446106, "y": 0.39772459864616394, "z": -0.14177407324314117, "x_normalized": 19.214124938489732, "y_normalized": 14.973526082934217, "z_normalized": -0.14177407324314117}, "mouth_left": {"x": 0.5161025524139404, "y": 0.4083805978298187, "z": -0.1897067278623581, "x_normalized": 19.657892670262495, "y_normalized": 15.390015961775664, "z_normalized": -0.1897067278623581}, "mouth_right": {"x": 0.5110830664634705, "y": 0.4082300364971161, "z": -0.18851639330387115, "x_normalized": 19.461705990878706, "y_normalized": 15.38413126995702, "z_normalized": -0.18851639330387115}, "left_shoulder": {"x": 0.5363174676895142, "y": 0.43849754333496094, "z": -0.09175986796617508, "x_normalized": 20.447992919784674, "y_normalized": 16.56713720290258, "z_normalized": -0.09175986796617508}, "right_shoulder": {"x": 0.4893041253089905, "y": 0.4443296790122986, "z": -0.061525266617536545, "x_normalized": 18.61047576775351, "y_normalized": 16.795086308357384, "z_normalized": -0.061525266617536545}, "left_elbow": {"x": 0.5587254762649536, "y": 0.455760657787323, "z": 0.01801503635942936, "x_normalized": 21.32381025195736, "y_normalized": 17.241866275490995, "z_normalized": 0.01801503635942936}, "right_elbow": {"x": 0.47238168120384216, "y": 0.4581120014190674, "z": 0.04181088134646416, "x_normalized": 17.94906180050534, "y_normalized": 17.333768574601713, "z_normalized": 0.04181088134646416}, "left_wrist": {"x": 0.5547295212745667, "y": 0.4689296782016754, "z": 0.12859207391738892, "x_normalized": 21.16762829462811, "y_normalized": 17.75657762468547, "z_normalized": 0.12859207391738892}, "right_wrist": {"x": 0.49004361033439636, "y": 0.4531477689743042, "z": 0.1331714242696762, "x_normalized": 18.63937855043285, "y_normalized": 17.139741479270135, "z_normalized": 0.1331714242696762}, "left_pinky": {"x": 0.5557681322097778, "y": 0.4809473156929016, "z": 0.1441364884376526, "x_normalized": 21.20822241772386, "y_normalized": 18.22628715604117, "z_normalized": 0.1441364884376526}, "right_pinky": {"x": 0.4943239390850067, "y": 0.4526921510696411, "z": 0.1439172774553299, "x_normalized": 18.806675260203413, "y_normalized": 17.121933647020846, "z_normalized": 0.1439172774553299}, "left_index": {"x": 0.5534083247184753, "y": 0.4810454249382019, "z": 0.12806878983974457, "x_normalized": 21.115989308542574, "y_normalized": 18.230121757281665, "z_normalized": 0.12806878983974457}, "right_index": {"x": 0.4975656270980835, "y": 0.45284324884414673, "z": 0.14116431772708893, "x_normalized": 18.933376682054032, "y_normalized": 17.127839305674947, "z_normalized": 0.14116431772708893}, "left_thumb": {"x": 0.5537049174308777, "y": 0.47431856393814087, "z": 0.12601123750209808, "x_normalized": 21.127581638902658, "y_normalized": 17.967202299930715, "z_normalized": 0.12601123750209808}, "right_thumb": {"x": 0.4962228238582611, "y": 0.4529265761375427, "z": 0.1342608630657196, "x_normalized": 18.880893198429206, "y_normalized": 17.131096154116143, "z_normalized": 0.1342608630657196}, "left_hip": {"x": 0.5266816020011902, "y": 0.5699982047080994, "z": -0.015003210864961147, "x_normalized": 20.07137497303986, "y_normalized": 21.706842412985374, "z_normalized": -0.015003210864961147}, "right_hip": {"x": 0.5012841820716858, "y": 0.5730927586555481, "z": 0.014887872152030468, "x_normalized": 19.078716455802937, "y_normalized": 21.827793097799447, "z_normalized": 0.014887872152030468}, "left_knee": {"x": 0.5249242186546326, "y": 0.6802887916564941, "z": -0.012461939826607704, "x_normalized": 20.0026876200783, "y_normalized": 26.017551564122364, "z_normalized": -0.012461939826607704}, "right_knee": {"x": 0.5058373212814331, "y": 0.6827122569084167, "z": 0.02979499287903309, "x_normalized": 19.256675966228265, "y_normalized": 26.11227273777804, "z_normalized": 0.02979499287903309}, "left_ankle": {"x": 0.5204575061798096, "y": 0.7588632106781006, "z": 0.10710322111845016, "x_normalized": 19.828106099810153, "y_normalized": 29.088633843158515, "z_normalized": 0.10710322111845016}, "right_ankle": {"x": 0.514025866985321, "y": 0.7628383040428162, "z": 0.14110834896564484, "x_normalized": 19.57672539090645, "y_normalized": 29.244000423553278, "z_normalized": 0.14110834896564484}, "left_heel": {"x": 0.5215803384780884, "y": 0.768989086151123, "z": 0.11538418382406235, "x_normalized": 19.871992016072866, "y_normalized": 29.48440382927034, "z_normalized": 0.11538418382406235}, "right_heel": {"x": 0.5166782736778259, "y": 0.774222731590271, "z": 0.15026973187923431, "x_normalized": 19.680394744006072, "y_normalized": 29.68896093529878, "z_normalized": 0.15026973187923431}, "left_foot_index": {"x": 0.517560601234436, "y": 0.7875512838363647, "z": 0.05038905143737793, "x_normalized": 19.71488052903829, "y_normalized": 30.20990758839373, "z_normalized": 0.05038905143737793}, "right_foot_index": {"x": 0.5055581331253052, "y": 0.7947643995285034, "z": 0.08763737976551056, "x_normalized": 19.245763893196383, "y_normalized": 30.49183231726348, "z_normalized": 0.08763737976551056}}}