{"sequence_id": 1697925405990398000, "sequence_source": "mediapipe", "frame_number": 200, "image_dimensions": {"height": 1080, "width": 1920}, "joint_positions": {"nose": {"x": 0.5105406641960144, "y": 0.39564523100852966, "z": -0.13914921879768372, "x_normalized": 19.70204113683206, "y_normalized": 15.116421867367627, "z_normalized": -0.13914921879768372}, "left_eye_inner": {"x": 0.5118868350982666, "y": 0.3919294774532318, "z": -0.12396644800901413, "x_normalized": 19.75535134834793, "y_normalized": 14.969272937285758, "z_normalized": -0.12396644800901413}, "left_eye": {"x": 0.5130340456962585, "y": 0.3921869397163391, "z": -0.12392919510602951, "x_normalized": 19.80078245930856, "y_normalized": 14.979468795538704, "z_normalized": -0.12392919510602951}, "left_eye_outer": {"x": 0.5141966938972473, "y": 0.39245185256004333, "z": -0.12401903420686722, "x_normalized": 19.846824920492022, "y_normalized": 14.989959706987996, "z_normalized": -0.12401903420686722}, "right_eye_inner": {"x": 0.5085227489471436, "y": 0.3923175632953644, "z": -0.13015151023864746, "x_normalized": 19.62212892913361, "y_normalized": 14.984641668177048, "z_normalized": -0.13015151023864746}, "right_eye": {"x": 0.5071672797203064, "y": 0.39293909072875977, "z": -0.13018305599689484, "x_normalized": 19.568450491228703, "y_normalized": 15.009255005816264, "z_normalized": -0.13018305599689484}, "right_eye_outer": {"x": 0.5059391856193542, "y": 0.39352846145629883, "z": -0.1301548182964325, "x_normalized": 19.519816282768534, "y_normalized": 15.032594893860049, "z_normalized": -0.1301548182964325}, "left_ear": {"x": 0.5170896053314209, "y": 0.3986016511917114, "z": -0.09928969293832779, "x_normalized": 19.961388175569397, "y_normalized": 15.23350015589066, "z_normalized": -0.09928969293832779}, "right_ear": {"x": 0.5031238794326782, "y": 0.4001198709011078, "z": -0.08345778286457062, "x_normalized": 19.408326301784303, "y_normalized": 15.293623735816556, "z_normalized": -0.08345778286457062}, "mouth_left": {"x": 0.514183759689331, "y": 0.40435272455215454, "z": -0.11382846534252167, "x_normalized": 19.846312708143163, "y_normalized": 15.461250537937651, "z_normalized": -0.11382846534252167}, "mouth_right": {"x": 0.5085335373878479, "y": 0.4057861566543579, "z": -0.11966860294342041, "x_normalized": 19.622556166161917, "y_normalized": 15.518016412489125, "z_normalized": -0.11966860294342041}, "left_shoulder": {"x": 0.5334060192108154, "y": 0.4362967312335968, "z": -0.05725137144327164, "x_normalized": 20.60754051301456, "y_normalized": 16.72627695471936, "z_normalized": -0.05725137144327164}, "right_shoulder": {"x": 0.49218428134918213, "y": 0.4440804421901703, "z": -0.025742826983332634, "x_normalized": 18.97510323422726, "y_normalized": 17.034522569580787, "z_normalized": -0.025742826983332634}, "left_elbow": {"x": 0.5524733066558838, "y": 0.45110270380973816, "z": 0.03729585185647011, "x_normalized": 21.36263121140195, "y_normalized": 17.312613747775615, "z_normalized": 0.03729585185647011}, "right_elbow": {"x": 0.47907283902168274, "y": 0.4637266993522644, "z": 0.06630925834178925, "x_normalized": 18.455872159935243, "y_normalized": 17.812541261749864, "z_normalized": 0.06630925834178925}, "left_wrist": {"x": 0.5403138399124146, "y": 0.4727110266685486, "z": 0.13655035197734833, "x_normalized": 20.881099674113504, "y_normalized": 18.168332928883334, "z_normalized": 0.13655035197734833}, "right_wrist": {"x": 0.4860170781612396, "y": 0.47691646218299866, "z": 0.14975324273109436, "x_normalized": 18.730873541057928, "y_normalized": 18.334873935241873, "z_normalized": 0.14975324273109436}, "left_pinky": {"x": 0.5383278131484985, "y": 0.4831109046936035, "z": 0.14969491958618164, "x_normalized": 20.80245029409541, "y_normalized": 18.580182342897047, "z_normalized": 0.14969491958618164}, "right_pinky": {"x": 0.4889434576034546, "y": 0.48032310605049133, "z": 0.161940798163414, "x_normalized": 18.846762175093293, "y_normalized": 18.469781698313724, "z_normalized": 0.161940798163414}, "left_index": {"x": 0.5355616211891174, "y": 0.4823228716850281, "z": 0.14366093277931213, "x_normalized": 20.692905303781497, "y_normalized": 18.548975156425882, "z_normalized": 0.14366093277931213}, "right_index": {"x": 0.49119558930397034, "y": 0.48032134771347046, "z": 0.15563270449638367, "x_normalized": 18.935949675072095, "y_normalized": 18.46971206575939, "z_normalized": 0.15563270449638367}, "left_thumb": {"x": 0.5357042551040649, "y": 0.4787927269935608, "z": 0.13838906586170197, "x_normalized": 20.698553802172352, "y_normalized": 18.40917659157139, "z_normalized": 0.13838906586170197}, "right_thumb": {"x": 0.49141937494277954, "y": 0.4808669984340668, "z": 0.14931726455688477, "x_normalized": 18.944811892877553, "y_normalized": 18.491320581647013, "z_normalized": 0.14931726455688477}, "left_hip": {"x": 0.5286940336227417, "y": 0.5517458915710449, "z": -0.004706720355898142, "x_normalized": 20.42093942994282, "y_normalized": 21.298221829342246, "z_normalized": -0.004706720355898142}, "right_hip": {"x": 0.5034428238868713, "y": 0.551596462726593, "z": 0.004674430005252361, "x_normalized": 19.4209569390135, "y_normalized": 21.292304242436323, "z_normalized": 0.004674430005252361}, "left_knee": {"x": 0.5253421068191528, "y": 0.6481336951255798, "z": -0.016617443412542343, "x_normalized": 20.288198537544936, "y_normalized": 25.115310867922034, "z_normalized": -0.016617443412542343}, "right_knee": {"x": 0.5062786936759949, "y": 0.6487148404121399, "z": -0.0087352953851223, "x_normalized": 19.533261266819647, "y_normalized": 25.138325017237054, "z_normalized": -0.0087352953851223}, "left_ankle": {"x": 0.5182951092720032, "y": 0.723559558391571, "z": 0.06635114550590515, "x_normalized": 20.00912778273824, "y_normalized": 28.102278360496328, "z_normalized": 0.06635114550590515}, "right_ankle": {"x": 0.5121046304702759, "y": 0.7213539481163025, "z": 0.07622791826725006, "x_normalized": 19.763976343383526, "y_normalized": 28.014933172675516, "z_normalized": 0.07622791826725006}, "left_heel": {"x": 0.5175853967666626, "y": 0.7315956950187683, "z": 0.07158074527978897, "x_normalized": 19.98102219546707, "y_normalized": 28.42052037764997, "z_normalized": 0.07158074527978897}, "right_heel": {"x": 0.5131737589836121, "y": 0.7284626364707947, "z": 0.08180839568376541, "x_normalized": 19.806315296846446, "y_normalized": 28.29644696794796, "z_normalized": 0.08180839568376541}, "left_foot_index": {"x": 0.5218632817268372, "y": 0.7493737936019897, "z": 0.013489797711372375, "x_normalized": 20.150432299106882, "y_normalized": 29.124557431367155, "z_normalized": 0.013489797711372375}, "right_foot_index": {"x": 0.5113869905471802, "y": 0.7478245496749878, "z": 0.02577061578631401, "x_normalized": 19.73555681951144, "y_normalized": 29.063205249931674, "z_normalized": 0.02577061578631401}}}