{"sequence_id": 1697925405990398000, "sequence_source": "mediapipe", "frame_number": 37, "image_dimensions": {"height": 1080, "width": 1920}, "joint_positions": {"nose": {"x": 0.5300236940383911, "y": 0.39666372537612915, "z": -0.1363009810447693, "x_normalized": 14.772786760259322, "y_normalized": 10.856653039947318, "z_normalized": -0.1363009810447693}, "left_eye_inner": {"x": 0.532774806022644, "y": 0.38743552565574646, "z": -0.12702837586402893, "x_normalized": 14.852173978545592, "y_normalized": 10.590360315483666, "z_normalized": -0.12702837586402893}, "left_eye": {"x": 0.5346711277961731, "y": 0.3874269127845764, "z": -0.12699368596076965, "x_normalized": 14.906895019142214, "y_normalized": 10.590111778932787, "z_normalized": -0.12699368596076965}, "left_eye_outer": {"x": 0.536619246006012, "y": 0.3875119388103485, "z": -0.1270860880613327, "x_normalized": 14.96311071899637, "y_normalized": 10.592565324883159, "z_normalized": -0.1270860880613327}, "right_eye_inner": {"x": 0.5273296236991882, "y": 0.38772058486938477, "z": -0.12743611633777618, "x_normalized": 14.695045559130085, "y_normalized": 10.598586101328499, "z_normalized": -0.12743611633777618}, "right_eye": {"x": 0.5252081155776978, "y": 0.3879697024822235, "z": -0.12747631967067719, "x_normalized": 14.633826448711869, "y_normalized": 10.605774741566549, "z_normalized": -0.12747631967067719}, "right_eye_outer": {"x": 0.5231017470359802, "y": 0.38835448026657104, "z": -0.1273757964372635, "x_normalized": 14.573044212230837, "y_normalized": 10.61687804747796, "z_normalized": -0.1273757964372635}, "left_ear": {"x": 0.5409516096115112, "y": 0.3931249976158142, "z": -0.0575999952852726, "x_normalized": 15.088127184052647, "y_normalized": 10.754538057070642, "z_normalized": -0.0575999952852726}, "right_ear": {"x": 0.5184940099716187, "y": 0.39436039328575134, "z": -0.06135009974241257, "x_normalized": 14.440081457450958, "y_normalized": 10.790187142342555, "z_normalized": -0.06135009974241257}, "mouth_left": {"x": 0.5336617827415466, "y": 0.40885865688323975, "z": -0.10988162457942963, "x_normalized": 14.87776894334579, "y_normalized": 11.208554996349864, "z_normalized": -0.10988162457942963}, "mouth_right": {"x": 0.5258287191390991, "y": 0.4082213342189789, "z": -0.11086873710155487, "x_normalized": 14.651734840184194, "y_normalized": 11.190164151572892, "z_normalized": -0.11086873710155487}, "left_shoulder": {"x": 0.5576429963111877, "y": 0.44131824374198914, "z": -0.007008782587945461, "x_normalized": 15.56978069979915, "y_normalized": 12.145222177543301, "z_normalized": -0.007008782587945461}, "right_shoulder": {"x": 0.5004972219467163, "y": 0.4365209937095642, "z": 0.02802211046218872, "x_normalized": 13.920758744467095, "y_normalized": 12.00679075865602, "z_normalized": 0.02802211046218872}, "left_elbow": {"x": 0.5868433117866516, "y": 0.4745834469795227, "z": 0.10651424527168274, "x_normalized": 16.41239700620446, "y_normalized": 13.105136556118598, "z_normalized": 0.10651424527168274}, "right_elbow": {"x": 0.48112890124320984, "y": 0.45032545924186707, "z": 0.1743074506521225, "x_normalized": 13.361858520728916, "y_normalized": 12.405138090502568, "z_normalized": 0.1743074506521225}, "left_wrist": {"x": 0.5686315298080444, "y": 0.5229071378707886, "z": 0.21982815861701965, "x_normalized": 15.886870339317344, "y_normalized": 14.499584844353183, "z_normalized": 0.21982815861701965}, "right_wrist": {"x": 0.4900769591331482, "y": 0.4972720742225647, "z": 0.29982277750968933, "x_normalized": 13.620067357378515, "y_normalized": 13.759848910202686, "z_normalized": 0.29982277750968933}, "left_pinky": {"x": 0.5626214742660522, "y": 0.5340864658355713, "z": 0.23144401609897614, "x_normalized": 15.71344170611167, "y_normalized": 14.82218012746559, "z_normalized": 0.23144401609897614}, "right_pinky": {"x": 0.49369174242019653, "y": 0.5109094977378845, "z": 0.31407076120376587, "x_normalized": 13.724377029797898, "y_normalized": 14.153376008943088, "z_normalized": 0.31407076120376587}, "left_index": {"x": 0.5582354068756104, "y": 0.5319955348968506, "z": 0.21983811259269714, "x_normalized": 15.586875542561678, "y_normalized": 14.761843364802397, "z_normalized": 0.21983811259269714}, "right_index": {"x": 0.4959622323513031, "y": 0.5098239779472351, "z": 0.30751004815101624, "x_normalized": 13.789895220554675, "y_normalized": 14.122051803651695, "z_normalized": 0.30751004815101624}, "left_thumb": {"x": 0.5583965182304382, "y": 0.5285504460334778, "z": 0.2186426967382431, "x_normalized": 15.591524638042824, "y_normalized": 14.662430464426972, "z_normalized": 0.2186426967382431}, "right_thumb": {"x": 0.4956173598766327, "y": 0.5044131278991699, "z": 0.2990685701370239, "x_normalized": 13.779943438662736, "y_normalized": 13.965914090487441, "z_normalized": 0.2990685701370239}, "left_hip": {"x": 0.539094865322113, "y": 0.590607762336731, "z": -0.006646171677857637, "x_normalized": 15.034548207606777, "y_normalized": 16.453181892876827, "z_normalized": -0.006646171677857637}, "right_hip": {"x": 0.5044947862625122, "y": 0.5886691808700562, "z": 0.006716787815093994, "x_normalized": 14.036114103597512, "y_normalized": 16.397241389203575, "z_normalized": 0.006716787815093994}, "left_knee": {"x": 0.5323074460029602, "y": 0.7100268006324768, "z": -0.037175100296735764, "x_normalized": 14.838687645705168, "y_normalized": 19.899186750180082, "z_normalized": -0.037175100296735764}, "right_knee": {"x": 0.5038798451423645, "y": 0.7101449370384216, "z": -0.037637580186128616, "x_normalized": 14.018369109857598, "y_normalized": 19.90259574287103, "z_normalized": -0.037637580186128616}, "left_ankle": {"x": 0.5249000191688538, "y": 0.8051140904426575, "z": 0.09803484380245209, "x_normalized": 14.62493589209254, "y_normalized": 22.643064671405625, "z_normalized": 0.09803484380245209}, "right_ankle": {"x": 0.5045026540756226, "y": 0.8073453903198242, "z": 0.09016373008489609, "x_normalized": 14.036341140446758, "y_normalized": 22.707451977856497, "z_normalized": 0.09016373008489609}, "left_heel": {"x": 0.5221083164215088, "y": 0.8136835098266602, "z": 0.10838329046964645, "x_normalized": 14.544377370061298, "y_normalized": 22.89034735968527, "z_normalized": 0.10838329046964645}, "right_heel": {"x": 0.5060421824455261, "y": 0.8166781663894653, "z": 0.09884952753782272, "x_normalized": 14.080766403925312, "y_normalized": 22.976762400441373, "z_normalized": 0.09884952753782272}, "left_foot_index": {"x": 0.5231307148933411, "y": 0.8426657319068909, "z": 0.03475096449255943, "x_normalized": 14.573880120630333, "y_normalized": 23.726670273428535, "z_normalized": 0.03475096449255943}, "right_foot_index": {"x": 0.5022721886634827, "y": 0.8446240425109863, "z": 0.021214893087744713, "x_normalized": 13.971977913661714, "y_normalized": 23.783180089201032, "z_normalized": 0.021214893087744713}}}