{"sequence_id": 1697925405990398000, "sequence_source": "mediapipe", "frame_number": 197, "image_dimensions": {"height": 1080, "width": 1920}, "joint_positions": {"nose": {"x": 0.5111168622970581, "y": 0.39633429050445557, "z": -0.1411946564912796, "x_normalized": 19.847256847029815, "y_normalized": 15.237254161007794, "z_normalized": -0.1411946564912796}, "left_eye_inner": {"x": 0.5129859447479248, "y": 0.39280056953430176, "z": -0.13388743996620178, "x_normalized": 19.9217231271302, "y_normalized": 15.096466869661683, "z_normalized": -0.13388743996620178}, "left_eye": {"x": 0.5144372582435608, "y": 0.3931487798690796, "z": -0.1338493824005127, "x_normalized": 19.979545037142454, "y_normalized": 15.110339948568068, "z_normalized": -0.1338493824005127}, "left_eye_outer": {"x": 0.5158166289329529, "y": 0.39350399374961853, "z": -0.13389421999454498, "x_normalized": 20.03450066741489, "y_normalized": 15.12449205636379, "z_normalized": -0.13389421999454498}, "right_eye_inner": {"x": 0.5089393258094788, "y": 0.3930022120475769, "z": -0.13427734375, "x_normalized": 19.760501422228895, "y_normalized": 15.104500526960605, "z_normalized": -0.13427734375}, "right_eye": {"x": 0.5075899958610535, "y": 0.3935820460319519, "z": -0.1343216449022293, "x_normalized": 19.70674264778816, "y_normalized": 15.127601744283664, "z_normalized": -0.1343216449022293}, "right_eye_outer": {"x": 0.5062691569328308, "y": 0.39413580298423767, "z": -0.1342993825674057, "x_normalized": 19.65411898661639, "y_normalized": 15.149664024252814, "z_normalized": -0.1342993825674057}, "left_ear": {"x": 0.5190056562423706, "y": 0.39979279041290283, "z": -0.08435367792844772, "x_normalized": 20.16155498797777, "y_normalized": 15.375044563346739, "z_normalized": -0.08435367792844772}, "right_ear": {"x": 0.5034114122390747, "y": 0.400606244802475, "z": -0.08635445684194565, "x_normalized": 19.540263326197582, "y_normalized": 15.407453472003859, "z_normalized": -0.08635445684194565}, "mouth_left": {"x": 0.5153424143791199, "y": 0.4054005444049835, "z": -0.12248934060335159, "x_normalized": 20.01560744321441, "y_normalized": 15.598463588716477, "z_normalized": -0.12248934060335159}, "mouth_right": {"x": 0.5089312791824341, "y": 0.40618544816970825, "z": -0.12315631657838821, "x_normalized": 19.760180835845404, "y_normalized": 15.62973500939069, "z_normalized": -0.12315631657838821}, "left_shoulder": {"x": 0.5345885753631592, "y": 0.43719708919525146, "z": -0.03845005854964256, "x_normalized": 20.782395454107117, "y_normalized": 16.865272556656087, "z_normalized": -0.03845005854964256}, "right_shoulder": {"x": 0.49260643124580383, "y": 0.44418418407440186, "z": -0.029034459963440895, "x_normalized": 19.109781117801088, "y_normalized": 17.14364602494129, "z_normalized": -0.029034459963440895}, "left_elbow": {"x": 0.5525716543197632, "y": 0.4522041976451874, "z": 0.06046493723988533, "x_normalized": 21.498860901647337, "y_normalized": 17.46317209865412, "z_normalized": 0.06046493723988533}, "right_elbow": {"x": 0.4798505902290344, "y": 0.4635891318321228, "z": 0.06822989135980606, "x_normalized": 18.60157452176235, "y_normalized": 17.91676027380158, "z_normalized": 0.06822989135980606}, "left_wrist": {"x": 0.5448048710823059, "y": 0.47033432126045227, "z": 0.15026713907718658, "x_normalized": 21.189423800158707, "y_normalized": 18.185495965513418, "z_normalized": 0.15026713907718658}, "right_wrist": {"x": 0.48559707403182983, "y": 0.47412726283073425, "z": 0.1470964252948761, "x_normalized": 18.830520693854893, "y_normalized": 18.336610887835885, "z_normalized": 0.1470964252948761}, "left_pinky": {"x": 0.5426757335662842, "y": 0.47947075963020325, "z": 0.1645946055650711, "x_normalized": 21.104596643086644, "y_normalized": 18.549501618900344, "z_normalized": 0.1645946055650711}, "right_pinky": {"x": 0.4870898127555847, "y": 0.4786977171897888, "z": 0.15847539901733398, "x_normalized": 18.889993030063643, "y_normalized": 18.51870276630254, "z_normalized": 0.15847539901733398}, "left_index": {"x": 0.5396791696548462, "y": 0.4779672622680664, "z": 0.1548061966896057, "x_normalized": 20.98521027387411, "y_normalized": 18.489600646823295, "z_normalized": 0.1548061966896057}, "right_index": {"x": 0.49141839146614075, "y": 0.4784961938858032, "z": 0.15247467160224915, "x_normalized": 19.062448319313916, "y_normalized": 18.51067385843152, "z_normalized": 0.15247467160224915}, "left_thumb": {"x": 0.5397731065750122, "y": 0.47500893473625183, "z": 0.14937227964401245, "x_normalized": 20.98895282306214, "y_normalized": 18.371737656610836, "z_normalized": 0.14937227964401245}, "right_thumb": {"x": 0.49055150151252747, "y": 0.47679007053375244, "z": 0.1469324380159378, "x_normalized": 19.027910479599008, "y_normalized": 18.442700046275345, "z_normalized": 0.1469324380159378}, "left_hip": {"x": 0.528739869594574, "y": 0.5535068511962891, "z": -0.0038463829550892115, "x_normalized": 20.549376647587245, "y_normalized": 21.499180125346808, "z_normalized": -0.0038463829550892115}, "right_hip": {"x": 0.5036511421203613, "y": 0.5527642369270325, "z": 0.003780570114031434, "x_normalized": 19.549814425711702, "y_normalized": 21.469593564221395, "z_normalized": 0.003780570114031434}, "left_knee": {"x": 0.525406539440155, "y": 0.6478837132453918, "z": -0.014153371565043926, "x_normalized": 20.41657314454707, "y_normalized": 25.25925707705371, "z_normalized": -0.014153371565043926}, "right_knee": {"x": 0.5071542859077454, "y": 0.6456837058067322, "z": -0.011935613118112087, "x_normalized": 19.68938348880054, "y_normalized": 25.171606385092964, "z_normalized": -0.011935613118112087}, "left_ankle": {"x": 0.5180203914642334, "y": 0.7235487103462219, "z": 0.07120820134878159, "x_normalized": 20.1223009663546, "y_normalized": 28.2738329537318, "z_normalized": 0.07120820134878159}, "right_ankle": {"x": 0.5121892690658569, "y": 0.7209831476211548, "z": 0.07857714593410492, "x_normalized": 19.88998270045051, "y_normalized": 28.171618141104695, "z_normalized": 0.07857714593410492}, "left_heel": {"x": 0.5166403651237488, "y": 0.7318547368049622, "z": 0.07659158110618591, "x_normalized": 20.067319214228693, "y_normalized": 28.60475409234232, "z_normalized": 0.07659158110618591}, "right_heel": {"x": 0.5132048726081848, "y": 0.728147029876709, "z": 0.08326315134763718, "x_normalized": 19.93044545147514, "y_normalized": 28.45703501097092, "z_normalized": 0.08326315134763718}, "left_foot_index": {"x": 0.5214713215827942, "y": 0.7491217851638794, "z": 0.0177341066300869, "x_normalized": 20.25978978002167, "y_normalized": 29.29269210117963, "z_normalized": 0.0177341066300869}, "right_foot_index": {"x": 0.5113613605499268, "y": 0.747032642364502, "z": 0.02460060454905033, "x_normalized": 19.856997923660078, "y_normalized": 29.20945837716922, "z_normalized": 0.02460060454905033}}}