{"sequence_id": 1697925405990398000, "sequence_source": "mediapipe", "frame_number": 331, "image_dimensions": {"height": 1080, "width": 1920}, "joint_positions": {"nose": {"x": 0.522820770740509, "y": 0.4074038863182068, "z": -0.1402362883090973, "x_normalized": 24.340598827499413, "y_normalized": 18.841645178093422, "z_normalized": -0.1402362883090973}, "left_eye_inner": {"x": 0.5243315696716309, "y": 0.4034305512905121, "z": -0.13498711585998535, "x_normalized": 24.412449569610096, "y_normalized": 18.652680872841866, "z_normalized": -0.13498711585998535}, "left_eye": {"x": 0.525500476360321, "y": 0.4037158787250519, "z": -0.13495396077632904, "x_normalized": 24.46804056276639, "y_normalized": 18.666250506427055, "z_normalized": -0.13495396077632904}, "left_eye_outer": {"x": 0.5267733335494995, "y": 0.40402212738990784, "z": -0.13498970866203308, "x_normalized": 24.528575245283992, "y_normalized": 18.680815114189894, "z_normalized": -0.13498970866203308}, "right_eye_inner": {"x": 0.5213149785995483, "y": 0.4034901559352875, "z": -0.13487021625041962, "x_normalized": 24.268986198867143, "y_normalized": 18.655515557108668, "z_normalized": -0.13487021625041962}, "right_eye": {"x": 0.5203120708465576, "y": 0.4039195477962494, "z": -0.13490019738674164, "x_normalized": 24.221289801393898, "y_normalized": 18.675936622566727, "z_normalized": -0.13490019738674164}, "right_eye_outer": {"x": 0.5192745327949524, "y": 0.4043540060520172, "z": -0.13487814366817474, "x_normalized": 24.171946452361638, "y_normalized": 18.69659863618746, "z_normalized": -0.13487814366817474}, "left_ear": {"x": 0.5299878120422363, "y": 0.40872475504875183, "z": -0.09461761265993118, "x_normalized": 24.681449767792735, "y_normalized": 18.904463198787933, "z_normalized": -0.09461761265993118}, "right_ear": {"x": 0.5170789957046509, "y": 0.4098000228404999, "z": -0.09344203025102615, "x_normalized": 24.067530857393912, "y_normalized": 18.95560090296108, "z_normalized": -0.09344203025102615}, "mouth_left": {"x": 0.5255914330482483, "y": 0.4149439334869385, "z": -0.12414920330047607, "x_normalized": 24.472366290957535, "y_normalized": 19.200235572528403, "z_normalized": -0.12414920330047607}, "mouth_right": {"x": 0.5215098261833191, "y": 0.41559743881225586, "z": -0.12416031956672668, "x_normalized": 24.278252781735326, "y_normalized": 19.231315050829643, "z_normalized": -0.12416031956672668}, "left_shoulder": {"x": 0.5415979623794556, "y": 0.4397377073764801, "z": -0.05096472054719925, "x_normalized": 25.23360657738643, "y_normalized": 20.379380604333022, "z_normalized": -0.05096472054719925}, "right_shoulder": {"x": 0.5068160891532898, "y": 0.442342609167099, "z": -0.04528199881315231, "x_normalized": 23.57944641628279, "y_normalized": 20.50326481084516, "z_normalized": -0.04528199881315231}, "left_elbow": {"x": 0.5570133924484253, "y": 0.45309022068977356, "z": 0.031195025891065598, "x_normalized": 25.96673529994143, "y_normalized": 21.014400904413932, "z_normalized": 0.031195025891065598}, "right_elbow": {"x": 0.4940264821052551, "y": 0.45495930314064026, "z": 0.029987234622240067, "x_normalized": 22.971196874417576, "y_normalized": 21.103290933652374, "z_normalized": 0.029987234622240067}, "left_wrist": {"x": 0.5571497678756714, "y": 0.46995672583580017, "z": 0.10204316675662994, "x_normalized": 25.973221057543878, "y_normalized": 21.81654001544428, "z_normalized": 0.10204316675662994}, "right_wrist": {"x": 0.5034008026123047, "y": 0.4714881181716919, "z": 0.0899815633893013, "x_normalized": 23.417021842479183, "y_normalized": 21.88937014096914, "z_normalized": 0.0899815633893013}, "left_pinky": {"x": 0.5604768395423889, "y": 0.4757426083087921, "z": 0.11409170180559158, "x_normalized": 26.13145029863261, "y_normalized": 22.091705651907215, "z_normalized": 0.11409170180559158}, "right_pinky": {"x": 0.503757894039154, "y": 0.47786468267440796, "z": 0.09965723007917404, "x_normalized": 23.434004435921608, "y_normalized": 22.192627498516106, "z_normalized": 0.09965723007917404}, "left_index": {"x": 0.5555838942527771, "y": 0.47496297955513, "z": 0.10409331321716309, "x_normalized": 25.898751067170668, "y_normalized": 22.054627981697415, "z_normalized": 0.10409331321716309}, "right_index": {"x": 0.5075136423110962, "y": 0.4769817292690277, "z": 0.09281323850154877, "x_normalized": 23.612620726257198, "y_normalized": 22.150635903129803, "z_normalized": 0.09281323850154877}, "left_thumb": {"x": 0.5573939681053162, "y": 0.47486069798469543, "z": 0.10062579065561295, "x_normalized": 25.984834758984974, "y_normalized": 22.049763663495582, "z_normalized": 0.10062579065561295}, "right_thumb": {"x": 0.5068606734275818, "y": 0.4739791452884674, "z": 0.089309461414814, "x_normalized": 23.58156676011436, "y_normalized": 22.007838683189547, "z_normalized": 0.089309461414814}, "left_hip": {"x": 0.5342494249343872, "y": 0.5345467329025269, "z": -0.0026278195437043905, "x_normalized": 24.88412402350069, "y_normalized": 24.88831869166596, "z_normalized": -0.0026278195437043905}, "right_hip": {"x": 0.5132886171340942, "y": 0.5328807830810547, "z": 0.002536551095545292, "x_normalized": 23.887267615499308, "y_normalized": 24.809089266408787, "z_normalized": 0.002536551095545292}, "left_knee": {"x": 0.5306570529937744, "y": 0.6122203469276428, "z": -0.007541922386735678, "x_normalized": 24.713277602740412, "y_normalized": 28.582328989898866, "z_normalized": -0.007541922386735678}, "right_knee": {"x": 0.5156465172767639, "y": 0.6074420213699341, "z": -0.004803526680916548, "x_normalized": 23.99940489040981, "y_normalized": 28.355080856281987, "z_normalized": -0.004803526680916548}, "left_ankle": {"x": 0.5238075852394104, "y": 0.6702014803886414, "z": 0.06774669140577316, "x_normalized": 24.38752986022062, "y_normalized": 31.339802126643715, "z_normalized": 0.06774669140577316}, "right_ankle": {"x": 0.5164840817451477, "y": 0.6701527237892151, "z": 0.06746668368577957, "x_normalized": 24.03923787372694, "y_normalized": 31.33748335491347, "z_normalized": 0.06746668368577957}, "left_heel": {"x": 0.5221953392028809, "y": 0.6763426065444946, "z": 0.07277027517557144, "x_normalized": 24.310854485487837, "y_normalized": 31.631862481336803, "z_normalized": 0.07277027517557144}, "right_heel": {"x": 0.5165979266166687, "y": 0.6769800186157227, "z": 0.0720028206706047, "x_normalized": 24.04465212067654, "y_normalized": 31.662176594886006, "z_normalized": 0.0720028206706047}, "left_foot_index": {"x": 0.5272595882415771, "y": 0.6921030879020691, "z": 0.02458185888826847, "x_normalized": 24.55170059953258, "y_normalized": 32.38140119111233, "z_normalized": 0.02458185888826847}, "right_foot_index": {"x": 0.5152071118354797, "y": 0.6955140233039856, "z": 0.02342783473432064, "x_normalized": 23.97850759799493, "y_normalized": 32.54361883296446, "z_normalized": 0.02342783473432064}}}