{"sequence_id": 1697925405990398000, "sequence_source": "mediapipe", "frame_number": 431, "image_dimensions": {"height": 1080, "width": 1920}, "joint_positions": {"nose": {"x": 0.5156879425048828, "y": 0.4222709834575653, "z": -0.07704629749059677, "x_normalized": 27.5657866630469, "y_normalized": 22.47003166124364, "z_normalized": -0.07704629749059677}, "left_eye_inner": {"x": 0.5171983242034912, "y": 0.4184689223766327, "z": -0.07086769491434097, "x_normalized": 27.64804191992458, "y_normalized": 22.262971743101833, "z_normalized": -0.07086769491434097}, "left_eye": {"x": 0.518308699131012, "y": 0.4185251295566559, "z": -0.07083525508642197, "x_normalized": 27.708512842591283, "y_normalized": 22.266032781272145, "z_normalized": -0.07083525508642197}, "left_eye_outer": {"x": 0.5194124579429626, "y": 0.4185831844806671, "z": -0.07086243480443954, "x_normalized": 27.768623452175373, "y_normalized": 22.26919444742048, "z_normalized": -0.07086243480443954}, "right_eye_inner": {"x": 0.5143141746520996, "y": 0.4184100031852722, "z": -0.07151111215353012, "x_normalized": 27.490971384415616, "y_normalized": 22.25976300902829, "z_normalized": -0.07151111215353012}, "right_eye": {"x": 0.5132714509963989, "y": 0.41853466629981995, "z": -0.07153943181037903, "x_normalized": 27.434184744170228, "y_normalized": 22.266552151481317, "z_normalized": -0.07153943181037903}, "right_eye_outer": {"x": 0.5122787952423096, "y": 0.41868919134140015, "z": -0.07149852067232132, "x_normalized": 27.380124797522992, "y_normalized": 22.27496757190181, "z_normalized": -0.07149852067232132}, "left_ear": {"x": 0.52181077003479, "y": 0.4207956790924072, "z": -0.03111680969595909, "x_normalized": 27.89923532159081, "y_normalized": 22.389686712916575, "z_normalized": -0.03111680969595909}, "right_ear": {"x": 0.5103843808174133, "y": 0.42233702540397644, "z": -0.03505462780594826, "x_normalized": 27.276955151534704, "y_normalized": 22.47362829994216, "z_normalized": -0.03505462780594826}, "mouth_left": {"x": 0.5179432034492493, "y": 0.4282044768333435, "z": -0.062491606920957565, "x_normalized": 27.68860797932475, "y_normalized": 22.79316919810358, "z_normalized": -0.062491606920957565}, "mouth_right": {"x": 0.5141740441322327, "y": 0.4290231168270111, "z": -0.06364329159259796, "x_normalized": 27.483339888404586, "y_normalized": 22.83775226146532, "z_normalized": -0.06364329159259796}, "left_shoulder": {"x": 0.5309394001960754, "y": 0.44532227516174316, "z": -0.003291586646810174, "x_normalized": 28.396379731874447, "y_normalized": 23.725403016866164, "z_normalized": -0.003291586646810174}, "right_shoulder": {"x": 0.5016610026359558, "y": 0.4496448040008545, "z": 0.007277823518961668, "x_normalized": 26.80188072907709, "y_normalized": 23.960807564173557, "z_normalized": 0.007277823518961668}, "left_elbow": {"x": 0.5479117631912231, "y": 0.45783478021621704, "z": 0.04892817884683609, "x_normalized": 29.32069315494715, "y_normalized": 24.406832961619397, "z_normalized": 0.04892817884683609}, "right_elbow": {"x": 0.4904313385486603, "y": 0.45752784609794617, "z": 0.0694778636097908, "x_normalized": 26.190314192617066, "y_normalized": 24.390117356043564, "z_normalized": 0.0694778636097908}, "left_wrist": {"x": 0.537753701210022, "y": 0.4802895486354828, "z": 0.0961155965924263, "x_normalized": 28.767485976647166, "y_normalized": 25.629717710658184, "z_normalized": 0.0961155965924263}, "right_wrist": {"x": 0.4996214210987091, "y": 0.4832918643951416, "z": 0.11859957873821259, "x_normalized": 26.690805294686054, "y_normalized": 25.793223567665176, "z_normalized": 0.11859957873821259}, "left_pinky": {"x": 0.5352957248687744, "y": 0.486807644367218, "z": 0.09993948042392731, "x_normalized": 28.633624797360593, "y_normalized": 25.98469264134039, "z_normalized": 0.09993948042392731}, "right_pinky": {"x": 0.5016320943832397, "y": 0.4899613559246063, "z": 0.12293727695941925, "x_normalized": 26.800306388130537, "y_normalized": 26.156443500417993, "z_normalized": 0.12293727695941925}, "left_index": {"x": 0.5332195162773132, "y": 0.4863828420639038, "z": 0.09297864139080048, "x_normalized": 28.520554656759952, "y_normalized": 25.961557944585568, "z_normalized": 0.09297864139080048}, "right_index": {"x": 0.5031514167785645, "y": 0.488774836063385, "z": 0.12013249844312668, "x_normalized": 26.883048554579315, "y_normalized": 26.091825731237428, "z_normalized": 0.12013249844312668}, "left_thumb": {"x": 0.5333762764930725, "y": 0.4839509129524231, "z": 0.09456948935985565, "x_normalized": 28.529091804573223, "y_normalized": 25.8291152951828, "z_normalized": 0.09456948935985565}, "right_thumb": {"x": 0.5029838681221008, "y": 0.48595672845840454, "z": 0.11853841692209244, "x_normalized": 26.873923869216917, "y_normalized": 25.93835183442698, "z_normalized": 0.11853841692209244}, "left_hip": {"x": 0.5277139544487, "y": 0.5266572833061218, "z": -0.002449809340760112, "x_normalized": 28.22072223500472, "y_normalized": 28.154900536750127, "z_normalized": -0.002449809340760112}, "right_hip": {"x": 0.5093543529510498, "y": 0.5269619822502136, "z": 0.002510311547666788, "x_normalized": 27.220859922880276, "y_normalized": 28.171494414933186, "z_normalized": 0.002510311547666788}, "left_knee": {"x": 0.5275517106056213, "y": 0.5916793942451477, "z": -0.014126482419669628, "x_normalized": 28.211886449321177, "y_normalized": 31.695999083525656, "z_normalized": -0.014126482419669628}, "right_knee": {"x": 0.5118465423583984, "y": 0.5936906337738037, "z": -0.022248711436986923, "x_normalized": 27.356584342792253, "y_normalized": 31.80553101457631, "z_normalized": -0.022248711436986923}, "left_ankle": {"x": 0.528533935546875, "y": 0.6310294270515442, "z": 0.06627388298511505, "x_normalized": 28.26537833480213, "y_normalized": 33.838998472102375, "z_normalized": 0.06627388298511505}, "right_ankle": {"x": 0.5146395564079285, "y": 0.6507308483123779, "z": 0.028519663959741592, "x_normalized": 27.508691646739816, "y_normalized": 34.91193617265738, "z_normalized": 0.028519663959741592}, "left_heel": {"x": 0.5272251963615417, "y": 0.635797381401062, "z": 0.07325995713472366, "x_normalized": 28.194104511784637, "y_normalized": 34.09866085424193, "z_normalized": 0.07325995713472366}, "right_heel": {"x": 0.5165656805038452, "y": 0.6584360599517822, "z": 0.03073127008974552, "x_normalized": 27.613588198673604, "y_normalized": 35.33156133315822, "z_normalized": 0.03073127008974552}, "left_foot_index": {"x": 0.5305987000465393, "y": 0.6522281169891357, "z": 0.037863556295633316, "x_normalized": 28.37782523115176, "y_normalized": 34.99347729549745, "z_normalized": 0.037863556295633316}, "right_foot_index": {"x": 0.5118415355682373, "y": 0.6710827946662903, "z": -0.012319591827690601, "x_normalized": 27.35631167343244, "y_normalized": 36.02030141360556, "z_normalized": -0.012319591827690601}}}