{"sequence_id": 1697925405990398000, "sequence_source": "mediapipe", "frame_number": 317, "image_dimensions": {"height": 1080, "width": 1920}, "joint_positions": {"nose": {"x": 0.5212545394897461, "y": 0.42273327708244324, "z": -0.12486199289560318, "x_normalized": 23.82965736062529, "y_normalized": 19.20384303285918, "z_normalized": -0.12486199289560318}, "left_eye_inner": {"x": 0.5231216549873352, "y": 0.41908007860183716, "z": -0.11747642606496811, "x_normalized": 23.916881388483418, "y_normalized": 19.033180486029536, "z_normalized": -0.11747642606496811}, "left_eye": {"x": 0.52447909116745, "y": 0.41942644119262695, "z": -0.11743044853210449, "x_normalized": 23.980295275488718, "y_normalized": 19.04936113490052, "z_normalized": -0.11743044853210449}, "left_eye_outer": {"x": 0.5258760452270508, "y": 0.41972628235816956, "z": -0.11744953691959381, "x_normalized": 24.045555276794733, "y_normalized": 19.063368492351128, "z_normalized": -0.11744953691959381}, "right_eye_inner": {"x": 0.5195567607879639, "y": 0.41840022802352905, "z": -0.1189112663269043, "x_normalized": 23.750344057847606, "y_normalized": 19.001420637290515, "z_normalized": -0.1189112663269043}, "right_eye": {"x": 0.5183060169219971, "y": 0.4184504449367523, "z": -0.11896181106567383, "x_normalized": 23.691914401005626, "y_normalized": 19.003766566850626, "z_normalized": -0.11896181106567383}, "right_eye_outer": {"x": 0.5170493721961975, "y": 0.4185487627983093, "z": -0.11894580721855164, "x_normalized": 23.633209080037297, "y_normalized": 19.008359576713417, "z_normalized": -0.11894580721855164}, "left_ear": {"x": 0.5289196372032166, "y": 0.4228843152523041, "z": -0.06745312362909317, "x_normalized": 24.18773949178339, "y_normalized": 19.210898920699325, "z_normalized": -0.06745312362909317}, "right_ear": {"x": 0.514785885810852, "y": 0.42368096113204956, "z": -0.07730292528867722, "x_normalized": 23.52746821944951, "y_normalized": 19.24811496999981, "z_normalized": -0.07730292528867722}, "mouth_left": {"x": 0.5238741040229797, "y": 0.4298442006111145, "z": -0.10701949894428253, "x_normalized": 23.952032741322395, "y_normalized": 19.536036404272316, "z_normalized": -0.10701949894428253}, "mouth_right": {"x": 0.5195160508155823, "y": 0.4298805892467499, "z": -0.10930601507425308, "x_normalized": 23.748442253824393, "y_normalized": 19.537736333051484, "z_normalized": -0.10930601507425308}, "left_shoulder": {"x": 0.5395011901855469, "y": 0.45275142788887024, "z": -0.029635833576321602, "x_normalized": 24.682066529026027, "y_normalized": 20.60616871949728, "z_normalized": -0.029635833576321602}, "right_shoulder": {"x": 0.5037744641304016, "y": 0.4550054371356964, "z": -0.029748039320111275, "x_normalized": 23.0130594682751, "y_normalized": 20.71146684679123, "z_normalized": -0.029748039320111275}, "left_elbow": {"x": 0.5553783774375916, "y": 0.4638039171695709, "z": 0.03624557703733444, "x_normalized": 25.423784020509153, "y_normalized": 21.122495981611653, "z_normalized": 0.03624557703733444}, "right_elbow": {"x": 0.49035996198654175, "y": 0.46099546551704407, "z": 0.036847781389951706, "x_normalized": 22.386388590008707, "y_normalized": 20.99129656438518, "z_normalized": 0.036847781389951706}, "left_wrist": {"x": 0.5522974729537964, "y": 0.47851699590682983, "z": 0.1026206761598587, "x_normalized": 25.2798567172064, "y_normalized": 21.80983106683514, "z_normalized": 0.1026206761598587}, "right_wrist": {"x": 0.5027487874031067, "y": 0.4659164845943451, "z": 0.10146529972553253, "x_normalized": 22.965144031040214, "y_normalized": 21.221186523331546, "z_normalized": 0.10146529972553253}, "left_pinky": {"x": 0.5520726442337036, "y": 0.4854128360748291, "z": 0.11187903583049774, "x_normalized": 25.2693536355438, "y_normalized": 22.13197662006708, "z_normalized": 0.11187903583049774}, "right_pinky": {"x": 0.5055481791496277, "y": 0.47033974528312683, "z": 0.1086101084947586, "x_normalized": 23.095920206375727, "y_normalized": 21.427823238650035, "z_normalized": 0.1086101084947586}, "left_index": {"x": 0.5499124526977539, "y": 0.4859263598918915, "z": 0.10263683646917343, "x_normalized": 25.168438289410226, "y_normalized": 22.155966360274956, "z_normalized": 0.10263683646917343}, "right_index": {"x": 0.5084183216094971, "y": 0.47082534432411194, "z": 0.10944760590791702, "x_normalized": 23.230001566741326, "y_normalized": 21.45050844710846, "z_normalized": 0.10944760590791702}, "left_thumb": {"x": 0.5498319864273071, "y": 0.4841729700565338, "z": 0.10072731226682663, "x_normalized": 25.164679233141797, "y_normalized": 22.07405513194287, "z_normalized": 0.10072731226682663}, "right_thumb": {"x": 0.5072793960571289, "y": 0.4692602753639221, "z": 0.1035340279340744, "x_normalized": 23.1767956058694, "y_normalized": 21.377394802687558, "z_normalized": 0.1035340279340744}, "left_hip": {"x": 0.5319305658340454, "y": 0.5447915196418762, "z": -0.0013862469932064414, "x_normalized": 24.328397808375673, "y_normalized": 24.905906757928793, "z_normalized": -0.0013862469932064414}, "right_hip": {"x": 0.5105308294296265, "y": 0.5442746877670288, "z": 0.0013889346737414598, "x_normalized": 23.328689323975095, "y_normalized": 24.881762478740995, "z_normalized": 0.0013889346737414598}, "left_knee": {"x": 0.5302768349647522, "y": 0.6187968254089355, "z": -0.003469710238277912, "x_normalized": 24.25114224084419, "y_normalized": 28.363133083890034, "z_normalized": -0.003469710238277912}, "right_knee": {"x": 0.5113633871078491, "y": 0.6205403208732605, "z": -0.02703285962343216, "x_normalized": 23.367583026165754, "y_normalized": 28.444582087525408, "z_normalized": -0.02703285962343216}, "left_ankle": {"x": 0.5236880779266357, "y": 0.6694853901863098, "z": 0.08211629092693329, "x_normalized": 23.94334236012702, "y_normalized": 30.73109628270614, "z_normalized": 0.08211629092693329}, "right_ankle": {"x": 0.5120380520820618, "y": 0.6876217722892761, "z": 0.025232460349798203, "x_normalized": 23.39910062461192, "y_normalized": 31.578354151776068, "z_normalized": 0.025232460349798203}, "left_heel": {"x": 0.5221327543258667, "y": 0.6750975251197815, "z": 0.0880344808101654, "x_normalized": 23.87068397918751, "y_normalized": 30.993272358269106, "z_normalized": 0.0880344808101654}, "right_heel": {"x": 0.513487696647644, "y": 0.6954771280288696, "z": 0.027266493067145348, "x_normalized": 23.466822111652224, "y_normalized": 31.945324362644406, "z_normalized": 0.027266493067145348}, "left_foot_index": {"x": 0.5275498032569885, "y": 0.6906797289848328, "z": 0.04443160817027092, "x_normalized": 24.123746431664138, "y_normalized": 31.72120942792079, "z_normalized": 0.04443160817027092}, "right_foot_index": {"x": 0.5101139545440674, "y": 0.7123565077781677, "z": -0.0276347566395998, "x_normalized": 23.30921462801852, "y_normalized": 32.73386020382926, "z_normalized": -0.0276347566395998}}}