{"sequence_id": 1697925405990398000, "sequence_source": "mediapipe", "frame_number": 205, "image_dimensions": {"height": 1080, "width": 1920}, "joint_positions": {"nose": {"x": 0.5106834769248962, "y": 0.39633867144584656, "z": -0.16837091743946075, "x_normalized": 19.810338295938696, "y_normalized": 15.224049183994806, "z_normalized": -0.16837091743946075}, "left_eye_inner": {"x": 0.5120452642440796, "y": 0.3923080265522003, "z": -0.16259078681468964, "x_normalized": 19.8645405639055, "y_normalized": 15.063620245109217, "z_normalized": -0.16259078681468964}, "left_eye": {"x": 0.5131946802139282, "y": 0.3924928903579712, "z": -0.1625511199235916, "x_normalized": 19.910289963628518, "y_normalized": 15.070978249840648, "z_normalized": -0.1625511199235916}, "left_eye_outer": {"x": 0.5143566131591797, "y": 0.39266085624694824, "z": -0.1626005917787552, "x_normalized": 19.95653756776669, "y_normalized": 15.077663678611623, "z_normalized": -0.1626005917787552}, "right_eye_inner": {"x": 0.5086989402770996, "y": 0.39274001121520996, "z": -0.16280871629714966, "x_normalized": 19.731349172116982, "y_normalized": 15.08081422843698, "z_normalized": -0.16280871629714966}, "right_eye": {"x": 0.507411777973175, "y": 0.39336681365966797, "z": -0.16285021603107452, "x_normalized": 19.68011715142529, "y_normalized": 15.10576240762632, "z_normalized": -0.16285021603107452}, "right_eye_outer": {"x": 0.5062304139137268, "y": 0.39398205280303955, "z": -0.1628284454345703, "x_normalized": 19.63309614424264, "y_normalized": 15.13025034083214, "z_normalized": -0.1628284454345703}, "left_ear": {"x": 0.5170963406562805, "y": 0.398162305355072, "z": -0.1143178939819336, "x_normalized": 20.065585024636043, "y_normalized": 15.29663400867981, "z_normalized": -0.1143178939819336}, "right_ear": {"x": 0.5034102201461792, "y": 0.4002983570098877, "z": -0.11590783298015594, "x_normalized": 19.52084594470444, "y_normalized": 15.381653778326866, "z_normalized": -0.11590783298015594}, "mouth_left": {"x": 0.5141136646270752, "y": 0.4047467112541199, "z": -0.14985603094100952, "x_normalized": 19.946867657308744, "y_normalized": 15.558708510266744, "z_normalized": -0.14985603094100952}, "mouth_right": {"x": 0.5087762475013733, "y": 0.40636664628982544, "z": -0.15021154284477234, "x_normalized": 19.734426177481055, "y_normalized": 15.623185651195609, "z_normalized": -0.15021154284477234}, "left_shoulder": {"x": 0.5330403447151184, "y": 0.4364136755466461, "z": -0.06400687992572784, "x_normalized": 20.700193063855533, "y_normalized": 16.819126535974302, "z_normalized": -0.06400687992572784}, "right_shoulder": {"x": 0.49210962653160095, "y": 0.4449343979358673, "z": -0.052742742002010345, "x_normalized": 19.071056322894314, "y_normalized": 17.15827088818362, "z_normalized": -0.052742742002010345}, "left_elbow": {"x": 0.5523651838302612, "y": 0.45098090171813965, "z": 0.03492824360728264, "x_normalized": 21.469366115608178, "y_normalized": 17.398935648129793, "z_normalized": 0.03492824360728264}, "right_elbow": {"x": 0.47949546575546265, "y": 0.46392375230789185, "z": 0.04965566098690033, "x_normalized": 18.56898370631672, "y_normalized": 17.91409087540914, "z_normalized": 0.04965566098690033}, "left_wrist": {"x": 0.541569709777832, "y": 0.4661329686641693, "z": 0.12533803284168243, "x_normalized": 21.039681414351502, "y_normalized": 18.002022768482874, "z_normalized": 0.12533803284168243}, "right_wrist": {"x": 0.4878711998462677, "y": 0.4730431139469147, "z": 0.136880561709404, "x_normalized": 18.902357190717165, "y_normalized": 18.277062446873703, "z_normalized": 0.136880561709404}, "left_pinky": {"x": 0.5400905013084412, "y": 0.4730488359928131, "z": 0.1403789222240448, "x_normalized": 20.980805514490157, "y_normalized": 18.277290197463486, "z_normalized": 0.1403789222240448}, "right_pinky": {"x": 0.487840473651886, "y": 0.47120869159698486, "z": 0.15042559802532196, "x_normalized": 18.90113421749806, "y_normalized": 18.204048217430874, "z_normalized": 0.15042559802532196}, "left_index": {"x": 0.5381528735160828, "y": 0.4734675884246826, "z": 0.13087958097457886, "x_normalized": 20.903683471024284, "y_normalized": 18.293957507552374, "z_normalized": 0.13087958097457886}, "right_index": {"x": 0.49163445830345154, "y": 0.4747067987918854, "z": 0.14554104208946228, "x_normalized": 19.05214353433427, "y_normalized": 18.34328093085363, "z_normalized": 0.14554104208946228}, "left_thumb": {"x": 0.5387537479400635, "y": 0.47170740365982056, "z": 0.12550689280033112, "x_normalized": 20.927599655353664, "y_normalized": 18.223898104771806, "z_normalized": 0.12550689280033112}, "right_thumb": {"x": 0.49095624685287476, "y": 0.4729044735431671, "z": 0.13781005144119263, "x_normalized": 19.02514915843983, "y_normalized": 18.271544239875375, "z_normalized": 0.13781005144119263}, "left_hip": {"x": 0.528599202632904, "y": 0.5513513684272766, "z": -0.005653795320540667, "x_normalized": 20.523425392554863, "y_normalized": 21.393911115946704, "z_normalized": -0.005653795320540667}, "right_hip": {"x": 0.5034785270690918, "y": 0.550931990146637, "z": 0.005574865732342005, "x_normalized": 19.523564717369997, "y_normalized": 21.37721889563706, "z_normalized": 0.005574865732342005}, "left_knee": {"x": 0.5251427292823792, "y": 0.6472201347351074, "z": -0.017708351835608482, "x_normalized": 20.38584980191299, "y_normalized": 25.20970855205439, "z_normalized": -0.017708351835608482}, "right_knee": {"x": 0.5060679912567139, "y": 0.6480396389961243, "z": -0.00456282589584589, "x_normalized": 19.62663134885552, "y_normalized": 25.24232670683513, "z_normalized": -0.00456282589584589}, "left_ankle": {"x": 0.5190029740333557, "y": 0.7234360575675964, "z": 0.07171165943145752, "x_normalized": 20.141473419073915, "y_normalized": 28.24327760833041, "z_normalized": 0.07171165943145752}, "right_ankle": {"x": 0.5122708678245544, "y": 0.7216697335243225, "z": 0.08265556395053864, "x_normalized": 19.87352010538816, "y_normalized": 28.172973848146217, "z_normalized": 0.08265556395053864}, "left_heel": {"x": 0.5186588168144226, "y": 0.7315166592597961, "z": 0.07759319990873337, "x_normalized": 20.12777517005915, "y_normalized": 28.564904144342112, "z_normalized": 0.07759319990873337}, "right_heel": {"x": 0.5137631297111511, "y": 0.7289658784866333, "z": 0.08813115209341049, "x_normalized": 19.93291556128245, "y_normalized": 28.463377201739615, "z_normalized": 0.08813115209341049}, "left_foot_index": {"x": 0.5217463970184326, "y": 0.7500417232513428, "z": 0.01764542981982231, "x_normalized": 20.250667964865833, "y_normalized": 29.30224430636838, "z_normalized": 0.01764542981982231}, "right_foot_index": {"x": 0.5111584067344666, "y": 0.7483147978782654, "z": 0.029425766319036484, "x_normalized": 19.829241594890835, "y_normalized": 29.233508703890937, "z_normalized": 0.029425766319036484}}}