{"sequence_id": 1697925405990398000, "sequence_source": "mediapipe", "frame_number": 293, "image_dimensions": {"height": 1080, "width": 1920}, "joint_positions": {"nose": {"x": 0.5108844041824341, "y": 0.41702619194984436, "z": -0.15144674479961395, "x_normalized": 22.60757967390675, "y_normalized": 18.328276140436138, "z_normalized": -0.15144674479961395}, "left_eye_inner": {"x": 0.5127236247062683, "y": 0.41090744733810425, "z": -0.14571700990200043, "x_normalized": 22.690813492352863, "y_normalized": 18.05137270687179, "z_normalized": -0.14571700990200043}, "left_eye": {"x": 0.514041543006897, "y": 0.4108756482601166, "z": -0.14567658305168152, "x_normalized": 22.75045580883412, "y_normalized": 18.049933641436358, "z_normalized": -0.14567658305168152}, "left_eye_outer": {"x": 0.5152239203453064, "y": 0.4108249545097351, "z": -0.14570756256580353, "x_normalized": 22.803964226908317, "y_normalized": 18.04763949869441, "z_normalized": -0.14570756256580353}, "right_eye_inner": {"x": 0.5086937546730042, "y": 0.41110363602638245, "z": -0.14559224247932434, "x_normalized": 22.508441957040233, "y_normalized": 18.06025121461445, "z_normalized": -0.14559224247932434}, "right_eye": {"x": 0.5072861313819885, "y": 0.4112863838672638, "z": -0.1456148624420166, "x_normalized": 22.44474004640655, "y_normalized": 18.06852145758544, "z_normalized": -0.1456148624420166}, "right_eye_outer": {"x": 0.5059026479721069, "y": 0.41149798035621643, "z": -0.14556291699409485, "x_normalized": 22.382130584697613, "y_normalized": 18.07809724445661, "z_normalized": -0.14556291699409485}, "left_ear": {"x": 0.5175877213478088, "y": 0.41319671273231506, "z": -0.09801732003688812, "x_normalized": 22.910937904580678, "y_normalized": 18.15497327990122, "z_normalized": -0.09801732003688812}, "right_ear": {"x": 0.5028355121612549, "y": 0.4152752757072449, "z": -0.09875401854515076, "x_normalized": 22.24332753094643, "y_normalized": 18.249038527130768, "z_normalized": -0.09875401854515076}, "mouth_left": {"x": 0.5142210125923157, "y": 0.424234539270401, "z": -0.13479620218276978, "x_normalized": 22.75857769454372, "y_normalized": 18.654489481577514, "z_normalized": -0.13479620218276978}, "mouth_right": {"x": 0.5083631873130798, "y": 0.4248616695404053, "z": -0.135208398103714, "x_normalized": 22.493482150283185, "y_normalized": 18.682870225680336, "z_normalized": -0.135208398103714}, "left_shoulder": {"x": 0.5294920206069946, "y": 0.4434032440185547, "z": -0.053803060203790665, "x_normalized": 23.449666279143226, "y_normalized": 19.52196810645111, "z_normalized": -0.053803060203790665}, "right_shoulder": {"x": 0.49143946170806885, "y": 0.4483131468296051, "z": -0.040542710572481155, "x_normalized": 21.72759992670796, "y_normalized": 19.744165474231174, "z_normalized": -0.040542710572481155}, "left_elbow": {"x": 0.5476928949356079, "y": 0.45525649189949036, "z": 0.029336851090192795, "x_normalized": 24.273345794349037, "y_normalized": 20.05838615384319, "z_normalized": 0.029336851090192795}, "right_elbow": {"x": 0.4800378084182739, "y": 0.46145373582839966, "z": 0.0508202463388443, "x_normalized": 21.211618766422756, "y_normalized": 20.33884206946651, "z_normalized": 0.0508202463388443}, "left_wrist": {"x": 0.5396732091903687, "y": 0.4775613844394684, "z": 0.11411550641059875, "x_normalized": 23.910415379717417, "y_normalized": 21.06779277587367, "z_normalized": 0.11411550641059875}, "right_wrist": {"x": 0.48180803656578064, "y": 0.4791479706764221, "z": 0.12775428593158722, "x_normalized": 21.291730338867918, "y_normalized": 21.13959364427656, "z_normalized": 0.12775428593158722}, "left_pinky": {"x": 0.5368494391441345, "y": 0.489414244890213, "z": 0.12569090723991394, "x_normalized": 23.78262582957046, "y_normalized": 21.604193290134862, "z_normalized": 0.12569090723991394}, "right_pinky": {"x": 0.48314815759658813, "y": 0.4864030182361603, "z": 0.13742558658123016, "x_normalized": 21.35237743861946, "y_normalized": 21.46792040204147, "z_normalized": 0.13742558658123016}, "left_index": {"x": 0.5344265103340149, "y": 0.48852449655532837, "z": 0.11750777810811996, "x_normalized": 23.672976326383676, "y_normalized": 21.563927780692776, "z_normalized": 0.11750777810811996}, "right_index": {"x": 0.48519065976142883, "y": 0.48653721809387207, "z": 0.1310032457113266, "x_normalized": 21.444810755973776, "y_normalized": 21.473993608841596, "z_normalized": 0.1310032457113266}, "left_thumb": {"x": 0.5344378352165222, "y": 0.48413339257240295, "z": 0.11365798115730286, "x_normalized": 23.67348883328664, "y_normalized": 21.36520862387797, "z_normalized": 0.11365798115730286}, "right_thumb": {"x": 0.4853529930114746, "y": 0.4852967858314514, "z": 0.1268026977777481, "x_normalized": 21.452157137817053, "y_normalized": 21.417857918538516, "z_normalized": 0.1268026977777481}, "left_hip": {"x": 0.5234765410423279, "y": 0.5433230996131897, "z": -0.005767795257270336, "x_normalized": 23.17743609931248, "y_normalized": 24.043835393136245, "z_normalized": -0.005767795257270336}, "right_hip": {"x": 0.5014524459838867, "y": 0.5451170206069946, "z": 0.005766503047198057, "x_normalized": 22.180736951070756, "y_normalized": 24.1250191839705, "z_normalized": 0.005766503047198057}, "left_knee": {"x": 0.5224195122718811, "y": 0.6189025044441223, "z": -0.012155497446656227, "x_normalized": 23.12960032343267, "y_normalized": 27.464176988090237, "z_normalized": -0.012155497446656227}, "right_knee": {"x": 0.5056342482566833, "y": 0.6266751885414124, "z": -0.02033628337085247, "x_normalized": 22.369984171097364, "y_normalized": 27.815929357427738, "z_normalized": -0.02033628337085247}, "left_ankle": {"x": 0.5246357917785645, "y": 0.6799972653388977, "z": 0.08721793442964554, "x_normalized": 23.229897924342733, "y_normalized": 30.229016859343698, "z_normalized": 0.08721793442964554}, "right_ankle": {"x": 0.5126753449440002, "y": 0.6900935769081116, "z": 0.06405618041753769, "x_normalized": 22.688628594503385, "y_normalized": 30.68592485555041, "z_normalized": 0.06405618041753769}, "left_heel": {"x": 0.5241053700447083, "y": 0.6852086186408997, "z": 0.09484680742025375, "x_normalized": 23.20589371945075, "y_normalized": 30.464856351659243, "z_normalized": 0.09484680742025375}, "right_heel": {"x": 0.5151391625404358, "y": 0.6973505616188049, "z": 0.06902385503053665, "x_normalized": 22.800128517350345, "y_normalized": 31.01433927896978, "z_normalized": 0.06902385503053665}, "left_foot_index": {"x": 0.5250744223594666, "y": 0.7045186161994934, "z": 0.04801531881093979, "x_normalized": 23.249748125915957, "y_normalized": 31.338729174498503, "z_normalized": 0.04801531881093979}, "right_foot_index": {"x": 0.5086872577667236, "y": 0.7161258459091187, "z": 0.017928477376699448, "x_normalized": 22.508147939922218, "y_normalized": 31.86401368377488, "z_normalized": 0.017928477376699448}}}