{"sequence_id": 1697925405990398000, "sequence_source": "mediapipe", "frame_number": 27, "image_dimensions": {"height": 1080, "width": 1920}, "joint_positions": {"nose": {"x": 0.5262491703033447, "y": 0.3961124122142792, "z": -0.19139127433300018, "x_normalized": 15.087748221812763, "y_normalized": 11.160504694944462, "z_normalized": -0.19139127433300018}, "left_eye_inner": {"x": 0.5286675691604614, "y": 0.38764041662216187, "z": -0.18262696266174316, "x_normalized": 15.159487565252082, "y_normalized": 10.909191558730072, "z_normalized": -0.18262696266174316}, "left_eye": {"x": 0.5305028557777405, "y": 0.3877124786376953, "z": -0.18256978690624237, "x_normalized": 15.21392947691571, "y_normalized": 10.911329205159266, "z_normalized": -0.18256978690624237}, "left_eye_outer": {"x": 0.532447099685669, "y": 0.38785022497177124, "z": -0.18267874419689178, "x_normalized": 15.271603495835391, "y_normalized": 10.915415310120283, "z_normalized": -0.18267874419689178}, "right_eye_inner": {"x": 0.5232766270637512, "y": 0.38825690746307373, "z": -0.18213383853435516, "x_normalized": 14.99957074863629, "y_normalized": 10.927479132772387, "z_normalized": -0.18213383853435516}, "right_eye": {"x": 0.5211600661277771, "y": 0.3888051509857178, "z": -0.18219399452209473, "x_normalized": 14.93678512026516, "y_normalized": 10.943742219501692, "z_normalized": -0.18219399452209473}, "right_eye_outer": {"x": 0.5189678072929382, "y": 0.38944417238235474, "z": -0.1820954978466034, "x_normalized": 14.871753990682222, "y_normalized": 10.962698139573979, "z_normalized": -0.1820954978466034}, "left_ear": {"x": 0.536548912525177, "y": 0.3926405906677246, "z": -0.11280201375484467, "x_normalized": 15.393279603625196, "y_normalized": 11.057516638381598, "z_normalized": -0.11280201375484467}, "right_ear": {"x": 0.5143057703971863, "y": 0.39496251940727234, "z": -0.11467103660106659, "x_normalized": 14.733459405813841, "y_normalized": 11.126394293859253, "z_normalized": -0.11467103660106659}, "mouth_left": {"x": 0.529938817024231, "y": 0.4072379767894745, "z": -0.16242662072181702, "x_normalized": 15.197197840720948, "y_normalized": 11.490533257299898, "z_normalized": -0.16242662072181702}, "mouth_right": {"x": 0.5230847001075745, "y": 0.4086538851261139, "z": -0.16263027489185333, "x_normalized": 14.993877430603199, "y_normalized": 11.532534738627866, "z_normalized": -0.16263027489185333}, "left_shoulder": {"x": 0.5545130968093872, "y": 0.438848614692688, "z": -0.051641177386045456, "x_normalized": 15.926168867188874, "y_normalized": 12.428230693850223, "z_normalized": -0.051641177386045456}, "right_shoulder": {"x": 0.4959835410118103, "y": 0.44093942642211914, "z": -0.021166302263736725, "x_normalized": 14.189949098329425, "y_normalized": 12.490252498187099, "z_normalized": -0.021166302263736725}, "left_elbow": {"x": 0.5846239924430847, "y": 0.4613862931728363, "z": 0.0656796470284462, "x_normalized": 16.819377974021933, "y_normalized": 13.096788013108943, "z_normalized": 0.0656796470284462}, "right_elbow": {"x": 0.4838474988937378, "y": 0.4532148838043213, "z": 0.12789113819599152, "x_normalized": 13.829945746963126, "y_normalized": 12.854391461627744, "z_normalized": 0.12789113819599152}, "left_wrist": {"x": 0.5681893825531006, "y": 0.5009390115737915, "z": 0.18371817469596863, "x_normalized": 16.331861979826318, "y_normalized": 14.270079193335402, "z_normalized": 0.18371817469596863}, "right_wrist": {"x": 0.4927935302257538, "y": 0.4881656765937805, "z": 0.25704458355903625, "x_normalized": 14.095320671474774, "y_normalized": 13.89117119712134, "z_normalized": 0.25704458355903625}, "left_pinky": {"x": 0.5617934465408325, "y": 0.5146602988243103, "z": 0.19727109372615814, "x_normalized": 16.14213304042918, "y_normalized": 14.677107229921598, "z_normalized": 0.19727109372615814}, "right_pinky": {"x": 0.4966675937175751, "y": 0.5016216039657593, "z": 0.27277085185050964, "x_normalized": 14.210240826406059, "y_normalized": 14.29032760268787, "z_normalized": 0.27277085185050964}, "left_index": {"x": 0.5586382150650024, "y": 0.5126261115074158, "z": 0.18635708093643188, "x_normalized": 16.048536306454128, "y_normalized": 14.616765131215603, "z_normalized": 0.18635708093643188}, "right_index": {"x": 0.4978187680244446, "y": 0.5010270476341248, "z": 0.26429125666618347, "x_normalized": 14.244389241881862, "y_normalized": 14.272690693563625, "z_normalized": 0.26429125666618347}, "left_thumb": {"x": 0.5596116781234741, "y": 0.5085172653198242, "z": 0.18331357836723328, "x_normalized": 16.077413098415754, "y_normalized": 14.49488038630533, "z_normalized": 0.18331357836723328}, "right_thumb": {"x": 0.49688228964805603, "y": 0.4946098029613495, "z": 0.2560761272907257, "x_normalized": 14.216609562913883, "y_normalized": 14.082329654415918, "z_normalized": 0.2560761272907257}, "left_hip": {"x": 0.539701521396637, "y": 0.5910946130752563, "z": -0.005655072629451752, "x_normalized": 15.48679854070787, "y_normalized": 16.9444534554879, "z_normalized": -0.005655072629451752}, "right_hip": {"x": 0.506095290184021, "y": 0.5884400010108948, "z": 0.005644799675792456, "x_normalized": 14.489903857447334, "y_normalized": 16.86570708740102, "z_normalized": 0.005644799675792456}, "left_knee": {"x": 0.5325192213058472, "y": 0.7129067778587341, "z": -0.02378096804022789, "x_normalized": 15.273742910375775, "y_normalized": 20.557887483862924, "z_normalized": -0.02378096804022789}, "right_knee": {"x": 0.5054643750190735, "y": 0.7091304659843445, "z": -0.02676372043788433, "x_normalized": 14.471188400496942, "y_normalized": 20.445867031283896, "z_normalized": -0.02676372043788433}, "left_ankle": {"x": 0.524215817451477, "y": 0.8066383600234985, "z": 0.11399947106838226, "x_normalized": 15.027430876663434, "y_normalized": 23.33833957688351, "z_normalized": 0.11399947106838226}, "right_ankle": {"x": 0.5033904910087585, "y": 0.808631420135498, "z": 0.10505863279104233, "x_normalized": 14.409668739738139, "y_normalized": 23.39746167886813, "z_normalized": 0.10505863279104233}, "left_heel": {"x": 0.520919144153595, "y": 0.8147727251052856, "z": 0.12492270767688751, "x_normalized": 14.929638414833562, "y_normalized": 23.579637247259875, "z_normalized": 0.12492270767688751}, "right_heel": {"x": 0.5055255889892578, "y": 0.8178467154502869, "z": 0.11430563777685165, "x_normalized": 14.473004250689483, "y_normalized": 23.670824045682412, "z_normalized": 0.11430563777685165}, "left_foot_index": {"x": 0.5245305895805359, "y": 0.842987060546875, "z": 0.05171424522995949, "x_normalized": 15.03676827185994, "y_normalized": 24.416586824125574, "z_normalized": 0.05171424522995949}, "right_foot_index": {"x": 0.5034934282302856, "y": 0.8464033007621765, "z": 0.034646645188331604, "x_normalized": 14.412722267763963, "y_normalized": 24.51792611700339, "z_normalized": 0.034646645188331604}}}