{"sequence_id": 1697925405990398000, "sequence_source": "mediapipe", "frame_number": 55, "image_dimensions": {"height": 1080, "width": 1920}, "joint_positions": {"nose": {"x": 0.5212718844413757, "y": 0.39281684160232544, "z": -0.13306212425231934, "x_normalized": 15.249377165377917, "y_normalized": 11.295091006137422, "z_normalized": -0.13306212425231934}, "left_eye_inner": {"x": 0.5229173302650452, "y": 0.384039044380188, "z": -0.12487196177244186, "x_normalized": 15.299156011130515, "y_normalized": 11.029540717162279, "z_normalized": -0.12487196177244186}, "left_eye": {"x": 0.5245131254196167, "y": 0.3839010000228882, "z": -0.12484177947044373, "x_normalized": 15.34743280013777, "y_normalized": 11.025364530580992, "z_normalized": -0.12484177947044373}, "left_eye_outer": {"x": 0.5262007713317871, "y": 0.38375210762023926, "z": -0.12494178861379623, "x_normalized": 15.39848830396444, "y_normalized": 11.020860163534335, "z_normalized": -0.12494178861379623}, "right_eye_inner": {"x": 0.5184049606323242, "y": 0.3848878741264343, "z": -0.12468946725130081, "x_normalized": 15.16264555986266, "y_normalized": 11.055219936982708, "z_normalized": -0.12468946725130081}, "right_eye": {"x": 0.5167452096939087, "y": 0.3854749798774719, "z": -0.12474201619625092, "x_normalized": 15.112433948661224, "y_normalized": 11.07298135227877, "z_normalized": -0.12474201619625092}, "right_eye_outer": {"x": 0.5150468945503235, "y": 0.38614481687545776, "z": -0.12465012818574905, "x_normalized": 15.061055673937297, "y_normalized": 11.093245594420612, "z_normalized": -0.12465012818574905}, "left_ear": {"x": 0.5296663641929626, "y": 0.38961780071258545, "z": -0.06159164384007454, "x_normalized": 15.50333114351357, "y_normalized": 11.19831202945164, "z_normalized": -0.06159164384007454}, "right_ear": {"x": 0.511257529258728, "y": 0.39318719506263733, "z": -0.06171625480055809, "x_normalized": 14.946417909729465, "y_normalized": 11.306295123288901, "z_normalized": -0.06171625480055809}, "mouth_left": {"x": 0.5251769423484802, "y": 0.4043826162815094, "z": -0.10878586769104004, "x_normalized": 15.367514920153226, "y_normalized": 11.644984576307046, "z_normalized": -0.10878586769104004}, "mouth_right": {"x": 0.5180640816688538, "y": 0.4055935740470886, "z": -0.10879726707935333, "x_normalized": 15.152333119854724, "y_normalized": 11.681619073145873, "z_normalized": -0.10879726707935333}, "left_shoulder": {"x": 0.5491061806678772, "y": 0.4341665208339691, "z": -0.012088934890925884, "x_normalized": 16.091434143833308, "y_normalized": 12.546022075870953, "z_normalized": -0.012088934890925884}, "right_shoulder": {"x": 0.49502676725387573, "y": 0.44159042835235596, "z": 0.020414946600794792, "x_normalized": 14.455396821909694, "y_normalized": 12.770613819897628, "z_normalized": 0.020414946600794792}, "left_elbow": {"x": 0.5748540759086609, "y": 0.4586447775363922, "z": 0.09911715239286423, "x_normalized": 16.870372281575666, "y_normalized": 13.286550476839565, "z_normalized": 0.09911715239286423}, "right_elbow": {"x": 0.47901833057403564, "y": 0.4543762803077698, "z": 0.16339077055454254, "x_normalized": 13.971101630440616, "y_normalized": 13.157417774879715, "z_normalized": 0.16339077055454254}, "left_wrist": {"x": 0.5557679533958435, "y": 0.4894506335258484, "z": 0.2284410446882248, "x_normalized": 16.29296940697845, "y_normalized": 14.218504559749526, "z_normalized": 0.2284410446882248}, "right_wrist": {"x": 0.4908352196216583, "y": 0.47829312086105347, "z": 0.29469242691993713, "x_normalized": 14.328592037426718, "y_normalized": 13.880961935170802, "z_normalized": 0.29469242691993713}, "left_pinky": {"x": 0.550524890422821, "y": 0.5027956366539001, "z": 0.24137073755264282, "x_normalized": 16.134353657221823, "y_normalized": 14.622224234213068, "z_normalized": 0.24137073755264282}, "right_pinky": {"x": 0.4938524663448334, "y": 0.4875711500644684, "z": 0.30937427282333374, "x_normalized": 14.419871286533516, "y_normalized": 14.161645490935001, "z_normalized": 0.30937427282333374}, "left_index": {"x": 0.5472853779792786, "y": 0.5022236108779907, "z": 0.2330612987279892, "x_normalized": 16.036350314953705, "y_normalized": 14.604919025827657, "z_normalized": 0.2330612987279892}, "right_index": {"x": 0.49646857380867004, "y": 0.4879426062107086, "z": 0.30263179540634155, "x_normalized": 14.499015071179146, "y_normalized": 14.172882967089828, "z_normalized": 0.30263179540634155}, "left_thumb": {"x": 0.5485569834709167, "y": 0.49651217460632324, "z": 0.2286418080329895, "x_normalized": 16.074819556976667, "y_normalized": 14.432133814000322, "z_normalized": 0.2286418080329895}, "right_thumb": {"x": 0.4958917498588562, "y": 0.48535680770874023, "z": 0.29385849833488464, "x_normalized": 14.481564706049436, "y_normalized": 14.094656104238924, "z_normalized": 0.29385849833488464}, "left_hip": {"x": 0.5369081497192383, "y": 0.5893845558166504, "z": -0.007962674833834171, "x_normalized": 15.722413242419726, "y_normalized": 17.2417552992192, "z_normalized": -0.007962674833834171}, "right_hip": {"x": 0.503890335559845, "y": 0.5878145098686218, "z": 0.008014809340238571, "x_normalized": 14.723541900388495, "y_normalized": 17.19425748801985, "z_normalized": 0.008014809340238571}, "left_knee": {"x": 0.5313147902488708, "y": 0.7126448750495911, "z": -0.03293588012456894, "x_normalized": 15.553200148734675, "y_normalized": 20.97068780507917, "z_normalized": -0.03293588012456894}, "right_knee": {"x": 0.5051484704017639, "y": 0.7114474773406982, "z": -0.025178495794534683, "x_normalized": 14.761603621613803, "y_normalized": 20.934463533822054, "z_normalized": -0.025178495794534683}, "left_ankle": {"x": 0.5236890912055969, "y": 0.8059927225112915, "z": 0.11396072059869766, "x_normalized": 15.322503707095327, "y_normalized": 23.7946933319038, "z_normalized": 0.11396072059869766}, "right_ankle": {"x": 0.5083073973655701, "y": 0.8062616586685181, "z": 0.11400303244590759, "x_normalized": 14.857169051853466, "y_normalized": 23.802829322341957, "z_normalized": 0.11400303244590759}, "left_heel": {"x": 0.5218310356140137, "y": 0.8147764205932617, "z": 0.12609538435935974, "x_normalized": 15.266292884859375, "y_normalized": 24.060422136626592, "z_normalized": 0.12609538435935974}, "right_heel": {"x": 0.50985187292099, "y": 0.8164278864860535, "z": 0.12460516393184662, "x_normalized": 14.903893294813015, "y_normalized": 24.110383104505573, "z_normalized": 0.12460516393184662}, "left_foot_index": {"x": 0.5227592587471008, "y": 0.8419960737228394, "z": 0.05620836839079857, "x_normalized": 15.294373952920854, "y_normalized": 24.883884626296904, "z_normalized": 0.05620836839079857}, "right_foot_index": {"x": 0.5045201778411865, "y": 0.8427640795707703, "z": 0.051967229694128036, "x_normalized": 14.74259620246296, "y_normalized": 24.907118721331397, "z_normalized": 0.051967229694128036}}}