{"sequence_id": 1697925405990398000, "sequence_source": "mediapipe", "frame_number": 156, "image_dimensions": {"height": 1080, "width": 1920}, "joint_positions": {"nose": {"x": 0.5133768916130066, "y": 0.41803261637687683, "z": -0.19475272297859192, "x_normalized": 17.77045045613632, "y_normalized": 14.311499748309151, "z_normalized": -0.19475272297859192}, "left_eye_inner": {"x": 0.5158546566963196, "y": 0.41173651814460754, "z": -0.18334074318408966, "x_normalized": 17.85868754729615, "y_normalized": 14.087285839810134, "z_normalized": -0.18334074318408966}, "left_eye": {"x": 0.5174717307090759, "y": 0.4118347465991974, "z": -0.1833275705575943, "x_normalized": 17.916274082854635, "y_normalized": 14.09078390875965, "z_normalized": -0.1833275705575943}, "left_eye_outer": {"x": 0.5192204117774963, "y": 0.4118712544441223, "z": -0.1833501011133194, "x_normalized": 17.978547351568782, "y_normalized": 14.092084010235123, "z_normalized": -0.1833501011133194}, "right_eye_inner": {"x": 0.5110675692558289, "y": 0.41139546036720276, "z": -0.18756824731826782, "x_normalized": 17.68821187398822, "y_normalized": 14.075140238760902, "z_normalized": -0.18756824731826782}, "right_eye": {"x": 0.5092672109603882, "y": 0.4113951623439789, "z": -0.18759672343730927, "x_normalized": 17.624098298369198, "y_normalized": 14.075129625687634, "z_normalized": -0.18759672343730927}, "right_eye_outer": {"x": 0.5074427723884583, "y": 0.4113791286945343, "z": -0.18762627243995667, "x_normalized": 17.55912718643003, "y_normalized": 14.074558642345753, "z_normalized": -0.18762627243995667}, "left_ear": {"x": 0.5225494503974915, "y": 0.4148363471031189, "z": -0.11076074093580246, "x_normalized": 18.097099625214653, "y_normalized": 14.197675598804691, "z_normalized": -0.11076074093580246}, "right_ear": {"x": 0.5025578737258911, "y": 0.4152059257030487, "z": -0.13087812066078186, "x_normalized": 17.385168302475158, "y_normalized": 14.210836870965782, "z_normalized": -0.13087812066078186}, "mouth_left": {"x": 0.5165106058120728, "y": 0.4259920120239258, "z": -0.16673417389392853, "x_normalized": 17.88204692156158, "y_normalized": 14.5949462800307, "z_normalized": -0.16673417389392853}, "mouth_right": {"x": 0.5102214217185974, "y": 0.42680391669273376, "z": -0.17256465554237366, "x_normalized": 17.658079236362408, "y_normalized": 14.623859475537884, "z_normalized": -0.17256465554237366}, "left_shoulder": {"x": 0.5353152751922607, "y": 0.45165979862213135, "z": -0.0703427791595459, "x_normalized": 18.551710618699303, "y_normalized": 15.50901631886935, "z_normalized": -0.0703427791595459}, "right_shoulder": {"x": 0.4873029291629791, "y": 0.45605188608169556, "z": -0.11120853573083878, "x_normalized": 16.841915859739125, "y_normalized": 15.665425424866331, "z_normalized": -0.11120853573083878}, "left_elbow": {"x": 0.5549209713935852, "y": 0.4616249203681946, "z": -0.14620521664619446, "x_normalized": 19.249900134169884, "y_normalized": 15.863889894999701, "z_normalized": -0.14620521664619446}, "right_elbow": {"x": 0.4678384065628052, "y": 0.4637896418571472, "z": -0.2276233583688736, "x_normalized": 16.148753757076147, "y_normalized": 15.940979013997602, "z_normalized": -0.2276233583688736}, "left_wrist": {"x": 0.5514976978302002, "y": 0.46636855602264404, "z": -0.26310431957244873, "x_normalized": 19.127992006756305, "y_normalized": 16.032818182224986, "z_normalized": -0.26310431957244873}, "right_wrist": {"x": 0.48941490054130554, "y": 0.4402908384799957, "z": -0.34679120779037476, "x_normalized": 16.917126464768383, "y_normalized": 15.104149861104602, "z_normalized": -0.34679120779037476}, "left_pinky": {"x": 0.5544906854629517, "y": 0.4718362092971802, "z": -0.28751856088638306, "x_normalized": 19.234576978983867, "y_normalized": 16.227529869650382, "z_normalized": -0.28751856088638306}, "right_pinky": {"x": 0.49832025170326233, "y": 0.4376063346862793, "z": -0.3756159842014313, "x_normalized": 17.234259952353586, "y_normalized": 15.00855048101795, "z_normalized": -0.3756159842014313}, "left_index": {"x": 0.5494881272315979, "y": 0.4719514846801758, "z": -0.28966793417930603, "x_normalized": 19.05642805370233, "y_normalized": 16.231635006390896, "z_normalized": -0.28966793417930603}, "right_index": {"x": 0.5016764402389526, "y": 0.43328046798706055, "z": -0.3651586174964905, "x_normalized": 17.35377907697428, "y_normalized": 14.854499599901379, "z_normalized": -0.3651586174964905}, "left_thumb": {"x": 0.5482038259506226, "y": 0.46883606910705566, "z": -0.26777201890945435, "x_normalized": 19.010692075756193, "y_normalized": 16.120690183664358, "z_normalized": -0.26777201890945435}, "right_thumb": {"x": 0.4958144426345825, "y": 0.43658578395843506, "z": -0.3457029461860657, "x_normalized": 17.145024170999125, "y_normalized": 14.972207072915026, "z_normalized": -0.3457029461860657}, "left_hip": {"x": 0.5257384181022644, "y": 0.5748917460441589, "z": 0.007310918997973204, "x_normalized": 18.21066375442402, "y_normalized": 19.897498766907553, "z_normalized": 0.007310918997973204}, "right_hip": {"x": 0.4976692795753479, "y": 0.5756997466087341, "z": -0.007359685841947794, "x_normalized": 17.211077816411752, "y_normalized": 19.92627293115491, "z_normalized": -0.007359685841947794}, "left_knee": {"x": 0.5239034295082092, "y": 0.6637250185012817, "z": -0.028966443613171577, "x_normalized": 18.14531693969112, "y_normalized": 23.06099058161367, "z_normalized": -0.028966443613171577}, "right_knee": {"x": 0.5034968256950378, "y": 0.6788894534111023, "z": -0.04579894244670868, "x_normalized": 17.418605851116986, "y_normalized": 23.60101983399786, "z_normalized": -0.04579894244670868}, "left_ankle": {"x": 0.5255477428436279, "y": 0.7102726697921753, "z": 0.14790916442871094, "x_normalized": 18.20387351014641, "y_normalized": 24.71862526937789, "z_normalized": 0.14790916442871094}, "right_ankle": {"x": 0.5099348425865173, "y": 0.7619460225105286, "z": 0.029989654198288918, "x_normalized": 17.64787370510678, "y_normalized": 26.558794204298458, "z_normalized": 0.029989654198288918}, "left_heel": {"x": 0.5247182250022888, "y": 0.7113994359970093, "z": 0.16482163965702057, "x_normalized": 18.174333082009017, "y_normalized": 24.758751176793943, "z_normalized": 0.16482163965702057}, "right_heel": {"x": 0.5128141641616821, "y": 0.7728665471076965, "z": 0.033456720411777496, "x_normalized": 17.750410851189482, "y_normalized": 26.947691170715096, "z_normalized": 0.033456720411777496}, "left_foot_index": {"x": 0.5278862714767456, "y": 0.7462972402572632, "z": 0.11629252880811691, "x_normalized": 18.287152173474887, "y_normalized": 26.001516585237223, "z_normalized": 0.11629252880811691}, "right_foot_index": {"x": 0.505748987197876, "y": 0.7944250106811523, "z": -0.04992915689945221, "x_normalized": 17.49880884581206, "y_normalized": 27.71542178747455, "z_normalized": -0.04992915689945221}}}