{"sequence_id": 1697925405990398000, "sequence_source": "mediapipe", "frame_number": 279, "image_dimensions": {"height": 1080, "width": 1920}, "joint_positions": {"nose": {"x": 0.5132557153701782, "y": 0.4027145504951477, "z": -0.11480002105236053, "x_normalized": 21.538259918787812, "y_normalized": 16.76254323414207, "z_normalized": -0.11480002105236053}, "left_eye_inner": {"x": 0.5151834487915039, "y": 0.3978364169597626, "z": -0.10632128268480301, "x_normalized": 21.621093953523385, "y_normalized": 16.55293153252153, "z_normalized": -0.10632128268480301}, "left_eye": {"x": 0.5166656374931335, "y": 0.3981638252735138, "z": -0.10629312694072723, "x_normalized": 21.684783086593992, "y_normalized": 16.567000153905568, "z_normalized": -0.10629312694072723}, "left_eye_outer": {"x": 0.5181928277015686, "y": 0.3985183835029602, "z": -0.10633328557014465, "x_normalized": 21.750405918762528, "y_normalized": 16.58223539772551, "z_normalized": -0.10633328557014465}, "right_eye_inner": {"x": 0.5110411643981934, "y": 0.3975359797477722, "z": -0.10712802410125732, "x_normalized": 21.44310143364263, "y_normalized": 16.540021850000826, "z_normalized": -0.10712802410125732}, "right_eye": {"x": 0.5095697045326233, "y": 0.39779433608055115, "z": -0.10714977234601974, "x_normalized": 21.3798733149265, "y_normalized": 16.55112333177565, "z_normalized": -0.10714977234601974}, "right_eye_outer": {"x": 0.5080914497375488, "y": 0.398179829120636, "z": -0.10709420591592789, "x_normalized": 21.316353220452534, "y_normalized": 16.56768783365099, "z_normalized": -0.10709420591592789}, "left_ear": {"x": 0.5214222073554993, "y": 0.40308839082717896, "z": -0.05585179105401039, "x_normalized": 21.88917123945925, "y_normalized": 16.778607023204636, "z_normalized": -0.05585179105401039}, "right_ear": {"x": 0.5053495764732361, "y": 0.4033854603767395, "z": -0.06008818373084068, "x_normalized": 21.19853587978495, "y_normalized": 16.791371998441853, "z_normalized": -0.06008818373084068}, "mouth_left": {"x": 0.5163517594337463, "y": 0.4115675091743469, "z": -0.09629785269498825, "x_normalized": 21.671295855534762, "y_normalized": 17.142951789927277, "z_normalized": -0.09629785269498825}, "mouth_right": {"x": 0.5111503005027771, "y": 0.41165122389793396, "z": -0.09756207466125488, "x_normalized": 21.447790974103974, "y_normalized": 17.146548982487605, "z_normalized": -0.09756207466125488}, "left_shoulder": {"x": 0.5325456857681274, "y": 0.43666112422943115, "z": -0.015876520425081253, "x_normalized": 22.367143238605482, "y_normalized": 18.221215702416025, "z_normalized": -0.015876520425081253}, "right_shoulder": {"x": 0.4945419728755951, "y": 0.44166362285614014, "z": -0.005865450482815504, "x_normalized": 20.734136911591694, "y_normalized": 18.436171328762175, "z_normalized": -0.005865450482815504}, "left_elbow": {"x": 0.5518769025802612, "y": 0.4531293511390686, "z": 0.07542932778596878, "x_normalized": 23.19779890249702, "y_normalized": 18.928849685816132, "z_normalized": 0.07542932778596878}, "right_elbow": {"x": 0.48455604910850525, "y": 0.45615261793136597, "z": 0.08821875602006912, "x_normalized": 20.305045239974014, "y_normalized": 19.058758408525236, "z_normalized": 0.08821875602006912}, "left_wrist": {"x": 0.5452491044998169, "y": 0.4760236442089081, "z": 0.1552007496356964, "x_normalized": 22.91300472382975, "y_normalized": 19.91260949742397, "z_normalized": 0.1552007496356964}, "right_wrist": {"x": 0.4842910170555115, "y": 0.4754687249660492, "z": 0.16022555530071259, "x_normalized": 20.29365690482307, "y_normalized": 19.88876481053422, "z_normalized": 0.16022555530071259}, "left_pinky": {"x": 0.5413171648979187, "y": 0.4868379831314087, "z": 0.16844162344932556, "x_normalized": 22.744050646487548, "y_normalized": 20.377297880184198, "z_normalized": 0.16844162344932556}, "right_pinky": {"x": 0.4833911061286926, "y": 0.47906601428985596, "z": 0.1714373379945755, "x_normalized": 20.254988045246122, "y_normalized": 20.04333908180312, "z_normalized": 0.1714373379945755}, "left_index": {"x": 0.5388409495353699, "y": 0.4835652709007263, "z": 0.15697722136974335, "x_normalized": 22.63764853347491, "y_normalized": 20.236670573733573, "z_normalized": 0.15697722136974335}, "right_index": {"x": 0.4855850040912628, "y": 0.4782508611679077, "z": 0.1638539880514145, "x_normalized": 20.34925907775894, "y_normalized": 20.008312235626516, "z_normalized": 0.1638539880514145}, "left_thumb": {"x": 0.5393145680427551, "y": 0.479677677154541, "z": 0.15314771234989166, "x_normalized": 22.657999756034087, "y_normalized": 20.06962202238986, "z_normalized": 0.15314771234989166}, "right_thumb": {"x": 0.4865196645259857, "y": 0.477956086397171, "z": 0.1592412143945694, "x_normalized": 20.389421111606215, "y_normalized": 19.99564586623734, "z_normalized": 0.1592412143945694}, "left_hip": {"x": 0.5277916789054871, "y": 0.54165118932724, "z": -0.0058048502542078495, "x_normalized": 22.162865216947125, "y_normalized": 22.73260228885666, "z_normalized": -0.0058048502542078495}, "right_hip": {"x": 0.5045276880264282, "y": 0.5422707200050354, "z": 0.005742139648646116, "x_normalized": 21.163219619041367, "y_normalized": 22.759223306636684, "z_normalized": 0.005742139648646116}, "left_knee": {"x": 0.5258263349533081, "y": 0.6257982850074768, "z": -0.01887974515557289, "x_normalized": 22.078415070780032, "y_normalized": 26.348373727669493, "z_normalized": -0.01887974515557289}, "right_knee": {"x": 0.5081484317779541, "y": 0.6276547908782959, "z": -0.004599703475832939, "x_normalized": 21.318801718912965, "y_normalized": 26.42814713932953, "z_normalized": -0.004599703475832939}, "left_ankle": {"x": 0.5227096080780029, "y": 0.6924260854721069, "z": 0.06796231865882874, "x_normalized": 21.94449040080529, "y_normalized": 29.211347143488897, "z_normalized": 0.06796231865882874}, "right_ankle": {"x": 0.5136423707008362, "y": 0.6916691064834595, "z": 0.07334733009338379, "x_normalized": 21.55487436388489, "y_normalized": 29.17882001958989, "z_normalized": 0.07334733009338379}, "left_heel": {"x": 0.5222623944282532, "y": 0.700078010559082, "z": 0.07366110384464264, "x_normalized": 21.925273785796293, "y_normalized": 29.540147703481583, "z_normalized": 0.07366110384464264}, "right_heel": {"x": 0.5154558420181274, "y": 0.6993377208709717, "z": 0.077631875872612, "x_normalized": 21.632798595745314, "y_normalized": 29.508337713022865, "z_normalized": 0.077631875872612}, "left_foot_index": {"x": 0.5215710997581482, "y": 0.7159105539321899, "z": 0.023709852248430252, "x_normalized": 21.89556909422301, "y_normalized": 30.220466586379096, "z_normalized": 0.023709852248430252}, "right_foot_index": {"x": 0.5089989304542542, "y": 0.7156581282615662, "z": 0.029210742563009262, "x_normalized": 21.355347351268474, "y_normalized": 30.209619943094665, "z_normalized": 0.029210742563009262}}}