{"sequence_id": 1697925405990398000, "sequence_source": "mediapipe", "frame_number": 596, "image_dimensions": {"height": 1080, "width": 1920}, "joint_positions": {"nose": {"x": 0.5341777801513672, "y": 0.41548043489456177, "z": -0.10975725948810577, "x_normalized": 33.92215879610592, "y_normalized": 26.29222344596379, "z_normalized": -0.10975725948810577}, "left_eye_inner": {"x": 0.5354369282722473, "y": 0.4130268096923828, "z": -0.10465241968631744, "x_normalized": 34.003374982292186, "y_normalized": 26.133962413804845, "z_normalized": -0.10465241968631744}, "left_eye": {"x": 0.5363328456878662, "y": 0.41327759623527527, "z": -0.10462979972362518, "x_normalized": 34.06116246132489, "y_normalized": 26.150138371361233, "z_normalized": -0.10462979972362518}, "left_eye_outer": {"x": 0.5372850894927979, "y": 0.4135947823524475, "z": -0.1046556681394577, "x_normalized": 34.122583043124266, "y_normalized": 26.170597161173788, "z_normalized": -0.1046556681394577}, "right_eye_inner": {"x": 0.5327585935592651, "y": 0.4128592014312744, "z": -0.10514283925294876, "x_normalized": 33.830619984598464, "y_normalized": 26.123151530228238, "z_normalized": -0.10514283925294876}, "right_eye": {"x": 0.5318052768707275, "y": 0.4130222797393799, "z": -0.10516967624425888, "x_normalized": 33.76913020084162, "y_normalized": 26.133670227762234, "z_normalized": -0.10516967624425888}, "right_eye_outer": {"x": 0.5308864116668701, "y": 0.4132137894630432, "z": -0.10514532774686813, "x_normalized": 33.70986256882991, "y_normalized": 26.14602277716893, "z_normalized": -0.10514532774686813}, "left_ear": {"x": 0.5392118692398071, "y": 0.4174428880214691, "z": -0.06953276693820953, "x_normalized": 34.24686206961692, "y_normalized": 26.418803437542003, "z_normalized": -0.06953276693820953}, "right_ear": {"x": 0.5292772650718689, "y": 0.4166833162307739, "z": -0.07243166863918304, "x_normalized": 33.606071166298754, "y_normalized": 26.369810373936573, "z_normalized": -0.07243166863918304}, "mouth_left": {"x": 0.536328911781311, "y": 0.4212118685245514, "z": -0.09655295312404633, "x_normalized": 34.0609087208142, "y_normalized": 26.66190606954751, "z_normalized": -0.09655295312404633}, "mouth_right": {"x": 0.5325969457626343, "y": 0.4209740161895752, "z": -0.09738827496767044, "x_normalized": 33.82019355634108, "y_normalized": 26.646564380033837, "z_normalized": -0.09738827496767044}, "left_shoulder": {"x": 0.5470684766769409, "y": 0.44272810220718384, "z": -0.034566160291433334, "x_normalized": 34.75362031499369, "y_normalized": 28.049722492268664, "z_normalized": -0.034566160291433334}, "right_shoulder": {"x": 0.5217809677124023, "y": 0.44151026010513306, "z": -0.03485260531306267, "x_normalized": 33.122553244969126, "y_normalized": 27.971170581444625, "z_normalized": -0.03485260531306267}, "left_elbow": {"x": 0.5580909252166748, "y": 0.4536686837673187, "z": 0.025418665260076523, "x_normalized": 35.464578158623596, "y_normalized": 28.755399842089016, "z_normalized": 0.025418665260076523}, "right_elbow": {"x": 0.5117084383964539, "y": 0.45192551612854004, "z": 0.021073875948786736, "x_normalized": 32.472866045564096, "y_normalized": 28.64296396170509, "z_normalized": 0.021073875948786736}, "left_wrist": {"x": 0.5576552748680115, "y": 0.467544823884964, "z": 0.07329460233449936, "x_normalized": 35.43647831934145, "y_normalized": 29.650423358904245, "z_normalized": 0.07329460233449936}, "right_wrist": {"x": 0.5185673236846924, "y": 0.46521374583244324, "z": 0.06593741476535797, "x_normalized": 32.91527031505581, "y_normalized": 29.500066728108564, "z_normalized": 0.06593741476535797}, "left_pinky": {"x": 0.5578115582466125, "y": 0.4737703502178192, "z": 0.07759521901607513, "x_normalized": 35.44655873781152, "y_normalized": 30.051975406175117, "z_normalized": 0.07759521901607513}, "right_pinky": {"x": 0.5204914808273315, "y": 0.4697871208190918, "z": 0.07001097500324249, "x_normalized": 33.039380181208, "y_normalized": 29.79505352772007, "z_normalized": 0.07001097500324249}, "left_index": {"x": 0.5564957857131958, "y": 0.4738596975803375, "z": 0.07007254660129547, "x_normalized": 35.36169022609262, "y_normalized": 30.057738391410297, "z_normalized": 0.07007254660129547}, "right_index": {"x": 0.5220060348510742, "y": 0.4690788686275482, "z": 0.06768543273210526, "x_normalized": 33.137070277823064, "y_normalized": 29.749370624413167, "z_normalized": 0.06768543273210526}, "left_thumb": {"x": 0.5563743710517883, "y": 0.4718632996082306, "z": 0.07119967043399811, "x_normalized": 35.35385887124001, "y_normalized": 29.928968926789096, "z_normalized": 0.07119967043399811}, "right_thumb": {"x": 0.5214357972145081, "y": 0.4673542082309723, "z": 0.06680028885602951, "x_normalized": 33.100289437432814, "y_normalized": 29.638128477795433, "z_normalized": 0.06680028885602951}, "left_hip": {"x": 0.5404109358787537, "y": 0.5080482959747314, "z": -0.0010036583989858627, "x_normalized": 34.324202946185395, "y_normalized": 32.26293373467602, "z_normalized": -0.0010036583989858627}, "right_hip": {"x": 0.5251659154891968, "y": 0.5052282214164734, "z": 0.0009722027461975813, "x_normalized": 33.34088542075697, "y_normalized": 32.08103638949112, "z_normalized": 0.0009722027461975813}, "left_knee": {"x": 0.5378941297531128, "y": 0.561371386051178, "z": -0.011683333665132523, "x_normalized": 34.161866687642664, "y_normalized": 35.7023209996538, "z_normalized": -0.011683333665132523}, "right_knee": {"x": 0.5233022570610046, "y": 0.5583974719047546, "z": -0.014979700557887554, "x_normalized": 33.22067777609491, "y_normalized": 35.510500862679706, "z_normalized": -0.014979700557887554}, "left_ankle": {"x": 0.5338777899742126, "y": 0.6077322959899902, "z": 0.04133616015315056, "x_normalized": 33.90280915988933, "y_normalized": 38.6926413844577, "z_normalized": 0.04133616015315056}, "right_ankle": {"x": 0.5222083926200867, "y": 0.6092112064361572, "z": 0.032702162861824036, "x_normalized": 33.15012253591075, "y_normalized": 38.78803243826379, "z_normalized": 0.032702162861824036}, "left_heel": {"x": 0.5320723652839661, "y": 0.6129006743431091, "z": 0.0444331020116806, "x_normalized": 33.78635764369609, "y_normalized": 39.02600643631084, "z_normalized": 0.0444331020116806}, "right_heel": {"x": 0.5232853293418884, "y": 0.614626407623291, "z": 0.03534259274601936, "x_normalized": 33.21958592298831, "y_normalized": 39.13731778488603, "z_normalized": 0.03534259274601936}, "left_foot_index": {"x": 0.5354043841362, "y": 0.623252272605896, "z": 0.009330411441624165, "x_normalized": 34.00127585624922, "y_normalized": 39.69369383376198, "z_normalized": 0.009330411441624165}, "right_foot_index": {"x": 0.5226668119430542, "y": 0.6253546476364136, "z": -0.0023397572804242373, "x_normalized": 33.179690994512335, "y_normalized": 39.82929891395899, "z_normalized": -0.0023397572804242373}}}