{"sequence_id": 1697925405990398000, "sequence_source": "mediapipe", "frame_number": 646, "image_dimensions": {"height": 1080, "width": 1920}, "joint_positions": {"nose": {"x": 0.5251957178115845, "y": 0.4282507598400116, "z": -0.05353022739291191, "x_normalized": 37.080230079305366, "y_normalized": 30.15575278210542, "z_normalized": -0.05353022739291191}, "left_eye_inner": {"x": 0.526342511177063, "y": 0.4248926341533661, "z": -0.04958230257034302, "x_normalized": 37.16235195096438, "y_normalized": 29.915277405324304, "z_normalized": -0.04958230257034302}, "left_eye": {"x": 0.5271226763725281, "y": 0.4249073565006256, "z": -0.04957476630806923, "x_normalized": 37.218219579766085, "y_normalized": 29.9163316725956, "z_normalized": -0.04957476630806923}, "left_eye_outer": {"x": 0.5279067158699036, "y": 0.424922376871109, "z": -0.049590494483709335, "x_normalized": 37.274364647323395, "y_normalized": 29.91740728130964, "z_normalized": -0.049590494483709335}, "right_eye_inner": {"x": 0.5242955088615417, "y": 0.4248792827129364, "z": -0.04932747408747673, "x_normalized": 37.015766117368464, "y_normalized": 29.914321308689605, "z_normalized": -0.04932747408747673}, "right_eye": {"x": 0.5236160159111023, "y": 0.42493391036987305, "z": -0.04933517798781395, "x_normalized": 36.96710762792394, "y_normalized": 29.91823319514363, "z_normalized": -0.04933517798781395}, "right_eye_outer": {"x": 0.5229199528694153, "y": 0.4249330163002014, "z": -0.0493265837430954, "x_normalized": 36.91726255426313, "y_normalized": 29.918169170815414, "z_normalized": -0.0493265837430954}, "left_ear": {"x": 0.5297086238861084, "y": 0.42666977643966675, "z": -0.023628978058695793, "x_normalized": 37.403399278410895, "y_normalized": 30.04253856252021, "z_normalized": -0.023628978058695793}, "right_ear": {"x": 0.5214539766311646, "y": 0.42720556259155273, "z": -0.022180570289492607, "x_normalized": 36.81228399743083, "y_normalized": 30.080906208276076, "z_normalized": -0.022180570289492607}, "mouth_left": {"x": 0.527010440826416, "y": 0.4319832921028137, "z": -0.04364823177456856, "x_normalized": 37.21018239243064, "y_normalized": 30.423039413399323, "z_normalized": -0.04364823177456856}, "mouth_right": {"x": 0.5238804817199707, "y": 0.4331842362880707, "z": -0.04332564398646355, "x_normalized": 36.986046024210374, "y_normalized": 30.50903902520398, "z_normalized": -0.04332564398646355}, "left_shoulder": {"x": 0.5380827188491821, "y": 0.44752734899520874, "z": -0.005740643013268709, "x_normalized": 38.00306820964068, "y_normalized": 31.536149310616928, "z_normalized": -0.005740643013268709}, "right_shoulder": {"x": 0.5147139430046082, "y": 0.4491976201534271, "z": 0.0024951111990958452, "x_normalized": 36.329630196738044, "y_normalized": 31.65575742644669, "z_normalized": 0.0024951111990958452}, "left_elbow": {"x": 0.5519253015518188, "y": 0.4580056071281433, "z": 0.02624034509062767, "x_normalized": 38.99433554197377, "y_normalized": 32.286497364159935, "z_normalized": 0.02624034509062767}, "right_elbow": {"x": 0.5112491846084595, "y": 0.4620364010334015, "z": 0.04297497496008873, "x_normalized": 36.081518851744974, "y_normalized": 32.57514251134686, "z_normalized": 0.04297497496008873}, "left_wrist": {"x": 0.5425227880477905, "y": 0.4743404686450958, "z": 0.04442010074853897, "x_normalized": 38.321021560140835, "y_normalized": 33.45623677968502, "z_normalized": 0.04442010074853897}, "right_wrist": {"x": 0.5168966054916382, "y": 0.4817765951156616, "z": 0.0664399042725563, "x_normalized": 36.48593065506867, "y_normalized": 33.988737788182895, "z_normalized": 0.0664399042725563}, "left_pinky": {"x": 0.5405781865119934, "y": 0.4796302020549774, "z": 0.04512671381235123, "x_normalized": 38.18176864626998, "y_normalized": 33.83503458343358, "z_normalized": 0.04512671381235123}, "right_pinky": {"x": 0.5188010931015015, "y": 0.48738670349121094, "z": 0.06703463196754456, "x_normalized": 36.622311010746884, "y_normalized": 34.390477642875695, "z_normalized": 0.06703463196754456}, "left_index": {"x": 0.5397135615348816, "y": 0.4787564277648926, "z": 0.03977902978658676, "x_normalized": 38.1198528525961, "y_normalized": 33.77246360746761, "z_normalized": 0.03977902978658676}, "right_index": {"x": 0.5226098299026489, "y": 0.48715826869010925, "z": 0.06376323848962784, "x_normalized": 36.895054648949106, "y_normalized": 34.37411942701638, "z_normalized": 0.06376323848962784}, "left_thumb": {"x": 0.5399868488311768, "y": 0.4764997065067291, "z": 0.043094806373119354, "x_normalized": 38.1394229555876, "y_normalized": 33.61085980061638, "z_normalized": 0.043094806373119354}, "right_thumb": {"x": 0.5201419591903687, "y": 0.48375949263572693, "z": 0.0655931904911995, "x_normalized": 36.718330429917415, "y_normalized": 34.13073307744569, "z_normalized": 0.0655931904911995}, "left_hip": {"x": 0.5359877943992615, "y": 0.5106460452079773, "z": -0.003525875508785248, "x_normalized": 37.85305067205236, "y_normalized": 36.05607907800463, "z_normalized": -0.003525875508785248}, "right_hip": {"x": 0.5220816135406494, "y": 0.5119212865829468, "z": 0.00350850448012352, "x_normalized": 36.8572290758388, "y_normalized": 36.14739911148408, "z_normalized": 0.00350850448012352}, "left_knee": {"x": 0.5353009104728699, "y": 0.5573012828826904, "z": -0.01952401176095009, "x_normalized": 37.80386291482791, "y_normalized": 39.397060597325435, "z_normalized": -0.01952401176095009}, "right_knee": {"x": 0.5227501392364502, "y": 0.5598289966583252, "z": 0.005657159723341465, "x_normalized": 36.90510220019055, "y_normalized": 39.57807017805908, "z_normalized": 0.005657159723341465}, "left_ankle": {"x": 0.5339363813400269, "y": 0.6062070727348328, "z": 0.015470501966774464, "x_normalized": 37.70614898510391, "y_normalized": 42.89920415563277, "z_normalized": 0.015470501966774464}, "right_ankle": {"x": 0.5271751284599304, "y": 0.5984285473823547, "z": 0.06901641190052032, "x_normalized": 37.221975673688114, "y_normalized": 42.34218396357227, "z_normalized": 0.06901641190052032}, "left_heel": {"x": 0.5335372686386108, "y": 0.6118056774139404, "z": 0.016897495836019516, "x_normalized": 37.677568524988075, "y_normalized": 43.300120230635855, "z_normalized": 0.016897495836019516}, "right_heel": {"x": 0.5288727879524231, "y": 0.6033149361610413, "z": 0.07356709986925125, "x_normalized": 37.34354506810558, "y_normalized": 42.69209825871809, "z_normalized": 0.07356709986925125}, "left_foot_index": {"x": 0.5350342988967896, "y": 0.6215226054191589, "z": -0.016533715650439262, "x_normalized": 37.784770860153756, "y_normalized": 43.99594943455825, "z_normalized": -0.016533715650439262}, "right_foot_index": {"x": 0.5224214792251587, "y": 0.6118097305297852, "z": 0.04807766154408455, "x_normalized": 36.88156685713817, "y_normalized": 43.3004104742571, "z_normalized": 0.04807766154408455}}}