{"sequence_id": 1697925405990398000, "sequence_source": "mediapipe", "frame_number": 570, "image_dimensions": {"height": 1080, "width": 1920}, "joint_positions": {"nose": {"x": 0.5236897468566895, "y": 0.42645230889320374, "z": -0.04257095605134964, "x_normalized": 32.664615195169155, "y_normalized": 26.515395722911116, "z_normalized": -0.04257095605134964}, "left_eye_inner": {"x": 0.524946391582489, "y": 0.4231847822666168, "z": -0.03701535984873772, "x_normalized": 32.744257507108706, "y_normalized": 26.308309846113392, "z_normalized": -0.03701535984873772}, "left_eye": {"x": 0.525862991809845, "y": 0.42329078912734985, "z": -0.03698861598968506, "x_normalized": 32.80234883533555, "y_normalized": 26.315028237793157, "z_normalized": -0.03698861598968506}, "left_eye_outer": {"x": 0.52680903673172, "y": 0.4234203100204468, "z": -0.03701142221689224, "x_normalized": 32.8623062785412, "y_normalized": 26.323236877163488, "z_normalized": -0.03701142221689224}, "right_eye_inner": {"x": 0.5224356651306152, "y": 0.42288142442703247, "z": -0.03873605653643608, "x_normalized": 32.58513531833909, "y_normalized": 26.289083951002812, "z_normalized": -0.03873605653643608}, "right_eye": {"x": 0.5215973854064941, "y": 0.42288196086883545, "z": -0.038753047585487366, "x_normalized": 32.53200770485344, "y_normalized": 26.289117949048983, "z_normalized": -0.038753047585487366}, "right_eye_outer": {"x": 0.5207579731941223, "y": 0.42283549904823303, "z": -0.03871515765786171, "x_normalized": 32.478808317714766, "y_normalized": 26.286173340494372, "z_normalized": -0.03871515765786171}, "left_ear": {"x": 0.5284773707389832, "y": 0.42573824524879456, "z": -0.004467386286705732, "x_normalized": 32.96804020213784, "y_normalized": 26.470140545894758, "z_normalized": -0.004467386286705732}, "right_ear": {"x": 0.5193597674369812, "y": 0.42536211013793945, "z": -0.013280506245791912, "x_normalized": 32.39019429914634, "y_normalized": 26.44630224918677, "z_normalized": -0.013280506245791912}, "mouth_left": {"x": 0.525413453578949, "y": 0.43121573328971863, "z": -0.030584612861275673, "x_normalized": 32.77385847264295, "y_normalized": 26.817287040241357, "z_normalized": -0.030584612861275673}, "mouth_right": {"x": 0.5226342678070068, "y": 0.4317237436771393, "z": -0.03298427537083626, "x_normalized": 32.59772215054431, "y_normalized": 26.84948318996677, "z_normalized": -0.03298427537083626}, "left_shoulder": {"x": 0.5355357527732849, "y": 0.44589677453041077, "z": 0.013826664537191391, "x_normalized": 33.415378938554966, "y_normalized": 27.74772668008844, "z_normalized": 0.013826664537191391}, "right_shoulder": {"x": 0.5106157660484314, "y": 0.4487687647342682, "z": 0.01762256771326065, "x_normalized": 31.836026146533676, "y_normalized": 27.929744664174937, "z_normalized": 0.01762256771326065}, "left_elbow": {"x": 0.549985945224762, "y": 0.45504194498062134, "z": 0.05699370801448822, "x_normalized": 34.3311880858658, "y_normalized": 28.32731970489715, "z_normalized": 0.05699370801448822}, "right_elbow": {"x": 0.5022132992744446, "y": 0.45605701208114624, "z": 0.06881032884120941, "x_normalized": 31.303503416650873, "y_normalized": 28.391651563376996, "z_normalized": 0.06881032884120941}, "left_wrist": {"x": 0.5404407382011414, "y": 0.4739457964897156, "z": 0.10248290747404099, "x_normalized": 33.726241962514074, "y_normalized": 29.52538818665391, "z_normalized": 0.10248290747404099}, "right_wrist": {"x": 0.5128005743026733, "y": 0.46958068013191223, "z": 0.1189495325088501, "x_normalized": 31.974492633473126, "y_normalized": 29.248740418606793, "z_normalized": 0.1189495325088501}, "left_pinky": {"x": 0.5388818979263306, "y": 0.48093268275260925, "z": 0.10592368990182877, "x_normalized": 33.627447417897315, "y_normalized": 29.968195739028367, "z_normalized": 0.10592368990182877}, "right_pinky": {"x": 0.5172981023788452, "y": 0.47579097747802734, "z": 0.12362026423215866, "x_normalized": 32.25953225258383, "y_normalized": 29.642330132805444, "z_normalized": 0.12362026423215866}, "left_index": {"x": 0.5372868776321411, "y": 0.48019206523895264, "z": 0.102410227060318, "x_normalized": 33.526359893944246, "y_normalized": 29.921257658726468, "z_normalized": 0.102410227060318}, "right_index": {"x": 0.5188548564910889, "y": 0.47534292936325073, "z": 0.12195900082588196, "x_normalized": 32.358194582576594, "y_normalized": 29.61393420912999, "z_normalized": 0.12195900082588196}, "left_thumb": {"x": 0.5370588898658752, "y": 0.4776911437511444, "z": 0.10210049152374268, "x_normalized": 33.51191072432091, "y_normalized": 29.762756878689668, "z_normalized": 0.10210049152374268}, "right_thumb": {"x": 0.5161030888557434, "y": 0.4732047915458679, "z": 0.11900517344474792, "x_normalized": 32.18379593839344, "y_normalized": 29.478425552207554, "z_normalized": 0.11900517344474792}, "left_hip": {"x": 0.5331324934959412, "y": 0.5117059946060181, "z": -0.00202206801623106, "x_normalized": 33.26306769170191, "y_normalized": 31.918514434300818, "z_normalized": -0.00202206801623106}, "right_hip": {"x": 0.5173565745353699, "y": 0.5119972229003906, "z": 0.002115786075592041, "x_normalized": 32.263238039616645, "y_normalized": 31.936971595811826, "z_normalized": 0.002115786075592041}, "left_knee": {"x": 0.5326219797134399, "y": 0.5647246241569519, "z": -0.017792856320738792, "x_normalized": 33.230712884427696, "y_normalized": 35.27867355215854, "z_normalized": -0.017792856320738792}, "right_knee": {"x": 0.5175267457962036, "y": 0.5671611428260803, "z": -0.02412215620279312, "x_normalized": 32.27402297537471, "y_normalized": 35.433092677874285, "z_normalized": -0.02412215620279312}, "left_ankle": {"x": 0.5338667631149292, "y": 0.6064761281013489, "z": 0.02999223582446575, "x_normalized": 33.30960346179077, "y_normalized": 37.92475659601132, "z_normalized": 0.02999223582446575}, "right_ankle": {"x": 0.5204242467880249, "y": 0.6189800500869751, "z": 0.013215645216405392, "x_normalized": 32.457657755434745, "y_normalized": 38.71721705424743, "z_normalized": 0.013215645216405392}, "left_heel": {"x": 0.532785952091217, "y": 0.6119493246078491, "z": 0.03291654586791992, "x_normalized": 33.24110495387444, "y_normalized": 38.27163110598854, "z_normalized": 0.03291654586791992}, "right_heel": {"x": 0.5222465991973877, "y": 0.6256078481674194, "z": 0.014605851843953133, "x_normalized": 32.573152895843606, "y_normalized": 39.137266692270046, "z_normalized": 0.014605851843953133}, "left_foot_index": {"x": 0.5359553098678589, "y": 0.6234695911407471, "z": 0.0025077590253204107, "x_normalized": 33.44196918822259, "y_normalized": 39.001750480226235, "z_normalized": 0.0025077590253204107}, "right_foot_index": {"x": 0.5174086689949036, "y": 0.6354269981384277, "z": -0.02018020674586296, "x_normalized": 32.266539627656066, "y_normalized": 39.759574484533886, "z_normalized": -0.02018020674586296}}}