{"sequence_id": 1697925405990398000, "sequence_source": "mediapipe", "frame_number": 355, "image_dimensions": {"height": 1080, "width": 1920}, "joint_positions": {"nose": {"x": 0.5211434364318848, "y": 0.4153038561344147, "z": -0.1463097631931305, "x_normalized": 30.57064398571065, "y_normalized": 24.245447409210573, "z_normalized": -0.1463097631931305}, "left_eye_inner": {"x": 0.5217517614364624, "y": 0.41039812564849854, "z": -0.14110825955867767, "x_normalized": 30.606940265123715, "y_normalized": 23.952742419111345, "z_normalized": -0.14110825955867767}, "left_eye": {"x": 0.5223780870437622, "y": 0.4103742241859436, "z": -0.14107316732406616, "x_normalized": 30.64431056730601, "y_normalized": 23.95131631603035, "z_normalized": -0.14107316732406616}, "left_eye_outer": {"x": 0.5230599045753479, "y": 0.4103412628173828, "z": -0.14112752676010132, "x_normalized": 30.684991846965627, "y_normalized": 23.949349645197955, "z_normalized": -0.14112752676010132}, "right_eye_inner": {"x": 0.5196072459220886, "y": 0.4107292890548706, "z": -0.14214135706424713, "x_normalized": 30.47898574454732, "y_normalized": 23.972501592971724, "z_normalized": -0.14214135706424713}, "right_eye": {"x": 0.5186030268669128, "y": 0.411016047000885, "z": -0.14216801524162292, "x_normalized": 30.419068076944797, "y_normalized": 23.989611273576884, "z_normalized": -0.14216801524162292}, "right_eye_outer": {"x": 0.5176703929901123, "y": 0.4113195538520813, "z": -0.14213481545448303, "x_normalized": 30.363421605851688, "y_normalized": 24.007720293248774, "z_normalized": -0.14213481545448303}, "left_ear": {"x": 0.5244397521018982, "y": 0.41314899921417236, "z": -0.09937112778425217, "x_normalized": 30.767321738050526, "y_normalized": 24.116875858996888, "z_normalized": -0.09937112778425217}, "right_ear": {"x": 0.5158758759498596, "y": 0.41496750712394714, "z": -0.10400180518627167, "x_normalized": 30.256350071039893, "y_normalized": 24.22537883143986, "z_normalized": -0.10400180518627167}, "mouth_left": {"x": 0.5231003761291504, "y": 0.4219820499420166, "z": -0.12987039983272552, "x_normalized": 30.687406620013, "y_normalized": 24.643908078410952, "z_normalized": -0.12987039983272552}, "mouth_right": {"x": 0.5197188854217529, "y": 0.4228595197200775, "z": -0.13131874799728394, "x_normalized": 30.485646819536605, "y_normalized": 24.696263132044056, "z_normalized": -0.13131874799728394}, "left_shoulder": {"x": 0.5368016958236694, "y": 0.44020524621009827, "z": -0.05366373807191849, "x_normalized": 31.504908653001586, "y_normalized": 25.731212099399986, "z_normalized": -0.05366373807191849}, "right_shoulder": {"x": 0.5062065720558167, "y": 0.44528907537460327, "z": -0.05323514714837074, "x_normalized": 29.679422025624916, "y_normalized": 26.034543513454363, "z_normalized": -0.05323514714837074}, "left_elbow": {"x": 0.5546045899391174, "y": 0.4536372125148773, "z": 0.030409175902605057, "x_normalized": 32.5671349536025, "y_normalized": 26.53264291088479, "z_normalized": 0.030409175902605057}, "right_elbow": {"x": 0.4973208010196686, "y": 0.45450618863105774, "z": 0.032027412205934525, "x_normalized": 29.149244199789056, "y_normalized": 26.584491182250954, "z_normalized": 0.032027412205934525}, "left_wrist": {"x": 0.5528757572174072, "y": 0.46622633934020996, "z": 0.11159045994281769, "x_normalized": 32.46398253498835, "y_normalized": 27.283784917838876, "z_normalized": 0.11159045994281769}, "right_wrist": {"x": 0.5116462707519531, "y": 0.4625992178916931, "z": 0.11084091663360596, "x_normalized": 30.00398672757227, "y_normalized": 27.067369329839337, "z_normalized": 0.11084091663360596}, "left_pinky": {"x": 0.5543513894081116, "y": 0.471788227558136, "z": 0.126185804605484, "x_normalized": 32.552027507497584, "y_normalized": 27.615640171696555, "z_normalized": 0.126185804605484}, "right_pinky": {"x": 0.5137842297554016, "y": 0.464215487241745, "z": 0.12196528166532516, "x_normalized": 30.131550047802257, "y_normalized": 27.16380554977902, "z_normalized": 0.12196528166532516}, "left_index": {"x": 0.5531982183456421, "y": 0.47373780608177185, "z": 0.11679553240537643, "x_normalized": 32.483222479298036, "y_normalized": 27.731963594700893, "z_normalized": 0.11679553240537643}, "right_index": {"x": 0.5149049162864685, "y": 0.46527954936027527, "z": 0.11651519685983658, "x_normalized": 30.198416856103695, "y_normalized": 27.227293809634208, "z_normalized": 0.11651519685983658}, "left_thumb": {"x": 0.5523602962493896, "y": 0.4725296199321747, "z": 0.11081437766551971, "x_normalized": 32.433227075027126, "y_normalized": 27.659876039958306, "z_normalized": 0.11081437766551971}, "right_thumb": {"x": 0.5138285756111145, "y": 0.464360773563385, "z": 0.11061228811740875, "x_normalized": 30.134195984690688, "y_normalized": 27.172474193818736, "z_normalized": 0.11061228811740875}, "left_hip": {"x": 0.5322374701499939, "y": 0.5344173908233643, "z": -0.0027630541007965803, "x_normalized": 31.232579866400027, "y_normalized": 31.352467677019252, "z_normalized": -0.0027630541007965803}, "right_hip": {"x": 0.5154940485954285, "y": 0.5336725115776062, "z": 0.0026425730902701616, "x_normalized": 30.23356798541182, "y_normalized": 31.308023761300547, "z_normalized": 0.0026425730902701616}, "left_knee": {"x": 0.5295343995094299, "y": 0.6076323390007019, "z": -0.015507444739341736, "x_normalized": 31.071298632676477, "y_normalized": 35.720905923451156, "z_normalized": -0.015507444739341736}, "right_knee": {"x": 0.5159502625465393, "y": 0.6042916774749756, "z": -0.0020467578433454037, "x_normalized": 30.26078841678823, "y_normalized": 35.52158223422285, "z_normalized": -0.0020467578433454037}, "left_ankle": {"x": 0.5241774320602417, "y": 0.6683292388916016, "z": 0.056100860238075256, "x_normalized": 30.751670167827434, "y_normalized": 39.34244313032071, "z_normalized": 0.056100860238075256}, "right_ankle": {"x": 0.5142518281936646, "y": 0.6562995910644531, "z": 0.10404498130083084, "x_normalized": 30.1594497452347, "y_normalized": 38.624682960198946, "z_normalized": 0.10404498130083084}, "left_heel": {"x": 0.5215629935264587, "y": 0.6741703748703003, "z": 0.06102257966995239, "x_normalized": 30.59567725151396, "y_normalized": 39.69095996256857, "z_normalized": 0.06102257966995239}, "right_heel": {"x": 0.5147765278816223, "y": 0.6611586213111877, "z": 0.11248424649238586, "x_normalized": 30.190756442047675, "y_normalized": 38.914601536921715, "z_normalized": 0.11248424649238586}, "left_foot_index": {"x": 0.5258675813674927, "y": 0.6918558478355408, "z": 0.01734447292983532, "x_normalized": 30.852514504397774, "y_normalized": 40.74618022060199, "z_normalized": 0.01734447292983532}, "right_foot_index": {"x": 0.5119404196739197, "y": 0.6791091561317444, "z": 0.07672925293445587, "x_normalized": 30.021537397658832, "y_normalized": 39.98563695805037, "z_normalized": 0.07672925293445587}}}