{"sequence_id": 1697925405990398000, "sequence_source": "mediapipe", "frame_number": 575, "image_dimensions": {"height": 1080, "width": 1920}, "joint_positions": {"nose": {"x": 0.526862382888794, "y": 0.42655766010284424, "z": -0.07248559594154358, "x_normalized": 32.92688206555278, "y_normalized": 26.572874269639424, "z_normalized": -0.07248559594154358}, "left_eye_inner": {"x": 0.5281323790550232, "y": 0.42326614260673523, "z": -0.06727304309606552, "x_normalized": 33.00752372812701, "y_normalized": 26.36387092747463, "z_normalized": -0.06727304309606552}, "left_eye": {"x": 0.529039740562439, "y": 0.42338016629219055, "z": -0.06724049150943756, "x_normalized": 33.0651389733219, "y_normalized": 26.37111115371504, "z_normalized": -0.06724049150943756}, "left_eye_outer": {"x": 0.5299391150474548, "y": 0.4234878122806549, "z": -0.0672546774148941, "x_normalized": 33.12224706205248, "y_normalized": 26.37794641173396, "z_normalized": -0.0672546774148941}, "right_eye_inner": {"x": 0.5255666971206665, "y": 0.4231937825679779, "z": -0.06879530847072601, "x_normalized": 32.84460917584336, "y_normalized": 26.359276241298012, "z_normalized": -0.06879530847072601}, "right_eye": {"x": 0.5246888399124146, "y": 0.4233447313308716, "z": -0.06882365047931671, "x_normalized": 32.788867381766615, "y_normalized": 26.368861119998403, "z_normalized": -0.06882365047931671}, "right_eye_outer": {"x": 0.5238136053085327, "y": 0.42348340153694153, "z": -0.06879637390375137, "x_normalized": 32.73329211667815, "y_normalized": 26.37766634025367, "z_normalized": -0.06879637390375137}, "left_ear": {"x": 0.531463086605072, "y": 0.426341712474823, "z": -0.032904233783483505, "x_normalized": 33.21901554324166, "y_normalized": 26.55916212135452, "z_normalized": -0.032904233783483505}, "right_ear": {"x": 0.5223619341850281, "y": 0.4265328645706177, "z": -0.0408879853785038, "x_normalized": 32.64111453691585, "y_normalized": 26.57129981375024, "z_normalized": -0.0408879853785038}, "mouth_left": {"x": 0.5285676717758179, "y": 0.43137651681900024, "z": -0.05959010124206543, "x_normalized": 33.03516375543163, "y_normalized": 26.878859931353354, "z_normalized": -0.05959010124206543}, "mouth_right": {"x": 0.5255010724067688, "y": 0.4320005476474762, "z": -0.06183626502752304, "x_normalized": 32.84044216638665, "y_normalized": 26.91848436868948, "z_normalized": -0.06183626502752304}, "left_shoulder": {"x": 0.539029061794281, "y": 0.4475891590118408, "z": -0.006287821102887392, "x_normalized": 33.699436535428376, "y_normalized": 27.908323213147032, "z_normalized": -0.006287821102887392}, "right_shoulder": {"x": 0.5143951177597046, "y": 0.4493339955806732, "z": -0.0064954073168337345, "x_normalized": 32.13524110277054, "y_normalized": 28.01911608447414, "z_normalized": -0.0064954073168337345}, "left_elbow": {"x": 0.5520206093788147, "y": 0.4566686749458313, "z": 0.041856203228235245, "x_normalized": 34.524368156867524, "y_normalized": 28.48485035531954, "z_normalized": 0.041856203228235245}, "right_elbow": {"x": 0.5037380456924438, "y": 0.4576210081577301, "z": 0.042451612651348114, "x_normalized": 31.45854298939833, "y_normalized": 28.545321194188446, "z_normalized": 0.042451612651348114}, "left_wrist": {"x": 0.5439202785491943, "y": 0.4767591059207916, "z": 0.0820150151848793, "x_normalized": 34.01001688331892, "y_normalized": 29.760543777657897, "z_normalized": 0.0820150151848793}, "right_wrist": {"x": 0.5136716961860657, "y": 0.474007248878479, "z": 0.0838484913110733, "x_normalized": 32.089305595253606, "y_normalized": 29.58580755958129, "z_normalized": 0.0838484913110733}, "left_pinky": {"x": 0.5422370433807373, "y": 0.483172208070755, "z": 0.08610709756612778, "x_normalized": 33.903135550841505, "y_normalized": 30.16776014049694, "z_normalized": 0.08610709756612778}, "right_pinky": {"x": 0.5164982080459595, "y": 0.4794645607471466, "z": 0.08829732984304428, "x_normalized": 32.268782212371576, "y_normalized": 29.93233356806688, "z_normalized": 0.08829732984304428}, "left_index": {"x": 0.5404887795448303, "y": 0.4823431968688965, "z": 0.08092503994703293, "x_normalized": 33.792125056404714, "y_normalized": 30.115119948826898, "z_normalized": 0.08092503994703293}, "right_index": {"x": 0.5177348852157593, "y": 0.4792458415031433, "z": 0.08631054311990738, "x_normalized": 32.34730819984471, "y_normalized": 29.918445428919366, "z_normalized": 0.08631054311990738}, "left_thumb": {"x": 0.5404173731803894, "y": 0.4799959659576416, "z": 0.08112861961126328, "x_normalized": 33.787590926223835, "y_normalized": 29.966076504316966, "z_normalized": 0.08112861961126328}, "right_thumb": {"x": 0.5174496173858643, "y": 0.4772050082683563, "z": 0.08437242358922958, "x_normalized": 32.32919438761961, "y_normalized": 29.788857490415104, "z_normalized": 0.08437242358922958}, "left_hip": {"x": 0.535467803478241, "y": 0.5126846432685852, "z": -0.0018729824805632234, "x_normalized": 33.47330530834408, "y_normalized": 32.041727876977184, "z_normalized": -0.0018729824805632234}, "right_hip": {"x": 0.5197235941886902, "y": 0.5123112797737122, "z": 0.0019435371505096555, "x_normalized": 32.47358637470692, "y_normalized": 32.018020204645794, "z_normalized": 0.0019435371505096555}, "left_knee": {"x": 0.5337635278701782, "y": 0.5647465586662292, "z": -0.017694823443889618, "x_normalized": 33.365087959210705, "y_normalized": 35.34753267080599, "z_normalized": -0.017694823443889618}, "right_knee": {"x": 0.5191851258277893, "y": 0.5650736093521118, "z": -0.03118148259818554, "x_normalized": 32.4393949456134, "y_normalized": 35.368299592594354, "z_normalized": -0.03118148259818554}, "left_ankle": {"x": 0.5335510969161987, "y": 0.6081199645996094, "z": 0.022819647565484047, "x_normalized": 33.351599111160084, "y_normalized": 38.10163828071482, "z_normalized": 0.022819647565484047}, "right_ankle": {"x": 0.520293653011322, "y": 0.6195350885391235, "z": -0.005712728016078472, "x_normalized": 32.50978372115925, "y_normalized": 38.82647084119921, "z_normalized": -0.005712728016078472}, "left_heel": {"x": 0.5322107076644897, "y": 0.6143777966499329, "z": 0.024807242676615715, "x_normalized": 33.26648765915045, "y_normalized": 38.49899537049779, "z_normalized": 0.024807242676615715}, "right_heel": {"x": 0.5222100615501404, "y": 0.626829981803894, "z": -0.005636225920170546, "x_normalized": 32.631470994594586, "y_normalized": 39.289678791597424, "z_normalized": -0.005636225920170546}, "left_foot_index": {"x": 0.5357354879379272, "y": 0.6230890154838562, "z": -0.007961343973875046, "x_normalized": 33.49030261939777, "y_normalized": 39.052136544066265, "z_normalized": -0.007961343973875046}, "right_foot_index": {"x": 0.517264187335968, "y": 0.635272741317749, "z": -0.044211696833372116, "x_normalized": 32.31742003119832, "y_normalized": 39.825773452365674, "z_normalized": -0.044211696833372116}}}