{"sequence_id": 1697925405990398000, "sequence_source": "mediapipe", "frame_number": 628, "image_dimensions": {"height": 1080, "width": 1920}, "joint_positions": {"nose": {"x": 0.5276480913162231, "y": 0.4196818172931671, "z": -0.062368813902139664, "x_normalized": 35.04352042959011, "y_normalized": 27.79006794760651, "z_normalized": -0.062368813902139664}, "left_eye_inner": {"x": 0.5288714170455933, "y": 0.4161519706249237, "z": -0.0591520257294178, "x_normalized": 35.125998910987846, "y_normalized": 27.552080316206425, "z_normalized": -0.0591520257294178}, "left_eye": {"x": 0.5297568440437317, "y": 0.41602620482444763, "z": -0.05913886800408363, "x_normalized": 35.1856957459695, "y_normalized": 27.543600994643903, "z_normalized": -0.05913886800408363}, "left_eye_outer": {"x": 0.5306402444839478, "y": 0.41590240597724915, "z": -0.059159502387046814, "x_normalized": 35.24525594733355, "y_normalized": 27.53525428806316, "z_normalized": -0.059159502387046814}, "right_eye_inner": {"x": 0.5265089273452759, "y": 0.41675758361816406, "z": -0.05835086107254028, "x_normalized": 34.96671626195838, "y_normalized": 27.592911665370412, "z_normalized": -0.05835086107254028}, "right_eye": {"x": 0.5257421731948853, "y": 0.4171016216278076, "z": -0.05835983529686928, "x_normalized": 34.915020530877676, "y_normalized": 27.616107231275098, "z_normalized": -0.05835983529686928}, "right_eye_outer": {"x": 0.5249924063682556, "y": 0.41742634773254395, "z": -0.0583401657640934, "x_normalized": 34.86447011100328, "y_normalized": 27.638000759176816, "z_normalized": -0.0583401657640934}, "left_ear": {"x": 0.5325788259506226, "y": 0.4184427857398987, "z": -0.03516565263271332, "x_normalized": 35.37595805847075, "y_normalized": 27.706530555672412, "z_normalized": -0.03516565263271332}, "right_ear": {"x": 0.5239622592926025, "y": 0.4205074608325958, "z": -0.03156933933496475, "x_normalized": 34.79501602827101, "y_normalized": 27.8457340908691, "z_normalized": -0.03156933933496475}, "mouth_left": {"x": 0.5300302505493164, "y": 0.42411038279533386, "z": -0.05334289371967316, "x_normalized": 35.20412922843741, "y_normalized": 28.088648569774236, "z_normalized": -0.05334289371967316}, "mouth_right": {"x": 0.5263295769691467, "y": 0.4252718687057495, "z": -0.05229228734970093, "x_normalized": 34.95462418680121, "y_normalized": 28.166957716517416, "z_normalized": -0.05229228734970093}, "left_shoulder": {"x": 0.5420124530792236, "y": 0.44165995717048645, "z": -0.013378689996898174, "x_normalized": 36.01198754837622, "y_normalized": 29.271867567697633, "z_normalized": -0.013378689996898174}, "right_shoulder": {"x": 0.517737865447998, "y": 0.4438299536705017, "z": -0.002790133934468031, "x_normalized": 34.37535792773491, "y_normalized": 29.418172032373462, "z_normalized": -0.002790133934468031}, "left_elbow": {"x": 0.5563475489616394, "y": 0.45270273089408875, "z": 0.03077012114226818, "x_normalized": 36.978481516978825, "y_normalized": 30.016388168609467, "z_normalized": 0.03077012114226818}, "right_elbow": {"x": 0.5133386850357056, "y": 0.4562855064868927, "z": 0.048890698701143265, "x_normalized": 34.07875849302231, "y_normalized": 30.257944348610273, "z_normalized": 0.048890698701143265}, "left_wrist": {"x": 0.5498232245445251, "y": 0.4700908660888672, "z": 0.06267251074314117, "x_normalized": 36.538601641038646, "y_normalized": 31.188722691437082, "z_normalized": 0.06267251074314117}, "right_wrist": {"x": 0.518571138381958, "y": 0.47562175989151, "z": 0.08202581852674484, "x_normalized": 34.43153845638139, "y_normalized": 31.561623964304957, "z_normalized": 0.08202581852674484}, "left_pinky": {"x": 0.5467902421951294, "y": 0.4755198657512665, "z": 0.06713969260454178, "x_normalized": 36.33411335776424, "y_normalized": 31.554754106384983, "z_normalized": 0.06713969260454178}, "right_pinky": {"x": 0.5237593650817871, "y": 0.4804210066795349, "z": 0.08636151254177094, "x_normalized": 34.78133659196824, "y_normalized": 31.885196482585158, "z_normalized": 0.08636151254177094}, "left_index": {"x": 0.5453243851661682, "y": 0.4748552739620209, "z": 0.0614132322371006, "x_normalized": 36.23528304724901, "y_normalized": 31.509946317085394, "z_normalized": 0.0614132322371006}, "right_index": {"x": 0.525597095489502, "y": 0.4809400141239166, "z": 0.08211476355791092, "x_normalized": 34.90523917131218, "y_normalized": 31.920188753914864, "z_normalized": 0.08211476355791092}, "left_thumb": {"x": 0.5457571148872375, "y": 0.4724236726760864, "z": 0.06177525967359543, "x_normalized": 36.264458343241394, "y_normalized": 31.346004059832357, "z_normalized": 0.06177525967359543}, "right_thumb": {"x": 0.524776816368103, "y": 0.4776243567466736, "z": 0.08133070915937424, "x_normalized": 34.84993470527264, "y_normalized": 31.69664209030384, "z_normalized": 0.08133070915937424}, "left_hip": {"x": 0.5387322902679443, "y": 0.5054642558097839, "z": -0.0035340178292244673, "x_normalized": 35.79083398239102, "y_normalized": 33.573650430653146, "z_normalized": -0.0035340178292244673}, "right_hip": {"x": 0.5239006280899048, "y": 0.5055727958679199, "z": 0.003521382575854659, "x_normalized": 34.79086075884179, "y_normalized": 33.58096836646612, "z_normalized": 0.003521382575854659}, "left_knee": {"x": 0.5364537835121155, "y": 0.5584238171577454, "z": -0.017440497875213623, "x_normalized": 35.63721359122013, "y_normalized": 37.14426461018095, "z_normalized": -0.017440497875213623}, "right_knee": {"x": 0.5245215892791748, "y": 0.5564553141593933, "z": -0.0023968371096998453, "x_normalized": 34.832726906727274, "y_normalized": 37.01154514386631, "z_normalized": -0.0023968371096998453}, "left_ankle": {"x": 0.5336305499076843, "y": 0.606017529964447, "z": 0.015209757722914219, "x_normalized": 35.44686688736683, "y_normalized": 40.35310511940326, "z_normalized": 0.015209757722914219}, "right_ankle": {"x": 0.5261486172676086, "y": 0.6024773120880127, "z": 0.040530987083911896, "x_normalized": 34.94242360847713, "y_normalized": 40.11441824537195, "z_normalized": 0.040530987083911896}, "left_heel": {"x": 0.5329344868659973, "y": 0.6123218536376953, "z": 0.01639052852988243, "x_normalized": 35.399937258358705, "y_normalized": 40.77815221056274, "z_normalized": 0.01639052852988243}, "right_heel": {"x": 0.5273140072822571, "y": 0.6075574159622192, "z": 0.0425320528447628, "x_normalized": 35.020995975865965, "y_normalized": 40.45692657559652, "z_normalized": 0.0425320528447628}, "left_foot_index": {"x": 0.5350314378738403, "y": 0.6217452883720398, "z": -0.017850380390882492, "x_normalized": 35.54131688484739, "y_normalized": 41.41349451374442, "z_normalized": -0.017850380390882492}, "right_foot_index": {"x": 0.5230932831764221, "y": 0.6187074780464172, "z": 0.01310493890196085, "x_normalized": 34.736428336773365, "y_normalized": 41.20868072096928, "z_normalized": 0.01310493890196085}}}