{"sequence_id": 1697925405990398000, "sequence_source": "mediapipe", "frame_number": 191, "image_dimensions": {"height": 1080, "width": 1920}, "joint_positions": {"nose": {"x": 0.5134322047233582, "y": 0.4003162384033203, "z": -0.17577816545963287, "x_normalized": 20.255541611290248, "y_normalized": 15.64262541124602, "z_normalized": -0.17577816545963287}, "left_eye_inner": {"x": 0.5153676867485046, "y": 0.3952227234840393, "z": -0.1681167632341385, "x_normalized": 20.3338475035506, "y_normalized": 15.436551562295891, "z_normalized": -0.1681167632341385}, "left_eye": {"x": 0.5168236494064331, "y": 0.3954870104789734, "z": -0.16807302832603455, "x_normalized": 20.392752961491095, "y_normalized": 15.447244107451176, "z_normalized": -0.16807302832603455}, "left_eye_outer": {"x": 0.518346905708313, "y": 0.3957405686378479, "z": -0.16811156272888184, "x_normalized": 20.45438099125845, "y_normalized": 15.457502584467548, "z_normalized": -0.16811156272888184}, "right_eye_inner": {"x": 0.5109714269638062, "y": 0.39502522349357605, "z": -0.16857197880744934, "x_normalized": 20.15598326065066, "y_normalized": 15.428561091305356, "z_normalized": -0.16857197880744934}, "right_eye": {"x": 0.5093225836753845, "y": 0.39532557129859924, "z": -0.16860772669315338, "x_normalized": 20.08927422216833, "y_normalized": 15.44071258770533, "z_normalized": -0.16860772669315338}, "right_eye_outer": {"x": 0.5076853632926941, "y": 0.39558956027030945, "z": -0.16857704520225525, "x_normalized": 20.023035424169827, "y_normalized": 15.451393075412312, "z_normalized": -0.16857704520225525}, "left_ear": {"x": 0.5219432711601257, "y": 0.40066012740135193, "z": -0.11271100491285324, "x_normalized": 20.59988304291258, "y_normalized": 15.65653850084309, "z_normalized": -0.11271100491285324}, "right_ear": {"x": 0.504359245300293, "y": 0.40136608481407166, "z": -0.11507156491279602, "x_normalized": 19.888467066637045, "y_normalized": 15.685100184383728, "z_normalized": -0.11507156491279602}, "mouth_left": {"x": 0.5169473886489868, "y": 0.4089711904525757, "z": -0.15448801219463348, "x_normalized": 20.397759214026586, "y_normalized": 15.99278817890914, "z_normalized": -0.15448801219463348}, "mouth_right": {"x": 0.5110620856285095, "y": 0.4093964695930481, "z": -0.1552554816007614, "x_normalized": 20.159651136424497, "y_normalized": 16.00999415763782, "z_normalized": -0.1552554816007614}, "left_shoulder": {"x": 0.536026120185852, "y": 0.43802326917648315, "z": -0.05609434098005295, "x_normalized": 21.16964811652203, "y_normalized": 17.168179588871443, "z_normalized": -0.05609434098005295}, "right_shoulder": {"x": 0.4937085509300232, "y": 0.44389641284942627, "z": -0.055726900696754456, "x_normalized": 19.45756039066666, "y_normalized": 17.40579572258276, "z_normalized": -0.055726900696754456}, "left_elbow": {"x": 0.5542426705360413, "y": 0.4531620144844055, "z": 0.0448002889752388, "x_normalized": 21.906654821076295, "y_normalized": 17.780664201819157, "z_normalized": 0.0448002889752388}, "right_elbow": {"x": 0.48005759716033936, "y": 0.46141472458839417, "z": 0.034476421773433685, "x_normalized": 18.90526897113822, "y_normalized": 18.114553031507437, "z_normalized": 0.034476421773433685}, "left_wrist": {"x": 0.5472486615180969, "y": 0.47151538729667664, "z": 0.12532678246498108, "x_normalized": 21.62369062429661, "y_normalized": 18.523206480889424, "z_normalized": 0.12532678246498108}, "right_wrist": {"x": 0.48613864183425903, "y": 0.47984856367111206, "z": 0.0970393568277359, "x_normalized": 19.15129638078586, "y_normalized": 18.860350821619573, "z_normalized": 0.0970393568277359}, "left_pinky": {"x": 0.5476219654083252, "y": 0.47955983877182007, "z": 0.13939514756202698, "x_normalized": 21.63879378404121, "y_normalized": 18.848669565703425, "z_normalized": 0.13939514756202698}, "right_pinky": {"x": 0.4892577826976776, "y": 0.48973536491394043, "z": 0.1073315367102623, "x_normalized": 19.277490840472062, "y_normalized": 19.260351846099176, "z_normalized": 0.1073315367102623}, "left_index": {"x": 0.5455191135406494, "y": 0.48005715012550354, "z": 0.12867817282676697, "x_normalized": 21.553716428813775, "y_normalized": 18.86878982968699, "z_normalized": 0.12867817282676697}, "right_index": {"x": 0.4914894998073578, "y": 0.4891299903392792, "z": 0.09924992173910141, "x_normalized": 19.367781836345806, "y_normalized": 19.235859551360868, "z_normalized": 0.09924992173910141}, "left_thumb": {"x": 0.5428297519683838, "y": 0.4750955104827881, "z": 0.12397278845310211, "x_normalized": 21.444910015325625, "y_normalized": 18.66805140161103, "z_normalized": 0.12397278845310211}, "right_thumb": {"x": 0.49079281091690063, "y": 0.4859026372432709, "z": 0.09653384238481522, "x_normalized": 19.339595139447397, "y_normalized": 19.10528703219577, "z_normalized": 0.09653384238481522}, "left_hip": {"x": 0.5292635560035706, "y": 0.5543449521064758, "z": -0.0013819467276334763, "x_normalized": 20.89604773409462, "y_normalized": 21.874331882055177, "z_normalized": -0.0013819467276334763}, "right_hip": {"x": 0.5046186447143555, "y": 0.5524593591690063, "z": 0.0012767448788508773, "x_normalized": 19.898961869640157, "y_normalized": 21.79804440664078, "z_normalized": 0.0012767448788508773}, "left_knee": {"x": 0.5261562466621399, "y": 0.6494243741035461, "z": -0.0074861859902739525, "x_normalized": 20.77033195510605, "y_normalized": 25.721063021041502, "z_normalized": -0.0074861859902739525}, "right_knee": {"x": 0.5094401240348816, "y": 0.6455594897270203, "z": -0.008740841411054134, "x_normalized": 20.094029679779116, "y_normalized": 25.56469720846618, "z_normalized": -0.008740841411054134}, "left_ankle": {"x": 0.5192236304283142, "y": 0.723507285118103, "z": 0.06586787849664688, "x_normalized": 20.48985159267683, "y_normalized": 28.718315577701237, "z_normalized": 0.06586787849664688}, "right_ankle": {"x": 0.5107911825180054, "y": 0.7249704599380493, "z": 0.07068412750959396, "x_normalized": 20.14869091591688, "y_normalized": 28.777512825890668, "z_normalized": 0.07068412750959396}, "left_heel": {"x": 0.5162420868873596, "y": 0.7319959998130798, "z": 0.06968515366315842, "x_normalized": 20.369224056872213, "y_normalized": 29.06175270070083, "z_normalized": 0.06968515366315842}, "right_heel": {"x": 0.5109587907791138, "y": 0.7339158654212952, "z": 0.07419376075267792, "x_normalized": 20.155472024842602, "y_normalized": 29.139426782670096, "z_normalized": 0.07419376075267792}, "left_foot_index": {"x": 0.5247229337692261, "y": 0.7491575479507446, "z": 0.009053024463355541, "x_normalized": 20.712342863236604, "y_normalized": 29.75607603826174, "z_normalized": 0.009053024463355541}, "right_foot_index": {"x": 0.5104643702507019, "y": 0.7513877153396606, "z": 0.01592922955751419, "x_normalized": 20.13546871810758, "y_normalized": 29.846304335404305, "z_normalized": 0.01592922955751419}}}