{"sequence_id": 1697925405990398000, "sequence_source": "mediapipe", "frame_number": 448, "image_dimensions": {"height": 1080, "width": 1920}, "joint_positions": {"nose": {"x": 0.5253342390060425, "y": 0.42371347546577454, "z": -0.07131350785493851, "x_normalized": 28.067492345898128, "y_normalized": 22.535618499560467, "z_normalized": -0.07131350785493851}, "left_eye_inner": {"x": 0.5270472764968872, "y": 0.4198659360408783, "z": -0.06441368907690048, "x_normalized": 28.16073055514128, "y_normalized": 22.326202367171646, "z_normalized": -0.06441368907690048}, "left_eye": {"x": 0.5281173586845398, "y": 0.4199702739715576, "z": -0.06437923014163971, "x_normalized": 28.218973616050892, "y_normalized": 22.33188133325655, "z_normalized": -0.06437923014163971}, "left_eye_outer": {"x": 0.5292168855667114, "y": 0.4200539290904999, "z": -0.06439729034900665, "x_normalized": 28.278819310063017, "y_normalized": 22.33643456313382, "z_normalized": -0.06439729034900665}, "right_eye_inner": {"x": 0.5240828394889832, "y": 0.419756144285202, "z": -0.06554434448480606, "x_normalized": 27.999380439041484, "y_normalized": 22.320226557101158, "z_normalized": -0.06554434448480606}, "right_eye": {"x": 0.523044764995575, "y": 0.41985008120536804, "z": -0.06557529419660568, "x_normalized": 27.942879511686623, "y_normalized": 22.325339410885682, "z_normalized": -0.06557529419660568}, "right_eye_outer": {"x": 0.5220187902450562, "y": 0.41992852091789246, "z": -0.06553944945335388, "x_normalized": 27.88703715623421, "y_normalized": 22.32960877356362, "z_normalized": -0.06553944945335388}, "left_ear": {"x": 0.5315750241279602, "y": 0.4224187731742859, "z": -0.022986549884080887, "x_normalized": 28.407169458716, "y_normalized": 22.465149683900233, "z_normalized": -0.022986549884080887}, "right_ear": {"x": 0.5202124118804932, "y": 0.4228607416152954, "z": -0.029640404507517815, "x_normalized": 27.788718535172173, "y_normalized": 22.48920540142069, "z_normalized": -0.029640404507517815}, "mouth_left": {"x": 0.527407705783844, "y": 0.42970871925354004, "z": -0.05622616782784462, "x_normalized": 28.18034821176248, "y_normalized": 22.861931144633832, "z_normalized": -0.05622616782784462}, "mouth_right": {"x": 0.5235757231712341, "y": 0.4299633800983429, "z": -0.05801891162991524, "x_normalized": 27.97177881467681, "y_normalized": 22.8757919744526, "z_normalized": -0.05801891162991524}, "left_shoulder": {"x": 0.540799081325531, "y": 0.447794109582901, "z": 0.007891700603067875, "x_normalized": 28.909221853747827, "y_normalized": 23.846293376508573, "z_normalized": 0.007891700603067875}, "right_shoulder": {"x": 0.5116976499557495, "y": 0.449133038520813, "z": 0.007727720309048891, "x_normalized": 27.325272079249377, "y_normalized": 23.919169386019135, "z_normalized": 0.007727720309048891}, "left_elbow": {"x": 0.5549816489219666, "y": 0.4609290361404419, "z": 0.06631066650152206, "x_normalized": 29.68115896092084, "y_normalized": 24.561208862778237, "z_normalized": 0.06631066650152206}, "right_elbow": {"x": 0.49939170479774475, "y": 0.4586235582828522, "z": 0.06360188126564026, "x_normalized": 26.65547687878882, "y_normalized": 24.435724961789354, "z_normalized": 0.06360188126564026}, "left_wrist": {"x": 0.5477524399757385, "y": 0.47657883167266846, "z": 0.11664386838674545, "x_normalized": 29.28768333648574, "y_normalized": 25.413005112565358, "z_normalized": 0.11664386838674545}, "right_wrist": {"x": 0.5106111764907837, "y": 0.47392407059669495, "z": 0.11461133509874344, "x_normalized": 27.26613686428472, "y_normalized": 25.2685102197127, "z_normalized": 0.11461133509874344}, "left_pinky": {"x": 0.5464773774147034, "y": 0.48410165309906006, "z": 0.12184779345989227, "x_normalized": 29.218283483593268, "y_normalized": 25.82246164927366, "z_normalized": 0.12184779345989227}, "right_pinky": {"x": 0.512973964214325, "y": 0.4797333776950836, "z": 0.11965354532003403, "x_normalized": 27.394740060269683, "y_normalized": 25.584702593605343, "z_normalized": 0.11965354532003403}, "left_index": {"x": 0.5420350432395935, "y": 0.48427462577819824, "z": 0.11516071110963821, "x_normalized": 28.97649351369445, "y_normalized": 25.83187630770176, "z_normalized": 0.11516071110963821}, "right_index": {"x": 0.5145633220672607, "y": 0.4786272943019867, "z": 0.11957266181707382, "x_normalized": 27.481246561642983, "y_normalized": 25.5245000379712, "z_normalized": 0.11957266181707382}, "left_thumb": {"x": 0.5431323647499084, "y": 0.48210573196411133, "z": 0.1148940771818161, "x_normalized": 29.036219172433714, "y_normalized": 25.71382648313879, "z_normalized": 0.1148940771818161}, "right_thumb": {"x": 0.5141295790672302, "y": 0.4768466055393219, "z": 0.11608502268791199, "x_normalized": 27.457638543248326, "y_normalized": 25.427579665628155, "z_normalized": 0.11608502268791199}, "left_hip": {"x": 0.5348268151283264, "y": 0.5276166200637817, "z": -0.001428977120667696, "x_normalized": 28.5841598464498, "y_normalized": 28.190919792629785, "z_normalized": -0.001428977120667696}, "right_hip": {"x": 0.5165886282920837, "y": 0.5253974795341492, "z": 0.0015159767353907228, "x_normalized": 27.5914811166838, "y_normalized": 28.070135110363545, "z_normalized": 0.0015159767353907228}, "left_knee": {"x": 0.5320305228233337, "y": 0.5951805114746094, "z": -0.008655775338411331, "x_normalized": 28.43196160885644, "y_normalized": 31.868326900362085, "z_normalized": -0.008655775338411331}, "right_knee": {"x": 0.514962911605835, "y": 0.5909924507141113, "z": -0.030642837285995483, "x_normalized": 27.50299565540659, "y_normalized": 31.64037667300437, "z_normalized": -0.030642837285995483}, "left_ankle": {"x": 0.5279284715652466, "y": 0.634527862071991, "z": 0.07370320707559586, "x_normalized": 28.208692757140263, "y_normalized": 34.00994757578187, "z_normalized": 0.07370320707559586}, "right_ankle": {"x": 0.5138058066368103, "y": 0.6502318382263184, "z": 0.00992767047137022, "x_normalized": 27.440016067513852, "y_normalized": 34.86469280024547, "z_normalized": 0.00992767047137022}, "left_heel": {"x": 0.5261418223381042, "y": 0.6401765942573547, "z": 0.079880490899086, "x_normalized": 28.111447965140837, "y_normalized": 34.31740008413168, "z_normalized": 0.079880490899086}, "right_heel": {"x": 0.515403151512146, "y": 0.6582580804824829, "z": 0.011702785268425941, "x_normalized": 27.526957291226697, "y_normalized": 35.30154982113149, "z_normalized": 0.011702785268425941}, "left_foot_index": {"x": 0.5300595760345459, "y": 0.6522811651229858, "z": 0.04513527452945709, "x_normalized": 28.324685761081795, "y_normalized": 34.97623476650149, "z_normalized": 0.04513527452945709}, "right_foot_index": {"x": 0.5120486617088318, "y": 0.6704590916633606, "z": -0.033878955990076065, "x_normalized": 27.3443771528135, "y_normalized": 35.965633613541506, "z_normalized": -0.033878955990076065}}}