{"sequence_id": 1697925405990398000, "sequence_source": "mediapipe", "frame_number": 163, "image_dimensions": {"height": 1080, "width": 1920}, "joint_positions": {"nose": {"x": 0.513306200504303, "y": 0.4270210266113281, "z": -0.21523648500442505, "x_normalized": 18.75952724644301, "y_normalized": 15.454795055004752, "z_normalized": -0.21523648500442505}, "left_eye_inner": {"x": 0.5158200860023499, "y": 0.4204173684120178, "z": -0.20412269234657288, "x_normalized": 18.853916556609523, "y_normalized": 15.206846314900003, "z_normalized": -0.20412269234657288}, "left_eye": {"x": 0.5174517631530762, "y": 0.4203642010688782, "z": -0.20406493544578552, "x_normalized": 18.915181431557553, "y_normalized": 15.204850031120875, "z_normalized": -0.20406493544578552}, "left_eye_outer": {"x": 0.5192086696624756, "y": 0.42026057839393616, "z": -0.20407573878765106, "x_normalized": 18.981148315720777, "y_normalized": 15.200959291939244, "z_normalized": -0.20407573878765106}, "right_eye_inner": {"x": 0.5107097625732422, "y": 0.4203449487686157, "z": -0.20820976793766022, "x_normalized": 18.662038325251732, "y_normalized": 15.204127161546145, "z_normalized": -0.20820976793766022}, "right_eye": {"x": 0.5086437463760376, "y": 0.4203307628631592, "z": -0.20826373994350433, "x_normalized": 18.58446524413945, "y_normalized": 15.203594520806872, "z_normalized": -0.20826373994350433}, "right_eye_outer": {"x": 0.5065869688987732, "y": 0.4203520119190216, "z": -0.20829376578330994, "x_normalized": 18.50723905090359, "y_normalized": 15.204392362922633, "z_normalized": -0.20829376578330994}, "left_ear": {"x": 0.5223372578620911, "y": 0.4229164123535156, "z": -0.12988188862800598, "x_normalized": 19.098617978593733, "y_normalized": 15.300678366477944, "z_normalized": -0.12988188862800598}, "right_ear": {"x": 0.5017959475517273, "y": 0.424174040555954, "z": -0.15010809898376465, "x_normalized": 18.32734971215207, "y_normalized": 15.347898758403645, "z_normalized": -0.15010809898376465}, "mouth_left": {"x": 0.5165379047393799, "y": 0.4352172017097473, "z": -0.18674799799919128, "x_normalized": 18.880868625614056, "y_normalized": 15.762538313058776, "z_normalized": -0.18674799799919128}, "mouth_right": {"x": 0.5096863508224487, "y": 0.435919851064682, "z": -0.19280759990215302, "x_normalized": 18.623612100489808, "y_normalized": 15.788920814550096, "z_normalized": -0.19280759990215302}, "left_shoulder": {"x": 0.5346717834472656, "y": 0.4589177668094635, "z": -0.06320039182901382, "x_normalized": 19.56174462542007, "y_normalized": 16.65242768632448, "z_normalized": -0.06320039182901382}, "right_shoulder": {"x": 0.48821961879730225, "y": 0.4656575918197632, "z": -0.10562511533498764, "x_normalized": 17.81759685876255, "y_normalized": 16.905489106130368, "z_normalized": -0.10562511533498764}, "left_elbow": {"x": 0.5555707812309265, "y": 0.46871933341026306, "z": -0.004214468877762556, "x_normalized": 20.34644304764486, "y_normalized": 17.020448867368472, "z_normalized": -0.004214468877762556}, "right_elbow": {"x": 0.4706578850746155, "y": 0.4746512472629547, "z": -0.14687703549861908, "x_normalized": 17.158203289445165, "y_normalized": 17.243175501878174, "z_normalized": -0.14687703549861908}, "left_wrist": {"x": 0.5497815608978271, "y": 0.4806881844997406, "z": 0.025309326127171516, "x_normalized": 20.12907415233609, "y_normalized": 17.469845468247545, "z_normalized": 0.025309326127171516}, "right_wrist": {"x": 0.48808643221855164, "y": 0.45880836248397827, "z": -0.1857372373342514, "x_normalized": 17.81259607837638, "y_normalized": 16.648319862471798, "z_normalized": -0.1857372373342514}, "left_pinky": {"x": 0.5485181212425232, "y": 0.4865932762622833, "z": 0.029084334149956703, "x_normalized": 20.081635556746196, "y_normalized": 17.691565008922485, "z_normalized": 0.029084334149956703}, "right_pinky": {"x": 0.49672073125839233, "y": 0.455882728099823, "z": -0.19922998547554016, "x_normalized": 18.13678965472467, "y_normalized": 16.53847054294854, "z_normalized": -0.19922998547554016}, "left_index": {"x": 0.545468270778656, "y": 0.4853845238685608, "z": 0.020376836881041527, "x_normalized": 19.967122273774837, "y_normalized": 17.646179765762355, "z_normalized": 0.020376836881041527}, "right_index": {"x": 0.499420166015625, "y": 0.4544554650783539, "z": -0.19347046315670013, "x_normalized": 18.238145816241435, "y_normalized": 16.484880842014544, "z_normalized": -0.19347046315670013}, "left_thumb": {"x": 0.5458072423934937, "y": 0.4844898283481598, "z": 0.023100225254893303, "x_normalized": 19.97984970185993, "y_normalized": 17.612586472414137, "z_normalized": 0.023100225254893303}, "right_thumb": {"x": 0.4985603988170624, "y": 0.4564739763736725, "z": -0.18427243828773499, "x_normalized": 18.20586398286471, "y_normalized": 16.560670248046147, "z_normalized": -0.18427243828773499}, "left_hip": {"x": 0.5269890427589417, "y": 0.5785414576530457, "z": 0.009415878914296627, "x_normalized": 19.27327938134969, "y_normalized": 21.143959885014553, "z_normalized": 0.009415878914296627}, "right_hip": {"x": 0.5003566145896912, "y": 0.5787387490272522, "z": -0.00947780255228281, "x_normalized": 18.27330681899243, "y_normalized": 21.151367619665802, "z_normalized": -0.00947780255228281}, "left_knee": {"x": 0.5257694721221924, "y": 0.6658502221107483, "z": 0.05397448316216469, "x_normalized": 19.227487943676202, "y_normalized": 24.422157740507803, "z_normalized": 0.05397448316216469}, "right_knee": {"x": 0.5030346512794495, "y": 0.6750327944755554, "z": -0.06318105757236481, "x_normalized": 18.373859543427688, "y_normalized": 24.766937433831785, "z_normalized": -0.06318105757236481}, "left_ankle": {"x": 0.5212305784225464, "y": 0.7192580699920654, "z": 0.21263618767261505, "x_normalized": 19.057065286971447, "y_normalized": 26.427471794354748, "z_normalized": 0.21263618767261505}, "right_ankle": {"x": 0.509668231010437, "y": 0.7613134980201721, "z": -0.006342743057757616, "x_normalized": 18.622931752654768, "y_normalized": 28.00653450163175, "z_normalized": -0.006342743057757616}, "left_heel": {"x": 0.5186976790428162, "y": 0.7230614423751831, "z": 0.22600491344928741, "x_normalized": 18.961962059175406, "y_normalized": 26.570277700124027, "z_normalized": 0.22600491344928741}, "right_heel": {"x": 0.5123236775398254, "y": 0.7727789282798767, "z": -0.004825349431484938, "x_normalized": 18.722636280282522, "y_normalized": 28.437029070225492, "z_normalized": -0.004825349431484938}, "left_foot_index": {"x": 0.5273239016532898, "y": 0.7489635348320007, "z": 0.17698539793491364, "x_normalized": 19.285852388380118, "y_normalized": 27.542828216353858, "z_normalized": 0.17698539793491364}, "right_foot_index": {"x": 0.5055288672447205, "y": 0.7919924855232239, "z": -0.08427226543426514, "x_normalized": 18.46751031811537, "y_normalized": 29.15844395386013, "z_normalized": -0.08427226543426514}}}