{"sequence_id": 1697925405990398000, "sequence_source": "mediapipe", "frame_number": 555, "image_dimensions": {"height": 1080, "width": 1920}, "joint_positions": {"nose": {"x": 0.5180714726448059, "y": 0.4192456305027008, "z": -0.06663449853658676, "x_normalized": 32.80287192578397, "y_normalized": 26.456796789361277, "z_normalized": -0.06663449853658676}, "left_eye_inner": {"x": 0.5193713307380676, "y": 0.4156635105609894, "z": -0.06098061427474022, "x_normalized": 32.88648222560632, "y_normalized": 26.226385389933366, "z_normalized": -0.06098061427474022}, "left_eye": {"x": 0.5202943086624146, "y": 0.41581860184669495, "z": -0.06094885990023613, "x_normalized": 32.945850599265036, "y_normalized": 26.236361270350542, "z_normalized": -0.06094885990023613}, "left_eye_outer": {"x": 0.5213825106620789, "y": 0.41599345207214355, "z": -0.06097240746021271, "x_normalized": 33.015846621085316, "y_normalized": 26.247608097869293, "z_normalized": -0.06097240746021271}, "right_eye_inner": {"x": 0.5167723298072815, "y": 0.41555172204971313, "z": -0.06193920224905014, "x_normalized": 32.71930763309651, "y_normalized": 26.21919485814151, "z_normalized": -0.06193920224905014}, "right_eye": {"x": 0.5158897042274475, "y": 0.4156910181045532, "z": -0.06196422874927521, "x_normalized": 32.662534828631664, "y_normalized": 26.22815474766301, "z_normalized": -0.06196422874927521}, "right_eye_outer": {"x": 0.515011727809906, "y": 0.4158567786216736, "z": -0.061929743736982346, "x_normalized": 32.60606107054365, "y_normalized": 26.238816901175753, "z_normalized": -0.061929743736982346}, "left_ear": {"x": 0.5235909819602966, "y": 0.41836997866630554, "z": -0.026522886008024216, "x_normalized": 33.1579013179405, "y_normalized": 26.40047255446169, "z_normalized": -0.026522886008024216}, "right_ear": {"x": 0.5129304528236389, "y": 0.4191114008426666, "z": -0.031374432146549225, "x_normalized": 32.4721879758446, "y_normalized": 26.448162783711975, "z_normalized": -0.031374432146549225}, "mouth_left": {"x": 0.5202001333236694, "y": 0.4247279167175293, "z": -0.05395730212330818, "x_normalized": 32.93979299317005, "y_normalized": 26.80943189353913, "z_normalized": -0.05395730212330818}, "mouth_right": {"x": 0.5166475176811218, "y": 0.4253696799278259, "z": -0.05536741390824318, "x_normalized": 32.71127938805671, "y_normalized": 26.850711795326884, "z_normalized": -0.05536741390824318}, "left_shoulder": {"x": 0.531718373298645, "y": 0.44060516357421875, "z": -0.002150478772819042, "x_normalized": 33.68067655786517, "y_normalized": 27.830698274017834, "z_normalized": -0.002150478772819042}, "right_shoulder": {"x": 0.5055654048919678, "y": 0.4443170130252838, "z": 0.0035862585064023733, "x_normalized": 31.998448673866, "y_normalized": 28.069454217537974, "z_normalized": 0.0035862585064023733}, "left_elbow": {"x": 0.5469540953636169, "y": 0.4494045376777649, "z": 0.043236274272203445, "x_normalized": 34.66067837226775, "y_normalized": 28.396697217179717, "z_normalized": 0.043236274272203445}, "right_elbow": {"x": 0.49612027406692505, "y": 0.45400264859199524, "z": 0.05157297104597092, "x_normalized": 31.390912955746515, "y_normalized": 28.69245983476711, "z_normalized": 0.05157297104597092}, "left_wrist": {"x": 0.5341477990150452, "y": 0.46733012795448303, "z": 0.08986034989356995, "x_normalized": 33.83694362547611, "y_normalized": 29.549718447188187, "z_normalized": 0.08986034989356995}, "right_wrist": {"x": 0.5085085034370422, "y": 0.4652211368083954, "z": 0.09751356393098831, "x_normalized": 32.18775653218994, "y_normalized": 29.414062576011812, "z_normalized": 0.09751356393098831}, "left_pinky": {"x": 0.5320927500724792, "y": 0.4738674461841583, "z": 0.09389500319957733, "x_normalized": 33.70475745905667, "y_normalized": 29.970215992305402, "z_normalized": 0.09389500319957733}, "right_pinky": {"x": 0.5094059109687805, "y": 0.4683277904987335, "z": 0.10031294077634811, "x_normalized": 32.245480150776025, "y_normalized": 29.61389073251589, "z_normalized": 0.10031294077634811}, "left_index": {"x": 0.5327074527740479, "y": 0.4734525978565216, "z": 0.08963396400213242, "x_normalized": 33.74429675757409, "y_normalized": 29.943531854064226, "z_normalized": 0.08963396400213242}, "right_index": {"x": 0.5102757811546326, "y": 0.4675534665584564, "z": 0.10043033212423325, "x_normalized": 32.30143249466852, "y_normalized": 29.56408417506027, "z_normalized": 0.10043033212423325}, "left_thumb": {"x": 0.5330464839935303, "y": 0.4719369113445282, "z": 0.08929438143968582, "x_normalized": 33.76610413951602, "y_normalized": 29.846038901286224, "z_normalized": 0.08929438143968582}, "right_thumb": {"x": 0.5098173022270203, "y": 0.46657153964042664, "z": 0.09825476258993149, "x_normalized": 32.271941921198525, "y_normalized": 29.500924046700334, "z_normalized": 0.09825476258993149}, "left_hip": {"x": 0.5286238193511963, "y": 0.5100863575935364, "z": -0.004973305854946375, "x_normalized": 33.48162668872646, "y_normalized": 32.29991187055207, "z_normalized": -0.004973305854946375}, "right_hip": {"x": 0.513078510761261, "y": 0.5102887749671936, "z": 0.005040673539042473, "x_normalized": 32.48171145276861, "y_normalized": 32.31293188972837, "z_normalized": 0.005040673539042473}, "left_knee": {"x": 0.5271949172019958, "y": 0.5670962929725647, "z": -0.016508733853697777, "x_normalized": 33.38971593498282, "y_normalized": 35.96694122906674, "z_normalized": -0.016508733853697777}, "right_knee": {"x": 0.516065776348114, "y": 0.569922685623169, "z": -0.011118005961179733, "x_normalized": 32.67386025167253, "y_normalized": 36.14874225654639, "z_normalized": -0.011118005961179733}, "left_ankle": {"x": 0.5287061929702759, "y": 0.6139764785766602, "z": 0.030477913096547127, "x_normalized": 33.486925177095614, "y_normalized": 38.98239837350817, "z_normalized": 0.030477913096547127}, "right_ankle": {"x": 0.5215890407562256, "y": 0.6196919679641724, "z": 0.03170736879110336, "x_normalized": 33.02913118128728, "y_normalized": 39.35003372062691, "z_normalized": 0.03170736879110336}, "left_heel": {"x": 0.5286259055137634, "y": 0.6188275218009949, "z": 0.03347492218017578, "x_normalized": 33.481760876203246, "y_normalized": 39.29443026417407, "z_normalized": 0.03347492218017578}, "right_heel": {"x": 0.524114727973938, "y": 0.6269852519035339, "z": 0.033068809658288956, "x_normalized": 33.19159004246999, "y_normalized": 39.81915697340402, "z_normalized": 0.033068809658288956}, "left_foot_index": {"x": 0.5289868116378784, "y": 0.6303433775901794, "z": -0.0037440273445099592, "x_normalized": 33.50497530968749, "y_normalized": 40.03516047175286, "z_normalized": -0.0037440273445099592}, "right_foot_index": {"x": 0.5162312388420105, "y": 0.6358931660652161, "z": -0.003941638860851526, "x_normalized": 32.68450323554573, "y_normalized": 40.39213749928676, "z_normalized": -0.003941638860851526}}}