{"sequence_id": 1697925405990398000, "sequence_source": "mediapipe", "frame_number": 111, "image_dimensions": {"height": 1080, "width": 1920}, "joint_positions": {"nose": {"x": 0.515710175037384, "y": 0.4061780273914337, "z": -0.15852957963943481, "x_normalized": 16.80823701690701, "y_normalized": 13.053708823945012, "z_normalized": -0.15852957963943481}, "left_eye_inner": {"x": 0.5183610320091248, "y": 0.39812707901000977, "z": -0.14888811111450195, "x_normalized": 16.897275071238766, "y_normalized": 12.783290318892037, "z_normalized": -0.14888811111450195}, "left_eye": {"x": 0.5202252268791199, "y": 0.39841532707214355, "z": -0.14889222383499146, "x_normalized": 16.9598904012581, "y_normalized": 12.792972111191997, "z_normalized": -0.14889222383499146}, "left_eye_outer": {"x": 0.5220910906791687, "y": 0.3986017107963562, "z": -0.14892888069152832, "x_normalized": 17.022561787973963, "y_normalized": 12.799232442979005, "z_normalized": -0.14892888069152832}, "right_eye_inner": {"x": 0.5131075382232666, "y": 0.3975876569747925, "z": -0.14948219060897827, "x_normalized": 16.720818600699875, "y_normalized": 12.765171993764943, "z_normalized": -0.14948219060897827}, "right_eye": {"x": 0.5113109946250916, "y": 0.3977765440940857, "z": -0.14952094852924347, "x_normalized": 16.66047556891471, "y_normalized": 12.77151641059674, "z_normalized": -0.14952094852924347}, "right_eye_outer": {"x": 0.5094890594482422, "y": 0.39802488684654236, "z": -0.14953120052814484, "x_normalized": 16.599279674532404, "y_normalized": 12.779857847242269, "z_normalized": -0.14953120052814484}, "left_ear": {"x": 0.525234043598175, "y": 0.4039614200592041, "z": -0.08367184549570084, "x_normalized": 17.12812855968133, "y_normalized": 12.979256521846787, "z_normalized": -0.08367184549570084}, "right_ear": {"x": 0.5051828622817993, "y": 0.40421372652053833, "z": -0.08526171743869781, "x_normalized": 16.45464138534654, "y_normalized": 12.987731093146564, "z_normalized": -0.08526171743869781}, "mouth_left": {"x": 0.5197491645812988, "y": 0.4166639745235443, "z": -0.13364388048648834, "x_normalized": 16.943900228574112, "y_normalized": 13.40591505024159, "z_normalized": -0.13364388048648834}, "mouth_right": {"x": 0.5115334987640381, "y": 0.41693753004074097, "z": -0.1343877613544464, "x_normalized": 16.667949127776527, "y_normalized": 13.415103343409635, "z_normalized": -0.1343877613544464}, "left_shoulder": {"x": 0.5405311584472656, "y": 0.4530220925807953, "z": -0.05404486879706383, "x_normalized": 17.641934229912582, "y_normalized": 14.6271262002555, "z_normalized": -0.05404486879706383}, "right_shoulder": {"x": 0.4896666407585144, "y": 0.4511394500732422, "z": -0.03853943571448326, "x_normalized": 15.933476271671402, "y_normalized": 14.563891243537066, "z_normalized": -0.03853943571448326}, "left_elbow": {"x": 0.5678513646125793, "y": 0.47404664754867554, "z": -0.0913490429520607, "x_normalized": 18.559576345965564, "y_normalized": 15.333307441826534, "z_normalized": -0.0913490429520607}, "right_elbow": {"x": 0.4765344560146332, "y": 0.4621866047382355, "z": -0.07182037830352783, "x_normalized": 15.492387147970952, "y_normalized": 14.934947535052888, "z_normalized": -0.07182037830352783}, "left_wrist": {"x": 0.5505300164222717, "y": 0.49711117148399353, "z": -0.16612417995929718, "x_normalized": 17.977779908923125, "y_normalized": 16.108007984776, "z_normalized": -0.16612417995929718}, "right_wrist": {"x": 0.4914751946926117, "y": 0.47465452551841736, "z": -0.14134421944618225, "x_normalized": 15.994222711469064, "y_normalized": 15.353725092523625, "z_normalized": -0.14134421944618225}, "left_pinky": {"x": 0.5468385815620422, "y": 0.5093646049499512, "z": -0.18585926294326782, "x_normalized": 17.853790504307522, "y_normalized": 16.519581255730728, "z_normalized": -0.18585926294326782}, "right_pinky": {"x": 0.49344098567962646, "y": 0.4855143129825592, "z": -0.16050191223621368, "x_normalized": 16.06025049288941, "y_normalized": 15.718488018841985, "z_normalized": -0.16050191223621368}, "left_index": {"x": 0.539972722530365, "y": 0.5062902569770813, "z": -0.18974515795707703, "x_normalized": 17.623177258850067, "y_normalized": 16.416318814655547, "z_normalized": -0.18974515795707703}, "right_index": {"x": 0.4976678788661957, "y": 0.47661319375038147, "z": -0.16075369715690613, "x_normalized": 16.202225087977858, "y_normalized": 15.419513631971299, "z_normalized": -0.16075369715690613}, "left_thumb": {"x": 0.5419327020645142, "y": 0.5024482607841492, "z": -0.16909979283809662, "x_normalized": 17.68900984284501, "y_normalized": 16.28727229520337, "z_normalized": -0.16909979283809662}, "right_thumb": {"x": 0.497334748506546, "y": 0.4765664041042328, "z": -0.14380620419979095, "x_normalized": 16.19103577094633, "y_normalized": 15.417942042443698, "z_normalized": -0.14380620419979095}, "left_hip": {"x": 0.528523862361908, "y": 0.588712751865387, "z": -0.015202355571091175, "x_normalized": 17.23862832068297, "y_normalized": 19.18475885357801, "z_normalized": -0.015202355571091175}, "right_hip": {"x": 0.4987652897834778, "y": 0.5896127820014954, "z": 0.015238435938954353, "x_normalized": 16.239085368980895, "y_normalized": 19.214989429204433, "z_normalized": 0.015238435938954353}, "left_knee": {"x": 0.5282385945320129, "y": 0.6965397596359253, "z": -0.06796760857105255, "x_normalized": 17.229046629626808, "y_normalized": 22.806495929041322, "z_normalized": -0.06796760857105255}, "right_knee": {"x": 0.5013423562049866, "y": 0.6946962475776672, "z": 0.06268623471260071, "x_normalized": 16.32564491651626, "y_normalized": 22.74457530165393, "z_normalized": 0.06268623471260071}, "left_ankle": {"x": 0.526101291179657, "y": 0.7973109483718872, "z": -0.010454715229570866, "x_normalized": 17.157258021625996, "y_normalized": 26.191239305767613, "z_normalized": -0.010454715229570866}, "right_ankle": {"x": 0.511107861995697, "y": 0.7649703621864319, "z": 0.24073712527751923, "x_normalized": 16.653652668137568, "y_normalized": 25.104970638465474, "z_normalized": 0.24073712527751923}, "left_heel": {"x": 0.524086058139801, "y": 0.8073193430900574, "z": -0.009260226972401142, "x_normalized": 17.08956956057107, "y_normalized": 26.527405308758304, "z_normalized": -0.009260226972401142}, "right_heel": {"x": 0.5142224431037903, "y": 0.7734405398368835, "z": 0.25531911849975586, "x_normalized": 16.758266476003996, "y_normalized": 25.389470385483246, "z_normalized": 0.25531911849975586}, "left_foot_index": {"x": 0.524696946144104, "y": 0.8371310830116272, "z": -0.09889509528875351, "x_normalized": 17.110088313524397, "y_normalized": 27.5287340666497, "z_normalized": -0.09889509528875351}, "right_foot_index": {"x": 0.5039457082748413, "y": 0.7972567081451416, "z": 0.20331154763698578, "x_normalized": 16.413087357021904, "y_normalized": 26.189417463130525, "z_normalized": 0.20331154763698578}}}