{"sequence_id": 1697925405990398000, "sequence_source": "mediapipe", "frame_number": 465, "image_dimensions": {"height": 1080, "width": 1920}, "joint_positions": {"nose": {"x": 0.5303207635879517, "y": 0.41471174359321594, "z": -0.05840092524886131, "x_normalized": 29.559854851298308, "y_normalized": 23.007688867367552, "z_normalized": -0.05840092524886131}, "left_eye_inner": {"x": 0.5317427515983582, "y": 0.4107086956501007, "z": -0.05368176847696304, "x_normalized": 29.640526430026178, "y_normalized": 22.780589767423557, "z_normalized": -0.05368176847696304}, "left_eye": {"x": 0.5328266024589539, "y": 0.41073495149612427, "z": -0.05365810915827751, "x_normalized": 29.702014965365393, "y_normalized": 22.78207930216932, "z_normalized": -0.05365810915827751}, "left_eye_outer": {"x": 0.5339184403419495, "y": 0.41078266501426697, "z": -0.053683046251535416, "x_normalized": 29.763956616836122, "y_normalized": 22.784786163835566, "z_normalized": -0.053683046251535416}, "right_eye_inner": {"x": 0.5289933681488037, "y": 0.4107331335544586, "z": -0.053061362355947495, "x_normalized": 29.484549655411577, "y_normalized": 22.781976167527443, "z_normalized": -0.053061362355947495}, "right_eye": {"x": 0.5280973315238953, "y": 0.4108038544654846, "z": -0.05307777225971222, "x_normalized": 29.43371611209028, "y_normalized": 22.785988274169544, "z_normalized": -0.05307777225971222}, "right_eye_outer": {"x": 0.5271681547164917, "y": 0.410856157541275, "z": -0.05304528400301933, "x_normalized": 29.38100247496957, "y_normalized": 22.78895550853823, "z_normalized": -0.05304528400301933}, "left_ear": {"x": 0.5357697010040283, "y": 0.413789302110672, "z": -0.022974878549575806, "x_normalized": 29.86898149690105, "y_normalized": 22.955357335641327, "z_normalized": -0.022974878549575806}, "right_ear": {"x": 0.5253339409828186, "y": 0.41380512714385986, "z": -0.020281817764043808, "x_normalized": 29.276944693513695, "y_normalized": 22.956255114245185, "z_normalized": -0.020281817764043808}, "mouth_left": {"x": 0.5328240394592285, "y": 0.4205400347709656, "z": -0.04704754799604416, "x_normalized": 29.701869562427667, "y_normalized": 23.33833683848539, "z_normalized": -0.04704754799604416}, "mouth_right": {"x": 0.5286204218864441, "y": 0.4202680289745331, "z": -0.04628082737326622, "x_normalized": 29.463391837240795, "y_normalized": 23.322905529036394, "z_normalized": -0.04628082737326622}, "left_shoulder": {"x": 0.545746386051178, "y": 0.4428102374076843, "z": 0.0023119256366044283, "x_normalized": 30.43497426711734, "y_normalized": 24.601759871693776, "z_normalized": 0.0023119256366044283}, "right_shoulder": {"x": 0.5156539678573608, "y": 0.4412118196487427, "z": 0.007846290245652199, "x_normalized": 28.72778484943679, "y_normalized": 24.511079160508576, "z_normalized": 0.007846290245652199}, "left_elbow": {"x": 0.5566322207450867, "y": 0.4556964933872223, "z": 0.059542782604694366, "x_normalized": 31.052544502661892, "y_normalized": 25.332817100132466, "z_normalized": 0.059542782604694366}, "right_elbow": {"x": 0.5020635724067688, "y": 0.4499039053916931, "z": 0.055302999913692474, "x_normalized": 27.95678069995599, "y_normalized": 25.004194625751772, "z_normalized": 0.055302999913692474}, "left_wrist": {"x": 0.5460893511772156, "y": 0.467285692691803, "z": 0.12457183748483658, "x_normalized": 30.45443120906311, "y_normalized": 25.990290297691445, "z_normalized": 0.12457183748483658}, "right_wrist": {"x": 0.5099917650222778, "y": 0.46590179204940796, "z": 0.09331046789884567, "x_normalized": 28.406559326829882, "y_normalized": 25.911779474247435, "z_normalized": 0.09331046789884567}, "left_pinky": {"x": 0.542984127998352, "y": 0.4725475013256073, "z": 0.13224974274635315, "x_normalized": 30.278267096350447, "y_normalized": 26.28880083810845, "z_normalized": 0.13224974274635315}, "right_pinky": {"x": 0.5113276839256287, "y": 0.47480520606040955, "z": 0.09475985169410706, "x_normalized": 28.48234807202114, "y_normalized": 26.416883918925585, "z_normalized": 0.09475985169410706}, "left_index": {"x": 0.5414489507675171, "y": 0.4718346893787384, "z": 0.1271074116230011, "x_normalized": 30.19117411811701, "y_normalized": 26.248361914102638, "z_normalized": 0.1271074116230011}, "right_index": {"x": 0.5145581364631653, "y": 0.4698115587234497, "z": 0.09285292774438858, "x_normalized": 28.665616639900303, "y_normalized": 26.133586583550986, "z_normalized": 0.09285292774438858}, "left_thumb": {"x": 0.5417770147323608, "y": 0.4688393771648407, "z": 0.12290634959936142, "x_normalized": 30.209785694145776, "y_normalized": 26.0784332203938, "z_normalized": 0.12290634959936142}, "right_thumb": {"x": 0.5141560435295105, "y": 0.46946296095848083, "z": 0.09293973445892334, "x_normalized": 28.642805285995866, "y_normalized": 26.11381009328859, "z_normalized": 0.09293973445892334}, "left_hip": {"x": 0.5348029732704163, "y": 0.5206785202026367, "z": -0.001327828736975789, "x_normalized": 29.814137537669488, "y_normalized": 29.019347966618383, "z_normalized": -0.001327828736975789}, "right_hip": {"x": 0.5173212885856628, "y": 0.5184207558631897, "z": 0.0013225916773080826, "x_normalized": 28.82237453262222, "y_normalized": 28.89126150433758, "z_normalized": 0.0013225916773080826}, "left_knee": {"x": 0.5321266055107117, "y": 0.5825530886650085, "z": -0.00843034964054823, "x_normalized": 29.662303056048206, "y_normalized": 32.52958791550409, "z_normalized": -0.00843034964054823}, "right_knee": {"x": 0.5189725756645203, "y": 0.5823631286621094, "z": -0.008487025275826454, "x_normalized": 28.91605460208095, "y_normalized": 32.51881119079412, "z_normalized": -0.008487025275826454}, "left_ankle": {"x": 0.5283470749855042, "y": 0.6329994201660156, "z": 0.05071140453219414, "x_normalized": 29.447884444859273, "y_normalized": 35.391486309466295, "z_normalized": 0.05071140453219414}, "right_ankle": {"x": 0.5213188529014587, "y": 0.6351861953735352, "z": 0.04897462576627731, "x_normalized": 29.04916253790876, "y_normalized": 35.51554544851849, "z_normalized": 0.04897462576627731}, "left_heel": {"x": 0.5264274477958679, "y": 0.6378244757652283, "z": 0.054558221250772476, "x_normalized": 29.33898102596713, "y_normalized": 35.665219174855906, "z_normalized": 0.054558221250772476}, "right_heel": {"x": 0.5216550827026367, "y": 0.6413605213165283, "z": 0.05291792377829552, "x_normalized": 29.06823737446004, "y_normalized": 35.86582450696099, "z_normalized": 0.05291792377829552}, "left_foot_index": {"x": 0.5297234058380127, "y": 0.6513394117355347, "z": 0.01566586084663868, "x_normalized": 29.525965822417444, "y_normalized": 36.431942391333, "z_normalized": 0.01566586084663868}, "right_foot_index": {"x": 0.5190520286560059, "y": 0.6523308157920837, "z": 0.013529867865145206, "x_normalized": 28.92056209315042, "y_normalized": 36.48818627652312, "z_normalized": 0.013529867865145206}}}