{"sequence_id": 1697925405990398000, "sequence_source": "mediapipe", "frame_number": 120, "image_dimensions": {"height": 1080, "width": 1920}, "joint_positions": {"nose": {"x": 0.5121967792510986, "y": 0.4026165306568146, "z": -0.16295048594474792, "x_normalized": 16.63480635520102, "y_normalized": 12.896750224766402, "z_normalized": -0.16295048594474792}, "left_eye_inner": {"x": 0.5143452286720276, "y": 0.395980566740036, "z": -0.15339455008506775, "x_normalized": 16.706728269544435, "y_normalized": 12.674603394704112, "z_normalized": -0.15339455008506775}, "left_eye": {"x": 0.5160580277442932, "y": 0.3959439992904663, "z": -0.153349831700325, "x_normalized": 16.764066267340866, "y_normalized": 12.673379255587738, "z_normalized": -0.153349831700325}, "left_eye_outer": {"x": 0.5177830457687378, "y": 0.3958461582660675, "z": -0.15337388217449188, "x_normalized": 16.821813309177813, "y_normalized": 12.670103910258435, "z_normalized": -0.15337388217449188}, "right_eye_inner": {"x": 0.5095368027687073, "y": 0.3959195911884308, "z": -0.1589309424161911, "x_normalized": 16.54576046058586, "y_normalized": 12.672562165175098, "z_normalized": -0.1589309424161911}, "right_eye": {"x": 0.5078312158584595, "y": 0.3959849178791046, "z": -0.15896862745285034, "x_normalized": 16.48866389854017, "y_normalized": 12.67474905428927, "z_normalized": -0.15896862745285034}, "right_eye_outer": {"x": 0.5060974955558777, "y": 0.39599594473838806, "z": -0.15894725918769836, "x_normalized": 16.430625537532908, "y_normalized": 12.675118191594127, "z_normalized": -0.15894725918769836}, "left_ear": {"x": 0.5214315056800842, "y": 0.4006883203983307, "z": -0.10031359642744064, "x_normalized": 16.943949869002328, "y_normalized": 12.832201079836192, "z_normalized": -0.10031359642744064}, "right_ear": {"x": 0.5019306540489197, "y": 0.4017472267150879, "z": -0.10812900960445404, "x_normalized": 16.291135533706598, "y_normalized": 12.867649235454666, "z_normalized": -0.10812900960445404}, "mouth_left": {"x": 0.5161126255989075, "y": 0.4120873212814331, "z": -0.13761571049690247, "x_normalized": 16.765893995834098, "y_normalized": 13.2137962698968, "z_normalized": -0.13761571049690247}, "mouth_right": {"x": 0.5089346766471863, "y": 0.4127039313316345, "z": -0.14560386538505554, "x_normalized": 16.525603568403945, "y_normalized": 13.234438028916985, "z_normalized": -0.14560386538505554}, "left_shoulder": {"x": 0.5369837284088135, "y": 0.4488627016544342, "z": -0.04745703935623169, "x_normalized": 17.46457912843433, "y_normalized": 14.444896118637852, "z_normalized": -0.04745703935623169}, "right_shoulder": {"x": 0.48664790391921997, "y": 0.44704341888427734, "z": -0.04347793012857437, "x_normalized": 15.77952719187056, "y_normalized": 14.383993451678583, "z_normalized": -0.04347793012857437}, "left_elbow": {"x": 0.5600895285606384, "y": 0.4664388597011566, "z": 0.07150349766016006, "x_normalized": 18.238073427702982, "y_normalized": 15.03327903387357, "z_normalized": 0.07150349766016006}, "right_elbow": {"x": 0.4746072590351105, "y": 0.46445274353027344, "z": 0.07688280194997787, "x_normalized": 15.376452201340905, "y_normalized": 14.96679141925867, "z_normalized": 0.07688280194997787}, "left_wrist": {"x": 0.553244948387146, "y": 0.4861644506454468, "z": 0.18266476690769196, "x_normalized": 18.008942918900175, "y_normalized": 15.693616786509619, "z_normalized": 0.18266476690769196}, "right_wrist": {"x": 0.48518484830856323, "y": 0.4952968955039978, "z": 0.17042671144008636, "x_normalized": 15.73054965519492, "y_normalized": 15.999336302391288, "z_normalized": 0.17042671144008636}, "left_pinky": {"x": 0.551583468914032, "y": 0.49990320205688477, "z": 0.20212215185165405, "x_normalized": 17.95332290607391, "y_normalized": 16.153537924318695, "z_normalized": 0.20212215185165405}, "right_pinky": {"x": 0.48655471205711365, "y": 0.5043386220932007, "z": 0.1838546097278595, "x_normalized": 15.776407482810335, "y_normalized": 16.302018915689224, "z_normalized": 0.1838546097278595}, "left_index": {"x": 0.5512819886207581, "y": 0.4982157349586487, "z": 0.1876858025789261, "x_normalized": 17.94323049262547, "y_normalized": 16.097047944655042, "z_normalized": 0.1876858025789261}, "right_index": {"x": 0.48976755142211914, "y": 0.5030590295791626, "z": 0.17414230108261108, "x_normalized": 15.883961123756258, "y_normalized": 16.259183025631675, "z_normalized": 0.17414230108261108}, "left_thumb": {"x": 0.5471019148826599, "y": 0.4918026924133301, "z": 0.18104952573776245, "x_normalized": 17.803297524033336, "y_normalized": 15.88236367416119, "z_normalized": 0.18104952573776245}, "right_thumb": {"x": 0.48996877670288086, "y": 0.4990813136100769, "z": 0.16951850056648254, "x_normalized": 15.89069738073568, "y_normalized": 16.12602422541784, "z_normalized": 0.16951850056648254}, "left_hip": {"x": 0.5264614224433899, "y": 0.5798952579498291, "z": -0.0075929490849375725, "x_normalized": 17.11233234944655, "y_normalized": 18.831367681929795, "z_normalized": -0.0075929490849375725}, "right_hip": {"x": 0.4967256188392639, "y": 0.5827442407608032, "z": 0.00748103205114603, "x_normalized": 16.116890753793907, "y_normalized": 18.926740789483866, "z_normalized": 0.00748103205114603}, "left_knee": {"x": 0.5250200033187866, "y": 0.6816628575325012, "z": -0.01567889004945755, "x_normalized": 17.06407912002314, "y_normalized": 22.23815981248644, "z_normalized": -0.01567889004945755}, "right_knee": {"x": 0.5014663338661194, "y": 0.6922413110733032, "z": 0.019629577174782753, "x_normalized": 16.27559186016699, "y_normalized": 22.592286198723812, "z_normalized": 0.019629577174782753}, "left_ankle": {"x": 0.5250802040100098, "y": 0.7696809768676758, "z": 0.10042862594127655, "x_normalized": 17.066094410173974, "y_normalized": 25.184671644613072, "z_normalized": 0.10042862594127655}, "right_ankle": {"x": 0.5117042660713196, "y": 0.7636070251464844, "z": 0.15726491808891296, "x_normalized": 16.618318887363053, "y_normalized": 24.981338845077733, "z_normalized": 0.15726491808891296}, "left_heel": {"x": 0.5242636203765869, "y": 0.7771888375282288, "z": 0.10851986706256866, "x_normalized": 17.038758296246808, "y_normalized": 25.43600626113716, "z_normalized": 0.10851986706256866}, "right_heel": {"x": 0.5148502588272095, "y": 0.7709233164787292, "z": 0.16745775938034058, "x_normalized": 16.723634758106837, "y_normalized": 25.226260449181243, "z_normalized": 0.16745775938034058}, "left_foot_index": {"x": 0.5222805738449097, "y": 0.8042052388191223, "z": 0.0445992536842823, "x_normalized": 16.972373441476233, "y_normalized": 26.340412611401984, "z_normalized": 0.0445992536842823}, "right_foot_index": {"x": 0.5040633678436279, "y": 0.795996367931366, "z": 0.11305061727762222, "x_normalized": 16.362530679139297, "y_normalized": 26.065610838972976, "z_normalized": 0.11305061727762222}}}