{"sequence_id": 1697925405990398000, "sequence_source": "mediapipe", "frame_number": 67, "image_dimensions": {"height": 1080, "width": 1920}, "joint_positions": {"nose": {"x": 0.518141508102417, "y": 0.382702112197876, "z": -0.09188174456357956, "x_normalized": 14.950667669216882, "y_normalized": 10.841007484151126, "z_normalized": -0.09188174456357956}, "left_eye_inner": {"x": 0.520219087600708, "y": 0.3756776452064514, "z": -0.0800253301858902, "x_normalized": 15.012698675688378, "y_normalized": 10.631275554392337, "z_normalized": -0.0800253301858902}, "left_eye": {"x": 0.5220587253570557, "y": 0.37591221928596497, "z": -0.0799918845295906, "x_normalized": 15.067625373638123, "y_normalized": 10.638279313457307, "z_normalized": -0.0799918845295906}, "left_eye_outer": {"x": 0.523819088935852, "y": 0.3761937618255615, "z": -0.08004726469516754, "x_normalized": 15.12018515517155, "y_normalized": 10.646685426008032, "z_normalized": -0.08004726469516754}, "right_eye_inner": {"x": 0.5146071314811707, "y": 0.3761715590953827, "z": -0.08224808424711227, "x_normalized": 14.845140569413683, "y_normalized": 10.646022511447825, "z_normalized": -0.08224808424711227}, "right_eye": {"x": 0.5124321579933167, "y": 0.37683045864105225, "z": -0.08228597790002823, "x_normalized": 14.780201637059285, "y_normalized": 10.665695502067493, "z_normalized": -0.08228597790002823}, "right_eye_outer": {"x": 0.5103880167007446, "y": 0.3775899112224579, "z": -0.0822075605392456, "x_normalized": 14.71916900661001, "y_normalized": 10.688370739299435, "z_normalized": -0.0822075605392456}, "left_ear": {"x": 0.5269055366516113, "y": 0.38312503695487976, "z": -0.012759482488036156, "x_normalized": 15.212338287404366, "y_normalized": 10.853634894250348, "z_normalized": -0.012759482488036156}, "right_ear": {"x": 0.5065374970436096, "y": 0.3859046399593353, "z": -0.023446617648005486, "x_normalized": 14.604202715324, "y_normalized": 10.936626458279259, "z_normalized": -0.023446617648005486}, "mouth_left": {"x": 0.5227574110031128, "y": 0.39448627829551697, "z": -0.06801719963550568, "x_normalized": 15.088486271556956, "y_normalized": 11.192851389072814, "z_normalized": -0.06801719963550568}, "mouth_right": {"x": 0.5138794183731079, "y": 0.3951209783554077, "z": -0.07118572294712067, "x_normalized": 14.823412988566469, "y_normalized": 11.211801847312765, "z_normalized": -0.07118572294712067}, "left_shoulder": {"x": 0.5461126565933228, "y": 0.433952271938324, "z": 0.030694296583533287, "x_normalized": 15.785811881258734, "y_normalized": 12.371201150935004, "z_normalized": 0.030694296583533287}, "right_shoulder": {"x": 0.4907887876033783, "y": 0.43983373045921326, "z": 0.042107146233320236, "x_normalized": 14.133988074676896, "y_normalized": 12.546805883206972, "z_normalized": 0.042107146233320236}, "left_elbow": {"x": 0.5727623701095581, "y": 0.4569939076900482, "z": 0.105501689016819, "x_normalized": 16.581501554240653, "y_normalized": 13.059163203701111, "z_normalized": 0.105501689016819}, "right_elbow": {"x": 0.47567084431648254, "y": 0.4565504491329193, "z": 0.1367756724357605, "x_normalized": 13.682606436267127, "y_normalized": 13.04592270886097, "z_normalized": 0.1367756724357605}, "left_wrist": {"x": 0.5536244511604309, "y": 0.47935089468955994, "z": 0.19034811854362488, "x_normalized": 16.01009411825045, "y_normalized": 13.726683462921347, "z_normalized": 0.19034811854362488}, "right_wrist": {"x": 0.4948607385158539, "y": 0.46210289001464844, "z": 0.23501048982143402, "x_normalized": 14.255565715200959, "y_normalized": 13.211703848187026, "z_normalized": 0.23501048982143402}, "left_pinky": {"x": 0.5494488477706909, "y": 0.49130967259407043, "z": 0.19646869599819183, "x_normalized": 15.885421690021143, "y_normalized": 14.083740812686342, "z_normalized": 0.19646869599819183}, "right_pinky": {"x": 0.49948227405548096, "y": 0.4637300372123718, "z": 0.24193806946277618, "x_normalized": 14.393552493181138, "y_normalized": 13.260286142359202, "z_normalized": 0.24193806946277618}, "left_index": {"x": 0.546329915523529, "y": 0.48920145630836487, "z": 0.18969637155532837, "x_normalized": 15.79229865594856, "y_normalized": 14.020795073103578, "z_normalized": 0.18969637155532837}, "right_index": {"x": 0.5019091963768005, "y": 0.46361830830574036, "z": 0.24311821162700653, "x_normalized": 14.466013948612051, "y_normalized": 13.256950213921321, "z_normalized": 0.24311821162700653}, "left_thumb": {"x": 0.5474599003791809, "y": 0.484664648771286, "z": 0.18942230939865112, "x_normalized": 15.826037002881275, "y_normalized": 13.88533804827061, "z_normalized": 0.18942230939865112}, "right_thumb": {"x": 0.5002896189689636, "y": 0.4624894857406616, "z": 0.23667605221271515, "x_normalized": 14.417657668263088, "y_normalized": 13.223246569898471, "z_normalized": 0.23667605221271515}, "left_hip": {"x": 0.5363886952400208, "y": 0.5862662196159363, "z": -0.0037140885833650827, "x_normalized": 15.495480218796995, "y_normalized": 16.918891134332046, "z_normalized": -0.0037140885833650827}, "right_hip": {"x": 0.5029348134994507, "y": 0.584656298160553, "z": 0.003767929272726178, "x_normalized": 14.496636152202683, "y_normalized": 16.87082315508041, "z_normalized": 0.003767929272726178}, "left_knee": {"x": 0.5310878157615662, "y": 0.7091218829154968, "z": -0.026709437370300293, "x_normalized": 15.337210034910834, "y_normalized": 20.58703497742628, "z_normalized": -0.026709437370300293}, "right_knee": {"x": 0.5049494504928589, "y": 0.7074544429779053, "z": -0.018852422013878822, "x_normalized": 14.556787862632353, "y_normalized": 20.53724964904551, "z_normalized": -0.018852422013878822}, "left_ankle": {"x": 0.5226725935935974, "y": 0.8073685765266418, "z": 0.08749615401029587, "x_normalized": 15.085953848955139, "y_normalized": 23.52042033871289, "z_normalized": 0.08749615401029587}, "right_ankle": {"x": 0.5086231827735901, "y": 0.8079022169113159, "z": 0.09087787568569183, "x_normalized": 14.666475752346338, "y_normalized": 23.536353423431137, "z_normalized": 0.09087787568569183}, "left_heel": {"x": 0.5207889676094055, "y": 0.818451464176178, "z": 0.09500430524349213, "x_normalized": 15.0297137793398, "y_normalized": 23.8513259315322, "z_normalized": 0.09500430524349213}, "right_heel": {"x": 0.5101214051246643, "y": 0.8192330598831177, "z": 0.09782280772924423, "x_normalized": 14.711208692978296, "y_normalized": 23.87466230368795, "z_normalized": 0.09782280772924423}, "left_foot_index": {"x": 0.5241320729255676, "y": 0.842501163482666, "z": 0.02193673513829708, "x_normalized": 15.129530025924987, "y_normalized": 24.569386084968183, "z_normalized": 0.02193673513829708}, "right_foot_index": {"x": 0.5070905089378357, "y": 0.8437473177909851, "z": 0.021606313064694405, "x_normalized": 14.620714181873305, "y_normalized": 24.60659294325082, "z_normalized": 0.021606313064694405}}}