{"sequence_id": 1697925405990398000, "sequence_source": "mediapipe", "frame_number": 473, "image_dimensions": {"height": 1080, "width": 1920}, "joint_positions": {"nose": {"x": 0.5260568857192993, "y": 0.41328924894332886, "z": -0.08328796178102493, "x_normalized": 29.581387996558245, "y_normalized": 23.13744340144005, "z_normalized": -0.08328796178102493}, "left_eye_inner": {"x": 0.5278703570365906, "y": 0.4088764190673828, "z": -0.07819048315286636, "x_normalized": 29.685176142518795, "y_normalized": 22.88488940353736, "z_normalized": -0.07819048315286636}, "left_eye": {"x": 0.5290741920471191, "y": 0.408930242061615, "z": -0.07816541194915771, "x_normalized": 29.75407373278881, "y_normalized": 22.887969787951572, "z_normalized": -0.07816541194915771}, "left_eye_outer": {"x": 0.5302547216415405, "y": 0.4090178608894348, "z": -0.07819953560829163, "x_normalized": 29.821637513196194, "y_normalized": 22.89298436723052, "z_normalized": -0.07819953560829163}, "right_eye_inner": {"x": 0.524621844291687, "y": 0.4088670611381531, "z": -0.07804644107818604, "x_normalized": 29.499258057292966, "y_normalized": 22.884353832825255, "z_normalized": -0.07804644107818604}, "right_eye": {"x": 0.5236696004867554, "y": 0.40896153450012207, "z": -0.07807035744190216, "x_normalized": 29.444759473238214, "y_normalized": 22.889760709122626, "z_normalized": -0.07807035744190216}, "right_eye_outer": {"x": 0.5228188037872314, "y": 0.4090486466884613, "z": -0.07802557945251465, "x_normalized": 29.3960668850561, "y_normalized": 22.894746292534997, "z_normalized": -0.07802557945251465}, "left_ear": {"x": 0.5323134064674377, "y": 0.4120756983757019, "z": -0.04154791682958603, "x_normalized": 29.939459658580958, "y_normalized": 23.067989772787403, "z_normalized": -0.04154791682958603}, "right_ear": {"x": 0.5213359594345093, "y": 0.41222724318504333, "z": -0.04119039326906204, "x_normalized": 29.311201100497133, "y_normalized": 23.07666294817293, "z_normalized": -0.04119039326906204}, "mouth_left": {"x": 0.5286252498626709, "y": 0.41922158002853394, "z": -0.06938041001558304, "x_normalized": 29.728379983721435, "y_normalized": 23.47696112013065, "z_normalized": -0.06938041001558304}, "mouth_right": {"x": 0.5239699482917786, "y": 0.41871902346611023, "z": -0.06926299631595612, "x_normalized": 29.461948905201904, "y_normalized": 23.44819892612354, "z_normalized": -0.06926299631595612}, "left_shoulder": {"x": 0.541753888130188, "y": 0.4392658770084381, "z": -0.010161888785660267, "x_normalized": 30.479754991299497, "y_normalized": 24.62413141215064, "z_normalized": -0.010161888785660267}, "right_shoulder": {"x": 0.5128996968269348, "y": 0.4400222897529602, "z": -0.001524349907413125, "x_normalized": 28.828378986616503, "y_normalized": 24.667422240953016, "z_normalized": -0.001524349907413125}, "left_elbow": {"x": 0.5547330975532532, "y": 0.4529511630535126, "z": 0.051669083535671234, "x_normalized": 31.222577923875974, "y_normalized": 25.407364348902917, "z_normalized": 0.051669083535671234}, "right_elbow": {"x": 0.5011294484138489, "y": 0.4506656229496002, "z": 0.05733386054635048, "x_normalized": 28.154747014254248, "y_normalized": 25.276558877847624, "z_normalized": 0.05733386054635048}, "left_wrist": {"x": 0.545725405216217, "y": 0.4690718650817871, "z": 0.10817818343639374, "x_normalized": 30.707051883772703, "y_normalized": 26.329980416300224, "z_normalized": 0.10817818343639374}, "right_wrist": {"x": 0.507205069065094, "y": 0.47066226601600647, "z": 0.10221817344427109, "x_normalized": 28.50246544626906, "y_normalized": 26.42100185276998, "z_normalized": 0.10221817344427109}, "left_pinky": {"x": 0.5434499382972717, "y": 0.4760819673538208, "z": 0.1145024299621582, "x_normalized": 30.57682291877057, "y_normalized": 26.731180871400312, "z_normalized": 0.1145024299621582}, "right_pinky": {"x": 0.5080152750015259, "y": 0.4802002012729645, "z": 0.10779677331447601, "x_normalized": 28.54883495384644, "y_normalized": 26.966874625706943, "z_normalized": 0.10779677331447601}, "left_index": {"x": 0.5420235991477966, "y": 0.4742870330810547, "z": 0.10834906250238419, "x_normalized": 30.495191026154764, "y_normalized": 26.628453633028712, "z_normalized": 0.10834906250238419}, "right_index": {"x": 0.5116382241249084, "y": 0.47891873121261597, "z": 0.1032799705862999, "x_normalized": 28.756182690113327, "y_normalized": 26.893533845293508, "z_normalized": 0.1032799705862999}, "left_thumb": {"x": 0.5422722101211548, "y": 0.4703711271286011, "z": 0.10712967067956924, "x_normalized": 30.509419468448975, "y_normalized": 26.404339463322344, "z_normalized": 0.10712967067956924}, "right_thumb": {"x": 0.5110776424407959, "y": 0.475679874420166, "z": 0.1017163023352623, "x_normalized": 28.724099616563322, "y_normalized": 26.708168387171888, "z_normalized": 0.1017163023352623}, "left_hip": {"x": 0.5344169735908508, "y": 0.5170776844024658, "z": -0.0037310791667550802, "x_normalized": 30.05985049661677, "y_normalized": 29.0774377017303, "z_normalized": -0.0037310791667550802}, "right_hip": {"x": 0.5171245336532593, "y": 0.5145735144615173, "z": 0.003723928239196539, "x_normalized": 29.070173812379185, "y_normalized": 28.934119661426585, "z_normalized": 0.003723928239196539}, "left_knee": {"x": 0.5313506126403809, "y": 0.5815993547439575, "z": -0.016157757490873337, "x_normalized": 29.88435727824568, "y_normalized": 32.77012612485006, "z_normalized": -0.016157757490873337}, "right_knee": {"x": 0.5191075205802917, "y": 0.5804575085639954, "z": -0.0068684471771121025, "x_normalized": 29.18366363416921, "y_normalized": 32.70477626413794, "z_normalized": -0.0068684471771121025}, "left_ankle": {"x": 0.5281112790107727, "y": 0.6343750953674316, "z": 0.038709018379449844, "x_normalized": 29.698964529896692, "y_normalized": 35.790574377203356, "z_normalized": 0.038709018379449844}, "right_ankle": {"x": 0.521931529045105, "y": 0.6340120434761047, "z": 0.0434066578745842, "x_normalized": 29.3452865944803, "y_normalized": 35.76979628034072, "z_normalized": 0.0434066578745842}, "left_heel": {"x": 0.5272914171218872, "y": 0.6403757333755493, "z": 0.041915182024240494, "x_normalized": 29.652042395215105, "y_normalized": 36.13400142096449, "z_normalized": 0.041915182024240494}, "right_heel": {"x": 0.5232198238372803, "y": 0.6405016183853149, "z": 0.04553772881627083, "x_normalized": 29.419017966272946, "y_normalized": 36.14120604098975, "z_normalized": 0.04553772881627083}, "left_foot_index": {"x": 0.5291329622268677, "y": 0.6515936851501465, "z": 0.000211541642784141, "x_normalized": 29.75743725331197, "y_normalized": 36.77602448747726, "z_normalized": 0.000211541642784141}, "right_foot_index": {"x": 0.5187855362892151, "y": 0.6510025262832642, "z": 0.006448936183005571, "x_normalized": 29.16523590813868, "y_normalized": 36.74219142809725, "z_normalized": 0.006448936183005571}}}