{"sequence_id": 1697925405990398000, "sequence_source": "mediapipe", "frame_number": 481, "image_dimensions": {"height": 1080, "width": 1920}, "joint_positions": {"nose": {"x": 0.524666428565979, "y": 0.41554659605026245, "z": -0.10131438821554184, "x_normalized": 30.44890382710476, "y_normalized": 24.01638254553058, "z_normalized": -0.10131438821554184}, "left_eye_inner": {"x": 0.5259169936180115, "y": 0.4113566279411316, "z": -0.0980832651257515, "x_normalized": 30.52273386237992, "y_normalized": 23.76901796997639, "z_normalized": -0.0980832651257515}, "left_eye": {"x": 0.5269089341163635, "y": 0.4112796187400818, "z": -0.09806216508150101, "x_normalized": 30.581295391718328, "y_normalized": 23.764471551522764, "z_normalized": -0.09806216508150101}, "left_eye_outer": {"x": 0.5279110670089722, "y": 0.4111733138561249, "z": -0.09809645265340805, "x_normalized": 30.640458652910894, "y_normalized": 23.758195593850907, "z_normalized": -0.09809645265340805}, "right_eye_inner": {"x": 0.5232279896736145, "y": 0.4117758572101593, "z": -0.0980159118771553, "x_normalized": 30.36398221987463, "y_normalized": 23.793768151240762, "z_normalized": -0.0980159118771553}, "right_eye": {"x": 0.5223159193992615, "y": 0.4120839536190033, "z": -0.09804196655750275, "x_normalized": 30.310136016176976, "y_normalized": 23.811957343954994, "z_normalized": -0.09804196655750275}, "right_eye_outer": {"x": 0.5214507579803467, "y": 0.4123774766921997, "z": -0.09802106022834778, "x_normalized": 30.259059186568336, "y_normalized": 23.829286165684774, "z_normalized": -0.09802106022834778}, "left_ear": {"x": 0.5300158858299255, "y": 0.41366156935691833, "z": -0.0685802698135376, "x_normalized": 30.764721559143755, "y_normalized": 23.90509558205913, "z_normalized": -0.0685802698135376}, "right_ear": {"x": 0.5200926065444946, "y": 0.4153182804584503, "z": -0.06885813921689987, "x_normalized": 30.178877537277085, "y_normalized": 24.002903400107506, "z_normalized": -0.06885813921689987}, "mouth_left": {"x": 0.5269632339477539, "y": 0.4207504987716675, "z": -0.08862925320863724, "x_normalized": 30.5845011093741, "y_normalized": 24.323607124424257, "z_normalized": -0.08862925320863724}, "mouth_right": {"x": 0.522860586643219, "y": 0.42168980836868286, "z": -0.08857962489128113, "x_normalized": 30.34229172192715, "y_normalized": 24.37906146529939, "z_normalized": -0.08857962489128113}, "left_shoulder": {"x": 0.5405938029289246, "y": 0.43830636143684387, "z": -0.04321588575839996, "x_normalized": 31.38921365676597, "y_normalized": 25.360058573110784, "z_normalized": -0.04321588575839996}, "right_shoulder": {"x": 0.512077271938324, "y": 0.4412977993488312, "z": -0.03134787455201149, "x_normalized": 29.70567349582878, "y_normalized": 25.536665112855772, "z_normalized": -0.03134787455201149}, "left_elbow": {"x": 0.5550504326820374, "y": 0.4514766037464142, "z": 0.02388797141611576, "x_normalized": 32.24269463554236, "y_normalized": 26.137594657873134, "z_normalized": 0.02388797141611576}, "right_elbow": {"x": 0.5020654201507568, "y": 0.4533397853374481, "z": 0.031028438359498978, "x_normalized": 29.114600388960493, "y_normalized": 26.24759194459284, "z_normalized": 0.031028438359498978}, "left_wrist": {"x": 0.5494954586029053, "y": 0.4717724621295929, "z": 0.07939688116312027, "x_normalized": 31.914743737227745, "y_normalized": 27.3358081677856, "z_normalized": 0.07939688116312027}, "right_wrist": {"x": 0.5075945258140564, "y": 0.47196081280708313, "z": 0.07958003878593445, "x_normalized": 29.441024084791458, "y_normalized": 27.346927890938428, "z_normalized": 0.07958003878593445}, "left_pinky": {"x": 0.5455414652824402, "y": 0.4785364270210266, "z": 0.0848206952214241, "x_normalized": 31.681310485712174, "y_normalized": 27.735134668812364, "z_normalized": 0.0848206952214241}, "right_pinky": {"x": 0.5097790360450745, "y": 0.4803830683231354, "z": 0.08645214885473251, "x_normalized": 29.56999175996588, "y_normalized": 27.844155460856467, "z_normalized": 0.08645214885473251}, "left_index": {"x": 0.5441806316375732, "y": 0.47766950726509094, "z": 0.07497991621494293, "x_normalized": 31.60097048593299, "y_normalized": 27.68395403166163, "z_normalized": 0.07497991621494293}, "right_index": {"x": 0.5121369361877441, "y": 0.4799223840236664, "z": 0.07943461835384369, "x_normalized": 29.70919591446042, "y_normalized": 27.81695788482855, "z_normalized": 0.07943461835384369}, "left_thumb": {"x": 0.5443766713142395, "y": 0.475138396024704, "z": 0.07711662352085114, "x_normalized": 31.612544147151233, "y_normalized": 27.534523954546167, "z_normalized": 0.07711662352085114}, "right_thumb": {"x": 0.5116410255432129, "y": 0.4764684736728668, "z": 0.0782976821064949, "x_normalized": 29.67991866869095, "y_normalized": 27.613048202063688, "z_normalized": 0.0782976821064949}, "left_hip": {"x": 0.5344448685646057, "y": 0.5171111226081848, "z": -0.004277038853615522, "x_normalized": 31.026196922622898, "y_normalized": 30.012482121709535, "z_normalized": -0.004277038853615522}, "right_hip": {"x": 0.5175690650939941, "y": 0.5156558752059937, "z": 0.004264757037162781, "x_normalized": 30.02989436042757, "y_normalized": 29.926568184755006, "z_normalized": 0.004264757037162781}, "left_knee": {"x": 0.530998945236206, "y": 0.5780764222145081, "z": -0.015958134084939957, "x_normalized": 30.822758772422112, "y_normalized": 33.61171129669734, "z_normalized": -0.015958134084939957}, "right_knee": {"x": 0.519265353679657, "y": 0.5794658660888672, "z": -0.009691721759736538, "x_normalized": 30.130038727897936, "y_normalized": 33.69374036834784, "z_normalized": -0.009691721759736538}, "left_ankle": {"x": 0.5279372930526733, "y": 0.6327901482582092, "z": 0.02668061852455139, "x_normalized": 30.642006968792934, "y_normalized": 36.84186419220372, "z_normalized": 0.02668061852455139}, "right_ankle": {"x": 0.5224452614784241, "y": 0.6333053112030029, "z": 0.029603807255625725, "x_normalized": 30.31777202859522, "y_normalized": 36.8722780425866, "z_normalized": 0.029603807255625725}, "left_heel": {"x": 0.5272765755653381, "y": 0.6381449103355408, "z": 0.029293004423379898, "x_normalized": 30.602999965264736, "y_normalized": 37.15799510631886, "z_normalized": 0.029293004423379898}, "right_heel": {"x": 0.5239876508712769, "y": 0.6400270462036133, "z": 0.032332323491573334, "x_normalized": 30.408830596957795, "y_normalized": 37.26911140315331, "z_normalized": 0.032332323491573334}, "left_foot_index": {"x": 0.5292230844497681, "y": 0.6502876281738281, "z": -0.007739243097603321, "x_normalized": 30.71791667380965, "y_normalized": 37.87486887860285, "z_normalized": -0.007739243097603321}, "right_foot_index": {"x": 0.5192834734916687, "y": 0.6508545875549316, "z": -0.004171961452811956, "x_normalized": 30.131108473416436, "y_normalized": 37.90834065285275, "z_normalized": -0.004171961452811956}}}