{"sequence_id": 1697925405990398000, "sequence_source": "mediapipe", "frame_number": 491, "image_dimensions": {"height": 1080, "width": 1920}, "joint_positions": {"nose": {"x": 0.5220476388931274, "y": 0.42035534977912903, "z": -0.09424468129873276, "x_normalized": 30.710033038179372, "y_normalized": 24.634277603905094, "z_normalized": -0.09424468129873276}, "left_eye_inner": {"x": 0.5237595438957214, "y": 0.4156876504421234, "z": -0.09032971411943436, "x_normalized": 30.812464547917884, "y_normalized": 24.354986703200638, "z_normalized": -0.09032971411943436}, "left_eye": {"x": 0.524909257888794, "y": 0.4156428277492523, "z": -0.09029853343963623, "x_normalized": 30.88125746569046, "y_normalized": 24.352304745910732, "z_normalized": -0.09029853343963623}, "left_eye_outer": {"x": 0.5260311961174011, "y": 0.4156148135662079, "z": -0.09032449871301651, "x_normalized": 30.94838842588711, "y_normalized": 24.35062852260454, "z_normalized": -0.09032449871301651}, "right_eye_inner": {"x": 0.5207186341285706, "y": 0.4159547686576843, "z": -0.0896710678935051, "x_normalized": 30.630512291247175, "y_normalized": 24.370969670746796, "z_normalized": -0.0896710678935051}, "right_eye": {"x": 0.5197433233261108, "y": 0.41608551144599915, "z": -0.08968798816204071, "x_normalized": 30.572154755163776, "y_normalized": 24.37879264058111, "z_normalized": -0.08968798816204071}, "right_eye_outer": {"x": 0.5188960433006287, "y": 0.4162083864212036, "z": -0.08965499699115753, "x_normalized": 30.521457916232926, "y_normalized": 24.386144841316668, "z_normalized": -0.08965499699115753}, "left_ear": {"x": 0.5284231901168823, "y": 0.4174269735813141, "z": -0.05733758956193924, "x_normalized": 31.091512931207824, "y_normalized": 24.45905877191968, "z_normalized": -0.05733758956193924}, "right_ear": {"x": 0.5177789330482483, "y": 0.4186922013759613, "z": -0.05492671951651573, "x_normalized": 30.45461583707415, "y_normalized": 24.534763436005864, "z_normalized": -0.05492671951651573}, "mouth_left": {"x": 0.524566113948822, "y": 0.4253849387168884, "z": -0.0814361423254013, "x_normalized": 30.860725513405907, "y_normalized": 24.935222099936222, "z_normalized": -0.0814361423254013}, "mouth_right": {"x": 0.5202802419662476, "y": 0.42594602704048157, "z": -0.0807163342833519, "x_normalized": 30.604281179721575, "y_normalized": 24.96879471289968, "z_normalized": -0.0807163342833519}, "left_shoulder": {"x": 0.5389254093170166, "y": 0.44007608294487, "z": -0.02727053500711918, "x_normalized": 31.719911216535856, "y_normalized": 25.814263916379396, "z_normalized": -0.02727053500711918}, "right_shoulder": {"x": 0.510731041431427, "y": 0.4430755078792572, "z": -0.014311135746538639, "x_normalized": 30.03290658469712, "y_normalized": 25.993733935983915, "z_normalized": -0.014311135746538639}, "left_elbow": {"x": 0.5554625391960144, "y": 0.4518616199493408, "z": 0.0344875231385231, "x_normalized": 32.709407232775575, "y_normalized": 26.51944927807751, "z_normalized": 0.0344875231385231}, "right_elbow": {"x": 0.5037329792976379, "y": 0.4568473696708679, "z": 0.05327100679278374, "x_normalized": 29.61417886994557, "y_normalized": 26.817770662956075, "z_normalized": 0.05327100679278374}, "left_wrist": {"x": 0.5483992099761963, "y": 0.4722740948200226, "z": 0.08660190552473068, "x_normalized": 32.286774274363864, "y_normalized": 27.74082582370074, "z_normalized": 0.08660190552473068}, "right_wrist": {"x": 0.5097849369049072, "y": 0.47895145416259766, "z": 0.10526231676340103, "x_normalized": 29.97629660057124, "y_normalized": 28.14036434802897, "z_normalized": 0.10526231676340103}, "left_pinky": {"x": 0.5449916124343872, "y": 0.4799792766571045, "z": 0.09490617364645004, "x_normalized": 32.082881324544886, "y_normalized": 28.201863911203336, "z_normalized": 0.09490617364645004}, "right_pinky": {"x": 0.5117988586425781, "y": 0.4848896861076355, "z": 0.1124957874417305, "x_normalized": 30.096799224123515, "y_normalized": 28.49567732531802, "z_normalized": 0.1124957874417305}, "left_index": {"x": 0.5434891581535339, "y": 0.4794735908508301, "z": 0.08791468292474747, "x_normalized": 31.992982258844577, "y_normalized": 28.171606297310312, "z_normalized": 0.08791468292474747}, "right_index": {"x": 0.5134531855583191, "y": 0.48417311906814575, "z": 0.10709407925605774, "x_normalized": 30.19578556000292, "y_normalized": 28.452801673005204, "z_normalized": 0.10709407925605774}, "left_thumb": {"x": 0.5438719391822815, "y": 0.4767344295978546, "z": 0.0858299657702446, "x_normalized": 32.01588588878576, "y_normalized": 28.007709105506816, "z_normalized": 0.0858299657702446}, "right_thumb": {"x": 0.5131834149360657, "y": 0.4816190302371979, "z": 0.10458575189113617, "x_normalized": 30.17964388620756, "y_normalized": 28.299978254320266, "z_normalized": 0.10458575189113617}, "left_hip": {"x": 0.5349419116973877, "y": 0.517805814743042, "z": -0.004249436315149069, "x_normalized": 31.481559395260682, "y_normalized": 30.465207612198903, "z_normalized": -0.004249436315149069}, "right_hip": {"x": 0.5182340741157532, "y": 0.5174035429954529, "z": 0.004198427312076092, "x_normalized": 30.481849116150897, "y_normalized": 30.44113775880852, "z_normalized": 0.004198427312076092}, "left_knee": {"x": 0.5319621562957764, "y": 0.5791276097297668, "z": -0.02010709047317505, "x_normalized": 31.303266298403063, "y_normalized": 34.13438553436628, "z_normalized": -0.02010709047317505}, "right_knee": {"x": 0.518079400062561, "y": 0.5765984654426575, "z": -0.009870744310319424, "x_normalized": 30.472594223641185, "y_normalized": 33.98305466771036, "z_normalized": -0.009870744310319424}, "left_ankle": {"x": 0.528803288936615, "y": 0.6311787962913513, "z": 0.04353583976626396, "x_normalized": 31.11425607168352, "y_normalized": 37.24885836732438, "z_normalized": 0.04353583976626396}, "right_ankle": {"x": 0.5183460712432861, "y": 0.619418740272522, "z": 0.07366375625133514, "x_normalized": 30.488550442943094, "y_normalized": 36.54519765554839, "z_normalized": 0.07366375625133514}, "left_heel": {"x": 0.52687668800354, "y": 0.6353562474250793, "z": 0.04795082286000252, "x_normalized": 30.99897827184097, "y_normalized": 37.498815360170504, "z_normalized": 0.04795082286000252}, "right_heel": {"x": 0.5197182297706604, "y": 0.6235297322273254, "z": 0.08002182096242905, "x_normalized": 30.570653287053336, "y_normalized": 36.791178076083014, "z_normalized": 0.08002182096242905}, "left_foot_index": {"x": 0.5295011401176453, "y": 0.6513704061508179, "z": 0.01178960595279932, "x_normalized": 31.1560118641705, "y_normalized": 38.457019497072956, "z_normalized": 0.01178960595279932}, "right_foot_index": {"x": 0.5149279236793518, "y": 0.6402716040611267, "z": 0.05104849860072136, "x_normalized": 30.284026234559875, "y_normalized": 37.792924788188195, "z_normalized": 0.05104849860072136}}}