{"sequence_id": 1697925405990398000, "sequence_source": "mediapipe", "frame_number": 273, "image_dimensions": {"height": 1080, "width": 1920}, "joint_positions": {"nose": {"x": 0.512879490852356, "y": 0.40259572863578796, "z": -0.12442828714847565, "x_normalized": 21.36121071080167, "y_normalized": 16.630197595347983, "z_normalized": -0.12442828714847565}, "left_eye_inner": {"x": 0.5148485898971558, "y": 0.39785873889923096, "z": -0.11566199362277985, "x_normalized": 21.445203078321608, "y_normalized": 16.428140220965627, "z_normalized": -0.11566199362277985}, "left_eye": {"x": 0.5164018273353577, "y": 0.39818093180656433, "z": -0.11563955992460251, "x_normalized": 21.511456774447105, "y_normalized": 16.441883432693107, "z_normalized": -0.11563955992460251}, "left_eye_outer": {"x": 0.5180140733718872, "y": 0.39850306510925293, "z": -0.1156703531742096, "x_normalized": 21.58022749575255, "y_normalized": 16.45562410197091, "z_normalized": -0.1156703531742096}, "right_eye_inner": {"x": 0.5104309320449829, "y": 0.3975050151348114, "z": -0.1171325072646141, "x_normalized": 21.25676687808225, "y_normalized": 16.413052053359166, "z_normalized": -0.1171325072646141}, "right_eye": {"x": 0.5088804364204407, "y": 0.39778080582618713, "z": -0.11715080589056015, "x_normalized": 21.19063013464188, "y_normalized": 16.424815968013323, "z_normalized": -0.11715080589056015}, "right_eye_outer": {"x": 0.5073902606964111, "y": 0.39817798137664795, "z": -0.11710483580827713, "x_normalized": 21.127066350274344, "y_normalized": 16.44175758143411, "z_normalized": -0.11710483580827713}, "left_ear": {"x": 0.5211418867111206, "y": 0.40305864810943604, "z": -0.0634935274720192, "x_normalized": 21.71364508498781, "y_normalized": 16.649943530762183, "z_normalized": -0.0634935274720192}, "right_ear": {"x": 0.5046501755714417, "y": 0.403428316116333, "z": -0.07055571675300598, "x_normalized": 21.01018739618611, "y_normalized": 16.665711803657167, "z_normalized": -0.07055571675300598}, "mouth_left": {"x": 0.5161274075508118, "y": 0.4115501940250397, "z": -0.10550140589475632, "x_normalized": 21.499751336135514, "y_normalized": 17.01215235273045, "z_normalized": -0.10550140589475632}, "mouth_right": {"x": 0.5107510685920715, "y": 0.4117708206176758, "z": -0.10751459747552872, "x_normalized": 21.270422375295883, "y_normalized": 17.02156323020881, "z_normalized": -0.10751459747552872}, "left_shoulder": {"x": 0.5319774150848389, "y": 0.43654659390449524, "z": -0.020923402160406113, "x_normalized": 22.175837011717704, "y_normalized": 18.07837947365413, "z_normalized": -0.020923402160406113}, "right_shoulder": {"x": 0.49368947744369507, "y": 0.4427899718284607, "z": -0.016347644850611687, "x_normalized": 20.542656325135116, "y_normalized": 18.344692178716084, "z_normalized": -0.016347644850611687}, "left_elbow": {"x": 0.5518686771392822, "y": 0.45383843779563904, "z": 0.06967787444591522, "x_normalized": 23.024303317830803, "y_normalized": 18.815967006916043, "z_normalized": 0.06967787444591522}, "right_elbow": {"x": 0.48402372002601624, "y": 0.4585718810558319, "z": 0.07229392230510712, "x_normalized": 20.130361244535578, "y_normalized": 19.01787310554263, "z_normalized": 0.07229392230510712}, "left_wrist": {"x": 0.5429848432540894, "y": 0.4784969091415405, "z": 0.13978125154972076, "x_normalized": 22.645361363315242, "y_normalized": 19.867779709397592, "z_normalized": 0.13978125154972076}, "right_wrist": {"x": 0.48406317830085754, "y": 0.47793251276016235, "z": 0.13419683277606964, "x_normalized": 20.132044346221566, "y_normalized": 19.843705253408782, "z_normalized": 0.13419683277606964}, "left_pinky": {"x": 0.5399109721183777, "y": 0.48789453506469727, "z": 0.15172283351421356, "x_normalized": 22.51424469103741, "y_normalized": 20.26863758012643, "z_normalized": 0.15172283351421356}, "right_pinky": {"x": 0.4830107092857361, "y": 0.4802492558956146, "z": 0.14406809210777283, "x_normalized": 20.08715104105498, "y_normalized": 19.94252645866815, "z_normalized": 0.14406809210777283}, "left_index": {"x": 0.5366910099983215, "y": 0.48615264892578125, "z": 0.1396976262331009, "x_normalized": 22.37689647460195, "y_normalized": 20.19433703077413, "z_normalized": 0.1396976262331009}, "right_index": {"x": 0.4848577678203583, "y": 0.47837033867836, "z": 0.1351616084575653, "x_normalized": 20.165937742861843, "y_normalized": 19.862380817509088, "z_normalized": 0.1351616084575653}, "left_thumb": {"x": 0.5370795726776123, "y": 0.48250824213027954, "z": 0.13731001317501068, "x_normalized": 22.39347070404445, "y_normalized": 20.038884030190786, "z_normalized": 0.13731001317501068}, "right_thumb": {"x": 0.4857185482978821, "y": 0.4784228205680847, "z": 0.13279925286769867, "x_normalized": 20.202654529868113, "y_normalized": 19.864619444449435, "z_normalized": 0.13279925286769867}, "left_hip": {"x": 0.527486264705658, "y": 0.5419982075691223, "z": -0.005557314492762089, "x_normalized": 21.984265971026957, "y_normalized": 22.576442033727098, "z_normalized": -0.005557314492762089}, "right_hip": {"x": 0.5040749311447144, "y": 0.5432313084602356, "z": 0.0055205123499035835, "x_normalized": 20.98565021435614, "y_normalized": 22.629040232638964, "z_normalized": 0.0055205123499035835}, "left_knee": {"x": 0.5251446962356567, "y": 0.6251989603042603, "z": -0.016671817749738693, "x_normalized": 21.884385835477236, "y_normalized": 26.12538906111004, "z_normalized": -0.016671817749738693}, "right_knee": {"x": 0.5078628659248352, "y": 0.6278781890869141, "z": -0.00544779421761632, "x_normalized": 21.14722543376101, "y_normalized": 26.239672174078347, "z_normalized": -0.00544779421761632}, "left_ankle": {"x": 0.5226892828941345, "y": 0.6917626857757568, "z": 0.06142349913716316, "x_normalized": 21.779649621044992, "y_normalized": 28.964679907379452, "z_normalized": 0.06142349913716316}, "right_ankle": {"x": 0.5131008625030518, "y": 0.6915550231933594, "z": 0.06619999557733536, "x_normalized": 21.37065336890099, "y_normalized": 28.95582201270578, "z_normalized": 0.06619999557733536}, "left_heel": {"x": 0.5221012830734253, "y": 0.6993312835693359, "z": 0.0659995824098587, "x_normalized": 21.754568354984205, "y_normalized": 29.287520167328637, "z_normalized": 0.0659995824098587}, "right_heel": {"x": 0.515148401260376, "y": 0.7003665566444397, "z": 0.06985573470592499, "x_normalized": 21.45799160019548, "y_normalized": 29.33167997576349, "z_normalized": 0.06985573470592499}, "left_foot_index": {"x": 0.5217160582542419, "y": 0.7154455184936523, "z": 0.01398496888577938, "x_normalized": 21.7381365027236, "y_normalized": 29.974876522327705, "z_normalized": 0.01398496888577938}, "right_foot_index": {"x": 0.5077623128890991, "y": 0.7156278491020203, "z": 0.020947804674506187, "x_normalized": 21.142936321156395, "y_normalized": 29.982653875888772, "z_normalized": 0.020947804674506187}}}