{"sequence_id": 1697925405990398000, "sequence_source": "mediapipe", "frame_number": 644, "image_dimensions": {"height": 1080, "width": 1920}, "joint_positions": {"nose": {"x": 0.5255776643753052, "y": 0.4252670705318451, "z": -0.06886395812034607, "x_normalized": 38.239029299821766, "y_normalized": 30.858448052501025, "z_normalized": -0.06886395812034607}, "left_eye_inner": {"x": 0.5264910459518433, "y": 0.42264458537101746, "z": -0.06524459272623062, "x_normalized": 38.306403806583816, "y_normalized": 30.665003550509592, "z_normalized": -0.06524459272623062}, "left_eye": {"x": 0.5271653532981873, "y": 0.42276203632354736, "z": -0.06523998081684113, "x_normalized": 38.356143286810855, "y_normalized": 30.673667180474002, "z_normalized": -0.06523998081684113}, "left_eye_outer": {"x": 0.5278807878494263, "y": 0.4228525757789612, "z": -0.065253347158432, "x_normalized": 38.408916466441816, "y_normalized": 30.68034571582845, "z_normalized": -0.065253347158432}, "right_eye_inner": {"x": 0.5247291326522827, "y": 0.4224407970905304, "z": -0.0665283128619194, "x_normalized": 38.17643836545316, "y_normalized": 30.64997135012983, "z_normalized": -0.0665283128619194}, "right_eye": {"x": 0.5241291522979736, "y": 0.4225153625011444, "z": -0.0665334016084671, "x_normalized": 38.13218152748221, "y_normalized": 30.65547157904913, "z_normalized": -0.0665334016084671}, "right_eye_outer": {"x": 0.5234971642494202, "y": 0.42255353927612305, "z": -0.06653890758752823, "x_normalized": 38.08556367997517, "y_normalized": 30.65828764349582, "z_normalized": -0.06653890758752823}, "left_ear": {"x": 0.5296546816825867, "y": 0.42515113949775696, "z": -0.036620739847421646, "x_normalized": 38.53976563739884, "y_normalized": 30.84989653751459, "z_normalized": -0.036620739847421646}, "right_ear": {"x": 0.5220020413398743, "y": 0.42568692564964294, "z": -0.03793353587388992, "x_normalized": 37.97527771497782, "y_normalized": 30.889418166415922, "z_normalized": -0.03793353587388992}, "mouth_left": {"x": 0.5272051095962524, "y": 0.4293675720691681, "z": -0.058373332023620605, "x_normalized": 38.35907586290132, "y_normalized": 31.160916676404398, "z_normalized": -0.058373332023620605}, "mouth_right": {"x": 0.5243423581123352, "y": 0.4303866922855377, "z": -0.05977291986346245, "x_normalized": 38.147908401058814, "y_normalized": 31.23609086830061, "z_normalized": -0.05977291986346245}, "left_shoulder": {"x": 0.5381500124931335, "y": 0.44664466381073, "z": -0.016904953867197037, "x_normalized": 39.16641362093979, "y_normalized": 32.435340821001645, "z_normalized": -0.016904953867197037}, "right_shoulder": {"x": 0.5149271488189697, "y": 0.4491472542285919, "z": -0.01303606852889061, "x_normalized": 37.453406674183306, "y_normalized": 32.61994142973075, "z_normalized": -0.01303606852889061}, "left_elbow": {"x": 0.5524206161499023, "y": 0.45755454897880554, "z": 0.015030547976493835, "x_normalized": 40.219067744111086, "y_normalized": 33.240095537880975, "z_normalized": 0.015030547976493835}, "right_elbow": {"x": 0.5115253925323486, "y": 0.46492666006088257, "z": 0.028063369914889336, "x_normalized": 37.202480163486115, "y_normalized": 33.78389055270113, "z_normalized": 0.028063369914889336}, "left_wrist": {"x": 0.5436965227127075, "y": 0.47366687655448914, "z": 0.03701112046837807, "x_normalized": 39.575545357219006, "y_normalized": 34.42860223769287, "z_normalized": 0.03701112046837807}, "right_wrist": {"x": 0.5172455310821533, "y": 0.4823630452156067, "z": 0.04918840900063515, "x_normalized": 37.62441938724887, "y_normalized": 35.070064786656346, "z_normalized": 0.04918840900063515}, "left_pinky": {"x": 0.5416544079780579, "y": 0.4794287085533142, "z": 0.03934883326292038, "x_normalized": 39.4249111901494, "y_normalized": 34.85361692918468, "z_normalized": 0.03934883326292038}, "right_pinky": {"x": 0.5191976428031921, "y": 0.48853635787963867, "z": 0.050713613629341125, "x_normalized": 37.768414588956254, "y_normalized": 35.52543186051776, "z_normalized": 0.050713613629341125}, "left_index": {"x": 0.540815532207489, "y": 0.47876009345054626, "z": 0.034040987491607666, "x_normalized": 39.363032515640846, "y_normalized": 34.804297330541814, "z_normalized": 0.034040987491607666}, "right_index": {"x": 0.5222457051277161, "y": 0.4889770448207855, "z": 0.04635538160800934, "x_normalized": 37.99325128477965, "y_normalized": 35.55793860913074, "z_normalized": 0.04635538160800934}, "left_thumb": {"x": 0.5411450266838074, "y": 0.4761578142642975, "z": 0.03596239164471626, "x_normalized": 39.3873372841987, "y_normalized": 34.612343298257535, "z_normalized": 0.03596239164471626}, "right_thumb": {"x": 0.5201014280319214, "y": 0.4855886995792389, "z": 0.048249516636133194, "x_normalized": 37.835081232524054, "y_normalized": 35.30800134823917, "z_normalized": 0.048249516636133194}, "left_hip": {"x": 0.536310613155365, "y": 0.5100468397140503, "z": -0.003517762292176485, "x_normalized": 39.0307325142655, "y_normalized": 37.11212699542572, "z_normalized": -0.003517762292176485}, "right_hip": {"x": 0.5228546857833862, "y": 0.5116974115371704, "z": 0.0035014753229916096, "x_normalized": 38.03817201928682, "y_normalized": 37.233879464836754, "z_normalized": 0.0035014753229916096}, "left_knee": {"x": 0.5352776050567627, "y": 0.5565624833106995, "z": -0.023864643648266792, "x_normalized": 38.954533899237234, "y_normalized": 40.543298177925365, "z_normalized": -0.023864643648266792}, "right_knee": {"x": 0.5232110619544983, "y": 0.5590749979019165, "z": 0.016821129247546196, "x_normalized": 38.06445968412174, "y_normalized": 40.72863083151064, "z_normalized": 0.016821129247546196}, "left_ankle": {"x": 0.5337461233139038, "y": 0.6061497330665588, "z": 0.007947312667965889, "x_normalized": 38.841565968100184, "y_normalized": 44.20104273924052, "z_normalized": 0.007947312667965889}, "right_ankle": {"x": 0.5272785425186157, "y": 0.5977431535720825, "z": 0.08045551925897598, "x_normalized": 38.364492555170365, "y_normalized": 43.58094139107993, "z_normalized": 0.08045551925897598}, "left_heel": {"x": 0.5332246422767639, "y": 0.6117414832115173, "z": 0.009000252932310104, "x_normalized": 38.803099538991525, "y_normalized": 44.61351154486405, "z_normalized": 0.009000252932310104}, "right_heel": {"x": 0.5290237665176392, "y": 0.6032038331031799, "z": 0.08479440957307816, "x_normalized": 38.49322692987624, "y_normalized": 43.983741928603116, "z_normalized": 0.08479440957307816}, "left_foot_index": {"x": 0.534862220287323, "y": 0.6213090419769287, "z": -0.0258924663066864, "x_normalized": 38.92389353525755, "y_normalized": 45.31925114953151, "z_normalized": -0.0258924663066864}, "right_foot_index": {"x": 0.5224971771240234, "y": 0.6117448210716248, "z": 0.05816139653325081, "x_normalized": 38.01180081780165, "y_normalized": 44.61375775814901, "z_normalized": 0.05816139653325081}}}