{"sequence_id": 1697925405990398000, "sequence_source": "mediapipe", "frame_number": 300, "image_dimensions": {"height": 1080, "width": 1920}, "joint_positions": {"nose": {"x": 0.5111424922943115, "y": 0.42080390453338623, "z": -0.13836558163166046, "x_normalized": 22.23831872898405, "y_normalized": 18.185877181838066, "z_normalized": -0.13836558163166046}, "left_eye_inner": {"x": 0.5130808353424072, "y": 0.4150739014148712, "z": -0.13114620745182037, "x_normalized": 22.324598706965737, "y_normalized": 17.93082194618916, "z_normalized": -0.13114620745182037}, "left_eye": {"x": 0.5142965316772461, "y": 0.41503843665122986, "z": -0.13109725713729858, "x_normalized": 22.378712065849946, "y_normalized": 17.929243330355856, "z_normalized": -0.13109725713729858}, "left_eye_outer": {"x": 0.5156605839729309, "y": 0.41498714685440063, "z": -0.1311405748128891, "x_normalized": 22.439429079875495, "y_normalized": 17.926960306953234, "z_normalized": -0.1311405748128891}, "right_eye_inner": {"x": 0.5088700652122498, "y": 0.4151998460292816, "z": -0.13264012336730957, "x_normalized": 22.13716792453904, "y_normalized": 17.936428022249288, "z_normalized": -0.13264012336730957}, "right_eye": {"x": 0.5073452591896057, "y": 0.4153706729412079, "z": -0.13268549740314484, "x_normalized": 22.069295403114456, "y_normalized": 17.9440319096077, "z_normalized": -0.13268549740314484}, "right_eye_outer": {"x": 0.5059401988983154, "y": 0.4156535863876343, "z": -0.13264672458171844, "x_normalized": 22.006753031621148, "y_normalized": 17.95662501894011, "z_normalized": -0.13264672458171844}, "left_ear": {"x": 0.5181300640106201, "y": 0.4171248972415924, "z": -0.08186047524213791, "x_normalized": 22.549351151454808, "y_normalized": 18.022116350935466, "z_normalized": -0.08186047524213791}, "right_ear": {"x": 0.5028789043426514, "y": 0.4193606376647949, "z": -0.09001772850751877, "x_normalized": 21.870487974144538, "y_normalized": 18.121634150262157, "z_normalized": -0.09001772850751877}, "mouth_left": {"x": 0.5143042802810669, "y": 0.42781901359558105, "z": -0.1197604238986969, "x_normalized": 22.379056973511005, "y_normalized": 18.498135353073508, "z_normalized": -0.1197604238986969}, "mouth_right": {"x": 0.5086469054222107, "y": 0.42842334508895874, "z": -0.12212567776441574, "x_normalized": 22.127234583900556, "y_normalized": 18.52503549750021, "z_normalized": -0.12212567776441574}, "left_shoulder": {"x": 0.5293910503387451, "y": 0.44625234603881836, "z": -0.0361625961959362, "x_normalized": 23.050602802135128, "y_normalized": 19.3186441473729, "z_normalized": -0.0361625961959362}, "right_shoulder": {"x": 0.49222487211227417, "y": 0.4528357982635498, "z": -0.03547530248761177, "x_normalized": 21.396253205868508, "y_normalized": 19.611688308751535, "z_normalized": -0.03547530248761177}, "left_elbow": {"x": 0.5482330918312073, "y": 0.45722874999046326, "z": 0.04546394571661949, "x_normalized": 23.889304148987424, "y_normalized": 19.807228400916888, "z_normalized": 0.04546394571661949}, "right_elbow": {"x": 0.4814373254776001, "y": 0.4620617628097534, "z": 0.04865660145878792, "x_normalized": 20.916075413278858, "y_normalized": 20.0223565950945, "z_normalized": 0.04865660145878792}, "left_wrist": {"x": 0.5396493673324585, "y": 0.47765401005744934, "z": 0.12272881716489792, "x_normalized": 23.50722340147449, "y_normalized": 20.716402342330976, "z_normalized": 0.12272881716489792}, "right_wrist": {"x": 0.4846629798412323, "y": 0.4729383587837219, "z": 0.12512987852096558, "x_normalized": 21.05965649287369, "y_normalized": 20.50649817265047, "z_normalized": 0.12512987852096558}, "left_pinky": {"x": 0.5366848111152649, "y": 0.4892721176147461, "z": 0.1331302374601364, "x_normalized": 23.3752643834894, "y_normalized": 21.233550256482307, "z_normalized": 0.1331302374601364}, "right_pinky": {"x": 0.4868188798427582, "y": 0.4795173406600952, "z": 0.1338840126991272, "x_normalized": 21.15562041672355, "y_normalized": 20.799343348840033, "z_normalized": 0.1338840126991272}, "left_index": {"x": 0.5348312258720398, "y": 0.48867401480674744, "z": 0.12372751533985138, "x_normalized": 23.29275716469252, "y_normalized": 21.206927364752378, "z_normalized": 0.12372751533985138}, "right_index": {"x": 0.49044087529182434, "y": 0.4798121154308319, "z": 0.12987664341926575, "x_normalized": 21.31684352318152, "y_normalized": 20.81246443220745, "z_normalized": 0.12987664341926575}, "left_thumb": {"x": 0.5351461172103882, "y": 0.4830150008201599, "z": 0.12097489833831787, "x_normalized": 23.306773681410764, "y_normalized": 20.95503201390594, "z_normalized": 0.12097489833831787}, "right_thumb": {"x": 0.490119993686676, "y": 0.47737500071525574, "z": 0.12498785555362701, "x_normalized": 21.302560366309923, "y_normalized": 20.70398301339702, "z_normalized": 0.12498785555362701}, "left_hip": {"x": 0.5249689221382141, "y": 0.5441081523895264, "z": -0.0014546694001182914, "x_normalized": 22.853763999969097, "y_normalized": 23.674424629890648, "z_normalized": -0.0014546694001182914}, "right_hip": {"x": 0.5025813579559326, "y": 0.5459806323051453, "z": 0.0014875753549858928, "x_normalized": 21.857243519959894, "y_normalized": 23.757772892753337, "z_normalized": 0.0014875753549858928}, "left_knee": {"x": 0.5251618027687073, "y": 0.6204431056976318, "z": -0.0006888742209412158, "x_normalized": 22.8623495475936, "y_normalized": 27.072263880856504, "z_normalized": -0.0006888742209412158}, "right_knee": {"x": 0.5062466263771057, "y": 0.6267336010932922, "z": -0.02899068407714367, "x_normalized": 22.020392803048082, "y_normalized": 27.352267879511274, "z_normalized": -0.02899068407714367}, "left_ankle": {"x": 0.525867223739624, "y": 0.667858898639679, "z": 0.10830746591091156, "x_normalized": 22.893749410429184, "y_normalized": 29.182846718627758, "z_normalized": 0.10830746591091156}, "right_ankle": {"x": 0.5116457343101501, "y": 0.6906904578208923, "z": 0.03988891839981079, "x_normalized": 22.260719155001865, "y_normalized": 30.199130407615606, "z_normalized": 0.03988891839981079}, "left_heel": {"x": 0.5248815417289734, "y": 0.6725925803184509, "z": 0.11695192754268646, "x_normalized": 22.849874502806703, "y_normalized": 29.39355346190419, "z_normalized": 0.11695192754268646}, "right_heel": {"x": 0.5137307643890381, "y": 0.6985448002815247, "z": 0.04355344921350479, "x_normalized": 22.353528500320973, "y_normalized": 30.548744731679527, "z_normalized": 0.04355344921350479}, "left_foot_index": {"x": 0.5280376672744751, "y": 0.6921606659889221, "z": 0.07681689411401749, "x_normalized": 22.990360699427498, "y_normalized": 30.264572656597657, "z_normalized": 0.07681689411401749}, "right_foot_index": {"x": 0.5088408589363098, "y": 0.7153592705726624, "z": -0.011165576055645943, "x_normalized": 22.135867887970434, "y_normalized": 31.297194356176256, "z_normalized": -0.011165576055645943}}}