{"sequence_id": 1697925405990398000, "sequence_source": "mediapipe", "frame_number": 483, "image_dimensions": {"height": 1080, "width": 1920}, "joint_positions": {"nose": {"x": 0.5244067311286926, "y": 0.4169354736804962, "z": -0.10798531025648117, "x_normalized": 30.873959712286332, "y_normalized": 24.448676268072592, "z_normalized": -0.10798531025648117}, "left_eye_inner": {"x": 0.5257412195205688, "y": 0.41254937648773193, "z": -0.10456010699272156, "x_normalized": 30.953865612833702, "y_normalized": 24.186047497219544, "z_normalized": -0.10456010699272156}, "left_eye": {"x": 0.5267466902732849, "y": 0.41244038939476013, "z": -0.10453884303569794, "x_normalized": 31.014070741974507, "y_normalized": 24.179521616691122, "z_normalized": -0.10453884303569794}, "left_eye_outer": {"x": 0.527755081653595, "y": 0.4123237431049347, "z": -0.10457633435726166, "x_normalized": 31.074450751151353, "y_normalized": 24.172537122190644, "z_normalized": -0.10457633435726166}, "right_eye_inner": {"x": 0.523002564907074, "y": 0.413038045167923, "z": -0.1041654646396637, "x_normalized": 30.78988167373638, "y_normalized": 24.215307782432713, "z_normalized": -0.1041654646396637}, "right_eye": {"x": 0.5220621824264526, "y": 0.4133327603340149, "z": -0.1041908711194992, "x_normalized": 30.73357387111296, "y_normalized": 24.232954605660925, "z_normalized": -0.1041908711194992}, "right_eye_outer": {"x": 0.5211656093597412, "y": 0.41363492608070374, "z": -0.10416130721569061, "x_normalized": 30.679889269030085, "y_normalized": 24.251047551430048, "z_normalized": -0.10416130721569061}, "left_ear": {"x": 0.5298538208007812, "y": 0.4144511818885803, "z": -0.07101527601480484, "x_normalized": 31.200118117455045, "y_normalized": 24.299922952521918, "z_normalized": -0.07101527601480484}, "right_ear": {"x": 0.5198822021484375, "y": 0.4161930978298187, "z": -0.06935552507638931, "x_normalized": 30.603041984623193, "y_normalized": 24.40422461809638, "z_normalized": -0.06935552507638931}, "mouth_left": {"x": 0.526785135269165, "y": 0.42206212878227234, "z": -0.09452570974826813, "x_normalized": 31.0163727342856, "y_normalized": 24.75564783500187, "z_normalized": -0.09452570974826813}, "mouth_right": {"x": 0.5226379036903381, "y": 0.4229591488838196, "z": -0.09409641474485397, "x_normalized": 30.76804665209411, "y_normalized": 24.8093592044372, "z_normalized": -0.09409641474485397}, "left_shoulder": {"x": 0.5404927134513855, "y": 0.43850961327552795, "z": -0.03760695457458496, "x_normalized": 31.837148985050746, "y_normalized": 25.740482973451204, "z_normalized": -0.03760695457458496}, "right_shoulder": {"x": 0.5120813250541687, "y": 0.4415764808654785, "z": -0.02562762424349785, "x_normalized": 30.13594454633038, "y_normalized": 25.924119502720664, "z_normalized": -0.02562762424349785}, "left_elbow": {"x": 0.5555585026741028, "y": 0.45151013135910034, "z": 0.024642374366521835, "x_normalized": 32.739251590533506, "y_normalized": 26.51892219508404, "z_normalized": 0.024642374366521835}, "right_elbow": {"x": 0.5027167797088623, "y": 0.453962117433548, "z": 0.037835314869880676, "x_normalized": 29.575218478131827, "y_normalized": 26.66574112329733, "z_normalized": 0.037835314869880676}, "left_wrist": {"x": 0.549403965473175, "y": 0.4726298749446869, "z": 0.07979914546012878, "x_normalized": 32.37073295786037, "y_normalized": 27.78352077893767, "z_normalized": 0.07979914546012878}, "right_wrist": {"x": 0.5088446140289307, "y": 0.474437415599823, "z": 0.09222202748060226, "x_normalized": 29.942138207618346, "y_normalized": 27.891751891852458, "z_normalized": 0.09222202748060226}, "left_pinky": {"x": 0.5454093813896179, "y": 0.48037204146385193, "z": 0.08750604093074799, "x_normalized": 32.13154703428703, "y_normalized": 28.247102771608116, "z_normalized": 0.08750604093074799}, "right_pinky": {"x": 0.5115017890930176, "y": 0.4820006191730499, "z": 0.0996161624789238, "x_normalized": 30.101243350608282, "y_normalized": 28.344618021090263, "z_normalized": 0.0996161624789238}, "left_index": {"x": 0.543834924697876, "y": 0.4799954891204834, "z": 0.08007041364908218, "x_normalized": 32.03727241894205, "y_normalized": 28.224555738390556, "z_normalized": 0.08007041364908218}, "right_index": {"x": 0.5134455561637878, "y": 0.4820480942726135, "z": 0.0936460793018341, "x_normalized": 30.217631368061056, "y_normalized": 28.347460713920935, "z_normalized": 0.0936460793018341}, "left_thumb": {"x": 0.5440652966499329, "y": 0.47756725549697876, "z": 0.07896418124437332, "x_normalized": 32.05106652790697, "y_normalized": 28.079159048837685, "z_normalized": 0.07896418124437332}, "right_thumb": {"x": 0.5129365921020508, "y": 0.47937920689582825, "z": 0.0914570614695549, "x_normalized": 30.18715584504645, "y_normalized": 28.187654266296693, "z_normalized": 0.0914570614695549}, "left_hip": {"x": 0.5345510840415955, "y": 0.5171287655830383, "z": -0.004389035981148481, "x_normalized": 31.48137875010663, "y_normalized": 30.44800549942079, "z_normalized": -0.004389035981148481}, "right_hip": {"x": 0.5179140567779541, "y": 0.5156712532043457, "z": 0.0043792990036308765, "x_normalized": 30.48519425421656, "y_normalized": 30.360733223477926, "z_normalized": 0.0043792990036308765}, "left_knee": {"x": 0.5311511158943176, "y": 0.5783746242523193, "z": -0.01521468535065651, "x_normalized": 31.277796974278193, "y_normalized": 34.11525770000764, "z_normalized": -0.01521468535065651}, "right_knee": {"x": 0.5194720029830933, "y": 0.5787465572357178, "z": -0.009391197003424168, "x_normalized": 30.57848026201088, "y_normalized": 34.13752813724984, "z_normalized": -0.009391197003424168}, "left_ankle": {"x": 0.5279914736747742, "y": 0.6332097053527832, "z": 0.030825218185782433, "x_normalized": 31.088605327129326, "y_normalized": 37.39864822149439, "z_normalized": 0.030825218185782433}, "right_ankle": {"x": 0.5224171876907349, "y": 0.6325738430023193, "z": 0.033959779888391495, "x_normalized": 30.754830717942212, "y_normalized": 37.36057433936302, "z_normalized": 0.033959779888391495}, "left_heel": {"x": 0.5273505449295044, "y": 0.6391435265541077, "z": 0.03313886374235153, "x_normalized": 31.050228081670134, "y_normalized": 37.75395092001563, "z_normalized": 0.03313886374235153}, "right_heel": {"x": 0.5238185524940491, "y": 0.6392703056335449, "z": 0.036262765526771545, "x_normalized": 30.83874101441678, "y_normalized": 37.761542141171745, "z_normalized": 0.036262765526771545}, "left_foot_index": {"x": 0.5292348861694336, "y": 0.6503708958625793, "z": -0.008324237540364265, "x_normalized": 31.163057825736615, "y_normalized": 38.42621833038252, "z_normalized": -0.008324237540364265}, "right_foot_index": {"x": 0.5193794369697571, "y": 0.6498628258705139, "z": -0.0035139312967658043, "x_normalized": 30.572937635562624, "y_normalized": 38.39579634207283, "z_normalized": -0.0035139312967658043}}}