{"sequence_id": 1697925405990398000, "sequence_source": "mediapipe", "frame_number": 328, "image_dimensions": {"height": 1080, "width": 1920}, "joint_positions": {"nose": {"x": 0.5226118564605713, "y": 0.40871742367744446, "z": -0.14454369246959686, "x_normalized": 24.404970581170335, "y_normalized": 18.960774007213196, "z_normalized": -0.14454369246959686}, "left_eye_inner": {"x": 0.5241575241088867, "y": 0.4048624336719513, "z": -0.13957951962947845, "x_normalized": 24.478699645744467, "y_normalized": 18.776889193839896, "z_normalized": -0.13957951962947845}, "left_eye": {"x": 0.5253788828849792, "y": 0.4051946699619293, "z": -0.13954618573188782, "x_normalized": 24.53695902651681, "y_normalized": 18.79273701914979, "z_normalized": -0.13954618573188782}, "left_eye_outer": {"x": 0.5266880393028259, "y": 0.4055418074131012, "z": -0.13957913219928741, "x_normalized": 24.59940639557073, "y_normalized": 18.80929563676817, "z_normalized": -0.13957913219928741}, "right_eye_inner": {"x": 0.521112859249115, "y": 0.4047004282474518, "z": -0.13931794464588165, "x_normalized": 24.33346771810637, "y_normalized": 18.76916145986209, "z_normalized": -0.13931794464588165}, "right_eye": {"x": 0.520149290561676, "y": 0.40505409240722656, "z": -0.13934417068958282, "x_normalized": 24.287505044270745, "y_normalized": 18.78603140451158, "z_normalized": -0.13934417068958282}, "right_eye_outer": {"x": 0.5191773772239685, "y": 0.40537768602371216, "z": -0.13932235538959503, "x_normalized": 24.241144326742372, "y_normalized": 18.801466970282558, "z_normalized": -0.13932235538959503}, "left_ear": {"x": 0.5299028158187866, "y": 0.41021034121513367, "z": -0.09829907864332199, "x_normalized": 24.752752728202445, "y_normalized": 19.031986867015302, "z_normalized": -0.09829907864332199}, "right_ear": {"x": 0.517022967338562, "y": 0.4110730290412903, "z": -0.09733413904905319, "x_normalized": 24.138377974782173, "y_normalized": 19.073137476922508, "z_normalized": -0.09733413904905319}, "mouth_left": {"x": 0.5253840088844299, "y": 0.4162714183330536, "z": -0.12852251529693604, "x_normalized": 24.53720353907093, "y_normalized": 19.321103060074616, "z_normalized": -0.12852251529693604}, "mouth_right": {"x": 0.521368145942688, "y": 0.4169667661190033, "z": -0.128286674618721, "x_normalized": 24.345645011935268, "y_normalized": 19.35427147235758, "z_normalized": -0.128286674618721}, "left_shoulder": {"x": 0.5412653088569641, "y": 0.44032806158065796, "z": -0.05373653024435043, "x_normalized": 25.294748922434707, "y_normalized": 20.468616113978857, "z_normalized": -0.05373653024435043}, "right_shoulder": {"x": 0.5068271160125732, "y": 0.4439891278743744, "z": -0.04901661351323128, "x_normalized": 23.65203113196552, "y_normalized": 20.643250676249586, "z_normalized": -0.04901661351323128}, "left_elbow": {"x": 0.5569502115249634, "y": 0.45424190163612366, "z": 0.024626871570944786, "x_normalized": 26.0429260631727, "y_normalized": 21.132312745684636, "z_normalized": 0.024626871570944786}, "right_elbow": {"x": 0.4938880205154419, "y": 0.45521560311317444, "z": 0.026201607659459114, "x_normalized": 23.034830268326722, "y_normalized": 21.17875875829003, "z_normalized": 0.026201607659459114}, "left_wrist": {"x": 0.5575351119041443, "y": 0.46982789039611816, "z": 0.09008707106113434, "x_normalized": 26.070826082865203, "y_normalized": 21.875771647078935, "z_normalized": 0.09008707106113434}, "right_wrist": {"x": 0.5034078359603882, "y": 0.46593600511550903, "z": 0.08545497804880142, "x_normalized": 23.488929885692205, "y_normalized": 21.690126911949836, "z_normalized": 0.08545497804880142}, "left_pinky": {"x": 0.5615556240081787, "y": 0.47518491744995117, "z": 0.10138584673404694, "x_normalized": 26.26260637720111, "y_normalized": 22.131304325147134, "z_normalized": 0.10138584673404694}, "right_pinky": {"x": 0.5046860575675964, "y": 0.47213214635849, "z": 0.09402897953987122, "x_normalized": 23.549901649913714, "y_normalized": 21.985685726493223, "z_normalized": 0.09402897953987122}, "left_index": {"x": 0.5578726530075073, "y": 0.4752390682697296, "z": 0.09063629806041718, "x_normalized": 26.086926950236915, "y_normalized": 22.133887344396154, "z_normalized": 0.09063629806041718}, "right_index": {"x": 0.5077779293060303, "y": 0.47192126512527466, "z": 0.08941575139760971, "x_normalized": 23.69738536758508, "y_normalized": 21.9756265937436, "z_normalized": 0.08941575139760971}, "left_thumb": {"x": 0.5592100620269775, "y": 0.47448205947875977, "z": 0.08807156980037689, "x_normalized": 26.150721981507715, "y_normalized": 22.097777673540694, "z_normalized": 0.08807156980037689}, "right_thumb": {"x": 0.5069946646690369, "y": 0.4691341817378998, "z": 0.08562135696411133, "x_normalized": 23.66002328068208, "y_normalized": 21.842681421949905, "z_normalized": 0.08562135696411133}, "left_hip": {"x": 0.5343296527862549, "y": 0.5356964468955994, "z": -0.002389396307989955, "x_normalized": 24.963914907206018, "y_normalized": 25.017732378965782, "z_normalized": -0.002389396307989955}, "right_hip": {"x": 0.5133856534957886, "y": 0.5347773432731628, "z": 0.0023300922475755215, "x_normalized": 23.964876415451165, "y_normalized": 24.973890709378665, "z_normalized": 0.0023300922475755215}, "left_knee": {"x": 0.5307877659797668, "y": 0.6121817231178284, "z": -0.007870862260460854, "x_normalized": 24.794965261818522, "y_normalized": 28.666115571630023, "z_normalized": -0.007870862260460854}, "right_knee": {"x": 0.5145494341850281, "y": 0.6098859310150146, "z": -0.012354839593172073, "x_normalized": 24.02038929474354, "y_normalized": 28.556605222246954, "z_normalized": -0.012354839593172073}, "left_ankle": {"x": 0.5237565636634827, "y": 0.6709473729133606, "z": 0.06328583508729935, "x_normalized": 24.459573646307856, "y_normalized": 31.469264355417792, "z_normalized": 0.06328583508729935}, "right_ankle": {"x": 0.514224112033844, "y": 0.6759812235832214, "z": 0.053315505385398865, "x_normalized": 24.00487127706478, "y_normalized": 31.709381369899646, "z_normalized": 0.053315505385398865}, "left_heel": {"x": 0.5218178629875183, "y": 0.6782745122909546, "z": 0.067551389336586, "x_normalized": 24.367096723805226, "y_normalized": 31.818772306174893, "z_normalized": 0.067551389336586}, "right_heel": {"x": 0.5149863362312317, "y": 0.6832681894302368, "z": 0.05680876225233078, "x_normalized": 24.041229725228206, "y_normalized": 32.056973024593084, "z_normalized": 0.05680876225233078}, "left_foot_index": {"x": 0.5283636450767517, "y": 0.6920461654663086, "z": 0.01747325249016285, "x_normalized": 24.679333569074814, "y_normalized": 32.47568655767314, "z_normalized": 0.01747325249016285}, "right_foot_index": {"x": 0.5137638449668884, "y": 0.7009613513946533, "z": 0.00451351422816515, "x_normalized": 23.982916324240414, "y_normalized": 32.9009450663297, "z_normalized": 0.00451351422816515}}}