{"sequence_id": 1697925405990398000, "sequence_source": "mediapipe", "frame_number": 486, "image_dimensions": {"height": 1080, "width": 1920}, "joint_positions": {"nose": {"x": 0.5231163501739502, "y": 0.4192529320716858, "z": -0.11541333049535751, "x_normalized": 30.305349465382555, "y_normalized": 24.193132264031238, "z_normalized": -0.11541333049535751}, "left_eye_inner": {"x": 0.5249475836753845, "y": 0.4144485890865326, "z": -0.11199416220188141, "x_normalized": 30.413279933617563, "y_normalized": 23.909970675111516, "z_normalized": -0.11199416220188141}, "left_eye": {"x": 0.5261260271072388, "y": 0.4143543243408203, "z": -0.11196160316467285, "x_normalized": 30.482735822934178, "y_normalized": 23.90441483630952, "z_normalized": -0.11196160316467285}, "left_eye_outer": {"x": 0.5272704362869263, "y": 0.4142470359802246, "z": -0.11200165748596191, "x_normalized": 30.55018577867132, "y_normalized": 23.898091402959164, "z_normalized": -0.11200165748596191}, "right_eye_inner": {"x": 0.5216503739356995, "y": 0.4147537052631378, "z": -0.110745869576931, "x_normalized": 30.21894677468698, "y_normalized": 23.927953816956226, "z_normalized": -0.110745869576931}, "right_eye": {"x": 0.5205932259559631, "y": 0.41485854983329773, "z": -0.1107722595334053, "x_normalized": 30.1566398780748, "y_normalized": 23.934133216546936, "z_normalized": -0.1107722595334053}, "right_eye_outer": {"x": 0.5197163820266724, "y": 0.41495993733406067, "z": -0.1107228696346283, "x_normalized": 30.10495986250974, "y_normalized": 23.940108861063024, "z_normalized": -0.1107228696346283}, "left_ear": {"x": 0.5294131636619568, "y": 0.4156353175640106, "z": -0.07719018310308456, "x_normalized": 30.676475281733534, "y_normalized": 23.97991487400352, "z_normalized": -0.07719018310308456}, "right_ear": {"x": 0.5184738039970398, "y": 0.41697022318840027, "z": -0.07362233102321625, "x_normalized": 30.031723965257022, "y_normalized": 24.058592436956072, "z_normalized": -0.07362233102321625}, "mouth_left": {"x": 0.5255829691886902, "y": 0.42426416277885437, "z": -0.10213080793619156, "x_normalized": 30.450728711125787, "y_normalized": 24.488487540261563, "z_normalized": -0.10213080793619156}, "mouth_right": {"x": 0.5211347937583923, "y": 0.4245994985103607, "z": -0.10093219578266144, "x_normalized": 30.18855916441999, "y_normalized": 24.508251782499958, "z_normalized": -0.10093219578266144}, "left_shoulder": {"x": 0.5400711894035339, "y": 0.4389849901199341, "z": -0.03902735561132431, "x_normalized": 31.304645150757995, "y_normalized": 25.356113534699197, "z_normalized": -0.03902735561132431}, "right_shoulder": {"x": 0.5112718343734741, "y": 0.44273120164871216, "z": -0.026388533413410187, "x_normalized": 29.6072494495402, "y_normalized": 25.57691026220102, "z_normalized": -0.026388533413410187}, "left_elbow": {"x": 0.5555827021598816, "y": 0.451680064201355, "z": 0.03550207242369652, "x_normalized": 32.218873092478496, "y_normalized": 26.10434432493577, "z_normalized": 0.03550207242369652}, "right_elbow": {"x": 0.5031072497367859, "y": 0.4556914269924164, "z": 0.05355435609817505, "x_normalized": 29.12603968459656, "y_normalized": 26.3407687153593, "z_normalized": 0.05355435609817505}, "left_wrist": {"x": 0.5487843155860901, "y": 0.4725612998008728, "z": 0.10004816949367523, "x_normalized": 31.8181852252146, "y_normalized": 27.33505659282311, "z_normalized": 0.10004816949367523}, "right_wrist": {"x": 0.5089027881622314, "y": 0.4753107726573944, "z": 0.11510048061609268, "x_normalized": 29.46762101512726, "y_normalized": 27.497106867990855, "z_normalized": 0.11510048061609268}, "left_pinky": {"x": 0.5452462434768677, "y": 0.48001930117607117, "z": 0.11001124978065491, "x_normalized": 31.60965595841246, "y_normalized": 27.774621279626857, "z_normalized": 0.11001124978065491}, "right_pinky": {"x": 0.5113351941108704, "y": 0.481919527053833, "z": 0.12477720528841019, "x_normalized": 29.610983788235437, "y_normalized": 27.886618066807998, "z_normalized": 0.12477720528841019}, "left_index": {"x": 0.5437124967575073, "y": 0.47965821623802185, "z": 0.10324985533952713, "x_normalized": 31.519258965650586, "y_normalized": 27.753339413384374, "z_normalized": 0.10324985533952713}, "right_index": {"x": 0.5131785273551941, "y": 0.48166510462760925, "z": 0.11996609717607498, "x_normalized": 29.719627399231626, "y_normalized": 27.87162274722133, "z_normalized": 0.11996609717607498}, "left_thumb": {"x": 0.5440505146980286, "y": 0.4769481420516968, "z": 0.09955725818872452, "x_normalized": 31.539181293722734, "y_normalized": 27.593611243463624, "z_normalized": 0.09955725818872452}, "right_thumb": {"x": 0.5127702951431274, "y": 0.478945255279541, "z": 0.11502475291490555, "x_normalized": 29.695566735333518, "y_normalized": 27.71131844226199, "z_normalized": 0.11502475291490555}, "left_hip": {"x": 0.5349027514457703, "y": 0.517555832862854, "z": -0.003077903063967824, "x_normalized": 31.00002428816013, "y_normalized": 29.986974558277293, "z_normalized": -0.003077903063967824}, "right_hip": {"x": 0.5179628729820251, "y": 0.5166006088256836, "z": 0.0030453831423074007, "x_normalized": 30.001610370435213, "y_normalized": 29.930674923347947, "z_normalized": 0.0030453831423074007}, "left_knee": {"x": 0.5317221283912659, "y": 0.579819917678833, "z": -0.015151741914451122, "x_normalized": 30.812562593470272, "y_normalized": 33.65673694693463, "z_normalized": -0.015151741914451122}, "right_knee": {"x": 0.5195109844207764, "y": 0.5779098272323608, "z": -0.01959674432873726, "x_normalized": 30.092854000662335, "y_normalized": 33.544158755187105, "z_normalized": -0.01959674432873726}, "left_ankle": {"x": 0.5288666486740112, "y": 0.6326653361320496, "z": 0.04773939400911331, "x_normalized": 30.644264414850518, "y_normalized": 36.771375660819714, "z_normalized": 0.04773939400911331}, "right_ankle": {"x": 0.5200340151786804, "y": 0.6276931166648865, "z": 0.048127446323633194, "x_normalized": 30.123680738245326, "y_normalized": 36.47831965521595, "z_normalized": 0.048127446323633194}, "left_heel": {"x": 0.5277163982391357, "y": 0.6379345059394836, "z": 0.05200374126434326, "x_normalized": 30.576470183297637, "y_normalized": 37.081933524729855, "z_normalized": 0.05200374126434326}, "right_heel": {"x": 0.5207849144935608, "y": 0.6326983571052551, "z": 0.052987292408943176, "x_normalized": 30.16793774566077, "y_normalized": 36.773321873084214, "z_normalized": 0.052987292408943176}, "left_foot_index": {"x": 0.5295714735984802, "y": 0.6509174704551697, "z": 0.013403529301285744, "x_normalized": 30.685805858943837, "y_normalized": 37.847132194456556, "z_normalized": 0.013403529301285744}, "right_foot_index": {"x": 0.5180525183677673, "y": 0.6473472714424133, "z": 0.01494513638317585, "x_normalized": 30.006893950301286, "y_normalized": 37.63670941066784, "z_normalized": 0.01494513638317585}}}