{"sequence_id": 1697925405990398000, "sequence_source": "mediapipe", "frame_number": 347, "image_dimensions": {"height": 1080, "width": 1920}, "joint_positions": {"nose": {"x": 0.5217598080635071, "y": 0.4071081578731537, "z": -0.10191882401704788, "x_normalized": 25.512765691292273, "y_normalized": 19.78092787918467, "z_normalized": -0.10191882401704788}, "left_eye_inner": {"x": 0.5228769779205322, "y": 0.4025568664073944, "z": -0.09222041815519333, "x_normalized": 25.568512890031307, "y_normalized": 19.553816712278877, "z_normalized": -0.09222041815519333}, "left_eye": {"x": 0.5238645672798157, "y": 0.40267497301101685, "z": -0.09219943732023239, "x_normalized": 25.61779397288395, "y_normalized": 19.559710276505598, "z_normalized": -0.09219943732023239}, "left_eye_outer": {"x": 0.5247805714607239, "y": 0.4028196632862091, "z": -0.09222932904958725, "x_normalized": 25.663502928239094, "y_normalized": 19.56693037600616, "z_normalized": -0.09222932904958725}, "right_eye_inner": {"x": 0.5196630954742432, "y": 0.4030330777168274, "z": -0.09348385035991669, "x_normalized": 25.40813893943595, "y_normalized": 19.57757983687609, "z_normalized": -0.09348385035991669}, "right_eye": {"x": 0.5183618664741516, "y": 0.40349745750427246, "z": -0.09349819272756577, "x_normalized": 25.343207119787447, "y_normalized": 19.60075256404761, "z_normalized": -0.09349819272756577}, "right_eye_outer": {"x": 0.5171837210655212, "y": 0.4039263129234314, "z": -0.09344597160816193, "x_normalized": 25.284417217942718, "y_normalized": 19.622152611794895, "z_normalized": -0.09344597160816193}, "left_ear": {"x": 0.52653968334198, "y": 0.4072236120700836, "z": -0.05834001675248146, "x_normalized": 25.751283276976498, "y_normalized": 19.786689087313437, "z_normalized": -0.05834001675248146}, "right_ear": {"x": 0.5149773359298706, "y": 0.4087368845939636, "z": -0.06238362938165665, "x_normalized": 25.174317764508217, "y_normalized": 19.862201959062144, "z_normalized": -0.06238362938165665}, "mouth_left": {"x": 0.5245531797409058, "y": 0.41426682472229004, "z": -0.0808151513338089, "x_normalized": 25.65215599534738, "y_normalized": 20.13814806467018, "z_normalized": -0.0808151513338089}, "mouth_right": {"x": 0.5199018716812134, "y": 0.4152088165283203, "z": -0.08289455622434616, "x_normalized": 25.420053962545836, "y_normalized": 20.185153812355807, "z_normalized": -0.08289455622434616}, "left_shoulder": {"x": 0.5392378568649292, "y": 0.4368298351764679, "z": -0.02575852908194065, "x_normalized": 26.38492694231097, "y_normalized": 21.264050826931754, "z_normalized": -0.02575852908194065}, "right_shoulder": {"x": 0.5055815577507019, "y": 0.4424018859863281, "z": -0.023291802033782005, "x_normalized": 24.705464876858013, "y_normalized": 21.54209827148815, "z_normalized": -0.023291802033782005}, "left_elbow": {"x": 0.5570335984230042, "y": 0.452193945646286, "z": 0.04337425157427788, "x_normalized": 27.27294118214037, "y_normalized": 22.030725755031035, "z_normalized": 0.04337425157427788}, "right_elbow": {"x": 0.4945564568042755, "y": 0.4572077989578247, "z": 0.04853330925107002, "x_normalized": 24.155308166386973, "y_normalized": 22.2809189331311, "z_normalized": 0.04853330925107002}, "left_wrist": {"x": 0.5533707141876221, "y": 0.4726068377494812, "z": 0.10014377534389496, "x_normalized": 27.090161872312176, "y_normalized": 23.04933679771126, "z_normalized": 0.10014377534389496}, "right_wrist": {"x": 0.502638041973114, "y": 0.4791247844696045, "z": 0.10382022708654404, "x_normalized": 24.558582325370605, "y_normalized": 23.37458480623229, "z_normalized": 0.10382022708654404}, "left_pinky": {"x": 0.5517900586128235, "y": 0.48049023747444153, "z": 0.10963495075702667, "x_normalized": 27.011286560816657, "y_normalized": 23.442721428027795, "z_normalized": 0.10963495075702667}, "right_pinky": {"x": 0.5056378245353699, "y": 0.48440009355545044, "z": 0.11181392520666122, "x_normalized": 24.708272610711166, "y_normalized": 23.637824726437074, "z_normalized": 0.11181392520666122}, "left_index": {"x": 0.5485629439353943, "y": 0.47776082158088684, "z": 0.10058619827032089, "x_normalized": 26.850252316878716, "y_normalized": 23.306522541795182, "z_normalized": 0.10058619827032089}, "right_index": {"x": 0.5069690942764282, "y": 0.4836430251598358, "z": 0.10506311058998108, "x_normalized": 24.774703474704996, "y_normalized": 23.600046726928788, "z_normalized": 0.10506311058998108}, "left_thumb": {"x": 0.5489753484725952, "y": 0.47454386949539185, "z": 0.0984683483839035, "x_normalized": 26.870831459389276, "y_normalized": 23.145995415041522, "z_normalized": 0.0984683483839035}, "right_thumb": {"x": 0.5076619982719421, "y": 0.48032140731811523, "z": 0.1031348779797554, "x_normalized": 24.809279646360615, "y_normalized": 23.43429673932117, "z_normalized": 0.1031348779797554}, "left_hip": {"x": 0.5332515835762024, "y": 0.5344641804695129, "z": -0.003028511069715023, "x_normalized": 26.086209639266766, "y_normalized": 26.1360416138121, "z_normalized": -0.003028511069715023}, "right_hip": {"x": 0.5132408738136292, "y": 0.5333824157714844, "z": 0.002992032328620553, "x_normalized": 25.08766764761848, "y_normalized": 26.082061145908632, "z_normalized": 0.002992032328620553}, "left_knee": {"x": 0.5297418832778931, "y": 0.6106998920440674, "z": -0.0070791528560221195, "x_normalized": 25.911074265882004, "y_normalized": 29.940232478284, "z_normalized": -0.0070791528560221195}, "right_knee": {"x": 0.5139566659927368, "y": 0.6122797131538391, "z": -0.0050742835737764835, "x_normalized": 25.123385948299113, "y_normalized": 30.019066149658812, "z_normalized": -0.0050742835737764835}, "left_ankle": {"x": 0.5234028697013855, "y": 0.6699233651161194, "z": 0.0650772973895073, "x_normalized": 25.594755088957545, "y_normalized": 32.895506201972786, "z_normalized": 0.0650772973895073}, "right_ankle": {"x": 0.5185651779174805, "y": 0.6696728467941284, "z": 0.06716752797365189, "x_normalized": 25.353352437767434, "y_normalized": 32.88300524287872, "z_normalized": 0.06716752797365189}, "left_heel": {"x": 0.522221028804779, "y": 0.6774234771728516, "z": 0.07019253075122833, "x_normalized": 25.535780780863988, "y_normalized": 33.26976463256189, "z_normalized": 0.07019253075122833}, "right_heel": {"x": 0.519962728023529, "y": 0.6777010560035706, "z": 0.07169982045888901, "x_normalized": 25.42309071706286, "y_normalized": 33.283615921284486, "z_normalized": 0.07169982045888901}, "left_foot_index": {"x": 0.5253021717071533, "y": 0.6918449997901917, "z": 0.023487234488129616, "x_normalized": 25.689530977973146, "y_normalized": 33.98940407003218, "z_normalized": 0.023487234488129616}, "right_foot_index": {"x": 0.5158010125160217, "y": 0.69189453125, "z": 0.028105612844228745, "x_normalized": 25.21541953793695, "y_normalized": 33.99187570862537, "z_normalized": 0.028105612844228745}}}