{"sequence_id": 1697925405990398000, "sequence_source": "mediapipe", "frame_number": 671, "image_dimensions": {"height": 1080, "width": 1920}, "joint_positions": {"nose": {"x": 0.5238645672798157, "y": 0.4192573130130768, "z": -0.06444752961397171, "x_normalized": 46.70107468746095, "y_normalized": 37.29262238083893, "z_normalized": -0.06444752961397171}, "left_eye_inner": {"x": 0.5246453285217285, "y": 0.4177042841911316, "z": -0.06098004803061485, "x_normalized": 46.77146248320048, "y_normalized": 37.15261251658278, "z_normalized": -0.06098004803061485}, "left_eye": {"x": 0.5251538753509521, "y": 0.4179072678089142, "z": -0.060967568308115005, "x_normalized": 46.81730939313633, "y_normalized": 37.170912053829205, "z_normalized": -0.060967568308115005}, "left_eye_outer": {"x": 0.5256683230400085, "y": 0.4181424379348755, "z": -0.06098349019885063, "x_normalized": 46.86368828198493, "y_normalized": 37.19211329423613, "z_normalized": -0.06098349019885063}, "right_eye_inner": {"x": 0.5231243371963501, "y": 0.41777023673057556, "z": -0.061033863574266434, "x_normalized": 46.6343408882939, "y_normalized": 37.158558321299616, "z_normalized": -0.061033863574266434}, "right_eye": {"x": 0.5227020978927612, "y": 0.4180890619754791, "z": -0.06104718893766403, "x_normalized": 46.596274841647684, "y_normalized": 37.18730130316164, "z_normalized": -0.06104718893766403}, "right_eye_outer": {"x": 0.5222803354263306, "y": 0.418422669172287, "z": -0.06104695796966553, "x_normalized": 46.55825178319644, "y_normalized": 37.21737691906775, "z_normalized": -0.06104695796966553}, "left_ear": {"x": 0.5268391370773315, "y": 0.4217180609703064, "z": -0.03812383487820625, "x_normalized": 46.96924042121017, "y_normalized": 37.514465647745446, "z_normalized": -0.03812383487820625}, "right_ear": {"x": 0.5210400223731995, "y": 0.4222598373889923, "z": -0.037725403904914856, "x_normalized": 46.446434114554265, "y_normalized": 37.56330829751828, "z_normalized": -0.037725403904914856}, "mouth_left": {"x": 0.5252870917320251, "y": 0.42407065629959106, "z": -0.05583351105451584, "x_normalized": 46.82931922010616, "y_normalized": 37.726558654680254, "z_normalized": -0.05583351105451584}, "mouth_right": {"x": 0.5230659246444702, "y": 0.42425408959388733, "z": -0.05577573552727699, "x_normalized": 46.62907483441004, "y_normalized": 37.7430956759329, "z_normalized": -0.05577573552727699}, "left_shoulder": {"x": 0.5357083082199097, "y": 0.4418746531009674, "z": -0.02208849787712097, "x_normalized": 47.76882084765811, "y_normalized": 39.33163844467111, "z_normalized": -0.02208849787712097}, "right_shoulder": {"x": 0.5138493180274963, "y": 0.4455062448978424, "z": -0.013477959670126438, "x_normalized": 45.79817213440185, "y_normalized": 39.659036537565065, "z_normalized": -0.013477959670126438}, "left_elbow": {"x": 0.5487321615219116, "y": 0.4510505795478821, "z": 0.01103226374834776, "x_normalized": 48.94295741688244, "y_normalized": 40.15887371429589, "z_normalized": 0.01103226374834776}, "right_elbow": {"x": 0.5070345401763916, "y": 0.45703744888305664, "z": 0.026693647727370262, "x_normalized": 45.18380097245916, "y_normalized": 40.698606622721364, "z_normalized": 0.026693647727370262}, "left_wrist": {"x": 0.540155827999115, "y": 0.4673459231853485, "z": 0.04113079607486725, "x_normalized": 48.169777115670655, "y_normalized": 41.62794422892503, "z_normalized": 0.04113079607486725}, "right_wrist": {"x": 0.5166521668434143, "y": 0.4703300893306732, "z": 0.05332018807530403, "x_normalized": 46.05085674443739, "y_normalized": 41.89697510009803, "z_normalized": 0.05332018807530403}, "left_pinky": {"x": 0.5383123755455017, "y": 0.47358259558677673, "z": 0.044642891734838486, "x_normalized": 48.0035847539154, "y_normalized": 42.19019757799058, "z_normalized": 0.044642891734838486}, "right_pinky": {"x": 0.5189432501792908, "y": 0.4756323993206024, "z": 0.05522412061691284, "x_normalized": 46.25740427422103, "y_normalized": 42.374993081119236, "z_normalized": 0.05522412061691284}, "left_index": {"x": 0.5367764234542847, "y": 0.4732934534549713, "z": 0.039631083607673645, "x_normalized": 47.865114404391626, "y_normalized": 42.16413061126545, "z_normalized": 0.039631083607673645}, "right_index": {"x": 0.520000696182251, "y": 0.47452512383461, "z": 0.05287763848900795, "x_normalized": 46.352735970092084, "y_normalized": 42.275169118873784, "z_normalized": 0.05287763848900795}, "left_thumb": {"x": 0.5369860529899597, "y": 0.4708406627178192, "z": 0.04020612686872482, "x_normalized": 47.88401308960545, "y_normalized": 41.9430047098625, "z_normalized": 0.04020612686872482}, "right_thumb": {"x": 0.5193377137184143, "y": 0.47247883677482605, "z": 0.052898574620485306, "x_normalized": 46.292966258510226, "y_normalized": 42.09069065368303, "z_normalized": 0.052898574620485306}, "left_hip": {"x": 0.5322369933128357, "y": 0.5036448240280151, "z": -0.008865784853696823, "x_normalized": 47.45587216179856, "y_normalized": 44.90039101665654, "z_normalized": -0.008865784853696823}, "right_hip": {"x": 0.5213068127632141, "y": 0.5055342316627502, "z": 0.008857935667037964, "x_normalized": 46.47048600964016, "y_normalized": 45.070726365702065, "z_normalized": 0.008857935667037964}, "left_knee": {"x": 0.5302788615226746, "y": 0.5513082146644592, "z": -0.009297783486545086, "x_normalized": 47.27934113915295, "y_normalized": 49.19737814187787, "z_normalized": -0.009297783486545086}, "right_knee": {"x": 0.5221465826034546, "y": 0.5546643733978271, "z": 0.007423135451972485, "x_normalized": 46.546193594507265, "y_normalized": 49.49994517865209, "z_normalized": 0.007423135451972485}, "left_ankle": {"x": 0.5324721932411194, "y": 0.5988088250160217, "z": 0.01620316132903099, "x_normalized": 47.47707608896767, "y_normalized": 53.479690172041195, "z_normalized": 0.01620316132903099}, "right_ankle": {"x": 0.5276407599449158, "y": 0.5985692143440247, "z": 0.029625052586197853, "x_normalized": 47.04150895047965, "y_normalized": 53.458088604068614, "z_normalized": 0.029625052586197853}, "left_heel": {"x": 0.5331082344055176, "y": 0.6049009561538696, "z": 0.016515135765075684, "x_normalized": 47.53441696753371, "y_normalized": 54.02891272450637, "z_normalized": 0.016515135765075684}, "right_heel": {"x": 0.5297976732254028, "y": 0.604950487613678, "z": 0.030004233121871948, "x_normalized": 47.235960676903524, "y_normalized": 54.033378123258906, "z_normalized": 0.030004233121871948}, "left_foot_index": {"x": 0.5300043225288391, "y": 0.6104174256324768, "z": -0.017896464094519615, "x_normalized": 47.25459068589878, "y_normalized": 54.52623777859362, "z_normalized": -0.017896464094519615}, "right_foot_index": {"x": 0.5229787230491638, "y": 0.6121701598167419, "z": 0.00023829565907362849, "x_normalized": 46.62121336825484, "y_normalized": 54.68425163625577, "z_normalized": 0.00023829565907362849}}}