{"sequence_id": 1697925405990398000, "sequence_source": "mediapipe", "frame_number": 513, "image_dimensions": {"height": 1080, "width": 1920}, "joint_positions": {"nose": {"x": 0.5177371501922607, "y": 0.42892277240753174, "z": -0.08403325825929642, "x_normalized": 34.61469877106371, "y_normalized": 28.58722300101042, "z_normalized": -0.08403325825929642}, "left_eye_inner": {"x": 0.5191287398338318, "y": 0.4248749911785126, "z": -0.08026125282049179, "x_normalized": 34.709136109057674, "y_normalized": 28.312528742996992, "z_normalized": -0.08026125282049179}, "left_eye": {"x": 0.5199882388114929, "y": 0.42493459582328796, "z": -0.0802430734038353, "x_normalized": 34.76746422032992, "y_normalized": 28.3165736883002, "z_normalized": -0.0802430734038353}, "left_eye_outer": {"x": 0.5208383202552795, "y": 0.42499980330467224, "z": -0.08026726543903351, "x_normalized": 34.825153230244254, "y_normalized": 28.320998858461905, "z_normalized": -0.08026726543903351}, "right_eye_inner": {"x": 0.5167142152786255, "y": 0.4248731732368469, "z": -0.07991550117731094, "x_normalized": 34.54527941977007, "y_normalized": 28.312405372165244, "z_normalized": -0.07991550117731094}, "right_eye": {"x": 0.5158218741416931, "y": 0.4249434769153595, "z": -0.07991476356983185, "x_normalized": 34.48472254363576, "y_normalized": 28.317176385150375, "z_normalized": -0.07991476356983185}, "right_eye_outer": {"x": 0.5149329900741577, "y": 0.42500215768814087, "z": -0.07988953590393066, "x_normalized": 34.42440027432904, "y_normalized": 28.32115863380138, "z_normalized": -0.07988953590393066}, "left_ear": {"x": 0.5226191878318787, "y": 0.42697715759277344, "z": -0.048754267394542694, "x_normalized": 34.946008106013466, "y_normalized": 28.45518789642314, "z_normalized": -0.048754267394542694}, "right_ear": {"x": 0.5137386322021484, "y": 0.4274689555168152, "z": -0.04740620031952858, "x_normalized": 34.343347660343376, "y_normalized": 28.4885627401199, "z_normalized": -0.04740620031952858}, "mouth_left": {"x": 0.5196276307106018, "y": 0.4338507056236267, "z": -0.071843720972538, "x_normalized": 34.742992301245515, "y_normalized": 28.921646943843648, "z_normalized": -0.071843720972538}, "mouth_right": {"x": 0.5161226987838745, "y": 0.43454867601394653, "z": -0.07131095975637436, "x_normalized": 34.50513738258105, "y_normalized": 28.9690132533442, "z_normalized": -0.07131095975637436}, "left_shoulder": {"x": 0.5318927764892578, "y": 0.44890692830085754, "z": -0.02092655561864376, "x_normalized": 35.5753409210129, "y_normalized": 29.94340619485165, "z_normalized": -0.02092655561864376}, "right_shoulder": {"x": 0.5057545900344849, "y": 0.45065608620643616, "z": -0.0096018947660923, "x_normalized": 33.80152723697882, "y_normalized": 30.062109159719558, "z_normalized": -0.0096018947660923}, "left_elbow": {"x": 0.5487770438194275, "y": 0.4597756266593933, "z": 0.033554743975400925, "x_normalized": 36.7211566219976, "y_normalized": 30.680987813582853, "z_normalized": 0.033554743975400925}, "right_elbow": {"x": 0.5004623532295227, "y": 0.4596068561077118, "z": 0.05316973105072975, "x_normalized": 33.442380588452394, "y_normalized": 30.669534550956822, "z_normalized": 0.05316973105072975}, "left_wrist": {"x": 0.5396068096160889, "y": 0.4784833490848541, "z": 0.07591982185840607, "x_normalized": 36.098837742153925, "y_normalized": 31.95054850375591, "z_normalized": 0.07591982185840607}, "right_wrist": {"x": 0.5060902237892151, "y": 0.4832369089126587, "z": 0.09762907028198242, "x_normalized": 33.82430432398118, "y_normalized": 32.27313895910461, "z_normalized": 0.09762907028198242}, "left_pinky": {"x": 0.537189781665802, "y": 0.48530006408691406, "z": 0.08293647319078445, "x_normalized": 35.93481116516359, "y_normalized": 32.41315069582981, "z_normalized": 0.08293647319078445}, "right_pinky": {"x": 0.5078572034835815, "y": 0.488616943359375, "z": 0.10386323928833008, "x_normalized": 33.94421672749475, "y_normalized": 32.63824381206266, "z_normalized": 0.10386323928833008}, "left_index": {"x": 0.535991907119751, "y": 0.4841654896736145, "z": 0.07554508745670319, "x_normalized": 35.85351989940504, "y_normalized": 32.33615516198327, "z_normalized": 0.07554508745670319}, "right_index": {"x": 0.5098043084144592, "y": 0.4874831736087799, "z": 0.09869973361492157, "x_normalized": 34.076352955714604, "y_normalized": 32.561302884977714, "z_normalized": 0.09869973361492157}, "left_thumb": {"x": 0.5362944006919861, "y": 0.4817388355731964, "z": 0.07485084980726242, "x_normalized": 35.87404799681882, "y_normalized": 32.17147532632646, "z_normalized": 0.07485084980726242}, "right_thumb": {"x": 0.5095875859260559, "y": 0.4854319393634796, "z": 0.09694245457649231, "x_normalized": 34.061645534592145, "y_normalized": 32.42210013731316, "z_normalized": 0.09694245457649231}, "left_hip": {"x": 0.527824342250824, "y": 0.5207515358924866, "z": -0.005056058056652546, "x_normalized": 35.299245089451915, "y_normalized": 34.81899112843526, "z_normalized": -0.005056058056652546}, "right_hip": {"x": 0.5130888223648071, "y": 0.5207069516181946, "z": 0.005028360057622194, "x_normalized": 34.29924966664782, "y_normalized": 34.81596550934846, "z_normalized": 0.005028360057622194}, "left_knee": {"x": 0.5286481976509094, "y": 0.5746510624885559, "z": -0.025589415803551674, "x_normalized": 35.355154323432835, "y_normalized": 38.47677044700034, "z_normalized": -0.025589415803551674}, "right_knee": {"x": 0.5161452889442444, "y": 0.5762386918067932, "z": 0.011255230754613876, "x_normalized": 34.50667041685096, "y_normalized": 38.58451161009656, "z_normalized": 0.011255230754613876}, "left_ankle": {"x": 0.5281927585601807, "y": 0.6304133534431458, "z": 0.007382541429251432, "x_normalized": 35.32424689637104, "y_normalized": 42.26096239618125, "z_normalized": 0.007382541429251432}, "right_ankle": {"x": 0.5217179656028748, "y": 0.6204738616943359, "z": 0.08351919800043106, "x_normalized": 34.88484853302898, "y_normalized": 41.58643945225439, "z_normalized": 0.08351919800043106}, "left_heel": {"x": 0.5277734398841858, "y": 0.6372871398925781, "z": 0.008771603927016258, "x_normalized": 35.295790706162975, "y_normalized": 42.72743762338297, "z_normalized": 0.008771603927016258}, "right_heel": {"x": 0.5228739380836487, "y": 0.6252031922340393, "z": 0.08856800198554993, "x_normalized": 34.96329620223937, "y_normalized": 41.907385637337335, "z_normalized": 0.08856800198554993}, "left_foot_index": {"x": 0.5296009182929993, "y": 0.6492128968238831, "z": -0.030967669561505318, "x_normalized": 35.41980872915929, "y_normalized": 43.53675432459389, "z_normalized": -0.030967669561505318}, "right_foot_index": {"x": 0.5162776112556458, "y": 0.6366000771522522, "z": 0.05930956453084946, "x_normalized": 34.51565019542408, "y_normalized": 42.6808115388729, "z_normalized": 0.05930956453084946}}}