{"sequence_id": 1697925405990398000, "sequence_source": "mediapipe", "frame_number": 309, "image_dimensions": {"height": 1080, "width": 1920}, "joint_positions": {"nose": {"x": 0.5172448754310608, "y": 0.4290437400341034, "z": -0.10976943373680115, "x_normalized": 23.258445607119597, "y_normalized": 19.175464525808753, "z_normalized": -0.10976943373680115}, "left_eye_inner": {"x": 0.5189865231513977, "y": 0.4235203266143799, "z": -0.10230447351932526, "x_normalized": 23.338507747059612, "y_normalized": 18.921557669104747, "z_normalized": -0.10230447351932526}, "left_eye": {"x": 0.5202246904373169, "y": 0.4233674705028534, "z": -0.10227569937705994, "x_normalized": 23.395425297811627, "y_normalized": 18.91453099703506, "z_normalized": -0.10227569937705994}, "left_eye_outer": {"x": 0.5215692520141602, "y": 0.423263281583786, "z": -0.10227619111537933, "x_normalized": 23.457233708241702, "y_normalized": 18.909741516521194, "z_normalized": -0.10227619111537933}, "right_eye_inner": {"x": 0.5154656171798706, "y": 0.4239712953567505, "z": -0.10501757264137268, "x_normalized": 23.176654541433447, "y_normalized": 18.942288338193936, "z_normalized": -0.10501757264137268}, "right_eye": {"x": 0.5140994191169739, "y": 0.42421969771385193, "z": -0.10506974160671234, "x_normalized": 23.113851519203294, "y_normalized": 18.953707194052935, "z_normalized": -0.10506974160671234}, "right_eye_outer": {"x": 0.5126646757125854, "y": 0.42452919483184814, "z": -0.10506615042686462, "x_normalized": 23.047897522950862, "y_normalized": 18.967934526757883, "z_normalized": -0.10506615042686462}, "left_ear": {"x": 0.5241073966026306, "y": 0.4248761236667633, "z": -0.05101374536752701, "x_normalized": 23.573910166320605, "y_normalized": 18.983882565276733, "z_normalized": -0.05101374536752701}, "right_ear": {"x": 0.5095946788787842, "y": 0.42768844962120056, "z": -0.06419596076011658, "x_normalized": 22.90677224643648, "y_normalized": 19.113162919444758, "z_normalized": -0.06419596076011658}, "mouth_left": {"x": 0.5196376442909241, "y": 0.4358135759830475, "z": -0.0901036188006401, "x_normalized": 23.368439260293858, "y_normalized": 19.48666842013616, "z_normalized": -0.0901036188006401}, "mouth_right": {"x": 0.5153741836547852, "y": 0.4370192587375641, "z": -0.09410940110683441, "x_normalized": 23.172451416085465, "y_normalized": 19.542092683199353, "z_normalized": -0.09410940110683441}, "left_shoulder": {"x": 0.5347162485122681, "y": 0.45357850193977356, "z": -0.007175055798143148, "x_normalized": 24.061590525714962, "y_normalized": 20.303307727479112, "z_normalized": -0.007175055798143148}, "right_shoulder": {"x": 0.49884673953056335, "y": 0.4580516517162323, "z": -0.018452337011694908, "x_normalized": 22.412698149754306, "y_normalized": 20.508934812218268, "z_normalized": -0.018452337011694908}, "left_elbow": {"x": 0.551590621471405, "y": 0.46665921807289124, "z": 0.06242016702890396, "x_normalized": 24.837291830564975, "y_normalized": 20.904617690071696, "z_normalized": 0.06242016702890396}, "right_elbow": {"x": 0.4872881770133972, "y": 0.466084748506546, "z": 0.050775330513715744, "x_normalized": 21.881360360286912, "y_normalized": 20.878209787787583, "z_normalized": 0.050775330513715744}, "left_wrist": {"x": 0.5459020137786865, "y": 0.4872775673866272, "z": 0.10001516342163086, "x_normalized": 24.57579112646727, "y_normalized": 21.852426566007335, "z_normalized": 0.10001516342163086}, "right_wrist": {"x": 0.4829247295856476, "y": 0.4775603115558624, "z": 0.09382031112909317, "x_normalized": 21.68077620397211, "y_normalized": 21.405732158710606, "z_normalized": 0.09382031112909317}, "left_pinky": {"x": 0.5424894690513611, "y": 0.4981909990310669, "z": 0.10537528991699219, "x_normalized": 24.41891919977372, "y_normalized": 22.354108209970256, "z_normalized": 0.10537528991699219}, "right_pinky": {"x": 0.47927093505859375, "y": 0.47878751158714294, "z": 0.09776391834020615, "x_normalized": 21.512814218708836, "y_normalized": 21.462145553619056, "z_normalized": 0.09776391834020615}, "left_index": {"x": 0.540220320224762, "y": 0.49607381224632263, "z": 0.09406615793704987, "x_normalized": 24.314608259749207, "y_normalized": 22.256782842354266, "z_normalized": 0.09406615793704987}, "right_index": {"x": 0.48164913058280945, "y": 0.47743067145347595, "z": 0.09030947089195251, "x_normalized": 21.622137947406188, "y_normalized": 21.39977270784238, "z_normalized": 0.09030947089195251}, "left_thumb": {"x": 0.5407056212425232, "y": 0.49299541115760803, "z": 0.09642373025417328, "x_normalized": 24.336917155826946, "y_normalized": 22.115271229024977, "z_normalized": 0.09642373025417328}, "right_thumb": {"x": 0.4834579527378082, "y": 0.47803136706352234, "z": 0.09196760505437851, "x_normalized": 21.705288041888036, "y_normalized": 21.427386200187197, "z_normalized": 0.09196760505437851}, "left_hip": {"x": 0.5297531485557556, "y": 0.5477344393730164, "z": 0.0018159958999603987, "x_normalized": 23.83344082666003, "y_normalized": 24.63158017370327, "z_normalized": 0.0018159958999603987}, "right_hip": {"x": 0.5080145001411438, "y": 0.5469253659248352, "z": -0.0017779285553842783, "x_normalized": 22.834132705301993, "y_normalized": 24.594387720330726, "z_normalized": -0.0017779285553842783}, "left_knee": {"x": 0.529056966304779, "y": 0.6212683916091919, "z": 0.002115224953740835, "x_normalized": 23.801437890503312, "y_normalized": 28.01187660536974, "z_normalized": 0.002115224953740835}, "right_knee": {"x": 0.509820282459259, "y": 0.6220049858093262, "z": -0.025873571634292603, "x_normalized": 22.917143060935896, "y_normalized": 28.045737246210898, "z_normalized": -0.025873571634292603}, "left_ankle": {"x": 0.5241726636886597, "y": 0.6700180768966675, "z": 0.08785513788461685, "x_normalized": 23.576910441585298, "y_normalized": 30.252860289924755, "z_normalized": 0.08785513788461685}, "right_ankle": {"x": 0.512041449546814, "y": 0.6885549426078796, "z": 0.03465393930673599, "x_normalized": 23.019248319144815, "y_normalized": 31.1049850447134, "z_normalized": 0.03465393930673599}, "left_heel": {"x": 0.5228068828582764, "y": 0.675380527973175, "z": 0.09441816806793213, "x_normalized": 23.51412659919702, "y_normalized": 30.499367837631226, "z_normalized": 0.09441816806793213}, "right_heel": {"x": 0.5138612985610962, "y": 0.6955016851425171, "z": 0.03737635537981987, "x_normalized": 23.102905309447635, "y_normalized": 31.424321191995695, "z_normalized": 0.03737635537981987}, "left_foot_index": {"x": 0.5273428559303284, "y": 0.6910216808319092, "z": 0.04989345744252205, "x_normalized": 23.722641620127032, "y_normalized": 31.21837900985431, "z_normalized": 0.04989345744252205}, "right_foot_index": {"x": 0.5098572373390198, "y": 0.7129760384559631, "z": -0.018440475687384605, "x_normalized": 22.918841846930516, "y_normalized": 32.22760310946159, "z_normalized": -0.018440475687384605}}}