{"sequence_id": 1697925405990398000, "sequence_source": "mediapipe", "frame_number": 543, "image_dimensions": {"height": 1080, "width": 1920}, "joint_positions": {"nose": {"x": 0.5166650414466858, "y": 0.41226986050605774, "z": -0.07725106924772263, "x_normalized": 31.738545417458624, "y_normalized": 25.232937624611974, "z_normalized": -0.07725106924772263}, "left_eye_inner": {"x": 0.517972469329834, "y": 0.40915679931640625, "z": -0.07144085317850113, "x_normalized": 31.82017850142951, "y_normalized": 25.03856454386553, "z_normalized": -0.07144085317850113}, "left_eye": {"x": 0.518815279006958, "y": 0.4093003273010254, "z": -0.0714254155755043, "x_normalized": 31.87280178874878, "y_normalized": 25.04752613338921, "z_normalized": -0.0714254155755043}, "left_eye_outer": {"x": 0.5198199152946472, "y": 0.40946832299232483, "z": -0.07143864780664444, "x_normalized": 31.935529193824202, "y_normalized": 25.058015435744892, "z_normalized": -0.07143864780664444}, "right_eye_inner": {"x": 0.5154231190681458, "y": 0.40924856066703796, "z": -0.07177721709012985, "x_normalized": 31.661002361264536, "y_normalized": 25.044293932184342, "z_normalized": -0.07177721709012985}, "right_eye": {"x": 0.5145490765571594, "y": 0.4094676673412323, "z": -0.0717989131808281, "x_normalized": 31.60642896061038, "y_normalized": 25.05797449825122, "z_normalized": -0.0717989131808281}, "right_eye_outer": {"x": 0.5136803984642029, "y": 0.40969645977020264, "z": -0.07178828865289688, "x_normalized": 31.55219050308625, "y_normalized": 25.072259822747334, "z_normalized": -0.07178828865289688}, "left_ear": {"x": 0.5221827030181885, "y": 0.41296330094337463, "z": -0.03668850660324097, "x_normalized": 32.083056756244524, "y_normalized": 25.276234606554862, "z_normalized": -0.03668850660324097}, "right_ear": {"x": 0.5120823383331299, "y": 0.4137226939201355, "z": -0.03867245838046074, "x_normalized": 31.45241094464799, "y_normalized": 25.323649528202047, "z_normalized": -0.03867245838046074}, "mouth_left": {"x": 0.5189530849456787, "y": 0.41792380809783936, "z": -0.06450740993022919, "x_normalized": 31.88140610560042, "y_normalized": 25.585958379695995, "z_normalized": -0.06450740993022919}, "mouth_right": {"x": 0.5153073668479919, "y": 0.41815581917762756, "z": -0.06505956500768661, "x_normalized": 31.653775032836393, "y_normalized": 25.600444670070132, "z_normalized": -0.06505956500768661}, "left_shoulder": {"x": 0.5313144326210022, "y": 0.4366959035396576, "z": -0.011944372206926346, "x_normalized": 32.65322300332723, "y_normalized": 26.758049064974493, "z_normalized": -0.011944372206926346}, "right_shoulder": {"x": 0.5052286982536316, "y": 0.4412505328655243, "z": -0.00508249131962657, "x_normalized": 31.02448388012134, "y_normalized": 27.042430668737932, "z_normalized": -0.00508249131962657}, "left_elbow": {"x": 0.5471483469009399, "y": 0.4478031098842621, "z": 0.026118595153093338, "x_normalized": 33.64185975389851, "y_normalized": 27.45155998048879, "z_normalized": 0.026118595153093338}, "right_elbow": {"x": 0.49720868468284607, "y": 0.4588114619255066, "z": 0.03960834816098213, "x_normalized": 30.52373087514864, "y_normalized": 28.138898638434554, "z_normalized": 0.03960834816098213}, "left_wrist": {"x": 0.538031816482544, "y": 0.47089293599128723, "z": 0.046401653438806534, "x_normalized": 33.07264251235091, "y_normalized": 28.893240808749223, "z_normalized": 0.046401653438806534}, "right_wrist": {"x": 0.5045619010925293, "y": 0.47596386075019836, "z": 0.0625084862112999, "x_normalized": 30.982850449057644, "y_normalized": 29.209858827983634, "z_normalized": 0.0625084862112999}, "left_pinky": {"x": 0.5357695817947388, "y": 0.4774250090122223, "z": 0.04877006635069847, "x_normalized": 32.931393272823634, "y_normalized": 29.301089893425267, "z_normalized": 0.04877006635069847}, "right_pinky": {"x": 0.5064610242843628, "y": 0.48181259632110596, "z": 0.0625268742442131, "x_normalized": 31.101427760271697, "y_normalized": 29.575041740278362, "z_normalized": 0.0625268742442131}, "left_index": {"x": 0.5340244770050049, "y": 0.4776632785797119, "z": 0.041204776614904404, "x_normalized": 32.822432551031994, "y_normalized": 29.315966950784446, "z_normalized": 0.041204776614904404}, "right_index": {"x": 0.5079432725906372, "y": 0.4806686341762543, "z": 0.05998243764042854, "x_normalized": 31.19397626869148, "y_normalized": 29.5036151177978, "z_normalized": 0.05998243764042854}, "left_thumb": {"x": 0.5341939330101013, "y": 0.47543278336524963, "z": 0.044342219829559326, "x_normalized": 32.833013032350856, "y_normalized": 29.17669945810989, "z_normalized": 0.044342219829559326}, "right_thumb": {"x": 0.507573664188385, "y": 0.4784698486328125, "z": 0.06197608262300491, "x_normalized": 31.170898687031872, "y_normalized": 29.3663275111808, "z_normalized": 0.06197608262300491}, "left_hip": {"x": 0.5289270877838135, "y": 0.5076619386672974, "z": -0.003254589857533574, "x_normalized": 32.5041621456894, "y_normalized": 31.18902103622058, "z_normalized": -0.003254589857533574}, "right_hip": {"x": 0.5129681825637817, "y": 0.50901198387146, "z": 0.0032415438909083605, "x_normalized": 31.50772122018823, "y_normalized": 31.273315057280097, "z_normalized": 0.0032415438909083605}, "left_knee": {"x": 0.527994692325592, "y": 0.5653084516525269, "z": -0.007508525159209967, "x_normalized": 32.445945308098494, "y_normalized": 34.78834968432961, "z_normalized": -0.007508525159209967}, "right_knee": {"x": 0.5160509943962097, "y": 0.5680423378944397, "z": -0.01028369925916195, "x_normalized": 31.700205593840302, "y_normalized": 34.959047868167886, "z_normalized": -0.01028369925916195}, "left_ankle": {"x": 0.5262455940246582, "y": 0.6170806288719177, "z": 0.03576406463980675, "x_normalized": 32.336735239754496, "y_normalized": 38.02089699709556, "z_normalized": 0.03576406463980675}, "right_ankle": {"x": 0.5221578478813171, "y": 0.620795726776123, "z": 0.029357310384511948, "x_normalized": 32.081504853075344, "y_normalized": 38.25286000100809, "z_normalized": 0.029357310384511948}, "left_heel": {"x": 0.5263404846191406, "y": 0.6241853833198547, "z": 0.03747299686074257, "x_normalized": 32.34266001156583, "y_normalized": 38.464503121698314, "z_normalized": 0.03747299686074257}, "right_heel": {"x": 0.5253369808197021, "y": 0.6296628713607788, "z": 0.030218953266739845, "x_normalized": 32.280003316706754, "y_normalized": 38.80650610859926, "z_normalized": 0.030218953266739845}, "left_foot_index": {"x": 0.526469349861145, "y": 0.6298381090164185, "z": -0.00224125268869102, "x_normalized": 32.35070608986741, "y_normalized": 38.81744758418049, "z_normalized": -0.00224125268869102}, "right_foot_index": {"x": 0.5159603953361511, "y": 0.6354579925537109, "z": -0.012430673465132713, "x_normalized": 31.69454877653299, "y_normalized": 39.16834145038878, "z_normalized": -0.012430673465132713}}}