{"sequence_id": 1697925405990398000, "sequence_source": "mediapipe", "frame_number": 326, "image_dimensions": {"height": 1080, "width": 1920}, "joint_positions": {"nose": {"x": 0.5225268006324768, "y": 0.41002607345581055, "z": -0.1328689455986023, "x_normalized": 24.13020202272328, "y_normalized": 18.809766929728912, "z_normalized": -0.1328689455986023}, "left_eye_inner": {"x": 0.5241220593452454, "y": 0.40614667534828186, "z": -0.127393901348114, "x_normalized": 24.20546960133608, "y_normalized": 18.626728968743887, "z_normalized": -0.127393901348114}, "left_eye": {"x": 0.5253775715827942, "y": 0.4063985347747803, "z": -0.12736381590366364, "x_normalized": 24.264707244285564, "y_normalized": 18.63861221315535, "z_normalized": -0.12736381590366364}, "left_eye_outer": {"x": 0.5266939997673035, "y": 0.40670639276504517, "z": -0.1273922175168991, "x_normalized": 24.326819026576786, "y_normalized": 18.653137584681843, "z_normalized": -0.1273922175168991}, "right_eye_inner": {"x": 0.5207882523536682, "y": 0.40625426173210144, "z": -0.1267194151878357, "x_normalized": 24.048173748437748, "y_normalized": 18.63180511503727, "z_normalized": -0.1267194151878357}, "right_eye": {"x": 0.5196914672851562, "y": 0.40669867396354675, "z": -0.1267472803592682, "x_normalized": 23.99642517893939, "y_normalized": 18.65277339579265, "z_normalized": -0.1267472803592682}, "right_eye_outer": {"x": 0.5186010003089905, "y": 0.407130628824234, "z": -0.1267295777797699, "x_normalized": 23.944974709998977, "y_normalized": 18.673153912240377, "z_normalized": -0.1267295777797699}, "left_ear": {"x": 0.5299100875854492, "y": 0.4115478992462158, "z": -0.08648154884576797, "x_normalized": 24.47856064738125, "y_normalized": 18.8815697924229, "z_normalized": -0.08648154884576797}, "right_ear": {"x": 0.516503095626831, "y": 0.41277483105659485, "z": -0.08190664649009705, "x_normalized": 23.84599126341272, "y_normalized": 18.939458952188076, "z_normalized": -0.08190664649009705}, "mouth_left": {"x": 0.5254179835319519, "y": 0.4173773527145386, "z": -0.117291159927845, "x_normalized": 24.26661396294867, "y_normalized": 19.15661536571123, "z_normalized": -0.117291159927845}, "mouth_right": {"x": 0.521177351474762, "y": 0.418199360370636, "z": -0.11661162227392197, "x_normalized": 24.066532243176365, "y_normalized": 19.195399373208208, "z_normalized": -0.11661162227392197}, "left_shoulder": {"x": 0.5411816835403442, "y": 0.4417332410812378, "z": -0.04517051950097084, "x_normalized": 25.010377667301725, "y_normalized": 20.3057761429895, "z_normalized": -0.04517051950097084}, "right_shoulder": {"x": 0.5067773461341858, "y": 0.44523340463638306, "z": -0.03796064853668213, "x_normalized": 23.387110450760325, "y_normalized": 20.47092103982403, "z_normalized": -0.03796064853668213}, "left_elbow": {"x": 0.5569124817848206, "y": 0.45558667182922363, "z": 0.029266327619552612, "x_normalized": 25.75258899893791, "y_normalized": 20.95940942487351, "z_normalized": 0.029266327619552612}, "right_elbow": {"x": 0.4933930039405823, "y": 0.4555198550224304, "z": 0.0346810482442379, "x_normalized": 22.755609729169347, "y_normalized": 20.956256870859725, "z_normalized": 0.0346810482442379}, "left_wrist": {"x": 0.5576280355453491, "y": 0.47147658467292786, "z": 0.09104451537132263, "x_normalized": 25.786350293260384, "y_normalized": 21.70912810971201, "z_normalized": 0.09104451537132263}, "right_wrist": {"x": 0.4986947774887085, "y": 0.4683867394924164, "z": 0.0851588174700737, "x_normalized": 23.005758281330074, "y_normalized": 21.563342875527706, "z_normalized": 0.0851588174700737}, "left_pinky": {"x": 0.558455228805542, "y": 0.47910556197166443, "z": 0.10083534568548203, "x_normalized": 25.825378968196432, "y_normalized": 22.06907890889703, "z_normalized": 0.10083534568548203}, "right_pinky": {"x": 0.49907004833221436, "y": 0.4778662919998169, "z": 0.09239165484905243, "x_normalized": 23.0234643295645, "y_normalized": 22.010607609363028, "z_normalized": 0.09239165484905243}, "left_index": {"x": 0.5568771362304688, "y": 0.47911587357521057, "z": 0.09053340554237366, "x_normalized": 25.750921323175042, "y_normalized": 22.069565431505758, "z_normalized": 0.09053340554237366}, "right_index": {"x": 0.5020926594734192, "y": 0.47749581933021545, "z": 0.08625409752130508, "x_normalized": 23.16607732384912, "y_normalized": 21.99312794881648, "z_normalized": 0.08625409752130508}, "left_thumb": {"x": 0.5554059147834778, "y": 0.4769187569618225, "z": 0.08900413662195206, "x_normalized": 25.681506077214063, "y_normalized": 21.96590096247887, "z_normalized": 0.08900413662195206}, "right_thumb": {"x": 0.5017163753509521, "y": 0.4738582670688629, "z": 0.08441812545061111, "x_normalized": 23.148323467034647, "y_normalized": 21.82150077098126, "z_normalized": 0.08441812545061111}, "left_hip": {"x": 0.5342574715614319, "y": 0.5368191003799438, "z": -0.002260035602375865, "x_normalized": 24.683679141675135, "y_normalized": 24.79212204566133, "z_normalized": -0.002260035602375865}, "right_hip": {"x": 0.5131112337112427, "y": 0.5353896021842957, "z": 0.002209913218393922, "x_normalized": 23.68595626010455, "y_normalized": 24.72467538829058, "z_normalized": 0.002209913218393922}, "left_knee": {"x": 0.5309224724769592, "y": 0.6132599115371704, "z": -0.007219914812594652, "x_normalized": 24.526327043388513, "y_normalized": 28.398756328208126, "z_normalized": -0.007219914812594652}, "right_knee": {"x": 0.5137162804603577, "y": 0.6122917532920837, "z": -0.019561653956770897, "x_normalized": 23.714503606932322, "y_normalized": 28.353076636106508, "z_normalized": -0.019561653956770897}, "left_ankle": {"x": 0.5236346125602722, "y": 0.6711994409561157, "z": 0.058353081345558167, "x_normalized": 24.182470862063347, "y_normalized": 31.132462184457946, "z_normalized": 0.058353081345558167}, "right_ankle": {"x": 0.5127341747283936, "y": 0.6790140271186829, "z": 0.03895437344908714, "x_normalized": 23.668165843787687, "y_normalized": 31.501170390600073, "z_normalized": 0.03895437344908714}, "left_heel": {"x": 0.5213180184364319, "y": 0.6790708303451538, "z": 0.06205756962299347, "x_normalized": 24.073169198994858, "y_normalized": 31.503850483352203, "z_normalized": 0.06205756962299347}, "right_heel": {"x": 0.513689398765564, "y": 0.6869254112243652, "z": 0.04125259071588516, "x_normalized": 23.71323527342633, "y_normalized": 31.874445722271545, "z_normalized": 0.04125259071588516}, "left_foot_index": {"x": 0.528374195098877, "y": 0.6918889284133911, "z": 0.012590459547936916, "x_normalized": 24.40609408910541, "y_normalized": 32.108634645504324, "z_normalized": 0.012590459547936916}, "right_foot_index": {"x": 0.512280285358429, "y": 0.7041128873825073, "z": -0.011781973764300346, "x_normalized": 23.64675041219538, "y_normalized": 32.685386106131546, "z_normalized": -0.011781973764300346}}}