{"sequence_id": 1697925405990398000, "sequence_source": "mediapipe", "frame_number": 46, "image_dimensions": {"height": 1080, "width": 1920}, "joint_positions": {"nose": {"x": 0.5277135372161865, "y": 0.39668208360671997, "z": -0.11604525148868561, "x_normalized": 14.514359618664232, "y_normalized": 10.711361382495328, "z_normalized": -0.11604525148868561}, "left_eye_inner": {"x": 0.5305832028388977, "y": 0.3869611322879791, "z": -0.10631763190031052, "x_normalized": 14.596124302558199, "y_normalized": 10.434384683386202, "z_normalized": -0.10631763190031052}, "left_eye": {"x": 0.5325139760971069, "y": 0.38680902123451233, "z": -0.10628942400217056, "x_normalized": 14.651137354907918, "y_normalized": 10.430050620175123, "z_normalized": -0.10628942400217056}, "left_eye_outer": {"x": 0.5342450737953186, "y": 0.3867289125919342, "z": -0.10638727992773056, "x_normalized": 14.70046110014278, "y_normalized": 10.427768104126656, "z_normalized": -0.10638727992773056}, "right_eye_inner": {"x": 0.5243514776229858, "y": 0.3875633776187897, "z": -0.10699920356273651, "x_normalized": 14.418565273255092, "y_normalized": 10.451544312964863, "z_normalized": -0.10699920356273651}, "right_eye": {"x": 0.5220968127250671, "y": 0.3879004418849945, "z": -0.1070462092757225, "x_normalized": 14.354323655274886, "y_normalized": 10.461148203034869, "z_normalized": -0.1070462092757225}, "right_eye_outer": {"x": 0.5198472142219543, "y": 0.38832512497901917, "z": -0.10694094747304916, "x_normalized": 14.29022639284834, "y_normalized": 10.473248595032885, "z_normalized": -0.10694094747304916}, "left_ear": {"x": 0.5375537872314453, "y": 0.39269447326660156, "z": -0.037782881408929825, "x_normalized": 14.794735466486907, "y_normalized": 10.59774337196069, "z_normalized": -0.037782881408929825}, "right_ear": {"x": 0.5151971578598022, "y": 0.394562691450119, "z": -0.042091887444257736, "x_normalized": 14.157733469097424, "y_normalized": 10.650974057797859, "z_normalized": -0.042091887444257736}, "mouth_left": {"x": 0.5323708057403564, "y": 0.4086572229862213, "z": -0.09011255949735641, "x_normalized": 14.647058036791535, "y_normalized": 11.052566113179612, "z_normalized": -0.09011255949735641}, "mouth_right": {"x": 0.522927463054657, "y": 0.40940117835998535, "z": -0.09129519760608673, "x_normalized": 14.37799117287269, "y_normalized": 11.07376345250919, "z_normalized": -0.09129519760608673}, "left_shoulder": {"x": 0.5539564490318298, "y": 0.4373963475227356, "z": 0.010266282595694065, "x_normalized": 15.262092515515143, "y_normalized": 11.871422991319076, "z_normalized": 0.010266282595694065}, "right_shoulder": {"x": 0.4979856610298157, "y": 0.4409605860710144, "z": 0.03950079157948494, "x_normalized": 13.66733048050244, "y_normalized": 11.972977972469586, "z_normalized": 0.03950079157948494}, "left_elbow": {"x": 0.5797913670539856, "y": 0.4608910381793976, "z": 0.11761920154094696, "x_normalized": 15.998200544544801, "y_normalized": 12.540851491812294, "z_normalized": 0.11761920154094696}, "right_elbow": {"x": 0.48034995794296265, "y": 0.4550379812717438, "z": 0.17821210622787476, "x_normalized": 13.164840686314488, "y_normalized": 12.37408176641984, "z_normalized": 0.17821210622787476}, "left_wrist": {"x": 0.5604287385940552, "y": 0.4987272620201111, "z": 0.23579291999340057, "x_normalized": 15.446505886166179, "y_normalized": 13.618909805503376, "z_normalized": 0.23579291999340057}, "right_wrist": {"x": 0.49120479822158813, "y": 0.4805474877357483, "z": 0.30435147881507874, "x_normalized": 13.474125007483162, "y_normalized": 13.100917923152913, "z_normalized": 0.30435147881507874}, "left_pinky": {"x": 0.5551029443740845, "y": 0.5125879645347595, "z": 0.24878603219985962, "x_normalized": 15.294759328158209, "y_normalized": 14.013839427508538, "z_normalized": 0.24878603219985962}, "right_pinky": {"x": 0.4955863654613495, "y": 0.49366533756256104, "z": 0.31789952516555786, "x_normalized": 13.598967936040381, "y_normalized": 13.474681624390175, "z_normalized": 0.31789952516555786}, "left_index": {"x": 0.5526260733604431, "y": 0.511274516582489, "z": 0.2372257262468338, "x_normalized": 15.224186445424515, "y_normalized": 13.976415674797197, "z_normalized": 0.2372257262468338}, "right_index": {"x": 0.4998907744884491, "y": 0.4931257367134094, "z": 0.3125804662704468, "x_normalized": 13.721612414430384, "y_normalized": 13.45930690877501, "z_normalized": 0.3125804662704468}, "left_thumb": {"x": 0.5530283451080322, "y": 0.5055304169654846, "z": 0.23438660800457, "x_normalized": 15.235648276385161, "y_normalized": 13.812750442958762, "z_normalized": 0.23438660800457}, "right_thumb": {"x": 0.4993859827518463, "y": 0.4901992678642273, "z": 0.30426400899887085, "x_normalized": 13.7072295063839, "y_normalized": 13.375923744379415, "z_normalized": 0.30426400899887085}, "left_hip": {"x": 0.5391969680786133, "y": 0.5916261672973633, "z": -0.00775680597871542, "x_normalized": 14.841554218290602, "y_normalized": 16.26585569493898, "z_normalized": -0.00775680597871542}, "right_hip": {"x": 0.5041104555130005, "y": 0.5907831192016602, "z": 0.007830231450498104, "x_normalized": 13.841842758472993, "y_normalized": 16.241834930809866, "z_normalized": 0.007830231450498104}, "left_knee": {"x": 0.5326055288314819, "y": 0.7121507525444031, "z": -0.039165712893009186, "x_normalized": 14.653745944677596, "y_normalized": 19.69993335757104, "z_normalized": -0.039165712893009186}, "right_knee": {"x": 0.5039623379707336, "y": 0.7148016095161438, "z": -0.03224261477589607, "x_normalized": 13.83762248140421, "y_normalized": 19.775463579847504, "z_normalized": -0.03224261477589607}, "left_ankle": {"x": 0.5249043703079224, "y": 0.8054679036140442, "z": 0.11005782335996628, "x_normalized": 14.434318709911036, "y_normalized": 22.358796222536483, "z_normalized": 0.11005782335996628}, "right_ankle": {"x": 0.5077657103538513, "y": 0.8073537945747375, "z": 0.1062801405787468, "x_normalized": 13.945991044687501, "y_normalized": 22.412530454510833, "z_normalized": 0.1062801405787468}, "left_heel": {"x": 0.5223522782325745, "y": 0.8130849599838257, "z": 0.12241112440824509, "x_normalized": 14.36160257178064, "y_normalized": 22.57582715511228, "z_normalized": 0.12241112440824509}, "right_heel": {"x": 0.5091288089752197, "y": 0.8165408372879028, "z": 0.11632011830806732, "x_normalized": 13.984829481824713, "y_normalized": 22.674294625715085, "z_normalized": 0.11632011830806732}, "left_foot_index": {"x": 0.5229963064193726, "y": 0.8423966765403748, "z": 0.04992593452334404, "x_normalized": 14.379952710101842, "y_normalized": 23.41099875826633, "z_normalized": 0.04992593452334404}, "right_foot_index": {"x": 0.5044740438461304, "y": 0.8439345359802246, "z": 0.042183179408311844, "x_normalized": 13.852202392323926, "y_normalized": 23.454816612854515, "z_normalized": 0.042183179408311844}}}