{"sequence_id": 1697925405990398000, "sequence_source": "mediapipe", "frame_number": 148, "image_dimensions": {"height": 1080, "width": 1920}, "joint_positions": {"nose": {"x": 0.5129168033599854, "y": 0.4056699872016907, "z": -0.2627960443496704, "x_normalized": 18.304954889929693, "y_normalized": 14.311130018454973, "z_normalized": -0.2627960443496704}, "left_eye_inner": {"x": 0.5148953199386597, "y": 0.399027943611145, "z": -0.25205498933792114, "x_normalized": 18.377541468094584, "y_normalized": 14.067450879520084, "z_normalized": -0.25205498933792114}, "left_eye": {"x": 0.5162270069122314, "y": 0.3993542790412903, "z": -0.25200095772743225, "x_normalized": 18.42639756646658, "y_normalized": 14.079423269574093, "z_normalized": -0.25200095772743225}, "left_eye_outer": {"x": 0.5176505446434021, "y": 0.3997207581996918, "z": -0.25204822421073914, "x_normalized": 18.478623427956972, "y_normalized": 14.092868427610089, "z_normalized": -0.25204822421073914}, "right_eye_inner": {"x": 0.5106659531593323, "y": 0.3987244665622711, "z": -0.2543790340423584, "x_normalized": 18.222377106256715, "y_normalized": 14.056317103454333, "z_normalized": -0.2543790340423584}, "right_eye": {"x": 0.5089550614356995, "y": 0.39895424246788025, "z": -0.25443360209465027, "x_normalized": 18.159608981305066, "y_normalized": 14.064746978095101, "z_normalized": -0.25443360209465027}, "right_eye_outer": {"x": 0.5071651339530945, "y": 0.39919695258140564, "z": -0.2544192373752594, "x_normalized": 18.093941241885542, "y_normalized": 14.07365137486221, "z_normalized": -0.2544192373752594}, "left_ear": {"x": 0.5210357308387756, "y": 0.4041350781917572, "z": -0.178603395819664, "x_normalized": 18.602817020783895, "y_normalized": 14.254818237180851, "z_normalized": -0.178603395819664}, "right_ear": {"x": 0.5029982924461365, "y": 0.4039967656135559, "z": -0.18845441937446594, "x_normalized": 17.941070768114642, "y_normalized": 14.249743911862069, "z_normalized": -0.18845441937446594}, "mouth_left": {"x": 0.5160526633262634, "y": 0.4158080816268921, "z": -0.23439379036426544, "x_normalized": 18.42000135808156, "y_normalized": 14.683070082728284, "z_normalized": -0.23439379036426544}, "mouth_right": {"x": 0.509981095790863, "y": 0.4156437814235687, "z": -0.23748977482318878, "x_normalized": 18.19725148767762, "y_normalized": 14.677042339681, "z_normalized": -0.23748977482318878}, "left_shoulder": {"x": 0.5359310507774353, "y": 0.4446371793746948, "z": -0.1060178354382515, "x_normalized": 19.149287197820794, "y_normalized": 15.740733980847509, "z_normalized": -0.1060178354382515}, "right_shoulder": {"x": 0.48710450530052185, "y": 0.45086532831192017, "z": -0.11160726100206375, "x_normalized": 17.357969450988296, "y_normalized": 15.969228411739468, "z_normalized": -0.11160726100206375}, "left_elbow": {"x": 0.5556689500808716, "y": 0.45469576120376587, "z": 0.0055122096091508865, "x_normalized": 19.87341889630755, "y_normalized": 16.10975693674967, "z_normalized": 0.0055122096091508865}, "right_elbow": {"x": 0.4677972197532654, "y": 0.45924732089042664, "z": -0.028060410171747208, "x_normalized": 16.649635840528056, "y_normalized": 16.27674171035684, "z_normalized": -0.028060410171747208}, "left_wrist": {"x": 0.5539920330047607, "y": 0.467199444770813, "z": 0.09009090811014175, "x_normalized": 19.811897211964265, "y_normalized": 16.568484255171565, "z_normalized": 0.09009090811014175}, "right_wrist": {"x": 0.48356592655181885, "y": 0.44749072194099426, "z": 0.04450075328350067, "x_normalized": 17.228148288151512, "y_normalized": 15.845422964891466, "z_normalized": 0.04450075328350067}, "left_pinky": {"x": 0.5559269785881042, "y": 0.4776313006877899, "z": 0.10501280426979065, "x_normalized": 19.88288528471738, "y_normalized": 16.951201657231394, "z_normalized": 0.10501280426979065}, "right_pinky": {"x": 0.48915478587150574, "y": 0.4472391903400421, "z": 0.051209695637226105, "x_normalized": 17.433188861596115, "y_normalized": 15.836194930913763, "z_normalized": 0.051209695637226105}, "left_index": {"x": 0.5531054139137268, "y": 0.476314514875412, "z": 0.08819708228111267, "x_normalized": 19.77936948556182, "y_normalized": 16.90289224333675, "z_normalized": 0.08819708228111267}, "right_index": {"x": 0.49144548177719116, "y": 0.4457451105117798, "z": 0.04907917231321335, "x_normalized": 17.51722847956153, "y_normalized": 15.781381065107585, "z_normalized": 0.04907917231321335}, "left_thumb": {"x": 0.5524730682373047, "y": 0.4724203944206238, "z": 0.08626958727836609, "x_normalized": 19.756170383080907, "y_normalized": 16.76002718887035, "z_normalized": 0.08626958727836609}, "right_thumb": {"x": 0.48937922716140747, "y": 0.4460279941558838, "z": 0.0461975559592247, "x_normalized": 17.44142302319399, "y_normalized": 15.791759323225637, "z_normalized": 0.0461975559592247}, "left_hip": {"x": 0.5261895060539246, "y": 0.5706135630607605, "z": -0.009696249850094318, "x_normalized": 18.791895500858775, "y_normalized": 20.36247671473249, "z_normalized": -0.009696249850094318}, "right_hip": {"x": 0.4990421533584595, "y": 0.5730596780776978, "z": 0.009614722803235054, "x_normalized": 17.7959304128535, "y_normalized": 20.45221825179669, "z_normalized": 0.009614722803235054}, "left_knee": {"x": 0.5249007940292358, "y": 0.6752094626426697, "z": -0.01683579757809639, "x_normalized": 18.744616040519464, "y_normalized": 24.19982562682325, "z_normalized": -0.01683579757809639}, "right_knee": {"x": 0.5049593448638916, "y": 0.6832267642021179, "z": 0.00916934385895729, "x_normalized": 18.013016632072077, "y_normalized": 24.493959369541912, "z_normalized": 0.00916934385895729}, "left_ankle": {"x": 0.521500289440155, "y": 0.7558510303497314, "z": 0.0995551124215126, "x_normalized": 18.61986045604982, "y_normalized": 27.158353000715724, "z_normalized": 0.0995551124215126}, "right_ankle": {"x": 0.5135547518730164, "y": 0.7631535530090332, "z": 0.10568619519472122, "x_normalized": 18.328359545774088, "y_normalized": 27.426263382424764, "z_normalized": 0.10568619519472122}, "left_heel": {"x": 0.522434413433075, "y": 0.7636070847511292, "z": 0.10657946765422821, "x_normalized": 18.654131012566065, "y_normalized": 27.442902271177452, "z_normalized": 0.10657946765422821}, "right_heel": {"x": 0.5161992907524109, "y": 0.7744739651679993, "z": 0.11088671535253525, "x_normalized": 18.425380733338706, "y_normalized": 27.841579579869094, "z_normalized": 0.11088671535253525}, "left_foot_index": {"x": 0.5189963579177856, "y": 0.7838224172592163, "z": 0.03075259178876877, "x_normalized": 18.527997783213497, "y_normalized": 28.184549740318566, "z_normalized": 0.03075259178876877}, "right_foot_index": {"x": 0.5055918097496033, "y": 0.7948926091194153, "z": 0.03765266016125679, "x_normalized": 18.036220108028807, "y_normalized": 28.5906860120192, "z_normalized": 0.03765266016125679}}}