{"sequence_id": 1697925405990398000, "sequence_source": "mediapipe", "frame_number": 621, "image_dimensions": {"height": 1080, "width": 1920}, "joint_positions": {"nose": {"x": 0.5279610753059387, "y": 0.41699182987213135, "z": -0.07999444752931595, "x_normalized": 35.8211396577998, "y_normalized": 28.20646184222, "z_normalized": -0.07999444752931595}, "left_eye_inner": {"x": 0.5289945006370544, "y": 0.41375771164894104, "z": -0.0764794647693634, "x_normalized": 35.892294619154676, "y_normalized": 27.983781450846433, "z_normalized": -0.0764794647693634}, "left_eye": {"x": 0.52979576587677, "y": 0.41375648975372314, "z": -0.07646825909614563, "x_normalized": 35.94746454333818, "y_normalized": 27.983697319071847, "z_normalized": -0.07646825909614563}, "left_eye_outer": {"x": 0.5306409001350403, "y": 0.41375651955604553, "z": -0.0764998197555542, "x_normalized": 36.00565500342878, "y_normalized": 27.98369937106635, "z_normalized": -0.0764998197555542}, "right_eye_inner": {"x": 0.5268251299858093, "y": 0.414101779460907, "z": -0.07629863172769547, "x_normalized": 35.74292583535769, "y_normalized": 28.007471727373197, "z_normalized": -0.07629863172769547}, "right_eye": {"x": 0.5261237621307373, "y": 0.4144272208213806, "z": -0.0763109028339386, "x_normalized": 35.694634196745234, "y_normalized": 28.029879507336148, "z_normalized": -0.0763109028339386}, "right_eye_outer": {"x": 0.5254248976707458, "y": 0.414767861366272, "z": -0.07628848403692245, "x_normalized": 35.64651492567095, "y_normalized": 28.053333804495168, "z_normalized": -0.07628848403692245}, "left_ear": {"x": 0.5324981212615967, "y": 0.41660383343696594, "z": -0.04768025502562523, "x_normalized": 36.13353119681074, "y_normalized": 28.17974692579714, "z_normalized": -0.04768025502562523}, "right_ear": {"x": 0.5243720412254333, "y": 0.4180985689163208, "z": -0.04712088778614998, "x_normalized": 35.5740220639007, "y_normalized": 28.282664710050046, "z_normalized": -0.04712088778614998}, "mouth_left": {"x": 0.5300812125205994, "y": 0.4216606020927429, "z": -0.06886641681194305, "x_normalized": 35.96711854667931, "y_normalized": 28.52792319693024, "z_normalized": -0.06886641681194305}, "mouth_right": {"x": 0.526628851890564, "y": 0.42243608832359314, "z": -0.06867275387048721, "x_normalized": 35.72941139956685, "y_normalized": 28.581318145869425, "z_normalized": -0.06867275387048721}, "left_shoulder": {"x": 0.5419272184371948, "y": 0.4386134147644043, "z": -0.02192474715411663, "x_normalized": 36.78275763334168, "y_normalized": 29.69518385349474, "z_normalized": -0.02192474715411663}, "right_shoulder": {"x": 0.5177905559539795, "y": 0.4411689043045044, "z": -0.012243330478668213, "x_normalized": 35.12086370204558, "y_normalized": 29.87113827806095, "z_normalized": -0.012243330478668213}, "left_elbow": {"x": 0.5553542971611023, "y": 0.45023301243782043, "z": 0.029380401596426964, "x_normalized": 37.70725913232955, "y_normalized": 30.495233937924645, "z_normalized": 0.029380401596426964}, "right_elbow": {"x": 0.5116761326789856, "y": 0.4521371126174927, "z": 0.04273690655827522, "x_normalized": 34.69986419802739, "y_normalized": 30.62633791865842, "z_normalized": 0.04273690655827522}, "left_wrist": {"x": 0.5491486191749573, "y": 0.46782994270324707, "z": 0.07241645455360413, "x_normalized": 37.279976421145925, "y_normalized": 31.706844351663065, "z_normalized": 0.07241645455360413}, "right_wrist": {"x": 0.5157549381256104, "y": 0.4689224660396576, "z": 0.08107723295688629, "x_normalized": 34.98070426957403, "y_normalized": 31.782068418115614, "z_normalized": 0.08107723295688629}, "left_pinky": {"x": 0.546847403049469, "y": 0.47507888078689575, "z": 0.07898654043674469, "x_normalized": 37.12152961367165, "y_normalized": 32.205959182387254, "z_normalized": 0.07898654043674469}, "right_pinky": {"x": 0.5176244974136353, "y": 0.47426509857177734, "z": 0.08675165474414825, "x_normalized": 35.10942998867987, "y_normalized": 32.14992742051287, "z_normalized": 0.08675165474414825}, "left_index": {"x": 0.5454673171043396, "y": 0.47439315915107727, "z": 0.07237494736909866, "x_normalized": 37.02650585226832, "y_normalized": 32.1587448408884, "z_normalized": 0.07237494736909866}, "right_index": {"x": 0.5200192332267761, "y": 0.4767626225948334, "z": 0.08150721341371536, "x_normalized": 35.274315954901745, "y_normalized": 32.32189071577249, "z_normalized": 0.08150721341371536}, "left_thumb": {"x": 0.5451406240463257, "y": 0.4713628888130188, "z": 0.07151481509208679, "x_normalized": 37.00401188853628, "y_normalized": 31.950100091909206, "z_normalized": 0.07151481509208679}, "right_thumb": {"x": 0.5189688801765442, "y": 0.4718526303768158, "z": 0.08027270436286926, "x_normalized": 35.20199546066967, "y_normalized": 31.983820517562243, "z_normalized": 0.08027270436286926}, "left_hip": {"x": 0.5380944013595581, "y": 0.5050039291381836, "z": -0.004550528712570667, "x_normalized": 36.51885472441539, "y_normalized": 34.26640379784855, "z_normalized": -0.004550528712570667}, "right_hip": {"x": 0.5235726237297058, "y": 0.5047746300697327, "z": 0.00452987989410758, "x_normalized": 35.518979363376324, "y_normalized": 34.25061575214938, "z_normalized": 0.00452987989410758}, "left_knee": {"x": 0.5357263684272766, "y": 0.55982506275177, "z": -0.011747743934392929, "x_normalized": 36.3558073452674, "y_normalized": 38.0410312685085, "z_normalized": -0.011747743934392929}, "right_knee": {"x": 0.5244227647781372, "y": 0.5592283606529236, "z": -0.0038254819810390472, "x_normalized": 35.57751455854328, "y_normalized": 37.99994623458742, "z_normalized": -0.0038254819810390472}, "left_ankle": {"x": 0.5336688160896301, "y": 0.606295108795166, "z": 0.029578277841210365, "x_normalized": 36.2141376448423, "y_normalized": 41.24065704776753, "z_normalized": 0.029578277841210365}, "right_ankle": {"x": 0.528025209903717, "y": 0.6065235733985901, "z": 0.03781154379248619, "x_normalized": 35.82555554996832, "y_normalized": 41.25638763762064, "z_normalized": 0.03781154379248619}, "left_heel": {"x": 0.5333503484725952, "y": 0.6123760938644409, "z": 0.03210946172475815, "x_normalized": 36.19221003159284, "y_normalized": 41.65935421395436, "z_normalized": 0.03210946172475815}, "right_heel": {"x": 0.5293223261833191, "y": 0.6124206781387329, "z": 0.039813827723264694, "x_normalized": 35.914866558677794, "y_normalized": 41.6624239977295, "z_normalized": 0.039813827723264694}, "left_foot_index": {"x": 0.5348489880561829, "y": 0.6213322281837463, "z": -0.002667606109753251, "x_normalized": 36.29539662712553, "y_normalized": 42.276015497736935, "z_normalized": -0.002667606109753251}, "right_foot_index": {"x": 0.5247358679771423, "y": 0.6210054755210876, "z": 0.006138977594673634, "x_normalized": 35.59907281278236, "y_normalized": 42.2535174300159, "z_normalized": 0.006138977594673634}}}