{"sequence_id": 1697925405990398000, "sequence_source": "mediapipe", "frame_number": 235, "image_dimensions": {"height": 1080, "width": 1920}, "joint_positions": {"nose": {"x": 0.5166362524032593, "y": 0.42404693365097046, "z": -0.1988944411277771, "x_normalized": 21.593616745451115, "y_normalized": 17.587989174753922, "z_normalized": -0.1988944411277771}, "left_eye_inner": {"x": 0.5189710259437561, "y": 0.41813772916793823, "z": -0.19093261659145355, "x_normalized": 21.693537309693493, "y_normalized": 17.335094820793355, "z_normalized": -0.19093261659145355}, "left_eye": {"x": 0.5203693509101868, "y": 0.4182053208351135, "z": -0.190888911485672, "x_normalized": 21.753380980703326, "y_normalized": 17.337987519980274, "z_normalized": -0.190888911485672}, "left_eye_outer": {"x": 0.5218331217765808, "y": 0.4182735085487366, "z": -0.19091762602329254, "x_normalized": 21.81602551917986, "y_normalized": 17.340905727978367, "z_normalized": -0.19091762602329254}, "right_eye_inner": {"x": 0.5145664215087891, "y": 0.41809502243995667, "z": -0.19334545731544495, "x_normalized": 21.50503484777475, "y_normalized": 17.33326711447287, "z_normalized": -0.19334545731544495}, "right_eye": {"x": 0.5128196477890015, "y": 0.4181590974330902, "z": -0.1933753937482834, "x_normalized": 21.430278725753684, "y_normalized": 17.336009311673873, "z_normalized": -0.1933753937482834}, "right_eye_outer": {"x": 0.5111400485038757, "y": 0.41821780800819397, "z": -0.1933385580778122, "x_normalized": 21.35839744675172, "y_normalized": 17.33852192957433, "z_normalized": -0.1933385580778122}, "left_ear": {"x": 0.524649977684021, "y": 0.42109060287475586, "z": -0.12916506826877594, "x_normalized": 21.93657760989826, "y_normalized": 17.461468022221236, "z_normalized": -0.12916506826877594}, "right_ear": {"x": 0.50759357213974, "y": 0.4211219549179077, "z": -0.13991445302963257, "x_normalized": 21.2066200202775, "y_normalized": 17.462809785688894, "z_normalized": -0.13991445302963257}, "mouth_left": {"x": 0.5197697281837463, "y": 0.43066197633743286, "z": -0.17455114424228668, "x_normalized": 21.727719116664154, "y_normalized": 17.871091062904533, "z_normalized": -0.17455114424228668}, "mouth_right": {"x": 0.5134987235069275, "y": 0.4314724802970886, "z": -0.17780810594558716, "x_normalized": 21.4593409143221, "y_normalized": 17.905777944336407, "z_normalized": -0.17780810594558716}, "left_shoulder": {"x": 0.5362536907196045, "y": 0.4513764977455139, "z": -0.06192825362086296, "x_normalized": 22.433178044035195, "y_normalized": 18.757603879332052, "z_normalized": -0.06192825362086296}, "right_shoulder": {"x": 0.4968782365322113, "y": 0.4528892934322357, "z": -0.08504141122102737, "x_normalized": 20.748039193752085, "y_normalized": 18.822346517527492, "z_normalized": -0.08504141122102737}, "left_elbow": {"x": 0.5557091236114502, "y": 0.4633936882019043, "z": 0.048218343406915665, "x_normalized": 23.26580604774269, "y_normalized": 19.271899775779094, "z_normalized": 0.048218343406915665}, "right_elbow": {"x": 0.4864996075630188, "y": 0.4666481018066406, "z": -0.04269222542643547, "x_normalized": 20.303868294657804, "y_normalized": 19.41117788477896, "z_normalized": -0.04269222542643547}, "left_wrist": {"x": 0.5616025328636169, "y": 0.47591373324394226, "z": 0.1271056979894638, "x_normalized": 23.518024418207194, "y_normalized": 19.80771618077151, "z_normalized": 0.1271056979894638}, "right_wrist": {"x": 0.48207664489746094, "y": 0.4717966914176941, "z": -0.03317074477672577, "x_normalized": 20.11458016135496, "y_normalized": 19.631520444802767, "z_normalized": -0.03317074477672577}, "left_pinky": {"x": 0.5655723214149475, "y": 0.4789887070655823, "z": 0.14529913663864136, "x_normalized": 23.68791820237586, "y_normalized": 19.939314862168008, "z_normalized": 0.14529913663864136}, "right_pinky": {"x": 0.4799126982688904, "y": 0.4734991192817688, "z": -0.03082113340497017, "x_normalized": 20.021970422394517, "y_normalized": 19.704378711272625, "z_normalized": -0.03082113340497017}, "left_index": {"x": 0.5644388794898987, "y": 0.4773581027984619, "z": 0.12964162230491638, "x_normalized": 23.639410647050926, "y_normalized": 19.869530407444394, "z_normalized": 0.12964162230491638}, "right_index": {"x": 0.4818683862686157, "y": 0.4716033935546875, "z": -0.037761881947517395, "x_normalized": 20.105667382731415, "y_normalized": 19.62324793733964, "z_normalized": -0.037761881947517395}, "left_thumb": {"x": 0.5612877607345581, "y": 0.47712916135787964, "z": 0.1239386722445488, "x_normalized": 23.50455321502719, "y_normalized": 19.859732473073173, "z_normalized": 0.1239386722445488}, "right_thumb": {"x": 0.4837256968021393, "y": 0.4716898798942566, "z": -0.03450164943933487, "x_normalized": 20.185154113784353, "y_normalized": 19.626949265840718, "z_normalized": -0.03450164943933487}, "left_hip": {"x": 0.5283819437026978, "y": 0.5595651268959045, "z": -0.0073799812234938145, "x_normalized": 22.09629337840925, "y_normalized": 23.387718398711137, "z_normalized": -0.0073799812234938145}, "right_hip": {"x": 0.5050209164619446, "y": 0.5600613355636597, "z": 0.0072859348729252815, "x_normalized": 21.096518889496323, "y_normalized": 23.40895448401194, "z_normalized": 0.0072859348729252815}, "left_knee": {"x": 0.5278289318084717, "y": 0.6394780874252319, "z": -0.05799020826816559, "x_normalized": 22.07262630340374, "y_normalized": 26.807728077538556, "z_normalized": -0.05799020826816559}, "right_knee": {"x": 0.5051470994949341, "y": 0.639848530292511, "z": 0.044269587844610214, "x_normalized": 21.101919104821466, "y_normalized": 26.82358180368204, "z_normalized": 0.044269587844610214}, "left_ankle": {"x": 0.5241993069648743, "y": 0.7136099338531494, "z": 0.004583367612212896, "x_normalized": 21.91729039777101, "y_normalized": 29.980325245926302, "z_normalized": 0.004583367612212896}, "right_ankle": {"x": 0.5109973549842834, "y": 0.690110981464386, "z": 0.19945558905601501, "x_normalized": 21.35229063735711, "y_normalized": 28.974648018108148, "z_normalized": 0.19945558905601501}, "left_heel": {"x": 0.5219866633415222, "y": 0.7202138304710388, "z": 0.00702278409153223, "x_normalized": 21.822596588937802, "y_normalized": 30.262950119307995, "z_normalized": 0.00702278409153223}, "right_heel": {"x": 0.513766884803772, "y": 0.6949809193611145, "z": 0.21251431107521057, "x_normalized": 21.470817328468446, "y_normalized": 29.183065208908975, "z_normalized": 0.21251431107521057}, "left_foot_index": {"x": 0.5225794911384583, "y": 0.7438753843307495, "z": -0.058416686952114105, "x_normalized": 21.84796765252961, "y_normalized": 31.27558615081391, "z_normalized": -0.058416686952114105}, "right_foot_index": {"x": 0.5051795244216919, "y": 0.7170220613479614, "z": 0.17454202473163605, "x_normalized": 21.10330678414923, "y_normalized": 30.12635298636232, "z_normalized": 0.17454202473163605}}}