{"sequence_id": 1697925405990398000, "sequence_source": "mediapipe", "frame_number": 181, "image_dimensions": {"height": 1080, "width": 1920}, "joint_positions": {"nose": {"x": 0.5142189860343933, "y": 0.40606045722961426, "z": -0.1553223431110382, "x_normalized": 19.438034161986266, "y_normalized": 15.1993628814937, "z_normalized": -0.1553223431110382}, "left_eye_inner": {"x": 0.5162078738212585, "y": 0.4015510678291321, "z": -0.14760074019432068, "x_normalized": 19.515225002432565, "y_normalized": 15.02434870521809, "z_normalized": -0.14760074019432068}, "left_eye": {"x": 0.5175207853317261, "y": 0.4018252491950989, "z": -0.1475563645362854, "x_normalized": 19.56618048800289, "y_normalized": 15.034989974279855, "z_normalized": -0.1475563645362854}, "left_eye_outer": {"x": 0.5188316702842712, "y": 0.40200433135032654, "z": -0.14760129153728485, "x_normalized": 19.617057320714927, "y_normalized": 15.041940342300741, "z_normalized": -0.14760129153728485}, "right_eye_inner": {"x": 0.5124956369400024, "y": 0.4013327956199646, "z": -0.149176225066185, "x_normalized": 19.371149159294355, "y_normalized": 15.015877329717181, "z_normalized": -0.149176225066185}, "right_eye": {"x": 0.5111079812049866, "y": 0.4017302393913269, "z": -0.14921632409095764, "x_normalized": 19.317292771245018, "y_normalized": 15.031302543218018, "z_normalized": -0.14921632409095764}, "right_eye_outer": {"x": 0.5096290707588196, "y": 0.40215763449668884, "z": -0.14919085800647736, "x_normalized": 19.259894691253603, "y_normalized": 15.047890199697884, "z_normalized": -0.14919085800647736}, "left_ear": {"x": 0.5223326086997986, "y": 0.40679383277893066, "z": -0.09413644671440125, "x_normalized": 19.752932446717498, "y_normalized": 15.22782596291456, "z_normalized": -0.09413644671440125}, "right_ear": {"x": 0.5062727928161621, "y": 0.4095422029495239, "z": -0.10220757126808167, "x_normalized": 19.129633991340796, "y_normalized": 15.334493118661944, "z_normalized": -0.10220757126808167}, "mouth_left": {"x": 0.5174126029014587, "y": 0.4154757261276245, "z": -0.13486817479133606, "x_normalized": 19.561981813362213, "y_normalized": 15.564779434435977, "z_normalized": -0.13486817479133606}, "mouth_right": {"x": 0.512377142906189, "y": 0.41646164655685425, "z": -0.1372339278459549, "x_normalized": 19.366550280404184, "y_normalized": 15.603044049990466, "z_normalized": -0.1372339278459549}, "left_shoulder": {"x": 0.5360587239265442, "y": 0.4438663721084595, "z": -0.04206070676445961, "x_normalized": 20.28565750914305, "y_normalized": 16.666650459310652, "z_normalized": -0.04206070676445961}, "right_shoulder": {"x": 0.49393075704574585, "y": 0.4513002038002014, "z": -0.046387627720832825, "x_normalized": 18.650626517802905, "y_normalized": 16.95516533672679, "z_normalized": -0.046387627720832825}, "left_elbow": {"x": 0.5567206144332886, "y": 0.4570627212524414, "z": 0.059468500316143036, "x_normalized": 21.087567352402107, "y_normalized": 17.17881473925339, "z_normalized": 0.059468500316143036}, "right_elbow": {"x": 0.47815483808517456, "y": 0.46810105443000793, "z": 0.04505527392029762, "x_normalized": 18.038346402543855, "y_normalized": 17.60722413506227, "z_normalized": 0.04505527392029762}, "left_wrist": {"x": 0.5520752668380737, "y": 0.4744124114513397, "z": 0.1445961445569992, "x_normalized": 20.907276494663478, "y_normalized": 17.85217458226729, "z_normalized": 0.1445961445569992}, "right_wrist": {"x": 0.485932856798172, "y": 0.48260486125946045, "z": 0.11863438785076141, "x_normalized": 18.34021954261155, "y_normalized": 18.170132231853774, "z_normalized": 0.11863438785076141}, "left_pinky": {"x": 0.5520122051239014, "y": 0.48318254947662354, "z": 0.1585945338010788, "x_normalized": 20.904829002779273, "y_normalized": 18.19255292310304, "z_normalized": 0.1585945338010788}, "right_pinky": {"x": 0.4889203906059265, "y": 0.493630975484848, "z": 0.1294802874326706, "x_normalized": 18.45616889229596, "y_normalized": 18.5980673971936, "z_normalized": 0.1294802874326706}, "left_index": {"x": 0.5501937866210938, "y": 0.48336225748062134, "z": 0.14801335334777832, "x_normalized": 20.83425425570616, "y_normalized": 18.199527580977218, "z_normalized": 0.14801335334777832}, "right_index": {"x": 0.49142077565193176, "y": 0.4942033588886261, "z": 0.1230294406414032, "x_normalized": 18.55321148284085, "y_normalized": 18.620282203019716, "z_normalized": 0.1230294406414032}, "left_thumb": {"x": 0.549053966999054, "y": 0.48110008239746094, "z": 0.14319849014282227, "x_normalized": 20.790016649560915, "y_normalized": 18.111730171259577, "z_normalized": 0.14319849014282227}, "right_thumb": {"x": 0.4921592175960541, "y": 0.4949258267879486, "z": 0.11869879812002182, "x_normalized": 18.58187119640742, "y_normalized": 18.648321946997463, "z_normalized": 0.11869879812002182}, "left_hip": {"x": 0.5322319269180298, "y": 0.5603045225143433, "z": -0.0012626388343051076, "x_normalized": 20.13713546619251, "y_normalized": 21.18573833807366, "z_normalized": -0.0012626388343051076}, "right_hip": {"x": 0.5064661502838135, "y": 0.5602421164512634, "z": 0.0012355752987787127, "x_normalized": 19.137138399348704, "y_normalized": 21.183316292702425, "z_normalized": 0.0012355752987787127}, "left_knee": {"x": 0.528098464012146, "y": 0.6541902422904968, "z": -0.011191846802830696, "x_normalized": 19.976711395128323, "y_normalized": 24.829542510077374, "z_normalized": -0.011191846802830696}, "right_knee": {"x": 0.5084750056266785, "y": 0.6494223475456238, "z": -0.02417948469519615, "x_normalized": 19.21510420178102, "y_normalized": 24.64449546773201, "z_normalized": -0.02417948469519615}, "left_ankle": {"x": 0.5197668671607971, "y": 0.7229897379875183, "z": 0.10029286891222, "x_normalized": 19.65335330149299, "y_normalized": 27.499723769274933, "z_normalized": 0.10029286891222}, "right_ankle": {"x": 0.5045999884605408, "y": 0.7276129126548767, "z": 0.07789404690265656, "x_normalized": 19.064710683467226, "y_normalized": 27.679154072211176, "z_normalized": 0.07789404690265656}, "left_heel": {"x": 0.5158155560493469, "y": 0.7318854928016663, "z": 0.1085159033536911, "x_normalized": 19.499998734396794, "y_normalized": 27.844977430664528, "z_normalized": 0.1085159033536911}, "right_heel": {"x": 0.5051602721214294, "y": 0.7338244318962097, "z": 0.08498620241880417, "x_normalized": 19.086455885463007, "y_normalized": 27.920229709486094, "z_normalized": 0.08498620241880417}, "left_foot_index": {"x": 0.5251768231391907, "y": 0.7495418787002563, "z": 0.05403692275285721, "x_normalized": 19.863319419997776, "y_normalized": 28.530240458451754, "z_normalized": 0.05403692275285721}, "right_foot_index": {"x": 0.5034341216087341, "y": 0.760095477104187, "z": 0.022791139781475067, "x_normalized": 19.019462156761115, "y_normalized": 28.939836784555244, "z_normalized": 0.022791139781475067}}}