{"sequence_id": 1697925405990398000, "sequence_source": "mediapipe", "frame_number": 237, "image_dimensions": {"height": 1080, "width": 1920}, "joint_positions": {"nose": {"x": 0.5155811309814453, "y": 0.4259450137615204, "z": -0.20419146120548248, "x_normalized": 21.924859080563657, "y_normalized": 17.979313963264996, "z_normalized": -0.20419146120548248}, "left_eye_inner": {"x": 0.5183254480361938, "y": 0.42026400566101074, "z": -0.19630847871303558, "x_normalized": 22.044305378741363, "y_normalized": 17.732048296074943, "z_normalized": -0.19630847871303558}, "left_eye": {"x": 0.5197781920433044, "y": 0.42043372988700867, "z": -0.19625698029994965, "x_normalized": 22.10753600785142, "y_normalized": 17.73943553672611, "z_normalized": -0.19625698029994965}, "left_eye_outer": {"x": 0.5211781859397888, "y": 0.42057713866233826, "z": -0.19629214704036713, "x_normalized": 22.168470690349963, "y_normalized": 17.745677398361476, "z_normalized": -0.19629214704036713}, "right_eye_inner": {"x": 0.5135594010353088, "y": 0.41992267966270447, "z": -0.19886185228824615, "x_normalized": 21.83686335952874, "y_normalized": 17.71719209463898, "z_normalized": -0.19886185228824615}, "right_eye": {"x": 0.5118072032928467, "y": 0.41984400153160095, "z": -0.19891458749771118, "x_normalized": 21.76059901767717, "y_normalized": 17.713767631896385, "z_normalized": -0.19891458749771118}, "right_eye_outer": {"x": 0.5101598501205444, "y": 0.4197210669517517, "z": -0.19887875020503998, "x_normalized": 21.6888980318591, "y_normalized": 17.70841690886108, "z_normalized": -0.19887875020503998}, "left_ear": {"x": 0.5236964821815491, "y": 0.42326220870018005, "z": -0.13841578364372253, "x_normalized": 22.27807944101258, "y_normalized": 17.86254497232241, "z_normalized": -0.13841578364372253}, "right_ear": {"x": 0.5069299340248108, "y": 0.4222419559955597, "z": -0.13977646827697754, "x_normalized": 21.548316053405696, "y_normalized": 17.8181385111368, "z_normalized": -0.13977646827697754}, "mouth_left": {"x": 0.518825352191925, "y": 0.4323539137840271, "z": -0.18245594203472137, "x_normalized": 22.066063688606626, "y_normalized": 18.25826109940397, "z_normalized": -0.18245594203472137}, "mouth_right": {"x": 0.5123255252838135, "y": 0.43300703167915344, "z": -0.1858360767364502, "x_normalized": 21.783158963138995, "y_normalized": 18.286688031602445, "z_normalized": -0.1858360767364502}, "left_shoulder": {"x": 0.5349016785621643, "y": 0.4528486132621765, "z": -0.06915406882762909, "x_normalized": 22.765785198517104, "y_normalized": 19.15029213521074, "z_normalized": -0.06915406882762909}, "right_shoulder": {"x": 0.4961932301521301, "y": 0.45346084237098694, "z": -0.08391587436199188, "x_normalized": 21.08100141495935, "y_normalized": 19.17693938449905, "z_normalized": -0.08391587436199188}, "left_elbow": {"x": 0.553057849407196, "y": 0.4639435410499573, "z": 0.04286368191242218, "x_normalized": 23.556031862170098, "y_normalized": 19.63319845629572, "z_normalized": 0.04286368191242218}, "right_elbow": {"x": 0.48815253376960754, "y": 0.4611107110977173, "z": -0.01706240326166153, "x_normalized": 20.73103040268096, "y_normalized": 19.509899637532595, "z_normalized": -0.01706240326166153}, "left_wrist": {"x": 0.5611468553543091, "y": 0.475967675447464, "z": 0.11692023277282715, "x_normalized": 23.90810554645824, "y_normalized": 20.15654846065774, "z_normalized": 0.11692023277282715}, "right_wrist": {"x": 0.4824882745742798, "y": 0.4714594781398773, "z": 0.017396466806530952, "x_normalized": 20.484493730968687, "y_normalized": 19.96032933979698, "z_normalized": 0.017396466806530952}, "left_pinky": {"x": 0.5655540227890015, "y": 0.4789896607398987, "z": 0.1335897147655487, "x_normalized": 24.09992734584271, "y_normalized": 20.28808025859785, "z_normalized": 0.1335897147655487}, "right_pinky": {"x": 0.4803229868412018, "y": 0.473359078168869, "z": 0.022489942610263824, "x_normalized": 20.39024966257351, "y_normalized": 20.043009360711007, "z_normalized": 0.022489942610263824}, "left_index": {"x": 0.5642961859703064, "y": 0.4772889316082001, "z": 0.11750388145446777, "x_normalized": 24.045180044890444, "y_normalized": 20.21405608612373, "z_normalized": 0.11750388145446777}, "right_index": {"x": 0.48256340622901917, "y": 0.47150957584381104, "z": 0.014702181331813335, "x_normalized": 20.487763833458867, "y_normalized": 19.96250984050543, "z_normalized": 0.014702181331813335}, "left_thumb": {"x": 0.5612905025482178, "y": 0.47705039381980896, "z": 0.11335595697164536, "x_normalized": 23.914357785253436, "y_normalized": 20.203673737717768, "z_normalized": 0.11335595697164536}, "right_thumb": {"x": 0.4840882420539856, "y": 0.47191300988197327, "z": 0.016346357762813568, "x_normalized": 20.554132256271327, "y_normalized": 19.98006929207608, "z_normalized": 0.016346357762813568}, "left_hip": {"x": 0.5272740721702576, "y": 0.5596185922622681, "z": -0.0083446204662323, "x_normalized": 22.433793912782317, "y_normalized": 23.797451517179812, "z_normalized": -0.0083446204662323}, "right_hip": {"x": 0.5043070316314697, "y": 0.5602353811264038, "z": 0.008260663598775864, "x_normalized": 21.434154323869404, "y_normalized": 23.824297229649794, "z_normalized": 0.008260663598775864}, "left_knee": {"x": 0.5269244313240051, "y": 0.6394392848014832, "z": -0.049785416573286057, "x_normalized": 22.41857580789742, "y_normalized": 27.271644203951478, "z_normalized": -0.049785416573286057}, "right_knee": {"x": 0.505266010761261, "y": 0.639849066734314, "z": 0.045004911720752716, "x_normalized": 21.475893854979716, "y_normalized": 27.289479947402494, "z_normalized": 0.045004911720752716}, "left_ankle": {"x": 0.5239890217781067, "y": 0.7152414321899414, "z": 0.011575055308640003, "x_normalized": 22.290812216119136, "y_normalized": 30.57092986185513, "z_normalized": 0.011575055308640003}, "right_ankle": {"x": 0.5118159651756287, "y": 0.6905706524848938, "z": 0.19411706924438477, "x_normalized": 21.760980378300776, "y_normalized": 29.49713508882529, "z_normalized": 0.19411706924438477}, "left_heel": {"x": 0.5219918489456177, "y": 0.7228026986122131, "z": 0.013603555038571358, "x_normalized": 22.203885342546304, "y_normalized": 30.90003370286832, "z_normalized": 0.013603555038571358}, "right_heel": {"x": 0.5142224431037903, "y": 0.6964362263679504, "z": 0.20679573714733124, "x_normalized": 21.865722241004974, "y_normalized": 29.75243397486568, "z_normalized": 0.20679573714733124}, "left_foot_index": {"x": 0.5226722955703735, "y": 0.7441943883895874, "z": -0.048927370458841324, "x_normalized": 22.23350175668984, "y_normalized": 31.83110620823063, "z_normalized": -0.048927370458841324}, "right_foot_index": {"x": 0.5055168271064758, "y": 0.7170103788375854, "z": 0.1720392405986786, "x_normalized": 21.486810627116718, "y_normalized": 30.64792319918448, "z_normalized": 0.1720392405986786}}}