{"sequence_id": 1697925405990398000, "sequence_source": "mediapipe", "frame_number": 614, "image_dimensions": {"height": 1080, "width": 1920}, "joint_positions": {"nose": {"x": 0.5293794870376587, "y": 0.416523814201355, "z": -0.0720750018954277, "x_normalized": 35.12254537055218, "y_normalized": 27.548050325441363, "z_normalized": -0.0720750018954277}, "left_eye_inner": {"x": 0.5303009748458862, "y": 0.4130593240261078, "z": -0.06823000311851501, "x_normalized": 35.18460744233238, "y_normalized": 27.31471740880567, "z_normalized": -0.06823000311851501}, "left_eye": {"x": 0.5310340523719788, "y": 0.41306430101394653, "z": -0.06821386516094208, "x_normalized": 35.23398010862116, "y_normalized": 27.315052608223112, "z_normalized": -0.06821386516094208}, "left_eye_outer": {"x": 0.5318077206611633, "y": 0.4130861759185791, "z": -0.0682375580072403, "x_normalized": 35.286086556985126, "y_normalized": 27.316525879914142, "z_normalized": -0.0682375580072403}, "right_eye_inner": {"x": 0.528374969959259, "y": 0.4130994975566864, "z": -0.06823112070560455, "x_normalized": 35.05489128932892, "y_normalized": 27.317423090330887, "z_normalized": -0.06823112070560455}, "right_eye": {"x": 0.5277574062347412, "y": 0.4132114350795746, "z": -0.06824477761983871, "x_normalized": 35.013298461016205, "y_normalized": 27.32496206645011, "z_normalized": -0.06824477761983871}, "right_eye_outer": {"x": 0.5271396636962891, "y": 0.41332271695137024, "z": -0.06822368502616882, "x_normalized": 34.97169358961065, "y_normalized": 27.332456884562244, "z_normalized": -0.06822368502616882}, "left_ear": {"x": 0.5335175395011902, "y": 0.4159010946750641, "z": -0.04017962887883186, "x_normalized": 35.401242610742344, "y_normalized": 27.506110254618363, "z_normalized": -0.04017962887883186}, "right_ear": {"x": 0.5260838270187378, "y": 0.4160453677177429, "z": -0.040128257125616074, "x_normalized": 34.90058314074168, "y_normalized": 27.515827023359886, "z_normalized": -0.040128257125616074}, "mouth_left": {"x": 0.5312115550041199, "y": 0.4209768772125244, "z": -0.06173606961965561, "x_normalized": 35.245934885449195, "y_normalized": 27.84796348085522, "z_normalized": -0.06173606961965561}, "mouth_right": {"x": 0.5281322002410889, "y": 0.4212874174118042, "z": -0.06155354902148247, "x_normalized": 35.038540783613485, "y_normalized": 27.868878318757858, "z_normalized": -0.06155354902148247}, "left_shoulder": {"x": 0.5427541136741638, "y": 0.43916112184524536, "z": -0.01607327163219452, "x_normalized": 36.023324557142466, "y_normalized": 29.072669749986723, "z_normalized": -0.01607327163219452}, "right_shoulder": {"x": 0.5187593102455139, "y": 0.4397295117378235, "z": -0.00881077442318201, "x_normalized": 34.40727798610332, "y_normalized": 29.11095072776783, "z_normalized": -0.00881077442318201}, "left_elbow": {"x": 0.5558823347091675, "y": 0.45131656527519226, "z": 0.030094001442193985, "x_normalized": 36.907508361796175, "y_normalized": 29.891337122396667, "z_normalized": 0.030094001442193985}, "right_elbow": {"x": 0.5115090608596802, "y": 0.45019084215164185, "z": 0.043260086327791214, "x_normalized": 33.91897472935876, "y_normalized": 29.81551983140853, "z_normalized": 0.043260086327791214}, "left_wrist": {"x": 0.5495730042457581, "y": 0.4698576331138611, "z": 0.06773210316896439, "x_normalized": 36.48257585958733, "y_normalized": 31.140075383294803, "z_normalized": 0.06773210316896439}, "right_wrist": {"x": 0.5158296823501587, "y": 0.4628243148326874, "z": 0.07835479825735092, "x_normalized": 34.209967967340816, "y_normalized": 30.666382405349985, "z_normalized": 0.07835479825735092}, "left_pinky": {"x": 0.5470702648162842, "y": 0.47773477435112, "z": 0.07277168333530426, "x_normalized": 36.31401671780347, "y_normalized": 31.670599716362013, "z_normalized": 0.07277168333530426}, "right_pinky": {"x": 0.518671452999115, "y": 0.4671957492828369, "z": 0.08258835226297379, "x_normalized": 34.40136081315352, "y_normalized": 30.960797888881373, "z_normalized": 0.08258835226297379}, "left_index": {"x": 0.5460019707679749, "y": 0.4770437180995941, "z": 0.06601674854755402, "x_normalized": 36.242067266799815, "y_normalized": 31.62405717689115, "z_normalized": 0.06601674854755402}, "right_index": {"x": 0.5196382999420166, "y": 0.46668195724487305, "z": 0.07772299647331238, "x_normalized": 34.46647781615135, "y_normalized": 30.92619406878142, "z_normalized": 0.07772299647331238}, "left_thumb": {"x": 0.5454212427139282, "y": 0.4699797034263611, "z": 0.06645341217517853, "x_normalized": 36.2029553156126, "y_normalized": 31.148296801341754, "z_normalized": 0.06645341217517853}, "right_thumb": {"x": 0.5190262198448181, "y": 0.46471577882766724, "z": 0.07737603783607483, "x_normalized": 34.42525430935246, "y_normalized": 30.793772234252753, "z_normalized": 0.07737603783607483}, "left_hip": {"x": 0.5385029315948486, "y": 0.5051172375679016, "z": -0.004269940312951803, "x_normalized": 35.73700805354746, "y_normalized": 33.51480468847898, "z_normalized": -0.004269940312951803}, "right_hip": {"x": 0.5236714482307434, "y": 0.5044204592704773, "z": 0.004252576734870672, "x_normalized": 34.73810977520741, "y_normalized": 33.467876770037165, "z_normalized": 0.004252576734870672}, "left_knee": {"x": 0.5363195538520813, "y": 0.560393750667572, "z": -0.011816034093499184, "x_normalized": 35.589957875579785, "y_normalized": 37.23766992133448, "z_normalized": -0.011816034093499184}, "right_knee": {"x": 0.5244457721710205, "y": 0.5594398975372314, "z": -0.0024225192610174417, "x_normalized": 34.79026038157846, "y_normalized": 37.173428049749845, "z_normalized": -0.0024225192610174417}, "left_ankle": {"x": 0.5338608026504517, "y": 0.6071894764900208, "z": 0.02532215602695942, "x_normalized": 35.42436133463511, "y_normalized": 40.38935534686961, "z_normalized": 0.02532215602695942}, "right_ankle": {"x": 0.5279448628425598, "y": 0.607175886631012, "z": 0.03324737399816513, "x_normalized": 35.025923636679124, "y_normalized": 40.3884400718136, "z_normalized": 0.03324737399816513}, "left_heel": {"x": 0.5335142016410828, "y": 0.6132538914680481, "z": 0.02703147754073143, "x_normalized": 35.40101780634262, "y_normalized": 40.7977928262489, "z_normalized": 0.02703147754073143}, "right_heel": {"x": 0.5294512510299683, "y": 0.6134347319602966, "z": 0.03464747592806816, "x_normalized": 35.12737866514619, "y_normalized": 40.80997240747666, "z_normalized": 0.03464747592806816}, "left_foot_index": {"x": 0.5343919992446899, "y": 0.6202013492584229, "z": -0.007387402467429638, "x_normalized": 35.46013734910504, "y_normalized": 41.26570311244732, "z_normalized": -0.007387402467429638}, "right_foot_index": {"x": 0.524488627910614, "y": 0.6207947134971619, "z": 0.0022525114472955465, "x_normalized": 34.79314670949631, "y_normalized": 41.305666108862056, "z_normalized": 0.0022525114472955465}}}