{"sequence_id": 1697925405990398000, "sequence_source": "mediapipe", "frame_number": 667, "image_dimensions": {"height": 1080, "width": 1920}, "joint_positions": {"nose": {"x": 0.5236413478851318, "y": 0.42273035645484924, "z": -0.04310353472828865, "x_normalized": 38.878075465118684, "y_normalized": 31.30301868855887, "z_normalized": -0.04310353472828865}, "left_eye_inner": {"x": 0.5247345566749573, "y": 0.42077332735061646, "z": -0.038968276232481, "x_normalized": 38.960339796472006, "y_normalized": 31.155751586247685, "z_normalized": -0.038968276232481}, "left_eye": {"x": 0.5254846811294556, "y": 0.4209010601043701, "z": -0.0389583520591259, "x_normalized": 39.01678691549941, "y_normalized": 31.165363519189736, "z_normalized": -0.0389583520591259}, "left_eye_outer": {"x": 0.5262255072593689, "y": 0.42103853821754456, "z": -0.038975514471530914, "x_normalized": 39.07253433245544, "y_normalized": 31.17570879372583, "z_normalized": -0.038975514471530914}, "right_eye_inner": {"x": 0.5226929783821106, "y": 0.4208630621433258, "z": -0.0388973206281662, "x_normalized": 38.80671033910796, "y_normalized": 31.16250415976344, "z_normalized": -0.0388973206281662}, "right_eye": {"x": 0.5220396518707275, "y": 0.42113107442855835, "z": -0.03890543431043625, "x_normalized": 38.75754729805437, "y_normalized": 31.18267217491693, "z_normalized": -0.03890543431043625}, "right_eye_outer": {"x": 0.5214065313339233, "y": 0.421383798122406, "z": -0.038897328078746796, "x_normalized": 38.70990476342512, "y_normalized": 31.201689718395375, "z_normalized": -0.038897328078746796}, "left_ear": {"x": 0.52777498960495, "y": 0.4242388904094696, "z": -0.014900104142725468, "x_normalized": 39.18913340327279, "y_normalized": 31.41653637910035, "z_normalized": -0.014900104142725468}, "right_ear": {"x": 0.5200584530830383, "y": 0.4249137043952942, "z": -0.014292397536337376, "x_normalized": 38.60846141888457, "y_normalized": 31.467316359876573, "z_normalized": -0.014292397536337376}, "mouth_left": {"x": 0.5253309011459351, "y": 0.42729315161705017, "z": -0.03429710119962692, "x_normalized": 39.00521491970357, "y_normalized": 31.646370568468825, "z_normalized": -0.03429710119962692}, "mouth_right": {"x": 0.5222912430763245, "y": 0.42771854996681213, "z": -0.03416653722524643, "x_normalized": 38.77647962140873, "y_normalized": 31.678381938234303, "z_normalized": -0.03416653722524643}, "left_shoulder": {"x": 0.5360463857650757, "y": 0.445217102766037, "z": -0.00042786457925103605, "x_normalized": 39.8115587631895, "y_normalized": 32.995153957519804, "z_normalized": -0.00042786457925103605}, "right_shoulder": {"x": 0.513441264629364, "y": 0.4475586414337158, "z": 0.008958633057773113, "x_normalized": 38.110515748627584, "y_normalized": 33.17135553459028, "z_normalized": 0.008958633057773113}, "left_elbow": {"x": 0.5497024059295654, "y": 0.4550727903842926, "z": 0.03000006452202797, "x_normalized": 40.839178901478604, "y_normalized": 33.73679778575184, "z_normalized": 0.03000006452202797}, "right_elbow": {"x": 0.5071199536323547, "y": 0.4594819247722626, "z": 0.04317421093583107, "x_normalized": 37.634834957103365, "y_normalized": 34.06858664040532, "z_normalized": 0.04317421093583107}, "left_wrist": {"x": 0.5406500101089478, "y": 0.47247326374053955, "z": 0.05219442397356033, "x_normalized": 40.157983052835945, "y_normalized": 35.04618929376522, "z_normalized": 0.05219442397356033}, "right_wrist": {"x": 0.5131047368049622, "y": 0.4740496873855591, "z": 0.0649956613779068, "x_normalized": 38.08519191596737, "y_normalized": 35.16481570648168, "z_normalized": 0.0649956613779068}, "left_pinky": {"x": 0.5385894775390625, "y": 0.47808200120925903, "z": 0.05413946136832237, "x_normalized": 40.00292727971101, "y_normalized": 35.468248686165666, "z_normalized": 0.05413946136832237}, "right_pinky": {"x": 0.5156797766685486, "y": 0.47804033756256104, "z": 0.06487652659416199, "x_normalized": 38.278964537041816, "y_normalized": 35.465113482653535, "z_normalized": 0.06487652659416199}, "left_index": {"x": 0.5372833609580994, "y": 0.477824866771698, "z": 0.049819741398096085, "x_normalized": 39.904641565031035, "y_normalized": 35.44889923273029, "z_normalized": 0.049819741398096085}, "right_index": {"x": 0.5169818997383118, "y": 0.4770602881908417, "z": 0.0624689906835556, "x_normalized": 38.37694973865268, "y_normalized": 35.39136443580347, "z_normalized": 0.0624689906835556}, "left_thumb": {"x": 0.5375410318374634, "y": 0.47588595747947693, "z": 0.05129670351743698, "x_normalized": 39.924031385893606, "y_normalized": 35.30299565240435, "z_normalized": 0.05129670351743698}, "right_thumb": {"x": 0.5163607001304626, "y": 0.47491008043289185, "z": 0.06394942849874496, "x_normalized": 38.33020425796109, "y_normalized": 35.22956057443247, "z_normalized": 0.06394942849874496}, "left_hip": {"x": 0.532686173915863, "y": 0.5066117644309998, "z": -0.003785987151786685, "x_normalized": 39.55870168451093, "y_normalized": 37.615123022476084, "z_normalized": -0.003785987151786685}, "right_hip": {"x": 0.5195401310920715, "y": 0.5085555911064148, "z": 0.0037705812137573957, "x_normalized": 38.56945751367502, "y_normalized": 37.76139663755131, "z_normalized": 0.0037705812137573957}, "left_knee": {"x": 0.5327484011650085, "y": 0.5520105957984924, "z": -0.010376970283687115, "x_normalized": 39.56338430606552, "y_normalized": 41.03140044489374, "z_normalized": -0.010376970283687115}, "right_knee": {"x": 0.5216845273971558, "y": 0.5561726689338684, "z": 0.0034605117980390787, "x_normalized": 38.73082406125141, "y_normalized": 41.34459785668917, "z_normalized": 0.0034605117980390787}, "left_ankle": {"x": 0.5335719585418701, "y": 0.6020449995994568, "z": 0.017528915777802467, "x_normalized": 39.625357277348925, "y_normalized": 44.79650626151077, "z_normalized": 0.017528915777802467}, "right_ankle": {"x": 0.5269628763198853, "y": 0.5974148511886597, "z": 0.04004286974668503, "x_normalized": 39.12802160376955, "y_normalized": 44.44808602685303, "z_normalized": 0.04004286974668503}, "left_heel": {"x": 0.5334099531173706, "y": 0.6070409417152405, "z": 0.018269171938300133, "x_normalized": 39.6131663143361, "y_normalized": 45.17245259624569, "z_normalized": 0.018269171938300133}, "right_heel": {"x": 0.5285223722457886, "y": 0.6018015146255493, "z": 0.04150630906224251, "x_normalized": 39.245374199894535, "y_normalized": 44.77818393483402, "z_normalized": 0.04150630906224251}, "left_foot_index": {"x": 0.5329031348228455, "y": 0.6154534816741943, "z": -0.016542933881282806, "x_normalized": 39.57502806617638, "y_normalized": 45.80549907478432, "z_normalized": -0.016542933881282806}, "right_foot_index": {"x": 0.5229368209838867, "y": 0.6113713383674622, "z": 0.01489467453211546, "x_normalized": 38.82505957740284, "y_normalized": 45.498316409640914, "z_normalized": 0.01489467453211546}}}