{"sequence_id": 1697925405990398000, "sequence_source": "mediapipe", "frame_number": 194, "image_dimensions": {"height": 1080, "width": 1920}, "joint_positions": {"nose": {"x": 0.5129441618919373, "y": 0.3984318673610687, "z": -0.16390521824359894, "x_normalized": 20.317476842772944, "y_normalized": 15.629000685239259, "z_normalized": -0.16390521824359894}, "left_eye_inner": {"x": 0.5146198272705078, "y": 0.39415380358695984, "z": -0.1569010317325592, "x_normalized": 20.385535976151036, "y_normalized": 15.455242059725105, "z_normalized": -0.1569010317325592}, "left_eye": {"x": 0.5158963799476624, "y": 0.39445093274116516, "z": -0.15686173737049103, "x_normalized": 20.43738467460224, "y_normalized": 15.4673103121311, "z_normalized": -0.15686173737049103}, "left_eye_outer": {"x": 0.5171487927436829, "y": 0.3947474956512451, "z": -0.15690724551677704, "x_normalized": 20.488252903198994, "y_normalized": 15.4793555658615, "z_normalized": -0.15690724551677704}, "right_eye_inner": {"x": 0.510723352432251, "y": 0.3940994143486023, "z": -0.15887130796909332, "x_normalized": 20.22727603707684, "y_normalized": 15.45303297641107, "z_normalized": -0.15887130796909332}, "right_eye": {"x": 0.5092117190361023, "y": 0.3944973349571228, "z": -0.15891066193580627, "x_normalized": 20.165879256882562, "y_normalized": 15.469194993073543, "z_normalized": -0.15891066193580627}, "right_eye_outer": {"x": 0.5076697468757629, "y": 0.3948529362678528, "z": -0.1588921844959259, "x_normalized": 20.10325023185886, "y_normalized": 15.483638161349205, "z_normalized": -0.1588921844959259}, "left_ear": {"x": 0.5201240181922913, "y": 0.40026554465293884, "z": -0.1062508374452591, "x_normalized": 20.609095207531546, "y_normalized": 15.70347765956586, "z_normalized": -0.1062508374452591}, "right_ear": {"x": 0.5043761730194092, "y": 0.40066781640052795, "z": -0.11658021062612534, "x_normalized": 19.969477830013684, "y_normalized": 15.719816402893457, "z_normalized": -0.11658021062612534}, "mouth_left": {"x": 0.5164148807525635, "y": 0.40708020329475403, "z": -0.14425915479660034, "x_normalized": 20.45844419871052, "y_normalized": 15.980263089020237, "z_normalized": -0.14425915479660034}, "mouth_right": {"x": 0.5107802152633667, "y": 0.4077497124671936, "z": -0.1469520926475525, "x_normalized": 20.229585588289545, "y_normalized": 16.007455996773572, "z_normalized": -0.1469520926475525}, "left_shoulder": {"x": 0.5352590680122375, "y": 0.4382074177265167, "z": -0.053734201937913895, "x_normalized": 21.22382317622572, "y_normalized": 17.24453175852459, "z_normalized": -0.053734201937913895}, "right_shoulder": {"x": 0.4936648905277252, "y": 0.4442579746246338, "z": -0.05613774061203003, "x_normalized": 19.534426409202055, "y_normalized": 17.49028229094413, "z_normalized": -0.05613774061203003}, "left_elbow": {"x": 0.5532580018043518, "y": 0.4533675014972687, "z": 0.04645790532231331, "x_normalized": 21.95487118335588, "y_normalized": 17.86027651077153, "z_normalized": 0.04645790532231331}, "right_elbow": {"x": 0.4800959527492523, "y": 0.46327313780784607, "z": 0.032307013869285583, "x_normalized": 18.98330793538603, "y_normalized": 18.262605658033376, "z_normalized": 0.032307013869285583}, "left_wrist": {"x": 0.5468219518661499, "y": 0.47036582231521606, "z": 0.12677019834518433, "x_normalized": 21.693463394680418, "y_normalized": 18.550683437206466, "z_normalized": 0.12677019834518433}, "right_wrist": {"x": 0.4897136688232422, "y": 0.4732971787452698, "z": 0.12509194016456604, "x_normalized": 19.373942861334502, "y_normalized": 18.669743949408463, "z_normalized": 0.12509194016456604}, "left_pinky": {"x": 0.5455760359764099, "y": 0.47809410095214844, "z": 0.14056847989559174, "x_normalized": 21.642859045624736, "y_normalized": 18.86457662451022, "z_normalized": 0.14056847989559174}, "right_pinky": {"x": 0.49273836612701416, "y": 0.47529059648513794, "z": 0.13798169791698456, "x_normalized": 19.496794523640368, "y_normalized": 18.750708971166976, "z_normalized": 0.13798169791698456}, "left_index": {"x": 0.5442646145820618, "y": 0.4783001244068146, "z": 0.13118162751197815, "x_normalized": 21.58959411293933, "y_normalized": 18.87294451105813, "z_normalized": 0.13118162751197815}, "right_index": {"x": 0.49408844113349915, "y": 0.4748564660549164, "z": 0.13371886312961578, "x_normalized": 19.551629418549503, "y_normalized": 18.733076249722824, "z_normalized": 0.13371886312961578}, "left_thumb": {"x": 0.5448747277259827, "y": 0.47511664032936096, "z": 0.1257830113172531, "x_normalized": 21.614374580668073, "y_normalized": 18.743643535931888, "z_normalized": 0.1257830113172531}, "right_thumb": {"x": 0.4926917850971222, "y": 0.4732612371444702, "z": 0.12626881897449493, "x_normalized": 19.494902579958264, "y_normalized": 18.668284138736283, "z_normalized": 0.12626881897449493}, "left_hip": {"x": 0.528642475605011, "y": 0.5545735955238342, "z": -0.0016393718542531133, "x_normalized": 20.955082441404265, "y_normalized": 21.970881850070203, "z_normalized": -0.0016393718542531133}, "right_hip": {"x": 0.5040727853775024, "y": 0.55298912525177, "z": 0.0015208026161417365, "x_normalized": 19.957155381719495, "y_normalized": 21.906526713920027, "z_normalized": 0.0015208026161417365}, "left_knee": {"x": 0.5257458090782166, "y": 0.6476826667785645, "z": -0.007684863172471523, "x_normalized": 20.837430900696813, "y_normalized": 25.752617022424257, "z_normalized": -0.007684863172471523}, "right_knee": {"x": 0.5089982151985168, "y": 0.6446985006332397, "z": -0.0014357478357851505, "x_normalized": 20.15720754572543, "y_normalized": 25.631411581108576, "z_normalized": -0.0014357478357851505}, "left_ankle": {"x": 0.5183032751083374, "y": 0.7236678004264832, "z": 0.07518984377384186, "x_normalized": 20.535143571373872, "y_normalized": 28.83884319373041, "z_normalized": 0.07518984377384186}, "right_ankle": {"x": 0.5115441679954529, "y": 0.7228146195411682, "z": 0.08298572897911072, "x_normalized": 20.260614433041333, "y_normalized": 28.80419024188699, "z_normalized": 0.08298572897911072}, "left_heel": {"x": 0.5160120129585266, "y": 0.732915997505188, "z": 0.08021598309278488, "x_normalized": 20.442081246250712, "y_normalized": 29.214469668166146, "z_normalized": 0.08021598309278488}, "right_heel": {"x": 0.5115636587142944, "y": 0.731812596321106, "z": 0.08815271407365799, "x_normalized": 20.261406071664556, "y_normalized": 29.169653722621547, "z_normalized": 0.08815271407365799}, "left_foot_index": {"x": 0.5238460898399353, "y": 0.7491177320480347, "z": 0.01995529979467392, "x_normalized": 20.760271554521495, "y_normalized": 29.87252229986087, "z_normalized": 0.01995529979467392}, "right_foot_index": {"x": 0.5120247006416321, "y": 0.7480503916740417, "z": 0.027824971824884415, "x_normalized": 20.280131835427923, "y_normalized": 29.829171006814892, "z_normalized": 0.027824971824884415}}}