{"sequence_id": 1697925405990398000, "sequence_source": "mediapipe", "frame_number": 368, "image_dimensions": {"height": 1080, "width": 1920}, "joint_positions": {"nose": {"x": 0.5172182321548462, "y": 0.42755961418151855, "z": -0.13042140007019043, "x_normalized": 25.66485418920709, "y_normalized": 21.106008633308804, "z_normalized": -0.13042140007019043}, "left_eye_inner": {"x": 0.5195375680923462, "y": 0.42256414890289307, "z": -0.12340493500232697, "x_normalized": 25.782272601476063, "y_normalized": 20.85310883036209, "z_normalized": -0.12340493500232697}, "left_eye": {"x": 0.5209658145904541, "y": 0.42262402176856995, "z": -0.12337614595890045, "x_normalized": 25.85457883078294, "y_normalized": 20.856139946601914, "z_normalized": -0.12337614595890045}, "left_eye_outer": {"x": 0.5222208499908447, "y": 0.4226696193218231, "z": -0.12339688837528229, "x_normalized": 25.918116096632435, "y_normalized": 20.858448362653153, "z_normalized": -0.12339688837528229}, "right_eye_inner": {"x": 0.5155972242355347, "y": 0.4221806228160858, "z": -0.12498373538255692, "x_normalized": 25.58278924420126, "y_normalized": 20.833692486464454, "z_normalized": -0.12498373538255692}, "right_eye": {"x": 0.5143157839775085, "y": 0.4220539629459381, "z": -0.12501654028892517, "x_normalized": 25.517915209318172, "y_normalized": 20.82728021965546, "z_normalized": -0.12501654028892517}, "right_eye_outer": {"x": 0.5130776166915894, "y": 0.4218834340572357, "z": -0.12498962134122849, "x_normalized": 25.45523190653077, "y_normalized": 20.818647045377563, "z_normalized": -0.12498962134122849}, "left_ear": {"x": 0.5243269801139832, "y": 0.4247985780239105, "z": -0.07696139067411423, "x_normalized": 26.024740777901044, "y_normalized": 20.966228760716042, "z_normalized": -0.07696139067411423}, "right_ear": {"x": 0.510634183883667, "y": 0.42455998063087463, "z": -0.08458645641803741, "x_normalized": 25.33153098155764, "y_normalized": 20.95414955881656, "z_normalized": -0.08458645641803741}, "mouth_left": {"x": 0.5201482772827148, "y": 0.4328741431236267, "z": -0.1127462089061737, "x_normalized": 25.81319028887604, "y_normalized": 21.375061313539543, "z_normalized": -0.1127462089061737}, "mouth_right": {"x": 0.5147474408149719, "y": 0.43385049700737, "z": -0.11495151370763779, "x_normalized": 25.53976821460322, "y_normalized": 21.42449008364059, "z_normalized": -0.11495151370763779}, "left_shoulder": {"x": 0.5338303446769714, "y": 0.4523724317550659, "z": -0.0335235632956028, "x_normalized": 26.505856928501505, "y_normalized": 22.362179245034, "z_normalized": -0.0335235632956028}, "right_shoulder": {"x": 0.5006154179573059, "y": 0.4526052176952362, "z": -0.03887975960969925, "x_normalized": 24.824322185734893, "y_normalized": 22.3739642370446, "z_normalized": -0.03887975960969925}, "left_elbow": {"x": 0.5515232682228088, "y": 0.46320632100105286, "z": 0.04071146249771118, "x_normalized": 27.401576672053555, "y_normalized": 22.910654372502115, "z_normalized": 0.04071146249771118}, "right_elbow": {"x": 0.49193868041038513, "y": 0.4620887339115143, "z": 0.033161748200654984, "x_normalized": 24.385054751482915, "y_normalized": 22.854075547716874, "z_normalized": 0.033161748200654984}, "left_wrist": {"x": 0.5422897338867188, "y": 0.48133477568626404, "z": 0.08800584822893143, "x_normalized": 26.934120912909243, "y_normalized": 23.82842326126514, "z_normalized": 0.08800584822893143}, "right_wrist": {"x": 0.4837384819984436, "y": 0.47735482454299927, "z": 0.07971210032701492, "x_normalized": 23.96991252811937, "y_normalized": 23.626934750439947, "z_normalized": 0.07971210032701492}, "left_pinky": {"x": 0.5386924743652344, "y": 0.49144184589385986, "z": 0.09656378626823425, "x_normalized": 26.752006500459174, "y_normalized": 24.340102538630255, "z_normalized": 0.09656378626823425}, "right_pinky": {"x": 0.4818735718727112, "y": 0.48019251227378845, "z": 0.08633091300725937, "x_normalized": 23.875499820392406, "y_normalized": 23.770595176028642, "z_normalized": 0.08633091300725937}, "left_index": {"x": 0.5371220707893372, "y": 0.4911497235298157, "z": 0.08601147681474686, "x_normalized": 26.672503444639617, "y_normalized": 24.325313588215725, "z_normalized": 0.08601147681474686}, "right_index": {"x": 0.483420729637146, "y": 0.4785826504230499, "z": 0.08028432726860046, "x_normalized": 23.95382603665643, "y_normalized": 23.689094510502002, "z_normalized": 0.08028432726860046}, "left_thumb": {"x": 0.5380555987358093, "y": 0.4868079423904419, "z": 0.08557019382715225, "x_normalized": 26.719764114174893, "y_normalized": 24.105507117078062, "z_normalized": 0.08557019382715225}, "right_thumb": {"x": 0.48402225971221924, "y": 0.4771746098995209, "z": 0.0791131779551506, "x_normalized": 23.984279023308837, "y_normalized": 23.617811226347243, "z_normalized": 0.0791131779551506}, "left_hip": {"x": 0.5296467542648315, "y": 0.5394156575202942, "z": -0.0029173390939831734, "x_normalized": 26.294059001416105, "y_normalized": 26.768818750279404, "z_normalized": -0.0029173390939831734}, "right_hip": {"x": 0.509896457195282, "y": 0.5397266149520874, "z": 0.0028694693464785814, "x_normalized": 25.29418292212474, "y_normalized": 26.78456124248765, "z_normalized": 0.0028694693464785814}, "left_knee": {"x": 0.528490424156189, "y": 0.6070674657821655, "z": -0.02542242407798767, "x_normalized": 26.235518777371645, "y_normalized": 30.19375076844848, "z_normalized": -0.02542242407798767}, "right_knee": {"x": 0.5110739469528198, "y": 0.6069505214691162, "z": 0.0025488787796348333, "x_normalized": 25.353794371918468, "y_normalized": 30.187830360222954, "z_normalized": 0.0025488787796348333}, "left_ankle": {"x": 0.5245670676231384, "y": 0.6672087907791138, "z": 0.04192858189344406, "x_normalized": 26.036895418233573, "y_normalized": 33.23845799637414, "z_normalized": 0.04192858189344406}, "right_ankle": {"x": 0.5134047269821167, "y": 0.6527833938598633, "z": 0.10295204818248749, "x_normalized": 25.471792151353245, "y_normalized": 32.50815964880751, "z_normalized": 0.10295204818248749}, "left_heel": {"x": 0.5219218134880066, "y": 0.6730460524559021, "z": 0.04612123221158981, "x_normalized": 25.902977111888564, "y_normalized": 33.533974478917756, "z_normalized": 0.04612123221158981}, "right_heel": {"x": 0.5150606036186218, "y": 0.6595171093940735, "z": 0.11003735661506653, "x_normalized": 25.55562235569238, "y_normalized": 32.8490598926722, "z_normalized": 0.11003735661506653}, "left_foot_index": {"x": 0.5261094570159912, "y": 0.6898484826087952, "z": 0.0022240953985601664, "x_normalized": 26.114980231511847, "y_normalized": 34.38461221488093, "z_normalized": 0.0022240953985601664}, "right_foot_index": {"x": 0.5096285939216614, "y": 0.6729727983474731, "z": 0.0742022916674614, "x_normalized": 25.280622109400216, "y_normalized": 33.530265925549166, "z_normalized": 0.0742022916674614}}}