{"sequence_id": 1697925405990398000, "sequence_source": "mediapipe", "frame_number": 80, "image_dimensions": {"height": 1080, "width": 1920}, "joint_positions": {"nose": {"x": 0.5196833610534668, "y": 0.39793750643730164, "z": -0.11983975768089294, "x_normalized": 14.981352054950795, "y_normalized": 11.278233069727671, "z_normalized": -0.11983975768089294}, "left_eye_inner": {"x": 0.5213794708251953, "y": 0.388958603143692, "z": -0.1087329313158989, "x_normalized": 15.03194570299043, "y_normalized": 11.01039930059854, "z_normalized": -0.1087329313158989}, "left_eye": {"x": 0.5229583978652954, "y": 0.3886852264404297, "z": -0.10870002955198288, "x_normalized": 15.07904388040714, "y_normalized": 11.002244684112252, "z_normalized": -0.10870002955198288}, "left_eye_outer": {"x": 0.524574339389801, "y": 0.3883836567401886, "z": -0.1087682917714119, "x_normalized": 15.12724617138277, "y_normalized": 10.993249092242118, "z_normalized": -0.1087682917714119}, "right_eye_inner": {"x": 0.5169536471366882, "y": 0.3902692198753357, "z": -0.11187735944986343, "x_normalized": 14.899926791411609, "y_normalized": 11.049493988183565, "z_normalized": -0.11187735944986343}, "right_eye": {"x": 0.5154450535774231, "y": 0.3909326195716858, "z": -0.1119348555803299, "x_normalized": 14.854926607552908, "y_normalized": 11.069282690133281, "z_normalized": -0.1119348555803299}, "right_eye_outer": {"x": 0.5138898491859436, "y": 0.3915458619594574, "z": -0.11187401413917542, "x_normalized": 14.808536058471867, "y_normalized": 11.087575238202433, "z_normalized": -0.11187401413917542}, "left_ear": {"x": 0.5286744236946106, "y": 0.39361000061035156, "z": -0.04067634791135788, "x_normalized": 15.249548528050973, "y_normalized": 11.149146904228457, "z_normalized": -0.04067634791135788}, "right_ear": {"x": 0.5098970532417297, "y": 0.3975740075111389, "z": -0.05573154240846634, "x_normalized": 14.689434030959953, "y_normalized": 11.267390176750101, "z_normalized": -0.05573154240846634}, "mouth_left": {"x": 0.5235865116119385, "y": 0.4085268974304199, "z": -0.09447353333234787, "x_normalized": 15.097780029656567, "y_normalized": 11.594106446433653, "z_normalized": -0.09447353333234787}, "mouth_right": {"x": 0.5176053643226624, "y": 0.411063551902771, "z": -0.09912441670894623, "x_normalized": 14.919367013075417, "y_normalized": 11.669772895452164, "z_normalized": -0.09912441670894623}, "left_shoulder": {"x": 0.5484555959701538, "y": 0.4392363429069519, "z": 0.003376244567334652, "x_normalized": 15.839605660320352, "y_normalized": 12.51014555064128, "z_normalized": 0.003376244567334652}, "right_shoulder": {"x": 0.492296040058136, "y": 0.44485560059547424, "z": 0.011949918232858181, "x_normalized": 14.164409365106994, "y_normalized": 12.677763679182204, "z_normalized": 0.011949918232858181}, "left_elbow": {"x": 0.5790919065475464, "y": 0.4591944217681885, "z": 0.09833113849163055, "x_normalized": 16.753463206819777, "y_normalized": 13.105479670097253, "z_normalized": 0.09833113849163055}, "right_elbow": {"x": 0.47702455520629883, "y": 0.4548981487751007, "z": 0.12539617717266083, "x_normalized": 13.708872735040266, "y_normalized": 12.977325155974649, "z_normalized": 0.12539617717266083}, "left_wrist": {"x": 0.5649079084396362, "y": 0.48575061559677124, "z": 0.19649448990821838, "x_normalized": 16.330365468673318, "y_normalized": 13.897630476743673, "z_normalized": 0.19649448990821838}, "right_wrist": {"x": 0.4975969195365906, "y": 0.44699743390083313, "z": 0.23942787945270538, "x_normalized": 14.322530516876633, "y_normalized": 12.741652916905574, "z_normalized": 0.23942787945270538}, "left_pinky": {"x": 0.5591222047805786, "y": 0.5001450777053833, "z": 0.205909863114357, "x_normalized": 16.15778238503854, "y_normalized": 14.327006193918386, "z_normalized": 0.205909863114357}, "right_pinky": {"x": 0.5026119947433472, "y": 0.44976121187210083, "z": 0.24935702979564667, "x_normalized": 14.472126347366046, "y_normalized": 12.824094284951883, "z_normalized": 0.24935702979564667}, "left_index": {"x": 0.5557622909545898, "y": 0.49621373414993286, "z": 0.1976800560951233, "x_normalized": 16.057558743627446, "y_normalized": 14.20973724382877, "z_normalized": 0.1976800560951233}, "right_index": {"x": 0.5015918016433716, "y": 0.457294762134552, "z": 0.24829140305519104, "x_normalized": 14.44169477301103, "y_normalized": 13.048814286463882, "z_normalized": 0.24829140305519104}, "left_thumb": {"x": 0.5568851232528687, "y": 0.49103280901908875, "z": 0.19580134749412537, "x_normalized": 16.091051966208646, "y_normalized": 14.055194237851925, "z_normalized": 0.19580134749412537}, "right_thumb": {"x": 0.5016422867774963, "y": 0.4554252326488495, "z": 0.24023491144180298, "x_normalized": 14.443200705675126, "y_normalized": 12.993047661935236, "z_normalized": 0.24023491144180298}, "left_hip": {"x": 0.5371638536453247, "y": 0.5918015837669373, "z": -0.005976485554128885, "x_normalized": 15.502781684384857, "y_normalized": 17.061049170096172, "z_normalized": -0.005976485554128885}, "right_hip": {"x": 0.5036407709121704, "y": 0.5920708775520325, "z": 0.006039139814674854, "x_normalized": 14.502813948053568, "y_normalized": 17.069081996278456, "z_normalized": 0.006039139814674854}, "left_knee": {"x": 0.5317252278327942, "y": 0.7117751836776733, "z": -0.03299301490187645, "x_normalized": 15.340551665570674, "y_normalized": 20.639769244178282, "z_normalized": -0.03299301490187645}, "right_knee": {"x": 0.503451406955719, "y": 0.711991012096405, "z": -0.03875051066279411, "x_normalized": 14.497165367092718, "y_normalized": 20.64620723966435, "z_normalized": -0.03875051066279411}, "left_ankle": {"x": 0.5226176381111145, "y": 0.8066133260726929, "z": 0.09839104861021042, "x_normalized": 15.06887927941464, "y_normalized": 23.4687179814858, "z_normalized": 0.09839104861021042}, "right_ankle": {"x": 0.5072673559188843, "y": 0.809046745300293, "z": 0.08897493034601212, "x_normalized": 14.610992185378683, "y_normalized": 23.541305002671706, "z_normalized": 0.08897493034601212}, "left_heel": {"x": 0.5203766226768494, "y": 0.8163092732429504, "z": 0.10782007873058319, "x_normalized": 15.002031515182345, "y_normalized": 23.75794061714279, "z_normalized": 0.10782007873058319}, "right_heel": {"x": 0.5093222260475159, "y": 0.8197277188301086, "z": 0.09764081984758377, "x_normalized": 14.672287378524818, "y_normalized": 23.85991021590471, "z_normalized": 0.09764081984758377}, "left_foot_index": {"x": 0.5243675708770752, "y": 0.8418537974357605, "z": 0.03495257347822189, "x_normalized": 15.121078425914346, "y_normalized": 24.519914097806055, "z_normalized": 0.03495257347822189}, "right_foot_index": {"x": 0.5061240792274475, "y": 0.8441047668457031, "z": 0.022722814232110977, "x_normalized": 14.576889122297146, "y_normalized": 24.587058781465625, "z_normalized": 0.022722814232110977}}}