{"sequence_id": 1697925405990398000, "sequence_source": "mediapipe", "frame_number": 183, "image_dimensions": {"height": 1080, "width": 1920}, "joint_positions": {"nose": {"x": 0.5138095021247864, "y": 0.4053424596786499, "z": -0.1754496544599533, "x_normalized": 19.210332517668096, "y_normalized": 15.005245988763834, "z_normalized": -0.1754496544599533}, "left_eye_inner": {"x": 0.5159633159637451, "y": 0.39969831705093384, "z": -0.1673700362443924, "x_normalized": 19.293035549179034, "y_normalized": 14.788519873837433, "z_normalized": -0.1673700362443924}, "left_eye": {"x": 0.5174483060836792, "y": 0.39978304505348206, "z": -0.1673193871974945, "x_normalized": 19.350056811862405, "y_normalized": 14.791773294601036, "z_normalized": -0.1673193871974945}, "left_eye_outer": {"x": 0.5188724398612976, "y": 0.3998008668422699, "z": -0.16735686361789703, "x_normalized": 19.4047412876308, "y_normalized": 14.792457622992396, "z_normalized": -0.16735686361789703}, "right_eye_inner": {"x": 0.511381208896637, "y": 0.3997645378112793, "z": -0.16726139187812805, "x_normalized": 19.117089913440733, "y_normalized": 14.791062645886932, "z_normalized": -0.16726139187812805}, "right_eye": {"x": 0.509676456451416, "y": 0.40011680126190186, "z": -0.16730323433876038, "x_normalized": 19.051630126413077, "y_normalized": 14.804589003053936, "z_normalized": -0.16730323433876038}, "right_eye_outer": {"x": 0.5080086588859558, "y": 0.40047866106033325, "z": -0.16726438701152802, "x_normalized": 18.98758934808991, "y_normalized": 14.818483844739363, "z_normalized": -0.16726438701152802}, "left_ear": {"x": 0.5225006937980652, "y": 0.40421104431152344, "z": -0.11182048916816711, "x_normalized": 19.544060477727214, "y_normalized": 14.961801435169239, "z_normalized": -0.11182048916816711}, "right_ear": {"x": 0.504753053188324, "y": 0.40667861700057983, "z": -0.11163309216499329, "x_normalized": 18.862579258671687, "y_normalized": 15.05655230832605, "z_normalized": -0.11163309216499329}, "mouth_left": {"x": 0.5173425674438477, "y": 0.4145694673061371, "z": -0.15441295504570007, "x_normalized": 19.34599661598859, "y_normalized": 15.359548430676213, "z_normalized": -0.15441295504570007}, "mouth_right": {"x": 0.5114739537239075, "y": 0.41549572348594666, "z": -0.1545831859111786, "x_normalized": 19.120651167544263, "y_normalized": 15.395115197237166, "z_normalized": -0.1545831859111786}, "left_shoulder": {"x": 0.5363155007362366, "y": 0.44246330857276917, "z": -0.053856588900089264, "x_normalized": 20.07452712849286, "y_normalized": 16.43062764444462, "z_normalized": -0.053856588900089264}, "right_shoulder": {"x": 0.4936866760253906, "y": 0.45029568672180176, "z": -0.04536743462085724, "x_normalized": 18.43764794721698, "y_normalized": 16.731378528828483, "z_normalized": -0.04536743462085724}, "left_elbow": {"x": 0.5551855564117432, "y": 0.4561990201473236, "z": 0.055885832756757736, "x_normalized": 20.79910730386173, "y_normalized": 16.958057158837914, "z_normalized": 0.055885832756757736}, "right_elbow": {"x": 0.47852423787117004, "y": 0.4667039215564728, "z": 0.044366832822561264, "x_normalized": 17.85543439757361, "y_normalized": 17.36142869287922, "z_normalized": 0.044366832822561264}, "left_wrist": {"x": 0.550630509853363, "y": 0.47477105259895325, "z": 0.14691558480262756, "x_normalized": 20.62420074869091, "y_normalized": 17.671193715622177, "z_normalized": 0.14691558480262756}, "right_wrist": {"x": 0.486327201128006, "y": 0.48714983463287354, "z": 0.12194114178419113, "x_normalized": 18.155055796803172, "y_normalized": 18.146519290237904, "z_normalized": 0.12194114178419113}, "left_pinky": {"x": 0.550289511680603, "y": 0.48274150490760803, "z": 0.16342781484127045, "x_normalized": 20.611106960306405, "y_normalized": 17.977246428496287, "z_normalized": 0.16342781484127045}, "right_pinky": {"x": 0.4892320930957794, "y": 0.49374017119407654, "z": 0.13505437970161438, "x_normalized": 18.26659903587103, "y_normalized": 18.399577749808568, "z_normalized": 0.13505437970161438}, "left_index": {"x": 0.5481610894203186, "y": 0.4830739200115204, "z": 0.1516459584236145, "x_normalized": 20.529378925098875, "y_normalized": 17.990010640665556, "z_normalized": 0.1516459584236145}, "right_index": {"x": 0.49172458052635193, "y": 0.49338826537132263, "z": 0.1287762075662613, "x_normalized": 18.36230659554152, "y_normalized": 18.386065124983865, "z_normalized": 0.1287762075662613}, "left_thumb": {"x": 0.5483189821243286, "y": 0.48085880279541016, "z": 0.14526717364788055, "x_normalized": 20.535441754224998, "y_normalized": 17.90495365681176, "z_normalized": 0.14526717364788055}, "right_thumb": {"x": 0.4917868971824646, "y": 0.49424082040786743, "z": 0.12264300882816315, "x_normalized": 18.36469945618756, "y_normalized": 18.418801884668845, "z_normalized": 0.12264300882816315}, "left_hip": {"x": 0.5321571826934814, "y": 0.5593965649604797, "z": -0.001118530286476016, "x_normalized": 19.914854318381867, "y_normalized": 20.920679018794132, "z_normalized": -0.001118530286476016}, "right_hip": {"x": 0.5061158537864685, "y": 0.5591251254081726, "z": 0.001061776070855558, "x_normalized": 18.914908637735365, "y_normalized": 20.91025617098727, "z_normalized": 0.001061776070855558}, "left_knee": {"x": 0.5279134511947632, "y": 0.6531411409378052, "z": -0.006993893999606371, "x_normalized": 19.751901767184528, "y_normalized": 24.520321885227123, "z_normalized": -0.006993893999606371}, "right_knee": {"x": 0.5088379979133606, "y": 0.6502562761306763, "z": -0.01484402921050787, "x_normalized": 19.01943464988715, "y_normalized": 24.409547657328144, "z_normalized": -0.01484402921050787}, "left_ankle": {"x": 0.5197978019714355, "y": 0.7223362326622009, "z": 0.10499095916748047, "x_normalized": 19.440273723336, "y_normalized": 27.177303536924427, "z_normalized": 0.10499095916748047}, "right_ankle": {"x": 0.5042518973350525, "y": 0.7263360619544983, "z": 0.09000451117753983, "x_normalized": 18.84333566965981, "y_normalized": 27.330890630672126, "z_normalized": 0.09000451117753983}, "left_heel": {"x": 0.5158104300498962, "y": 0.7305499315261841, "z": 0.11286666989326477, "x_normalized": 19.287164972845133, "y_normalized": 27.49269653128729, "z_normalized": 0.11286666989326477}, "right_heel": {"x": 0.5044586658477783, "y": 0.7331555485725403, "z": 0.09721176326274872, "x_normalized": 18.851275252233812, "y_normalized": 27.592748088572492, "z_normalized": 0.09721176326274872}, "left_foot_index": {"x": 0.5251014828681946, "y": 0.7493014931678772, "z": 0.060161054134368896, "x_normalized": 19.643926648391346, "y_normalized": 28.21272672390692, "z_normalized": 0.060161054134368896}, "right_foot_index": {"x": 0.5032214522361755, "y": 0.7573167085647583, "z": 0.03491098806262016, "x_normalized": 18.803768214041682, "y_normalized": 28.52049826829244, "z_normalized": 0.03491098806262016}}}