{"sequence_id": 1697925405990398000, "sequence_source": "mediapipe", "frame_number": 672, "image_dimensions": {"height": 1080, "width": 1920}, "joint_positions": {"nose": {"x": 0.5238586068153381, "y": 0.4189225435256958, "z": -0.0815298780798912, "x_normalized": 46.9902848766339, "y_normalized": 37.49509497351838, "z_normalized": -0.0815298780798912}, "left_eye_inner": {"x": 0.5246240496635437, "y": 0.41732096672058105, "z": -0.07953718304634094, "x_normalized": 47.059715143125594, "y_normalized": 37.34982233213605, "z_normalized": -0.07953718304634094}, "left_eye": {"x": 0.5251228213310242, "y": 0.4175160229206085, "z": -0.07952916622161865, "x_normalized": 47.10495673088471, "y_normalized": 37.36751510172755, "z_normalized": -0.07952916622161865}, "left_eye_outer": {"x": 0.5256387591362, "y": 0.4177429676055908, "z": -0.07955216616392136, "x_normalized": 47.15175539049786, "y_normalized": 37.388100348547916, "z_normalized": -0.07955216616392136}, "right_eye_inner": {"x": 0.523137629032135, "y": 0.4174284040927887, "z": -0.0785873606801033, "x_normalized": 46.92488785876414, "y_normalized": 37.359567547472544, "z_normalized": -0.0785873606801033}, "right_eye": {"x": 0.522724986076355, "y": 0.4177758991718292, "z": -0.07859835028648376, "x_normalized": 46.8874586627727, "y_normalized": 37.39108743951791, "z_normalized": -0.07859835028648376}, "right_eye_outer": {"x": 0.5223005414009094, "y": 0.4181360602378845, "z": -0.07859408855438232, "x_normalized": 46.848958979881616, "y_normalized": 37.42375621270558, "z_normalized": -0.07859408855438232}, "left_ear": {"x": 0.526852548122406, "y": 0.4213372468948364, "z": -0.05800541117787361, "x_normalized": 47.26185334617742, "y_normalized": 37.71412308098695, "z_normalized": -0.05800541117787361}, "right_ear": {"x": 0.5210698843002319, "y": 0.42200204730033875, "z": -0.053183361887931824, "x_normalized": 46.737330984845485, "y_normalized": 37.77442447308437, "z_normalized": -0.053183361887931824}, "mouth_left": {"x": 0.5252659916877747, "y": 0.4236859977245331, "z": -0.0728294774889946, "x_normalized": 47.11794314266738, "y_normalized": 37.927168896766304, "z_normalized": -0.0728294774889946}, "mouth_right": {"x": 0.5230824947357178, "y": 0.4239812195301056, "z": -0.07151725888252258, "x_normalized": 46.91988684673293, "y_normalized": 37.95394728875613, "z_normalized": -0.07151725888252258}, "left_shoulder": {"x": 0.5357140302658081, "y": 0.4412328600883484, "z": -0.040064215660095215, "x_normalized": 48.065643032331174, "y_normalized": 39.518774766321165, "z_normalized": -0.040064215660095215}, "right_shoulder": {"x": 0.5139151215553284, "y": 0.44526389241218567, "z": -0.021169552579522133, "x_normalized": 46.08835100518006, "y_normalized": 39.88441362379663, "z_normalized": -0.021169552579522133}, "left_elbow": {"x": 0.5487473607063293, "y": 0.45048341155052185, "z": -0.006256642751395702, "x_normalized": 49.24784443101309, "y_normalized": 40.3578553779168, "z_normalized": -0.006256642751395702}, "right_elbow": {"x": 0.507108747959137, "y": 0.4560402035713196, "z": 0.018834702670574188, "x_normalized": 45.47097201505239, "y_normalized": 40.86188980941924, "z_normalized": 0.018834702670574188}, "left_wrist": {"x": 0.5403209328651428, "y": 0.46732765436172485, "z": 0.023414265364408493, "x_normalized": 48.48351678466021, "y_normalized": 41.885729431445796, "z_normalized": 0.023414265364408493}, "right_wrist": {"x": 0.5171049237251282, "y": 0.46929484605789185, "z": 0.04236165061593056, "x_normalized": 46.37768523205823, "y_normalized": 42.064165540719415, "z_normalized": 0.04236165061593056}, "left_pinky": {"x": 0.5383783578872681, "y": 0.4730598032474518, "z": 0.026695452630519867, "x_normalized": 48.30731355967728, "y_normalized": 42.40566978445724, "z_normalized": 0.026695452630519867}, "right_pinky": {"x": 0.5192082524299622, "y": 0.47472256422042847, "z": 0.045026589184999466, "x_normalized": 46.56846978617432, "y_normalized": 42.556492197569334, "z_normalized": 0.045026589184999466}, "left_index": {"x": 0.5368257164955139, "y": 0.4726017117500305, "z": 0.02103571780025959, "x_normalized": 48.166479654378875, "y_normalized": 42.364118132602236, "z_normalized": 0.02103571780025959}, "right_index": {"x": 0.5201993584632874, "y": 0.47337275743484497, "z": 0.04061516374349594, "x_normalized": 46.65836905974728, "y_normalized": 42.43405661004629, "z_normalized": 0.04061516374349594}, "left_thumb": {"x": 0.5370342135429382, "y": 0.4707319736480713, "z": 0.02252463810145855, "x_normalized": 48.1853915896061, "y_normalized": 42.19452165, "z_normalized": 0.02252463810145855}, "right_thumb": {"x": 0.5194531679153442, "y": 0.4713684618473053, "z": 0.04130128398537636, "x_normalized": 46.59068509259188, "y_normalized": 42.25225495483815, "z_normalized": 0.04130128398537636}, "left_hip": {"x": 0.5322579145431519, "y": 0.5026866793632507, "z": -0.010423721745610237, "x_normalized": 47.75215256571738, "y_normalized": 45.09300549979975, "z_normalized": -0.010423721745610237}, "right_hip": {"x": 0.5214201807975769, "y": 0.5047080516815186, "z": 0.010422269813716412, "x_normalized": 46.76910498236703, "y_normalized": 45.27635611711269, "z_normalized": 0.010422269813716412}, "left_knee": {"x": 0.5297724008560181, "y": 0.5513616800308228, "z": -0.010657190345227718, "x_normalized": 47.52670153685088, "y_normalized": 49.50812058743239, "z_normalized": -0.010657190345227718}, "right_knee": {"x": 0.5222254395484924, "y": 0.5544878244400024, "z": 0.00933750532567501, "x_normalized": 46.84214679052018, "y_normalized": 49.79168067285182, "z_normalized": 0.00933750532567501}, "left_ankle": {"x": 0.5323565006256104, "y": 0.5983744263648987, "z": 0.013161520473659039, "x_normalized": 47.761094915879134, "y_normalized": 53.772459217198616, "z_normalized": 0.013161520473659039}, "right_ankle": {"x": 0.5279660820960999, "y": 0.5985896587371826, "z": 0.03150250390172005, "x_normalized": 47.362857569709405, "y_normalized": 53.79198208686857, "z_normalized": 0.03150250390172005}, "left_heel": {"x": 0.5331154465675354, "y": 0.6048281788825989, "z": 0.013266388326883316, "x_normalized": 47.82993587392607, "y_normalized": 54.357853356324505, "z_normalized": 0.013266388326883316}, "right_heel": {"x": 0.5303304195404053, "y": 0.6054109930992126, "z": 0.03178761526942253, "x_normalized": 47.57731718510623, "y_normalized": 54.41071810836903, "z_normalized": 0.03178761526942253}, "left_foot_index": {"x": 0.5289193987846375, "y": 0.6097133159637451, "z": -0.020172519609332085, "x_normalized": 47.44932912260367, "y_normalized": 54.80096464828781, "z_normalized": -0.020172519609332085}, "right_foot_index": {"x": 0.5229195952415466, "y": 0.6119783520698547, "z": 0.0028875223360955715, "x_normalized": 46.90511088361801, "y_normalized": 55.006417035528955, "z_normalized": 0.0028875223360955715}}}