{"sequence_id": 1697925405990398000, "sequence_source": "mediapipe", "frame_number": 43, "image_dimensions": {"height": 1080, "width": 1920}, "joint_positions": {"nose": {"x": 0.5283833146095276, "y": 0.3977178633213043, "z": -0.12981709837913513, "x_normalized": 14.45818154017229, "y_normalized": 10.684122339568766, "z_normalized": -0.12981709837913513}, "left_eye_inner": {"x": 0.5318645238876343, "y": 0.38783618807792664, "z": -0.12057115882635117, "x_normalized": 14.556875824923985, "y_normalized": 10.4039711643932, "z_normalized": -0.12057115882635117}, "left_eye": {"x": 0.5339245200157166, "y": 0.3877302408218384, "z": -0.12054164707660675, "x_normalized": 14.615277899665928, "y_normalized": 10.400967498762755, "z_normalized": -0.12054164707660675}, "left_eye_outer": {"x": 0.5358204245567322, "y": 0.38772252202033997, "z": -0.12063400447368622, "x_normalized": 14.669027883560833, "y_normalized": 10.400748666301915, "z_normalized": -0.12063400447368622}, "right_eye_inner": {"x": 0.5249201655387878, "y": 0.3882918953895569, "z": -0.12116274982690811, "x_normalized": 14.359999272684185, "y_normalized": 10.416890728712506, "z_normalized": -0.12116274982690811}, "right_eye": {"x": 0.5224838256835938, "y": 0.3885275721549988, "z": -0.12120694667100906, "x_normalized": 14.290927636878594, "y_normalized": 10.423572300528416, "z_normalized": -0.12120694667100906}, "right_eye_outer": {"x": 0.5201016068458557, "y": 0.3888527452945709, "z": -0.12110378593206406, "x_normalized": 14.223390363037812, "y_normalized": 10.4327911460119, "z_normalized": -0.12110378593206406}, "left_ear": {"x": 0.5397289395332336, "y": 0.39343148469924927, "z": -0.05136286839842796, "x_normalized": 14.779836530565499, "y_normalized": 10.562601040938668, "z_normalized": -0.05136286839842796}, "right_ear": {"x": 0.5155476927757263, "y": 0.3946872353553772, "z": -0.05550316721200943, "x_normalized": 14.09428428062023, "y_normalized": 10.598202294104471, "z_normalized": -0.05550316721200943}, "mouth_left": {"x": 0.5331305265426636, "y": 0.4097747802734375, "z": -0.10330714285373688, "x_normalized": 14.592767728153605, "y_normalized": 11.025942867965302, "z_normalized": -0.10330714285373688}, "mouth_right": {"x": 0.5232027173042297, "y": 0.4098890721797943, "z": -0.10444246977567673, "x_normalized": 14.311308627690856, "y_normalized": 11.029183109229088, "z_normalized": -0.10444246977567673}, "left_shoulder": {"x": 0.5556513071060181, "y": 0.43930670619010925, "z": 0.002186776604503393, "x_normalized": 15.23124480671607, "y_normalized": 11.863189948747266, "z_normalized": 0.002186776604503393}, "right_shoulder": {"x": 0.49806466698646545, "y": 0.4408479928970337, "z": 0.030189188197255135, "x_normalized": 13.5986304466442, "y_normalized": 11.906886313138186, "z_normalized": 0.030189188197255135}, "left_elbow": {"x": 0.5812676548957825, "y": 0.4650591313838959, "z": 0.11968401074409485, "x_normalized": 15.957482996118003, "y_normalized": 12.593286010798598, "z_normalized": 0.11968401074409485}, "right_elbow": {"x": 0.4804767966270447, "y": 0.4554256796836853, "z": 0.17562907934188843, "x_normalized": 13.100004208817845, "y_normalized": 12.320172115801928, "z_normalized": 0.17562907934188843}, "left_wrist": {"x": 0.5641443133354187, "y": 0.5074509382247925, "z": 0.2410144805908203, "x_normalized": 15.472026416851914, "y_normalized": 13.795118110295261, "z_normalized": 0.2410144805908203}, "right_wrist": {"x": 0.4895489513874054, "y": 0.49363330006599426, "z": 0.30353063344955444, "x_normalized": 13.35720501282048, "y_normalized": 13.403380123263934, "z_normalized": 0.30353063344955444}, "left_pinky": {"x": 0.559043288230896, "y": 0.518545389175415, "z": 0.2543226480484009, "x_normalized": 15.327409422016975, "y_normalized": 14.109652174124928, "z_normalized": 0.2543226480484009}, "right_pinky": {"x": 0.49360689520835876, "y": 0.5095109343528748, "z": 0.31905612349510193, "x_normalized": 13.472250053487889, "y_normalized": 13.853520185037207, "z_normalized": 0.31905612349510193}, "left_index": {"x": 0.5563988089561462, "y": 0.5173346400260925, "z": 0.2428213208913803, "x_normalized": 15.252436913985498, "y_normalized": 14.07532673955321, "z_normalized": 0.2428213208913803}, "right_index": {"x": 0.496590793132782, "y": 0.5076795220375061, "z": 0.31224364042282104, "x_normalized": 13.556845275405479, "y_normalized": 13.801598592822833, "z_normalized": 0.31224364042282104}, "left_thumb": {"x": 0.5568438172340393, "y": 0.5130175352096558, "z": 0.2396346777677536, "x_normalized": 15.265053154546344, "y_normalized": 13.952934335644635, "z_normalized": 0.2396346777677536}, "right_thumb": {"x": 0.4962322413921356, "y": 0.5008547306060791, "z": 0.30321767926216125, "x_normalized": 13.546680127388635, "y_normalized": 13.608111831443606, "z_normalized": 0.30321767926216125}, "left_hip": {"x": 0.5394126176834106, "y": 0.5920838117599487, "z": -0.006960920989513397, "x_normalized": 14.770868624235952, "y_normalized": 16.194508739454893, "z_normalized": -0.006960920989513397}, "right_hip": {"x": 0.5041658878326416, "y": 0.5907317399978638, "z": 0.007017289754003286, "x_normalized": 13.771603565873896, "y_normalized": 16.156176727549962, "z_normalized": 0.007017289754003286}, "left_knee": {"x": 0.5325395464897156, "y": 0.7120653390884399, "z": -0.03873228654265404, "x_normalized": 14.576013103835258, "y_normalized": 19.596054029355233, "z_normalized": -0.03873228654265404}, "right_knee": {"x": 0.5039705038070679, "y": 0.7149096727371216, "z": -0.033782459795475006, "x_normalized": 13.766064316401831, "y_normalized": 19.67669252380521, "z_normalized": -0.033782459795475006}, "left_ankle": {"x": 0.5248696208000183, "y": 0.8056269884109497, "z": 0.11366163194179535, "x_normalized": 14.358566300276523, "y_normalized": 22.24858058618893, "z_normalized": 0.11366163194179535}, "right_ankle": {"x": 0.5073418617248535, "y": 0.807166576385498, "z": 0.10898587107658386, "x_normalized": 13.861644251923195, "y_normalized": 22.292228790540204, "z_normalized": 0.10898587107658386}, "left_heel": {"x": 0.5222023129463196, "y": 0.8137450218200684, "z": 0.125957652926445, "x_normalized": 14.282946588905267, "y_normalized": 22.478731501258036, "z_normalized": 0.125957652926445}, "right_heel": {"x": 0.5087793469429016, "y": 0.8164076805114746, "z": 0.11921809613704681, "x_normalized": 13.902397784417957, "y_normalized": 22.554219406205004, "z_normalized": 0.11921809613704681}, "left_foot_index": {"x": 0.5227392911911011, "y": 0.8425880670547485, "z": 0.05352234095335007, "x_normalized": 14.298170230910712, "y_normalized": 23.296448418594785, "z_normalized": 0.05352234095335007}, "right_foot_index": {"x": 0.5040436387062073, "y": 0.8440059423446655, "z": 0.044778838753700256, "x_normalized": 13.768137732845462, "y_normalized": 23.336645998351198, "z_normalized": 0.044778838753700256}}}