{"sequence_id": 1697925405990398000, "sequence_source": "mediapipe", "frame_number": 123, "image_dimensions": {"height": 1080, "width": 1920}, "joint_positions": {"nose": {"x": 0.5117034912109375, "y": 0.4008852243423462, "z": -0.18587122857570648, "x_normalized": 17.297471315863334, "y_normalized": 13.373779076276241, "z_normalized": -0.18587122857570648}, "left_eye_inner": {"x": 0.513140082359314, "y": 0.3951342701911926, "z": -0.17980451881885529, "x_normalized": 17.347469728138318, "y_normalized": 13.173625694467598, "z_normalized": -0.17980451881885529}, "left_eye": {"x": 0.5144069790840149, "y": 0.3951232135295868, "z": -0.17977647483348846, "x_normalized": 17.391562179092794, "y_normalized": 13.173240883851175, "z_normalized": -0.17977647483348846}, "left_eye_outer": {"x": 0.5157577395439148, "y": 0.39505672454833984, "z": -0.17983439564704895, "x_normalized": 17.438573382269947, "y_normalized": 13.170926834025735, "z_normalized": -0.17983439564704895}, "right_eye_inner": {"x": 0.5093938708305359, "y": 0.3954898715019226, "z": -0.18002942204475403, "x_normalized": 17.217088423271708, "y_normalized": 13.186001867715982, "z_normalized": -0.18002942204475403}, "right_eye": {"x": 0.5078760385513306, "y": 0.39591526985168457, "z": -0.18006430566310883, "x_normalized": 17.16426253460759, "y_normalized": 13.200807222807118, "z_normalized": -0.18006430566310883}, "right_eye_outer": {"x": 0.5062239766120911, "y": 0.3962497115135193, "z": -0.18004508316516876, "x_normalized": 17.106764982826586, "y_normalized": 13.212446966034856, "z_normalized": -0.18004508316516876}, "left_ear": {"x": 0.5191847085952759, "y": 0.4002208113670349, "z": -0.13206930458545685, "x_normalized": 17.55784392885323, "y_normalized": 13.350655173627944, "z_normalized": -0.13206930458545685}, "right_ear": {"x": 0.5022663474082947, "y": 0.40183913707733154, "z": -0.1277129054069519, "x_normalized": 16.9690256011058, "y_normalized": 13.406978586277438, "z_normalized": -0.1277129054069519}, "mouth_left": {"x": 0.5149802565574646, "y": 0.4104367792606354, "z": -0.16474413871765137, "x_normalized": 17.411514246525407, "y_normalized": 13.706206699272173, "z_normalized": -0.16474413871765137}, "mouth_right": {"x": 0.5090449452400208, "y": 0.4115169942378998, "z": -0.16485415399074554, "x_normalized": 17.20494458850871, "y_normalized": 13.743801970438863, "z_normalized": -0.16485415399074554}, "left_shoulder": {"x": 0.5361834764480591, "y": 0.44577571749687195, "z": -0.08462844789028168, "x_normalized": 18.149460690679117, "y_normalized": 14.936125737331407, "z_normalized": -0.08462844789028168}, "right_shoulder": {"x": 0.4864015281200409, "y": 0.4460926353931427, "z": -0.05898912623524666, "x_normalized": 16.41687422780889, "y_normalized": 14.947155592035003, "z_normalized": -0.05898912623524666}, "left_elbow": {"x": 0.5602514743804932, "y": 0.46480855345726013, "z": 0.026282044127583504, "x_normalized": 18.987111461825304, "y_normalized": 15.59853520587442, "z_normalized": 0.026282044127583504}, "right_elbow": {"x": 0.47411850094795227, "y": 0.4642045199871063, "z": 0.054603394120931625, "x_normalized": 15.989381786950556, "y_normalized": 15.577512721848418, "z_normalized": 0.054603394120931625}, "left_wrist": {"x": 0.5502665042877197, "y": 0.48701924085617065, "z": 0.1306629627943039, "x_normalized": 18.639599470110692, "y_normalized": 16.37154505403933, "z_normalized": 0.1306629627943039}, "right_wrist": {"x": 0.48373842239379883, "y": 0.49844399094581604, "z": 0.13098666071891785, "x_normalized": 16.32418880497094, "y_normalized": 16.769166441144712, "z_normalized": 0.13098666071891785}, "left_pinky": {"x": 0.5449556708335876, "y": 0.4988415241241455, "z": 0.14547157287597656, "x_normalized": 18.454763832731494, "y_normalized": 16.783001990504435, "z_normalized": 0.14547157287597656}, "right_pinky": {"x": 0.4863223433494568, "y": 0.5056772232055664, "z": 0.14153648912906647, "x_normalized": 16.414118319971063, "y_normalized": 17.02090830173771, "z_normalized": 0.14153648912906647}, "left_index": {"x": 0.5429317951202393, "y": 0.49819833040237427, "z": 0.13193979859352112, "x_normalized": 18.384325857094737, "y_normalized": 16.760616592327544, "z_normalized": 0.13193979859352112}, "right_index": {"x": 0.4884337782859802, "y": 0.5049436092376709, "z": 0.13091649115085602, "x_normalized": 16.48760366377776, "y_normalized": 16.99537596175428, "z_normalized": 0.13091649115085602}, "left_thumb": {"x": 0.5428760647773743, "y": 0.49417415261268616, "z": 0.12886688113212585, "x_normalized": 18.38238624563191, "y_normalized": 16.620561086330554, "z_normalized": 0.12886688113212585}, "right_thumb": {"x": 0.48850110173225403, "y": 0.5028111338615417, "z": 0.12914596498012543, "x_normalized": 16.489946755913873, "y_normalized": 16.921158336828462, "z_normalized": 0.12914596498012543}, "left_hip": {"x": 0.5258711576461792, "y": 0.5767351388931274, "z": -0.01691988669335842, "x_normalized": 17.790555815377495, "y_normalized": 19.493973075917136, "z_normalized": -0.01691988669335842}, "right_hip": {"x": 0.4973398447036743, "y": 0.5801313519477844, "z": 0.016829662024974823, "x_normalized": 16.797566022242453, "y_normalized": 19.61217320590703, "z_normalized": 0.016829662024974823}, "left_knee": {"x": 0.5227614045143127, "y": 0.6768426299095154, "z": -0.012811661697924137, "x_normalized": 17.682325495751623, "y_normalized": 22.978064992610538, "z_normalized": -0.012811661697924137}, "right_knee": {"x": 0.502296507358551, "y": 0.685286819934845, "z": 0.03519873693585396, "x_normalized": 16.970075273191565, "y_normalized": 23.271952432117516, "z_normalized": 0.03519873693585396}, "left_ankle": {"x": 0.5226261019706726, "y": 0.7639514207839966, "z": 0.0993836298584938, "x_normalized": 17.67761649252101, "y_normalized": 26.00975653814166, "z_normalized": 0.0993836298584938}, "right_ankle": {"x": 0.5123236179351807, "y": 0.7637615203857422, "z": 0.15496304631233215, "x_normalized": 17.31905390159518, "y_normalized": 26.003147338012703, "z_normalized": 0.15496304631233215}, "left_heel": {"x": 0.5241976976394653, "y": 0.7758139967918396, "z": 0.1068844273686409, "x_normalized": 17.732313535772796, "y_normalized": 26.422615803322135, "z_normalized": 0.1068844273686409}, "right_heel": {"x": 0.5166803002357483, "y": 0.7744916677474976, "z": 0.16328516602516174, "x_normalized": 17.47068173117013, "y_normalized": 26.37659411315864, "z_normalized": 0.16328516602516174}, "left_foot_index": {"x": 0.5170716643333435, "y": 0.7911034822463989, "z": 0.03956196457147598, "x_normalized": 17.484302574875947, "y_normalized": 26.95474354063513, "z_normalized": 0.03956196457147598}, "right_foot_index": {"x": 0.5034242868423462, "y": 0.7954499125480652, "z": 0.10498028248548508, "x_normalized": 17.009325956066636, "y_normalized": 27.10601456467895, "z_normalized": 0.10498028248548508}}}