{"sequence_id": 1697925405990398000, "sequence_source": "mediapipe", "frame_number": 254, "image_dimensions": {"height": 1080, "width": 1920}, "joint_positions": {"nose": {"x": 0.5094980001449585, "y": 0.42005547881126404, "z": -0.1536870002746582, "x_normalized": 22.194490534645976, "y_normalized": 18.160242843568632, "z_normalized": -0.1536870002746582}, "left_eye_inner": {"x": 0.5117670297622681, "y": 0.41496142745018005, "z": -0.14623065292835236, "x_normalized": 22.29561141269689, "y_normalized": 17.933222912872427, "z_normalized": -0.14623065292835236}, "left_eye": {"x": 0.5133352279663086, "y": 0.41511353850364685, "z": -0.14621035754680634, "x_normalized": 22.365499252917534, "y_normalized": 17.94000184743127, "z_normalized": -0.14621035754680634}, "left_eye_outer": {"x": 0.5148346424102783, "y": 0.4152095317840576, "z": -0.14624351263046265, "x_normalized": 22.43232169718171, "y_normalized": 17.944279854526492, "z_normalized": -0.14624351263046265}, "right_eye_inner": {"x": 0.5075480341911316, "y": 0.41512051224708557, "z": -0.14598898589611053, "x_normalized": 22.10758894997025, "y_normalized": 17.940312637142625, "z_normalized": -0.14598898589611053}, "right_eye": {"x": 0.5061660408973694, "y": 0.4155418872833252, "z": -0.146009624004364, "x_normalized": 22.045999460675084, "y_normalized": 17.95909150777888, "z_normalized": -0.146009624004364}, "right_eye_outer": {"x": 0.5048295855522156, "y": 0.4159371554851532, "z": -0.14596311748027802, "x_normalized": 21.986439401631856, "y_normalized": 17.976706909239283, "z_normalized": -0.14596311748027802}, "left_ear": {"x": 0.5176144242286682, "y": 0.4191659092903137, "z": -0.09375321865081787, "x_normalized": 22.556204601186657, "y_normalized": 18.120598561114317, "z_normalized": -0.09375321865081787}, "right_ear": {"x": 0.5022861361503601, "y": 0.4207872748374939, "z": -0.09283766150474548, "x_normalized": 21.873088815622914, "y_normalized": 18.192855840843773, "z_normalized": -0.09283766150474548}, "mouth_left": {"x": 0.5128540992736816, "y": 0.428217351436615, "z": -0.1336582452058792, "x_normalized": 22.344057419156186, "y_normalized": 18.523982355877774, "z_normalized": -0.1336582452058792}, "mouth_right": {"x": 0.5065726041793823, "y": 0.4288358986377716, "z": -0.1334293931722641, "x_normalized": 22.06411823521499, "y_normalized": 18.551548340746255, "z_normalized": -0.1334293931722641}, "left_shoulder": {"x": 0.530278742313385, "y": 0.45192256569862366, "z": -0.0480177067220211, "x_normalized": 23.120598717011845, "y_normalized": 19.580421664678678, "z_normalized": -0.0480177067220211}, "right_shoulder": {"x": 0.4919438362121582, "y": 0.45354390144348145, "z": -0.03247803822159767, "x_normalized": 21.41217704839049, "y_normalized": 19.652677616246972, "z_normalized": -0.03247803822159767}, "left_elbow": {"x": 0.5497447848320007, "y": 0.4677749276161194, "z": 0.0376717783510685, "x_normalized": 23.98811639798103, "y_normalized": 20.286893164234822, "z_normalized": 0.0376717783510685}, "right_elbow": {"x": 0.48269620537757874, "y": 0.46671655774116516, "z": 0.06843199580907822, "x_normalized": 21.000049968713075, "y_normalized": 20.239726176972265, "z_normalized": 0.06843199580907822}, "left_wrist": {"x": 0.5448402762413025, "y": 0.4897339940071106, "z": 0.10193739086389542, "x_normalized": 23.769543572260183, "y_normalized": 21.265514182530826, "z_normalized": 0.10193739086389542}, "right_wrist": {"x": 0.48031315207481384, "y": 0.4803966283798218, "z": 0.13612370193004608, "x_normalized": 20.893847546065352, "y_normalized": 20.849388009601714, "z_normalized": 0.13612370193004608}, "left_pinky": {"x": 0.539840042591095, "y": 0.49844908714294434, "z": 0.11431881040334702, "x_normalized": 23.54670469289455, "y_normalized": 21.653908350446503, "z_normalized": 0.11431881040334702}, "right_pinky": {"x": 0.4791790843009949, "y": 0.48325422406196594, "z": 0.14791955053806305, "x_normalized": 20.843307029457293, "y_normalized": 20.9767387423945, "z_normalized": 0.14791955053806305}, "left_index": {"x": 0.5380741953849792, "y": 0.49587103724479675, "z": 0.10134671628475189, "x_normalized": 23.468008487863123, "y_normalized": 21.53901576933121, "z_normalized": 0.10134671628475189}, "right_index": {"x": 0.4817562699317932, "y": 0.4822205603122711, "z": 0.13842003047466278, "x_normalized": 20.958161093898955, "y_normalized": 20.93067280073329, "z_normalized": 0.13842003047466278}, "left_thumb": {"x": 0.5384300947189331, "y": 0.49174952507019043, "z": 0.09947726875543594, "x_normalized": 23.483869388431632, "y_normalized": 21.355337721757778, "z_normalized": 0.09947726875543594}, "right_thumb": {"x": 0.4829290211200714, "y": 0.48192569613456726, "z": 0.1348065435886383, "x_normalized": 21.01042556369224, "y_normalized": 20.91753197421974, "z_normalized": 0.1348065435886383}, "left_hip": {"x": 0.5228505730628967, "y": 0.5593494772911072, "z": -0.010250944644212723, "x_normalized": 22.78955720429206, "y_normalized": 24.36797646064037, "z_normalized": -0.010250944644212723}, "right_hip": {"x": 0.5004315972328186, "y": 0.56029212474823, "z": 0.010177441872656345, "x_normalized": 21.790440002980375, "y_normalized": 24.409986198120016, "z_normalized": 0.010177441872656345}, "left_knee": {"x": 0.5228656530380249, "y": 0.6391149759292603, "z": -0.035266343504190445, "x_normalized": 22.79022925383884, "y_normalized": 27.92278121018029, "z_normalized": -0.035266343504190445}, "right_knee": {"x": 0.5037710070610046, "y": 0.6402878761291504, "z": 0.030700650066137314, "x_normalized": 21.939263117241182, "y_normalized": 27.975052320779373, "z_normalized": 0.030700650066137314}, "left_ankle": {"x": 0.5240574479103088, "y": 0.7098832130432129, "z": 0.0244600772857666, "x_normalized": 22.84334241861314, "y_normalized": 31.076616761944994, "z_normalized": 0.0244600772857666}, "right_ankle": {"x": 0.5128872990608215, "y": 0.692592978477478, "z": 0.14792485535144806, "x_normalized": 22.345536990688032, "y_normalized": 30.306065470919343, "z_normalized": 0.14792485535144806}, "left_heel": {"x": 0.5230283141136169, "y": 0.7184948325157166, "z": 0.02689632587134838, "x_normalized": 22.7974783574482, "y_normalized": 31.46039955431437, "z_normalized": 0.02689632587134838}, "right_heel": {"x": 0.5155459642410278, "y": 0.6983340978622437, "z": 0.15645554661750793, "x_normalized": 22.464022247740175, "y_normalized": 30.56192243671381, "z_normalized": 0.15645554661750793}, "left_foot_index": {"x": 0.5242272019386292, "y": 0.7369166016578674, "z": -0.028333447873592377, "x_normalized": 22.85090762457849, "y_normalized": 32.281378468249514, "z_normalized": -0.028333447873592377}, "right_foot_index": {"x": 0.5069411993026733, "y": 0.7157474756240845, "z": 0.11834283173084259, "x_normalized": 22.080544932437512, "y_normalized": 31.337961689651124, "z_normalized": 0.11834283173084259}}}