{"sequence_id": 1697925405990398000, "sequence_source": "mediapipe", "frame_number": 187, "image_dimensions": {"height": 1080, "width": 1920}, "joint_positions": {"nose": {"x": 0.5135014653205872, "y": 0.40153080224990845, "z": -0.16638879477977753, "x_normalized": 19.844795625544187, "y_normalized": 15.36553619731193, "z_normalized": -0.16638879477977753}, "left_eye_inner": {"x": 0.5154067873954773, "y": 0.396187961101532, "z": -0.15859602391719818, "x_normalized": 19.920351595129638, "y_normalized": 15.153664646235766, "z_normalized": -0.15859602391719818}, "left_eye": {"x": 0.5169045329093933, "y": 0.39639630913734436, "z": -0.15855516493320465, "x_normalized": 19.979745025766665, "y_normalized": 15.161926733819008, "z_normalized": -0.15855516493320465}, "left_eye_outer": {"x": 0.5184723138809204, "y": 0.39659199118614197, "z": -0.15859253704547882, "x_normalized": 20.041915728012995, "y_normalized": 15.169686548877166, "z_normalized": -0.15859253704547882}, "right_eye_inner": {"x": 0.5109978914260864, "y": 0.39638715982437134, "z": -0.15906983613967896, "x_normalized": 19.74551584732678, "y_normalized": 15.16156391578324, "z_normalized": -0.15906983613967896}, "right_eye": {"x": 0.5093692541122437, "y": 0.39692795276641846, "z": -0.15910719335079193, "x_normalized": 19.680931873324624, "y_normalized": 15.183009179877867, "z_normalized": -0.15910719335079193}, "right_eye_outer": {"x": 0.5077486634254456, "y": 0.39752453565597534, "z": -0.15907712280750275, "x_normalized": 19.616666990103113, "y_normalized": 15.206666806718284, "z_normalized": -0.15907712280750275}, "left_ear": {"x": 0.5222948789596558, "y": 0.4014076888561249, "z": -0.10398939996957779, "x_normalized": 20.19350039426633, "y_normalized": 15.360654108368092, "z_normalized": -0.10398939996957779}, "right_ear": {"x": 0.5043976902961731, "y": 0.40419915318489075, "z": -0.10677003860473633, "x_normalized": 19.48378340723087, "y_normalized": 15.471350245626287, "z_normalized": -0.10677003860473633}, "mouth_left": {"x": 0.5170648694038391, "y": 0.4104999303817749, "z": -0.1459190547466278, "x_normalized": 19.986103205025405, "y_normalized": 15.721208963229156, "z_normalized": -0.1459190547466278}, "mouth_right": {"x": 0.5113319158554077, "y": 0.41165295243263245, "z": -0.14680752158164978, "x_normalized": 19.75876166017658, "y_normalized": 15.766932308459893, "z_normalized": -0.14680752158164978}, "left_shoulder": {"x": 0.5365015268325806, "y": 0.43982332944869995, "z": -0.049888383597135544, "x_normalized": 20.756868167486413, "y_normalized": 16.884034858777756, "z_normalized": -0.049888383597135544}, "right_shoulder": {"x": 0.493789941072464, "y": 0.4470752775669098, "z": -0.04661417379975319, "x_normalized": 19.063130758379952, "y_normalized": 17.171612470288046, "z_normalized": -0.04661417379975319}, "left_elbow": {"x": 0.5545617341995239, "y": 0.454348623752594, "z": 0.05518428608775139, "x_normalized": 21.47304969737416, "y_normalized": 17.460038626911302, "z_normalized": 0.05518428608775139}, "right_elbow": {"x": 0.47969886660575867, "y": 0.4620320498943329, "z": 0.055063556879758835, "x_normalized": 18.50434607422407, "y_normalized": 17.764726595170295, "z_normalized": 0.055063556879758835}, "left_wrist": {"x": 0.5491629242897034, "y": 0.4738750159740448, "z": 0.1401347517967224, "x_normalized": 21.25895869264597, "y_normalized": 18.234362042485333, "z_normalized": 0.1401347517967224}, "right_wrist": {"x": 0.48905935883522034, "y": 0.4818197786808014, "z": 0.1352958083152771, "x_normalized": 18.875538470257606, "y_normalized": 18.549413370208992, "z_normalized": 0.1352958083152771}, "left_pinky": {"x": 0.5491586327552795, "y": 0.48224663734436035, "z": 0.15512003004550934, "x_normalized": 21.25878851089629, "y_normalized": 18.56634054521325, "z_normalized": 0.15512003004550934}, "right_pinky": {"x": 0.49099913239479065, "y": 0.4864916205406189, "z": 0.14889846742153168, "x_normalized": 18.952460621111292, "y_normalized": 18.734676295632642, "z_normalized": 0.14889846742153168}, "left_index": {"x": 0.545574963092804, "y": 0.4811972677707672, "z": 0.14330719411373138, "x_normalized": 21.116677295374934, "y_normalized": 18.52472756196428, "z_normalized": 0.14330719411373138}, "right_index": {"x": 0.4936775863170624, "y": 0.4855845272541046, "z": 0.14155299961566925, "x_normalized": 19.05867530562801, "y_normalized": 18.698705310112523, "z_normalized": 0.14155299961566925}, "left_thumb": {"x": 0.5448595881462097, "y": 0.47729718685150146, "z": 0.1383330225944519, "x_normalized": 21.08830894315806, "y_normalized": 18.370068987857415, "z_normalized": 0.1383330225944519}, "right_thumb": {"x": 0.4927898347377777, "y": 0.4843798577785492, "z": 0.13555197417736053, "x_normalized": 19.02347131979914, "y_normalized": 18.65093387479714, "z_normalized": 0.13555197417736053}, "left_hip": {"x": 0.5308260321617126, "y": 0.5574547052383423, "z": -0.0012740938691422343, "x_normalized": 20.531805167174923, "y_normalized": 21.54873316285293, "z_normalized": -0.0012740938691422343}, "right_hip": {"x": 0.505611777305603, "y": 0.5570589900016785, "z": 0.0011811297154054046, "x_normalized": 19.531928296941377, "y_normalized": 21.53304098735153, "z_normalized": 0.0011811297154054046}, "left_knee": {"x": 0.5270611643791199, "y": 0.6502912640571594, "z": -0.006536895874887705, "x_normalized": 20.38250850000057, "y_normalized": 25.230187499090004, "z_normalized": -0.006536895874887705}, "right_knee": {"x": 0.5099402070045471, "y": 0.6471747756004333, "z": -0.01343330554664135, "x_normalized": 19.703573136937806, "y_normalized": 25.10660245792924, "z_normalized": -0.01343330554664135}, "left_ankle": {"x": 0.5197578072547913, "y": 0.72259122133255, "z": 0.08922229707241058, "x_normalized": 20.092892252947284, "y_normalized": 28.097258344969873, "z_normalized": 0.08922229707241058}, "right_ankle": {"x": 0.5042145848274231, "y": 0.7266343832015991, "z": 0.07469659298658371, "x_normalized": 19.476522319244683, "y_normalized": 28.257590825883653, "z_normalized": 0.07469659298658371}, "left_heel": {"x": 0.5158066153526306, "y": 0.7309759259223938, "z": 0.09567658603191376, "x_normalized": 19.93620686147448, "y_normalized": 28.42975566567076, "z_normalized": 0.09567658603191376}, "right_heel": {"x": 0.5045313239097595, "y": 0.734664261341095, "z": 0.08012952655553818, "x_normalized": 19.489082677824957, "y_normalized": 28.576017424975888, "z_normalized": 0.08012952655553818}, "left_foot_index": {"x": 0.5251652598381042, "y": 0.7487829923629761, "z": 0.039506006985902786, "x_normalized": 20.30732598481024, "y_normalized": 29.13589883596302, "z_normalized": 0.039506006985902786}, "right_foot_index": {"x": 0.5030642151832581, "y": 0.7563955187797546, "z": 0.018971307203173637, "x_normalized": 19.430904155789786, "y_normalized": 29.437775259899237, "z_normalized": 0.018971307203173637}}}