{"sequence_id": 1697925405990398000, "sequence_source": "mediapipe", "frame_number": 285, "image_dimensions": {"height": 1080, "width": 1920}, "joint_positions": {"nose": {"x": 0.5116603374481201, "y": 0.4061928987503052, "z": -0.11824475228786469, "x_normalized": 21.580974755403886, "y_normalized": 16.996587375911332, "z_normalized": -0.11824475228786469}, "left_eye_inner": {"x": 0.5135772824287415, "y": 0.40131905674934387, "z": -0.11086471378803253, "x_normalized": 21.66375436865289, "y_normalized": 16.78611980383446, "z_normalized": -0.11086471378803253}, "left_eye": {"x": 0.5149120688438416, "y": 0.40148892998695374, "z": -0.11083093285560608, "x_normalized": 21.721394574464217, "y_normalized": 16.793455455641297, "z_normalized": -0.11083093285560608}, "left_eye_outer": {"x": 0.516185998916626, "y": 0.40166640281677246, "z": -0.11088136583566666, "x_normalized": 21.77640681518966, "y_normalized": 16.801119281344754, "z_normalized": -0.11088136583566666}, "right_eye_inner": {"x": 0.5096085071563721, "y": 0.4014331102371216, "z": -0.11133691668510437, "x_normalized": 21.492370377228962, "y_normalized": 16.7910449861967, "z_normalized": -0.11133691668510437}, "right_eye": {"x": 0.5082647800445557, "y": 0.40168559551239014, "z": -0.11137045174837112, "x_normalized": 21.43434408448043, "y_normalized": 16.80194808130328, "z_normalized": -0.11137045174837112}, "right_eye_outer": {"x": 0.5069580674171448, "y": 0.40192869305610657, "z": -0.111310675740242, "x_normalized": 21.377916191651916, "y_normalized": 16.8124457851258, "z_normalized": -0.111310675740242}, "left_ear": {"x": 0.519028902053833, "y": 0.4061742126941681, "z": -0.0633690133690834, "x_normalized": 21.899172165568206, "y_normalized": 16.995780454212582, "z_normalized": -0.0633690133690834}, "right_ear": {"x": 0.5042580366134644, "y": 0.40662166476249695, "z": -0.06672071665525436, "x_normalized": 21.261320510529853, "y_normalized": 17.01510281846308, "z_normalized": -0.06672071665525436}, "mouth_left": {"x": 0.5150613784790039, "y": 0.4139311909675598, "z": -0.10094740986824036, "x_normalized": 21.727842226315488, "y_normalized": 17.330750767885412, "z_normalized": -0.10094740986824036}, "mouth_right": {"x": 0.5090792775154114, "y": 0.4139779806137085, "z": -0.10177529603242874, "x_normalized": 21.469516604459525, "y_normalized": 17.332771289523436, "z_normalized": -0.10177529603242874}, "left_shoulder": {"x": 0.5310488939285278, "y": 0.4390583336353302, "z": -0.02747732400894165, "x_normalized": 22.418232591768277, "y_normalized": 18.415818504892847, "z_normalized": -0.02747732400894165}, "right_shoulder": {"x": 0.4926791191101074, "y": 0.4438793659210205, "z": -0.01005504745990038, "x_normalized": 20.761307039898412, "y_normalized": 18.624005590127314, "z_normalized": -0.01005504745990038}, "left_elbow": {"x": 0.5501510500907898, "y": 0.4533034563064575, "z": 0.061355866491794586, "x_normalized": 23.243122776577636, "y_normalized": 19.03096696106727, "z_normalized": 0.061355866491794586}, "right_elbow": {"x": 0.48197075724601746, "y": 0.4566200375556946, "z": 0.08819925785064697, "x_normalized": 20.298886854342317, "y_normalized": 19.174187197378775, "z_normalized": 0.08819925785064697}, "left_wrist": {"x": 0.5428056120872498, "y": 0.4757147431373596, "z": 0.15312018990516663, "x_normalized": 22.92592404462421, "y_normalized": 19.9987556430738, "z_normalized": 0.15312018990516663}, "right_wrist": {"x": 0.4817669987678528, "y": 0.47310778498649597, "z": 0.17090633511543274, "x_normalized": 20.290087933043484, "y_normalized": 19.88617912696801, "z_normalized": 0.17090633511543274}, "left_pinky": {"x": 0.5401636362075806, "y": 0.4831262230873108, "z": 0.16714134812355042, "x_normalized": 22.811835354681048, "y_normalized": 20.31880627053669, "z_normalized": 0.16714134812355042}, "right_pinky": {"x": 0.4812011420726776, "y": 0.4774019122123718, "z": 0.1829623281955719, "x_normalized": 20.26565249078798, "y_normalized": 20.071612822036712, "z_normalized": 0.1829623281955719}, "left_index": {"x": 0.5378599762916565, "y": 0.4818345904350281, "z": 0.1590481400489807, "x_normalized": 22.712356194441604, "y_normalized": 20.26302957767559, "z_normalized": 0.1590481400489807}, "right_index": {"x": 0.48336365818977356, "y": 0.47642719745635986, "z": 0.17667216062545776, "x_normalized": 20.35903662524546, "y_normalized": 20.029521624142962, "z_normalized": 0.17667216062545776}, "left_thumb": {"x": 0.5379728078842163, "y": 0.4774586856365204, "z": 0.1531156450510025, "x_normalized": 22.717228611589093, "y_normalized": 20.074064474087944, "z_normalized": 0.1531156450510025}, "right_thumb": {"x": 0.48450949788093567, "y": 0.476215660572052, "z": 0.17020587623119354, "x_normalized": 20.408517527117255, "y_normalized": 20.020386807208762, "z_normalized": 0.17020587623119354}, "left_hip": {"x": 0.5256596803665161, "y": 0.5433968305587769, "z": -0.0065911393612623215, "x_normalized": 22.185509681674628, "y_normalized": 22.92147751421177, "z_normalized": -0.0065911393612623215}, "right_hip": {"x": 0.5025426149368286, "y": 0.5447598099708557, "z": 0.006528480444103479, "x_normalized": 21.18724329684538, "y_normalized": 22.980335180831744, "z_normalized": 0.006528480444103479}, "left_knee": {"x": 0.5247718095779419, "y": 0.6266406178474426, "z": -0.015753859654068947, "x_normalized": 22.147168674897564, "y_normalized": 26.51620171694006, "z_normalized": -0.015753859654068947}, "right_knee": {"x": 0.5076010823249817, "y": 0.6290620565414429, "z": -0.002537183463573456, "x_normalized": 21.405683564175476, "y_normalized": 26.62076692909891, "z_normalized": -0.002537183463573456}, "left_ankle": {"x": 0.5229499340057373, "y": 0.691696286201477, "z": 0.07072746753692627, "x_normalized": 22.068494452747476, "y_normalized": 29.3255066894056, "z_normalized": 0.07072746753692627}, "right_ankle": {"x": 0.5136356353759766, "y": 0.6916506290435791, "z": 0.07805395126342773, "x_normalized": 21.666274229396357, "y_normalized": 29.323535072112957, "z_normalized": 0.07805395126342773}, "left_heel": {"x": 0.5227609872817993, "y": 0.6977686285972595, "z": 0.07658907026052475, "x_normalized": 22.06033514880794, "y_normalized": 29.58772921541439, "z_normalized": 0.07658907026052475}, "right_heel": {"x": 0.5154269337654114, "y": 0.6981514096260071, "z": 0.08298542350530624, "x_normalized": 21.743628034221217, "y_normalized": 29.60425888415246, "z_normalized": 0.08298542350530624}, "left_foot_index": {"x": 0.521653950214386, "y": 0.7156409025192261, "z": 0.02729952521622181, "x_normalized": 22.0125298642436, "y_normalized": 30.359509281142255, "z_normalized": 0.02729952521622181}, "right_foot_index": {"x": 0.5090053677558899, "y": 0.7161362171173096, "z": 0.0354912094771862, "x_normalized": 21.466324952445323, "y_normalized": 30.38089849746324, "z_normalized": 0.0354912094771862}}}