{"sequence_id": 1697925405990398000, "sequence_source": "mediapipe", "frame_number": 563, "image_dimensions": {"height": 1080, "width": 1920}, "joint_positions": {"nose": {"x": 0.5196769833564758, "y": 0.4207761883735657, "z": -0.051834236830472946, "x_normalized": 31.724700314325368, "y_normalized": 25.599327513315455, "z_normalized": -0.051834236830472946}, "left_eye_inner": {"x": 0.5209446549415588, "y": 0.4173404276371002, "z": -0.04578300565481186, "x_normalized": 31.80336091424713, "y_normalized": 25.38613428259371, "z_normalized": -0.04578300565481186}, "left_eye": {"x": 0.5219616889953613, "y": 0.4174252450466156, "z": -0.04574574902653694, "x_normalized": 31.86646914334554, "y_normalized": 25.39139730843952, "z_normalized": -0.04574574902653694}, "left_eye_outer": {"x": 0.5229135155677795, "y": 0.4175412356853485, "z": -0.04577226936817169, "x_normalized": 31.925531167050195, "y_normalized": 25.398594671964425, "z_normalized": -0.04577226936817169}, "right_eye_inner": {"x": 0.5184205770492554, "y": 0.4172511100769043, "z": -0.0472031868994236, "x_normalized": 31.646738738918614, "y_normalized": 25.380592016796136, "z_normalized": -0.0472031868994236}, "right_eye": {"x": 0.517468273639679, "y": 0.4173823595046997, "z": -0.04722818359732628, "x_normalized": 31.5876471268747, "y_normalized": 25.388736207177352, "z_normalized": -0.04722818359732628}, "right_eye_outer": {"x": 0.516559362411499, "y": 0.41753795742988586, "z": -0.04717564210295677, "x_normalized": 31.531248053703415, "y_normalized": 25.398391252132015, "z_normalized": -0.04717564210295677}, "left_ear": {"x": 0.524925172328949, "y": 0.4197252094745636, "z": -0.010384825989603996, "x_normalized": 32.05035697330181, "y_normalized": 25.534112964315998, "z_normalized": -0.010384825989603996}, "right_ear": {"x": 0.5144951343536377, "y": 0.4207564890384674, "z": -0.017479054629802704, "x_normalized": 31.40316013304842, "y_normalized": 25.59810514504979, "z_normalized": -0.017479054629802704}, "mouth_left": {"x": 0.5217002034187317, "y": 0.4261977970600128, "z": -0.038997769355773926, "x_normalized": 31.850243637804034, "y_normalized": 25.93574508142639, "z_normalized": -0.038997769355773926}, "mouth_right": {"x": 0.5183583498001099, "y": 0.42688941955566406, "z": -0.040968477725982666, "x_normalized": 31.64287746064523, "y_normalized": 25.9786611182513, "z_normalized": -0.040968477725982666}, "left_shoulder": {"x": 0.5325637459754944, "y": 0.4415213167667389, "z": 0.01247364841401577, "x_normalized": 32.524339976986845, "y_normalized": 26.88658855478946, "z_normalized": 0.01247364841401577}, "right_shoulder": {"x": 0.5069262385368347, "y": 0.4460049569606781, "z": 0.01675446145236492, "x_normalized": 30.933500725437703, "y_normalized": 27.16480401030547, "z_normalized": 0.01675446145236492}, "left_elbow": {"x": 0.5472075939178467, "y": 0.45101720094680786, "z": 0.05605311319231987, "x_normalized": 33.4330089712777, "y_normalized": 27.475819989162005, "z_normalized": 0.05605311319231987}, "right_elbow": {"x": 0.4968833029270172, "y": 0.45318493247032166, "z": 0.06624045222997665, "x_normalized": 30.31032406884953, "y_normalized": 27.610330428707545, "z_normalized": 0.06624045222997665}, "left_wrist": {"x": 0.5366464853286743, "y": 0.4684406518936157, "z": 0.10500259697437286, "x_normalized": 32.777679036270314, "y_normalized": 28.55696681008213, "z_normalized": 0.10500259697437286}, "right_wrist": {"x": 0.5121493935585022, "y": 0.4552491009235382, "z": 0.11886586248874664, "x_normalized": 31.257603996603013, "y_normalized": 27.73841465082013, "z_normalized": 0.11886586248874664}, "left_pinky": {"x": 0.5359073877334595, "y": 0.47567781805992126, "z": 0.10824602097272873, "x_normalized": 32.731817110417865, "y_normalized": 29.006041979924156, "z_normalized": 0.10824602097272873}, "right_pinky": {"x": 0.515585720539093, "y": 0.4552161693572998, "z": 0.1218133345246315, "x_normalized": 31.47083236347763, "y_normalized": 27.73637120614001, "z_normalized": 0.1218133345246315}, "left_index": {"x": 0.5341491103172302, "y": 0.4756070673465729, "z": 0.10389570891857147, "x_normalized": 32.62271380794034, "y_normalized": 29.001651810086507, "z_normalized": 0.10389570891857147}, "right_index": {"x": 0.5165536999702454, "y": 0.45526254177093506, "z": 0.12384939193725586, "x_normalized": 31.530896692174707, "y_normalized": 27.739248672133012, "z_normalized": 0.12384939193725586}, "left_thumb": {"x": 0.5342288613319397, "y": 0.47341156005859375, "z": 0.10404164344072342, "x_normalized": 32.62766245768152, "y_normalized": 28.865417849779092, "z_normalized": 0.10404164344072342}, "right_thumb": {"x": 0.5153722167015076, "y": 0.45520859956741333, "z": 0.12024236470460892, "x_normalized": 31.457584184574127, "y_normalized": 27.735901491254264, "z_normalized": 0.12024236470460892}, "left_hip": {"x": 0.5299476385116577, "y": 0.509890079498291, "z": -0.0027977689169347286, "x_normalized": 32.36200725218122, "y_normalized": 31.128955391481032, "z_normalized": -0.0027977689169347286}, "right_hip": {"x": 0.513859212398529, "y": 0.5108274817466736, "z": 0.002894928213208914, "x_normalized": 31.36370038410328, "y_normalized": 31.18712236792308, "z_normalized": 0.002894928213208914}, "left_knee": {"x": 0.5304566025733948, "y": 0.5646250247955322, "z": -0.016914408653974533, "x_normalized": 32.39358910579848, "y_normalized": 34.525326884247285, "z_normalized": -0.016914408653974533}, "right_knee": {"x": 0.5163421034812927, "y": 0.5697110891342163, "z": -0.01653451845049858, "x_normalized": 31.517766866628236, "y_normalized": 34.84092350787545, "z_normalized": -0.01653451845049858}, "left_ankle": {"x": 0.5343776941299438, "y": 0.6059334874153137, "z": 0.04825271666049957, "x_normalized": 32.63689771807293, "y_normalized": 37.08856841285255, "z_normalized": 0.04825271666049957}, "right_ankle": {"x": 0.5204185843467712, "y": 0.6181125640869141, "z": 0.03326595202088356, "x_normalized": 31.770717578958923, "y_normalized": 37.84429528151031, "z_normalized": 0.03326595202088356}, "left_heel": {"x": 0.5335873961448669, "y": 0.6112164855003357, "z": 0.05283000320196152, "x_normalized": 32.58785874429248, "y_normalized": 37.41638502059495, "z_normalized": 0.05283000320196152}, "right_heel": {"x": 0.5222529768943787, "y": 0.6246986389160156, "z": 0.03621496632695198, "x_normalized": 31.88454392009077, "y_normalized": 38.2529694233645, "z_normalized": 0.03621496632695198}, "left_foot_index": {"x": 0.5356731414794922, "y": 0.6242275238037109, "z": 0.01947714574635029, "x_normalized": 32.71728183875657, "y_normalized": 38.22373614417597, "z_normalized": 0.01947714574635029}, "right_foot_index": {"x": 0.5167708992958069, "y": 0.6358535289764404, "z": 0.00043574220035225153, "x_normalized": 31.54437418070747, "y_normalized": 38.94514423783495, "z_normalized": 0.00043574220035225153}}}