{"sequence_id": 1697925405990398000, "sequence_source": "mediapipe", "frame_number": 315, "image_dimensions": {"height": 1080, "width": 1920}, "joint_positions": {"nose": {"x": 0.5207663774490356, "y": 0.4261178970336914, "z": -0.1399717926979065, "x_normalized": 23.800072538335304, "y_normalized": 19.35393498304243, "z_normalized": -0.1399717926979065}, "left_eye_inner": {"x": 0.5225567817687988, "y": 0.42219042778015137, "z": -0.1323506236076355, "x_normalized": 23.883686889333866, "y_normalized": 19.170516752268167, "z_normalized": -0.1323506236076355}, "left_eye": {"x": 0.5238755941390991, "y": 0.42241936922073364, "z": -0.13228513300418854, "x_normalized": 23.945277245888704, "y_normalized": 19.18120863329172, "z_normalized": -0.13228513300418854}, "left_eye_outer": {"x": 0.5252441763877869, "y": 0.422610878944397, "z": -0.13229994475841522, "x_normalized": 24.009191924405183, "y_normalized": 19.190152401510588, "z_normalized": -0.13229994475841522}, "right_eye_inner": {"x": 0.519048810005188, "y": 0.4217519462108612, "z": -0.13319997489452362, "x_normalized": 23.719859769896175, "y_normalized": 19.150039058243234, "z_normalized": -0.13319997489452362}, "right_eye": {"x": 0.5177503228187561, "y": 0.4217936098575592, "z": -0.1332620233297348, "x_normalized": 23.659218627459804, "y_normalized": 19.151984808005135, "z_normalized": -0.1332620233297348}, "right_eye_outer": {"x": 0.5163893103599548, "y": 0.4218878746032715, "z": -0.1332578808069229, "x_normalized": 23.595657468571027, "y_normalized": 19.15638710163668, "z_normalized": -0.1332578808069229}, "left_ear": {"x": 0.5279675722122192, "y": 0.42507484555244446, "z": -0.0871066004037857, "x_normalized": 24.136378265422405, "y_normalized": 19.30522304032656, "z_normalized": -0.0871066004037857}, "right_ear": {"x": 0.5138944983482361, "y": 0.42602282762527466, "z": -0.09192337840795517, "x_normalized": 23.47914630686266, "y_normalized": 19.349495110552827, "z_normalized": -0.09192337840795517}, "mouth_left": {"x": 0.523098886013031, "y": 0.43296849727630615, "z": -0.12393822520971298, "x_normalized": 23.90900390519151, "y_normalized": 19.673867462490755, "z_normalized": -0.12393822520971298}, "mouth_right": {"x": 0.5189527869224548, "y": 0.43305504322052, "z": -0.12538295984268188, "x_normalized": 23.71537535950072, "y_normalized": 19.67790927744681, "z_normalized": -0.12538295984268188}, "left_shoulder": {"x": 0.5385640859603882, "y": 0.4541699290275574, "z": -0.0398683026432991, "x_normalized": 24.631250071818453, "y_normalized": 20.664003565578167, "z_normalized": -0.0398683026432991}, "right_shoulder": {"x": 0.5027754902839661, "y": 0.4565235674381256, "z": -0.04818136990070343, "x_normalized": 22.95987329529805, "y_normalized": 20.773921725410904, "z_normalized": -0.04818136990070343}, "left_elbow": {"x": 0.5542459487915039, "y": 0.4656948447227478, "z": 0.03307303041219711, "x_normalized": 25.363614693931105, "y_normalized": 21.20223302332096, "z_normalized": 0.03307303041219711}, "right_elbow": {"x": 0.48815470933914185, "y": 0.4628554880619049, "z": 0.02643118053674698, "x_normalized": 22.27706266068378, "y_normalized": 21.06963115131407, "z_normalized": 0.02643118053674698}, "left_wrist": {"x": 0.550289511680603, "y": 0.47813838720321655, "z": 0.0871189758181572, "x_normalized": 25.17884362426659, "y_normalized": 21.783363618875523, "z_normalized": 0.0871189758181572}, "right_wrist": {"x": 0.4956620931625366, "y": 0.4675968587398529, "z": 0.07613606005907059, "x_normalized": 22.62766783916843, "y_normalized": 21.291059701113745, "z_normalized": 0.07613606005907059}, "left_pinky": {"x": 0.5493166446685791, "y": 0.48471498489379883, "z": 0.09505219012498856, "x_normalized": 25.133409393059505, "y_normalized": 22.090499801248797, "z_normalized": 0.09505219012498856}, "right_pinky": {"x": 0.4978868365287781, "y": 0.47220155596733093, "z": 0.08399434387683868, "x_normalized": 22.73156642266338, "y_normalized": 21.50610541228103, "z_normalized": 0.08399434387683868}, "left_index": {"x": 0.5471499562263489, "y": 0.4848039448261261, "z": 0.08562599867582321, "x_normalized": 25.032222054583283, "y_normalized": 22.094654352779038, "z_normalized": 0.08562599867582321}, "right_index": {"x": 0.5008691549301147, "y": 0.4730064570903778, "z": 0.08925624936819077, "x_normalized": 22.870844805119372, "y_normalized": 21.543695404819967, "z_normalized": 0.08925624936819077}, "left_thumb": {"x": 0.5472943782806396, "y": 0.48305076360702515, "z": 0.08476664870977402, "x_normalized": 25.038966763700717, "y_normalized": 22.01277837191825, "z_normalized": 0.08476664870977402}, "right_thumb": {"x": 0.499873548746109, "y": 0.4708080291748047, "z": 0.07928893715143204, "x_normalized": 22.82434862321963, "y_normalized": 21.441025789164616, "z_normalized": 0.07928893715143204}, "left_hip": {"x": 0.5311276912689209, "y": 0.5469086170196533, "z": -0.00041706720367074013, "x_normalized": 24.283960183700646, "y_normalized": 24.995028196898843, "z_normalized": -0.00041706720367074013}, "right_hip": {"x": 0.509743332862854, "y": 0.5458083748817444, "z": 0.0004005147493444383, "x_normalized": 23.285281153547032, "y_normalized": 24.94364537164142, "z_normalized": 0.0004005147493444383}, "left_knee": {"x": 0.5299357771873474, "y": 0.6198984980583191, "z": 0.001098543987609446, "x_normalized": 24.228296152243217, "y_normalized": 28.403756306601778, "z_normalized": 0.001098543987609446}, "right_knee": {"x": 0.5107578039169312, "y": 0.6204314231872559, "z": -0.02567521668970585, "x_normalized": 23.332658350896907, "y_normalized": 28.4286446451156, "z_normalized": -0.02567521668970585}, "left_ankle": {"x": 0.5237962007522583, "y": 0.6695114970207214, "z": 0.08514083921909332, "x_normalized": 23.94156946522654, "y_normalized": 30.720751782731064, "z_normalized": 0.08514083921909332}, "right_ankle": {"x": 0.5120614767074585, "y": 0.6877322793006897, "z": 0.025573205202817917, "x_normalized": 23.393541668196345, "y_normalized": 31.57168744469773, "z_normalized": 0.025573205202817917}, "left_heel": {"x": 0.5222581028938293, "y": 0.6750624179840088, "z": 0.09081032872200012, "x_normalized": 23.8697381739449, "y_normalized": 30.979987447360706, "z_normalized": 0.09081032872200012}, "right_heel": {"x": 0.5136603713035583, "y": 0.6954619288444519, "z": 0.027501564472913742, "x_normalized": 23.468212250976038, "y_normalized": 31.932672738864966, "z_normalized": 0.027501564472913742}, "left_foot_index": {"x": 0.5275762677192688, "y": 0.6907773613929749, "z": 0.04599945619702339, "x_normalized": 24.118103805927582, "y_normalized": 31.713896978082595, "z_normalized": 0.04599945619702339}, "right_foot_index": {"x": 0.5100875496864319, "y": 0.7123394012451172, "z": -0.02870539389550686, "x_normalized": 23.301356553940423, "y_normalized": 32.72087397682022, "z_normalized": -0.02870539389550686}}}