{"sequence_id": 1697925405990398000, "sequence_source": "mediapipe", "frame_number": 203, "image_dimensions": {"height": 1080, "width": 1920}, "joint_positions": {"nose": {"x": 0.5106459856033325, "y": 0.3962833285331726, "z": -0.17237530648708344, "x_normalized": 19.690005369270676, "y_normalized": 15.129644866287498, "z_normalized": -0.17237530648708344}, "left_eye_inner": {"x": 0.5119832158088684, "y": 0.3922748267650604, "z": -0.17158785462379456, "x_normalized": 19.742919085939555, "y_normalized": 14.971029897865074, "z_normalized": -0.17158785462379456}, "left_eye": {"x": 0.5131358504295349, "y": 0.3924628794193268, "z": -0.17155973613262177, "x_normalized": 19.788528421929872, "y_normalized": 14.978471073532127, "z_normalized": -0.17155973613262177}, "left_eye_outer": {"x": 0.5143190622329712, "y": 0.39264076948165894, "z": -0.17162074148654938, "x_normalized": 19.83534768600805, "y_normalized": 14.9855101191037, "z_normalized": -0.17162074148654938}, "right_eye_inner": {"x": 0.5086026191711426, "y": 0.39272862672805786, "z": -0.16939549148082733, "x_normalized": 19.609150096935373, "y_normalized": 14.9889865986388, "z_normalized": -0.16939549148082733}, "right_eye": {"x": 0.5072376728057861, "y": 0.393362432718277, "z": -0.16944000124931335, "x_normalized": 19.555139661824285, "y_normalized": 15.014066072951191, "z_normalized": -0.16944000124931335}, "right_eye_outer": {"x": 0.5060220956802368, "y": 0.39396101236343384, "z": -0.1694427877664566, "x_normalized": 19.507039713629716, "y_normalized": 15.037751653501546, "z_normalized": -0.1694427877664566}, "left_ear": {"x": 0.5171294212341309, "y": 0.3983818590641022, "z": -0.11607697606086731, "x_normalized": 19.94655257751407, "y_normalized": 15.212682962102944, "z_normalized": -0.11607697606086731}, "right_ear": {"x": 0.5031839609146118, "y": 0.4003460109233856, "z": -0.12104354798793793, "x_normalized": 19.394735745147198, "y_normalized": 15.290403742374375, "z_normalized": -0.12104354798793793}, "mouth_left": {"x": 0.5140777826309204, "y": 0.4046730101108551, "z": -0.15924689173698425, "x_normalized": 19.825800339225093, "y_normalized": 15.4616215387451, "z_normalized": -0.15924689173698425}, "mouth_right": {"x": 0.5086444616317749, "y": 0.40633222460746765, "z": -0.15624138712882996, "x_normalized": 19.61080578800297, "y_normalized": 15.527276057617915, "z_normalized": -0.15624138712882996}, "left_shoulder": {"x": 0.533237636089325, "y": 0.436395525932312, "z": -0.06492697447538376, "x_normalized": 20.58394882638775, "y_normalized": 16.716870042145384, "z_normalized": -0.06492697447538376}, "right_shoulder": {"x": 0.49203670024871826, "y": 0.44476380944252014, "z": -0.05731358751654625, "x_normalized": 18.953642663292346, "y_normalized": 17.048000000794914, "z_normalized": -0.05731358751654625}, "left_elbow": {"x": 0.5524200201034546, "y": 0.45108920335769653, "z": 0.033421438187360764, "x_normalized": 21.342988839509886, "y_normalized": 17.298293555383413, "z_normalized": 0.033421438187360764}, "right_elbow": {"x": 0.4789496660232544, "y": 0.46385663747787476, "z": 0.04999815300107002, "x_normalized": 18.435793441688354, "y_normalized": 17.803496316154845, "z_normalized": 0.04999815300107002}, "left_wrist": {"x": 0.54024338722229, "y": 0.46959877014160156, "z": 0.12019848078489304, "x_normalized": 20.861163870564702, "y_normalized": 18.030710433504066, "z_normalized": 0.12019848078489304}, "right_wrist": {"x": 0.4886767566204071, "y": 0.4754438102245331, "z": 0.13844147324562073, "x_normalized": 18.820690906417685, "y_normalized": 18.261996560295174, "z_normalized": 0.13844147324562073}, "left_pinky": {"x": 0.5381086468696594, "y": 0.47803547978401184, "z": 0.13814401626586914, "x_normalized": 20.77669296517153, "y_normalized": 18.364547989512, "z_normalized": 0.13814401626586914}, "right_pinky": {"x": 0.4888955354690552, "y": 0.4767230451107025, "z": 0.15146589279174805, "x_normalized": 18.829347906508307, "y_normalized": 18.312615423105402, "z_normalized": 0.15146589279174805}, "left_index": {"x": 0.535920262336731, "y": 0.47881725430488586, "z": 0.12762707471847534, "x_normalized": 20.69009937892246, "y_normalized": 18.395482525185233, "z_normalized": 0.12762707471847534}, "right_index": {"x": 0.4935515224933624, "y": 0.47962114214897156, "z": 0.1458999663591385, "x_normalized": 19.013583632861376, "y_normalized": 18.427292077077954, "z_normalized": 0.1458999663591385}, "left_thumb": {"x": 0.5366709232330322, "y": 0.4764799475669861, "z": 0.1206824779510498, "x_normalized": 20.719802759699274, "y_normalized": 18.302996141026775, "z_normalized": 0.1206824779510498}, "right_thumb": {"x": 0.4926323890686035, "y": 0.4778774082660675, "z": 0.13892129063606262, "x_normalized": 18.97721385492991, "y_normalized": 18.358293156589966, "z_normalized": 0.13892129063606262}, "left_hip": {"x": 0.5287067890167236, "y": 0.5513151288032532, "z": -0.005342413205653429, "x_normalized": 20.404664842764628, "y_normalized": 21.264197256890828, "z_normalized": -0.005342413205653429}, "right_hip": {"x": 0.5034372210502625, "y": 0.5509717464447021, "z": 0.005277902353554964, "x_normalized": 19.404757157321303, "y_normalized": 21.250609740878822, "z_normalized": 0.005277902353554964}, "left_knee": {"x": 0.5251844525337219, "y": 0.6474026441574097, "z": -0.017387695610523224, "x_normalized": 20.265287259232316, "y_normalized": 25.06634556450313, "z_normalized": -0.017387695610523224}, "right_knee": {"x": 0.5061619281768799, "y": 0.6485462188720703, "z": -0.0056256516836583614, "x_normalized": 19.512572835060748, "y_normalized": 25.11159640328223, "z_normalized": -0.0056256516836583614}, "left_ankle": {"x": 0.518761932849884, "y": 0.723544180393219, "z": 0.06857633590698242, "x_normalized": 20.011150473027506, "y_normalized": 28.07923867627678, "z_normalized": 0.06857633590698242}, "right_ankle": {"x": 0.5122240781784058, "y": 0.721639096736908, "z": 0.07831411808729172, "x_normalized": 19.75244992298252, "y_normalized": 28.00385520348112, "z_normalized": 0.07831411808729172}, "left_heel": {"x": 0.5184893608093262, "y": 0.7316291928291321, "z": 0.07387588918209076, "x_normalized": 20.000364895745278, "y_normalized": 28.399159700740046, "z_normalized": 0.07387588918209076}, "right_heel": {"x": 0.5136892199516296, "y": 0.7289403676986694, "z": 0.08348749577999115, "x_normalized": 19.810425054225565, "y_normalized": 28.292763860639766, "z_normalized": 0.08348749577999115}, "left_foot_index": {"x": 0.5217565298080444, "y": 0.74991774559021, "z": 0.01295257918536663, "x_normalized": 20.129645594006384, "y_normalized": 29.12283113373441, "z_normalized": 0.01295257918536663}, "right_foot_index": {"x": 0.5112478137016296, "y": 0.7481157183647156, "z": 0.023973150178790092, "x_normalized": 19.713819489939524, "y_normalized": 29.05152556671635, "z_normalized": 0.023973150178790092}}}