{"sequence_id": 1697925405990398000, "sequence_source": "mediapipe", "frame_number": 406, "image_dimensions": {"height": 1080, "width": 1920}, "joint_positions": {"nose": {"x": 0.5125847458839417, "y": 0.4071309566497803, "z": -0.08095671981573105, "x_normalized": 25.939051552763434, "y_normalized": 20.490210259068967, "z_normalized": -0.08095671981573105}, "left_eye_inner": {"x": 0.514277994632721, "y": 0.4040616452693939, "z": -0.07556545734405518, "x_normalized": 26.02644707852932, "y_normalized": 20.331790486415088, "z_normalized": -0.07556545734405518}, "left_eye": {"x": 0.5154411196708679, "y": 0.40427663922309875, "z": -0.0755414292216301, "x_normalized": 26.08648074122277, "y_normalized": 20.34288720781179, "z_normalized": -0.0755414292216301}, "left_eye_outer": {"x": 0.5166795253753662, "y": 0.4045014977455139, "z": -0.07557257264852524, "x_normalized": 26.150399948447415, "y_normalized": 20.35449308013479, "z_normalized": -0.07557257264852524}, "right_eye_inner": {"x": 0.5113669037818909, "y": 0.40409108996391296, "z": -0.07680706679821014, "x_normalized": 25.876193717560373, "y_normalized": 20.333310248092374, "z_normalized": -0.07680706679821014}, "right_eye": {"x": 0.5104650855064392, "y": 0.40443482995033264, "z": -0.07682113349437714, "x_normalized": 25.829647170642676, "y_normalized": 20.3510520812764, "z_normalized": -0.07682113349437714}, "right_eye_outer": {"x": 0.5095881223678589, "y": 0.40475985407829285, "z": -0.07679108530282974, "x_normalized": 25.784383499472813, "y_normalized": 20.367827912098754, "z_normalized": -0.07679108530282974}, "left_ear": {"x": 0.5196655988693237, "y": 0.40859276056289673, "z": -0.03858264163136482, "x_normalized": 26.30452347174435, "y_normalized": 20.565659965820878, "z_normalized": -0.03858264163136482}, "right_ear": {"x": 0.5077517628669739, "y": 0.4098096191883087, "z": -0.041834354400634766, "x_normalized": 25.689601439724814, "y_normalized": 20.628467039753343, "z_normalized": -0.041834354400634766}, "mouth_left": {"x": 0.5154125690460205, "y": 0.41387662291526794, "z": -0.06715062260627747, "x_normalized": 26.085007126155116, "y_normalized": 20.83838181409802, "z_normalized": -0.06715062260627747}, "mouth_right": {"x": 0.5113478302955627, "y": 0.4141886532306671, "z": -0.0686887577176094, "x_normalized": 25.875209256554843, "y_normalized": 20.854486980860358, "z_normalized": -0.0686887577176094}, "left_shoulder": {"x": 0.5294290781021118, "y": 0.43610450625419617, "z": -0.010987375862896442, "x_normalized": 26.808456754712356, "y_normalized": 21.985654211298304, "z_normalized": -0.010987375862896442}, "right_shoulder": {"x": 0.4983968734741211, "y": 0.44395893812179565, "z": 0.0005068101454526186, "x_normalized": 25.206757157359636, "y_normalized": 22.39105371515505, "z_normalized": 0.0005068101454526186}, "left_elbow": {"x": 0.5485516786575317, "y": 0.450386106967926, "z": 0.051175035536289215, "x_normalized": 27.795452747331144, "y_normalized": 22.722786309612086, "z_normalized": 0.051175035536289215}, "right_elbow": {"x": 0.4911769926548004, "y": 0.4594874083995819, "z": 0.07093322277069092, "x_normalized": 24.8341094405806, "y_normalized": 23.192541875264684, "z_normalized": 0.07093322277069092}, "left_wrist": {"x": 0.5384059548377991, "y": 0.4748263955116272, "z": 0.10099516063928604, "x_normalized": 27.271790250524198, "y_normalized": 23.98425003057251, "z_normalized": 0.10099516063928604}, "right_wrist": {"x": 0.49907147884368896, "y": 0.4850832223892212, "z": 0.1245049312710762, "x_normalized": 25.24157631254896, "y_normalized": 24.513647012736666, "z_normalized": 0.1245049312710762}, "left_pinky": {"x": 0.5357767939567566, "y": 0.4834948480129242, "z": 0.10700339823961258, "x_normalized": 27.13608845379323, "y_normalized": 24.431664484280873, "z_normalized": 0.10700339823961258}, "right_pinky": {"x": 0.5022047162055969, "y": 0.48985758423805237, "z": 0.13112038373947144, "x_normalized": 25.403295567791684, "y_normalized": 24.760071446403604, "z_normalized": 0.13112038373947144}, "left_index": {"x": 0.5336225032806396, "y": 0.4825528860092163, "z": 0.09959258884191513, "x_normalized": 27.024896659659312, "y_normalized": 24.383045954590603, "z_normalized": 0.09959258884191513}, "right_index": {"x": 0.5036035180091858, "y": 0.4893142282962799, "z": 0.12596000730991364, "x_normalized": 25.475493476784706, "y_normalized": 24.73202661350858, "z_normalized": 0.12596000730991364}, "left_thumb": {"x": 0.5337060689926147, "y": 0.4794134199619293, "z": 0.09970948845148087, "x_normalized": 27.02920982943979, "y_normalized": 24.22100521130076, "z_normalized": 0.09970948845148087}, "right_thumb": {"x": 0.5029820203781128, "y": 0.48722076416015625, "z": 0.12380068004131317, "x_normalized": 25.443415430207654, "y_normalized": 24.623974327050107, "z_normalized": 0.12380068004131317}, "left_hip": {"x": 0.5272315144538879, "y": 0.5230684280395508, "z": -0.003938599023967981, "x_normalized": 26.69503146467214, "y_normalized": 26.474219563892614, "z_normalized": -0.003938599023967981}, "right_hip": {"x": 0.5078754425048828, "y": 0.5239143371582031, "z": 0.0039307656697928905, "x_normalized": 25.695985054057545, "y_normalized": 26.51788040948785, "z_normalized": 0.0039307656697928905}, "left_knee": {"x": 0.5238009095191956, "y": 0.5938448905944824, "z": -0.012407482601702213, "x_normalized": 26.517963847065083, "y_normalized": 30.127283628636246, "z_normalized": -0.012407482601702213}, "right_knee": {"x": 0.5107916593551636, "y": 0.5953221321105957, "z": -0.006599940359592438, "x_normalized": 25.846502988921728, "y_normalized": 30.20353013351451, "z_normalized": -0.006599940359592438}, "left_ankle": {"x": 0.5214406251907349, "y": 0.6498613357543945, "z": 0.05468505620956421, "x_normalized": 26.396139874071444, "y_normalized": 33.018522544250835, "z_normalized": 0.05468505620956421}, "right_ankle": {"x": 0.5148996710777283, "y": 0.6500709652900696, "z": 0.05598524957895279, "x_normalized": 26.058534354428296, "y_normalized": 33.029342385989736, "z_normalized": 0.05598524957895279}, "left_heel": {"x": 0.5212138295173645, "y": 0.656172513961792, "z": 0.058973994106054306, "x_normalized": 26.38443401742757, "y_normalized": 33.344268385217994, "z_normalized": 0.058973994106054306}, "right_heel": {"x": 0.5165898203849792, "y": 0.6566272377967834, "z": 0.059540290385484695, "x_normalized": 26.145769905280783, "y_normalized": 33.367738550877945, "z_normalized": 0.059540290385484695}, "left_foot_index": {"x": 0.5212159752845764, "y": 0.6701086163520813, "z": 0.015502873808145523, "x_normalized": 26.38454476929069, "y_normalized": 34.063567895348804, "z_normalized": 0.015502873808145523}, "right_foot_index": {"x": 0.5116381645202637, "y": 0.6717743277549744, "z": 0.016789251938462257, "x_normalized": 25.890194598923387, "y_normalized": 34.149542105537954, "z_normalized": 0.016789251938462257}}}