{"sequence_id": 1697925405990398000, "sequence_source": "mediapipe", "frame_number": 195, "image_dimensions": {"height": 1080, "width": 1920}, "joint_positions": {"nose": {"x": 0.5123855471611023, "y": 0.3976159691810608, "z": -0.15108565986156464, "x_normalized": 20.25080994783157, "y_normalized": 15.561601106168645, "z_normalized": -0.15108565986156464}, "left_eye_inner": {"x": 0.5139604210853577, "y": 0.3937402367591858, "z": -0.14489838480949402, "x_normalized": 20.314640140623567, "y_normalized": 15.404516311069601, "z_normalized": -0.14489838480949402}, "left_eye": {"x": 0.5152363181114197, "y": 0.3940567374229431, "z": -0.1448604315519333, "x_normalized": 20.36635269481725, "y_normalized": 15.41734419403552, "z_normalized": -0.1448604315519333}, "left_eye_outer": {"x": 0.5164745450019836, "y": 0.3943749666213989, "z": -0.14490297436714172, "x_normalized": 20.416538465200304, "y_normalized": 15.430242135119332, "z_normalized": -0.14490297436714172}, "right_eye_inner": {"x": 0.5102291703224182, "y": 0.3938526511192322, "z": -0.14575153589248657, "x_normalized": 20.163411237861506, "y_normalized": 15.409072504529812, "z_normalized": -0.14575153589248657}, "right_eye": {"x": 0.5088319182395935, "y": 0.39435458183288574, "z": -0.1457909196615219, "x_normalized": 20.1067801206323, "y_normalized": 15.429415932487629, "z_normalized": -0.1457909196615219}, "right_eye_outer": {"x": 0.507411777973175, "y": 0.39480429887771606, "z": -0.14577630162239075, "x_normalized": 20.04922133729031, "y_normalized": 15.447643122125644, "z_normalized": -0.14577630162239075}, "left_ear": {"x": 0.5194782614707947, "y": 0.4001963436603546, "z": -0.0984892025589943, "x_normalized": 20.538280147720933, "y_normalized": 15.666184589298418, "z_normalized": -0.0984892025589943}, "right_ear": {"x": 0.5042986273765564, "y": 0.4008319675922394, "z": -0.10283427685499191, "x_normalized": 19.923044251167905, "y_normalized": 15.691946650305681, "z_normalized": -0.10283427685499191}, "mouth_left": {"x": 0.5160239338874817, "y": 0.40645793080329895, "z": -0.13308395445346832, "x_normalized": 20.39827503860476, "y_normalized": 15.919968913467109, "z_normalized": -0.13308395445346832}, "mouth_right": {"x": 0.5104052424430847, "y": 0.4074211120605469, "z": -0.13430681824684143, "x_normalized": 20.170547502697914, "y_normalized": 15.95900698781509, "z_normalized": -0.13430681824684143}, "left_shoulder": {"x": 0.5351256728172302, "y": 0.4381445348262787, "z": -0.050770170986652374, "x_normalized": 21.1724752204541, "y_normalized": 17.204238093723458, "z_normalized": -0.050770170986652374}, "right_shoulder": {"x": 0.4935254454612732, "y": 0.4443866014480591, "z": -0.048364777117967606, "x_normalized": 19.48640340770423, "y_normalized": 17.45723124431939, "z_normalized": -0.048364777117967606}, "left_elbow": {"x": 0.5530523657798767, "y": 0.4533102214336395, "z": 0.047157831490039825, "x_normalized": 21.899050376919234, "y_normalized": 17.818908693739008, "z_normalized": 0.047157831490039825}, "right_elbow": {"x": 0.4800790846347809, "y": 0.4633314609527588, "z": 0.04084981977939606, "x_normalized": 18.941417684919085, "y_normalized": 18.225073048020654, "z_normalized": 0.04084981977939606}, "left_wrist": {"x": 0.5463709235191345, "y": 0.47049352526664734, "z": 0.13001564145088196, "x_normalized": 21.62824917749406, "y_normalized": 18.51535402791583, "z_normalized": 0.13001564145088196}, "right_wrist": {"x": 0.4890609383583069, "y": 0.4746452569961548, "z": 0.12383086234331131, "x_normalized": 19.30545536817254, "y_normalized": 18.683625171804646, "z_normalized": 0.12383086234331131}, "left_pinky": {"x": 0.5450426936149597, "y": 0.47916379570961, "z": 0.14342516660690308, "x_normalized": 21.574415553386235, "y_normalized": 18.866763131469785, "z_normalized": 0.14342516660690308}, "right_pinky": {"x": 0.49273571372032166, "y": 0.4766833782196045, "z": 0.1356525719165802, "x_normalized": 19.454395303117234, "y_normalized": 18.76623094019196, "z_normalized": 0.1356525719165802}, "left_index": {"x": 0.5421423316001892, "y": 0.47836196422576904, "z": 0.13599538803100586, "x_normalized": 21.456862863156175, "y_normalized": 18.83426462005754, "z_normalized": 0.13599538803100586}, "right_index": {"x": 0.4943383038043976, "y": 0.4760948419570923, "z": 0.1300879269838333, "x_normalized": 19.51934884159269, "y_normalized": 18.74237735894799, "z_normalized": 0.1300879269838333}, "left_thumb": {"x": 0.5426872968673706, "y": 0.4751453995704651, "z": 0.13005857169628143, "x_normalized": 21.478950496669807, "y_normalized": 18.7038961258474, "z_normalized": 0.13005857169628143}, "right_thumb": {"x": 0.49302542209625244, "y": 0.47350355982780457, "z": 0.12417809665203094, "x_normalized": 19.466137285255815, "y_normalized": 18.637351784936342, "z_normalized": 0.12417809665203094}, "left_hip": {"x": 0.528672993183136, "y": 0.5546073913574219, "z": -0.0018907226622104645, "x_normalized": 20.910945850562484, "y_normalized": 21.92451853712766, "z_normalized": -0.0018907226622104645}, "right_hip": {"x": 0.5040391683578491, "y": 0.5532199144363403, "z": 0.00179180724080652, "x_normalized": 19.912528286092453, "y_normalized": 21.868283610634126, "z_normalized": 0.00179180724080652}, "left_knee": {"x": 0.5257211923599243, "y": 0.6476508975028992, "z": -0.007240812759846449, "x_normalized": 20.791308327375813, "y_normalized": 25.695604491273148, "z_normalized": -0.007240812759846449}, "right_knee": {"x": 0.5085225105285645, "y": 0.6447099447250366, "z": -0.0026168995536863804, "x_normalized": 20.09423971752946, "y_normalized": 25.576406643171186, "z_normalized": -0.0026168995536863804}, "left_ankle": {"x": 0.5181326866149902, "y": 0.7237582802772522, "z": 0.06893527507781982, "x_normalized": 20.48374352663701, "y_normalized": 28.78026342210051, "z_normalized": 0.06893527507781982}, "right_ankle": {"x": 0.5114521980285645, "y": 0.7224288582801819, "z": 0.08218704909086227, "x_normalized": 20.212980979966535, "y_normalized": 28.726381482049312, "z_normalized": 0.08218704909086227}, "left_heel": {"x": 0.5160034894943237, "y": 0.7329643964767456, "z": 0.07310692220926285, "x_normalized": 20.397446420175886, "y_normalized": 29.153390542201286, "z_normalized": 0.07310692220926285}, "right_heel": {"x": 0.5115257501602173, "y": 0.7309910655021667, "z": 0.0867585763335228, "x_normalized": 20.21596207367274, "y_normalized": 29.07341074533637, "z_normalized": 0.0867585763335228}, "left_foot_index": {"x": 0.5233736634254456, "y": 0.7491201758384705, "z": 0.013390338979661465, "x_normalized": 20.696162155885656, "y_normalized": 29.80818994898649, "z_normalized": 0.013390338979661465}, "right_foot_index": {"x": 0.5118134617805481, "y": 0.7476866841316223, "z": 0.024124078452587128, "x_normalized": 20.227623126606165, "y_normalized": 29.750090027078702, "z_normalized": 0.024124078452587128}}}