{"sequence_id": 1697925405990398000, "sequence_source": "mediapipe", "frame_number": 77, "image_dimensions": {"height": 1080, "width": 1920}, "joint_positions": {"nose": {"x": 0.5183023810386658, "y": 0.39310866594314575, "z": -0.14033840596675873, "x_normalized": 15.000608795253031, "y_normalized": 11.181069341776585, "z_normalized": -0.14033840596675873}, "left_eye_inner": {"x": 0.5196998119354248, "y": 0.38405534625053406, "z": -0.13181309401988983, "x_normalized": 15.042455417692254, "y_normalized": 10.90996409293964, "z_normalized": -0.13181309401988983}, "left_eye": {"x": 0.5213000178337097, "y": 0.3838428854942322, "z": -0.13177238404750824, "x_normalized": 15.090374217974864, "y_normalized": 10.903601871328013, "z_normalized": -0.13177238404750824}, "left_eye_outer": {"x": 0.522871732711792, "y": 0.38361573219299316, "z": -0.1318540722131729, "x_normalized": 15.137439843357667, "y_normalized": 10.896799675631025, "z_normalized": -0.1318540722131729}, "right_eye_inner": {"x": 0.5154447555541992, "y": 0.38528740406036377, "z": -0.13329099118709564, "x_normalized": 14.915036066756397, "y_normalized": 10.946858552702059, "z_normalized": -0.13329099118709564}, "right_eye": {"x": 0.5139474868774414, "y": 0.38605040311813354, "z": -0.13333533704280853, "x_normalized": 14.8701997623984, "y_normalized": 10.969706862100416, "z_normalized": -0.13333533704280853}, "right_eye_outer": {"x": 0.5123511552810669, "y": 0.3868301212787628, "z": -0.13326911628246307, "x_normalized": 14.822396979623084, "y_normalized": 10.993055831664874, "z_normalized": -0.13326911628246307}, "left_ear": {"x": 0.526302695274353, "y": 0.38903218507766724, "z": -0.06793410331010818, "x_normalized": 15.24018137804935, "y_normalized": 11.0589975054847, "z_normalized": -0.06793410331010818}, "right_ear": {"x": 0.5077207088470459, "y": 0.3941902816295624, "z": -0.07536892592906952, "x_normalized": 14.683736424672631, "y_normalized": 11.213458752486474, "z_normalized": -0.07536892592906952}, "mouth_left": {"x": 0.5222496390342712, "y": 0.40413346886634827, "z": -0.11566101014614105, "x_normalized": 15.118811001455422, "y_normalized": 11.511211437864532, "z_normalized": -0.11566101014614105}, "mouth_right": {"x": 0.5161344408988953, "y": 0.4067213535308838, "z": -0.11786142736673355, "x_normalized": 14.935688967939772, "y_normalized": 11.588706670526289, "z_normalized": -0.11786142736673355}, "left_shoulder": {"x": 0.5478441715240479, "y": 0.43628546595573425, "z": -0.016693374142050743, "x_normalized": 15.885249427922219, "y_normalized": 12.474015742525971, "z_normalized": -0.016693374142050743}, "right_shoulder": {"x": 0.49151891469955444, "y": 0.443698525428772, "z": -0.0006632389849983156, "x_normalized": 14.198567273124253, "y_normalized": 12.696002748543341, "z_normalized": -0.0006632389849983156}, "left_elbow": {"x": 0.576254665851593, "y": 0.45755261182785034, "z": 0.0938936322927475, "x_normalized": 16.73601294846104, "y_normalized": 13.110868860439936, "z_normalized": 0.0938936322927475}, "right_elbow": {"x": 0.4753134846687317, "y": 0.45678359270095825, "z": 0.12806566059589386, "x_normalized": 13.713289243607491, "y_normalized": 13.087840277684089, "z_normalized": 0.12806566059589386}, "left_wrist": {"x": 0.561353325843811, "y": 0.48241764307022095, "z": 0.2182454913854599, "x_normalized": 16.28978641190003, "y_normalized": 13.855462082725301, "z_normalized": 0.2182454913854599}, "right_wrist": {"x": 0.4958733320236206, "y": 0.470174640417099, "z": 0.2588011920452118, "x_normalized": 14.328962026901065, "y_normalized": 13.488840512574109, "z_normalized": 0.2588011920452118}, "left_pinky": {"x": 0.5562734007835388, "y": 0.4968460202217102, "z": 0.23181568086147308, "x_normalized": 16.13766604121854, "y_normalized": 14.287525558972586, "z_normalized": 0.23181568086147308}, "right_pinky": {"x": 0.4997926354408264, "y": 0.4754677712917328, "z": 0.27094271779060364, "x_normalized": 14.446327122166197, "y_normalized": 13.647345415926324, "z_normalized": 0.27094271779060364}, "left_index": {"x": 0.5527690649032593, "y": 0.4951203465461731, "z": 0.22285819053649902, "x_normalized": 16.032727313427152, "y_normalized": 14.23584957633832, "z_normalized": 0.22285819053649902}, "right_index": {"x": 0.5027570128440857, "y": 0.4774644672870636, "z": 0.27400097250938416, "x_normalized": 14.535096579210013, "y_normalized": 13.70713726941711, "z_normalized": 0.27400097250938416}, "left_thumb": {"x": 0.5532705187797546, "y": 0.4894692897796631, "z": 0.21791405975818634, "x_normalized": 16.04774354864068, "y_normalized": 14.066626440196703, "z_normalized": 0.21791405975818634}, "right_thumb": {"x": 0.500428318977356, "y": 0.47599735856056213, "z": 0.25909358263015747, "x_normalized": 14.465362917786342, "y_normalized": 13.663204116731292, "z_normalized": 0.25909358263015747}, "left_hip": {"x": 0.5368573069572449, "y": 0.590515673160553, "z": -0.006181307137012482, "x_normalized": 15.556243410963408, "y_normalized": 17.092500466594515, "z_normalized": -0.006181307137012482}, "right_hip": {"x": 0.5034658312797546, "y": 0.590935468673706, "z": 0.006248891353607178, "x_normalized": 14.556322428390956, "y_normalized": 17.105071409731195, "z_normalized": 0.006248891353607178}, "left_knee": {"x": 0.5313897132873535, "y": 0.7113760709762573, "z": -0.023026615381240845, "x_normalized": 15.392514150013428, "y_normalized": 20.7117130136891, "z_normalized": -0.023026615381240845}, "right_knee": {"x": 0.5033379793167114, "y": 0.7130110263824463, "z": -0.02320140227675438, "x_normalized": 14.552493850650196, "y_normalized": 20.760672401767916, "z_normalized": -0.02320140227675438}, "left_ankle": {"x": 0.52260422706604, "y": 0.8067063689231873, "z": 0.11757103353738785, "x_normalized": 15.129429280700077, "y_normalized": 23.566416594707455, "z_normalized": 0.11757103353738785}, "right_ankle": {"x": 0.5078770518302917, "y": 0.809373676776886, "z": 0.11099343746900558, "x_normalized": 14.688418177313197, "y_normalized": 23.646290186268775, "z_normalized": 0.11099343746900558}, "left_heel": {"x": 0.5203605890274048, "y": 0.8167624473571777, "z": 0.12839139997959137, "x_normalized": 15.06224264978273, "y_normalized": 23.867549851759637, "z_normalized": 0.12839139997959137}, "right_heel": {"x": 0.5100325345993042, "y": 0.8209060430526733, "z": 0.12076763808727264, "x_normalized": 14.752964963718384, "y_normalized": 23.99163146825483, "z_normalized": 0.12076763808727264}, "left_foot_index": {"x": 0.5243583917617798, "y": 0.8421649932861328, "z": 0.05911905691027641, "x_normalized": 15.181958438234147, "y_normalized": 24.628239164518746, "z_normalized": 0.05911905691027641}, "right_foot_index": {"x": 0.5064709186553955, "y": 0.8441482782363892, "z": 0.046810586005449295, "x_normalized": 14.646310961703742, "y_normalized": 24.687629418945818, "z_normalized": 0.046810586005449295}}}