{"sequence_id": 1697925405990398000, "sequence_source": "mediapipe", "frame_number": 625, "image_dimensions": {"height": 1080, "width": 1920}, "joint_positions": {"nose": {"x": 0.5279056429862976, "y": 0.4189024567604065, "z": -0.08060791343450546, "x_normalized": 34.75532585215418, "y_normalized": 27.494938849700777, "z_normalized": -0.08060791343450546}, "left_eye_inner": {"x": 0.529092013835907, "y": 0.41498130559921265, "z": -0.07716954499483109, "x_normalized": 34.834625522771454, "y_normalized": 27.23284037043893, "z_normalized": -0.07716954499483109}, "left_eye": {"x": 0.5299704670906067, "y": 0.4148915410041809, "z": -0.07715384662151337, "x_normalized": 34.89334329535773, "y_normalized": 27.22684030492699, "z_normalized": -0.07715384662151337}, "left_eye_outer": {"x": 0.5308248400688171, "y": 0.414836049079895, "z": -0.07717926800251007, "x_normalized": 34.95045148861678, "y_normalized": 27.223131101081297, "z_normalized": -0.07717926800251007}, "right_eye_inner": {"x": 0.5266125202178955, "y": 0.4155516028404236, "z": -0.07688025385141373, "x_normalized": 34.66889064545996, "y_normalized": 27.270960308565236, "z_normalized": -0.07688025385141373}, "right_eye": {"x": 0.5257905125617981, "y": 0.4159102141857147, "z": -0.07689457386732101, "x_normalized": 34.613945822435305, "y_normalized": 27.29493068980865, "z_normalized": -0.07689457386732101}, "right_eye_outer": {"x": 0.5250027775764465, "y": 0.41627252101898193, "z": -0.07687463611364365, "x_normalized": 34.56129186107689, "y_normalized": 27.319148085701286, "z_normalized": -0.07687463611364365}, "left_ear": {"x": 0.5326769351959229, "y": 0.4174203872680664, "z": -0.047693945467472076, "x_normalized": 35.07424965306063, "y_normalized": 27.395874023037873, "z_normalized": -0.047693945467472076}, "right_ear": {"x": 0.5238533020019531, "y": 0.41957736015319824, "z": -0.04748786240816116, "x_normalized": 34.484458352844676, "y_normalized": 27.540050896043187, "z_normalized": -0.04748786240816116}, "mouth_left": {"x": 0.5302114486694336, "y": 0.4236670732498169, "z": -0.07006026059389114, "x_normalized": 34.909451040951865, "y_normalized": 27.813416430595716, "z_normalized": -0.07006026059389114}, "mouth_right": {"x": 0.5264060497283936, "y": 0.4246159791946411, "z": -0.06968662887811661, "x_normalized": 34.65508969796106, "y_normalized": 27.876843417946347, "z_normalized": -0.06968662887811661}, "left_shoulder": {"x": 0.5420095920562744, "y": 0.4407373368740082, "z": -0.021440884098410606, "x_normalized": 35.69806522915437, "y_normalized": 28.954430880836185, "z_normalized": -0.021440884098410606}, "right_shoulder": {"x": 0.517659068107605, "y": 0.44228437542915344, "z": -0.013078496791422367, "x_normalized": 34.070421959662994, "y_normalized": 29.057838384396838, "z_normalized": -0.013078496791422367}, "left_elbow": {"x": 0.5560664534568787, "y": 0.4516434669494629, "z": 0.027380427345633507, "x_normalized": 36.63765716143051, "y_normalized": 29.683420912054025, "z_normalized": 0.027380427345633507}, "right_elbow": {"x": 0.5129313468933105, "y": 0.45481356978416443, "z": 0.04189522564411163, "x_normalized": 33.75441054115311, "y_normalized": 29.895317647967154, "z_normalized": 0.04189522564411163}, "left_wrist": {"x": 0.5502801537513733, "y": 0.46928638219833374, "z": 0.06986896693706512, "x_normalized": 36.250887998238014, "y_normalized": 30.862712672657008, "z_normalized": 0.06986896693706512}, "right_wrist": {"x": 0.5177629590034485, "y": 0.4734134376049042, "z": 0.076775923371315, "x_normalized": 34.07736625859215, "y_normalized": 31.13857425039893, "z_normalized": 0.076775923371315}, "left_pinky": {"x": 0.5467464327812195, "y": 0.4749501645565033, "z": 0.07665445655584335, "x_normalized": 36.01468621607284, "y_normalized": 31.241292503406086, "z_normalized": 0.07665445655584335}, "right_pinky": {"x": 0.5218609571456909, "y": 0.48003625869750977, "z": 0.0840836614370346, "x_normalized": 34.35128558405182, "y_normalized": 31.581258366730395, "z_normalized": 0.0840836614370346}, "left_index": {"x": 0.5452951192855835, "y": 0.474347323179245, "z": 0.07088841497898102, "x_normalized": 35.91767718874869, "y_normalized": 31.20099724272366, "z_normalized": 0.07088841497898102}, "right_index": {"x": 0.5234093070030212, "y": 0.4792909324169159, "z": 0.07895775884389877, "x_normalized": 34.45478073797188, "y_normalized": 31.531439097677257, "z_normalized": 0.07895775884389877}, "left_thumb": {"x": 0.5456007122993469, "y": 0.4717121422290802, "z": 0.06926917284727097, "x_normalized": 35.9381037065971, "y_normalized": 31.02485587728655, "z_normalized": 0.06926917284727097}, "right_thumb": {"x": 0.5209230184555054, "y": 0.4754801392555237, "z": 0.07661332935094833, "x_normalized": 34.288591672434386, "y_normalized": 31.27671719298072, "z_normalized": 0.07661332935094833}, "left_hip": {"x": 0.5385431051254272, "y": 0.5053395628929138, "z": -0.00380315026268363, "x_normalized": 35.46635751996229, "y_normalized": 33.272587590543374, "z_normalized": -0.00380315026268363}, "right_hip": {"x": 0.523583710193634, "y": 0.5055296421051025, "z": 0.0037972249556332827, "x_normalized": 34.46643823577263, "y_normalized": 33.28529290854973, "z_normalized": 0.0037972249556332827}, "left_knee": {"x": 0.5359781980514526, "y": 0.558859646320343, "z": -0.01272932905703783, "x_normalized": 35.294913416967795, "y_normalized": 36.84998920033634, "z_normalized": -0.01272932905703783}, "right_knee": {"x": 0.5244137644767761, "y": 0.5580219030380249, "z": -0.011650844477117062, "x_normalized": 34.52192091327545, "y_normalized": 36.79399257299883, "z_normalized": -0.011650844477117062}, "left_ankle": {"x": 0.5336166620254517, "y": 0.6059091091156006, "z": 0.020372441038489342, "x_normalized": 35.137063087895434, "y_normalized": 39.994880111649586, "z_normalized": 0.020372441038489342}, "right_ankle": {"x": 0.5273420214653015, "y": 0.6065161824226379, "z": 0.02455088123679161, "x_normalized": 34.71765213403938, "y_normalized": 40.03545824394645, "z_normalized": 0.02455088123679161}, "left_heel": {"x": 0.5332103371620178, "y": 0.6122992634773254, "z": 0.021635135635733604, "x_normalized": 35.109903428801886, "y_normalized": 40.42201226534769, "z_normalized": 0.021635135635733604}, "right_heel": {"x": 0.5285590887069702, "y": 0.6125274300575256, "z": 0.025905949994921684, "x_normalized": 34.79900361988816, "y_normalized": 40.437263427884005, "z_normalized": 0.025905949994921684}, "left_foot_index": {"x": 0.5350509285926819, "y": 0.6213606595993042, "z": -0.014016066677868366, "x_normalized": 35.232932660547334, "y_normalized": 41.027696169366514, "z_normalized": -0.014016066677868366}, "right_foot_index": {"x": 0.5247657895088196, "y": 0.6210184097290039, "z": -0.0086466483771801, "x_normalized": 34.54545105066822, "y_normalized": 41.00481942556203, "z_normalized": -0.0086466483771801}}}