{"sequence_id": 1697925405990398000, "sequence_source": "mediapipe", "frame_number": 551, "image_dimensions": {"height": 1080, "width": 1920}, "joint_positions": {"nose": {"x": 0.5176423192024231, "y": 0.41714903712272644, "z": -0.09964419901371002, "x_normalized": 32.60004530616887, "y_normalized": 26.181604976352826, "z_normalized": -0.09964419901371002}, "left_eye_inner": {"x": 0.5189530253410339, "y": 0.41338470578193665, "z": -0.09499453753232956, "x_normalized": 32.68390982879758, "y_normalized": 25.940747135215204, "z_normalized": -0.09499453753232956}, "left_eye": {"x": 0.5198460817337036, "y": 0.4134849011898041, "z": -0.09497188776731491, "x_normalized": 32.74105135415211, "y_normalized": 25.94715806120606, "z_normalized": -0.09497188776731491}, "left_eye_outer": {"x": 0.5209697484970093, "y": 0.4136529862880707, "z": -0.09500163048505783, "x_normalized": 32.81294830643026, "y_normalized": 25.957912856740982, "z_normalized": -0.09500163048505783}, "right_eye_inner": {"x": 0.5161526799201965, "y": 0.41312262415885925, "z": -0.09557236731052399, "x_normalized": 32.50473188417993, "y_normalized": 25.923978044446745, "z_normalized": -0.09557236731052399}, "right_eye": {"x": 0.5151510238647461, "y": 0.4131205379962921, "z": -0.09560354799032211, "x_normalized": 32.44064169305781, "y_normalized": 25.92384456294188, "z_normalized": -0.09560354799032211}, "right_eye_outer": {"x": 0.5141700506210327, "y": 0.41321027278900146, "z": -0.09558308869600296, "x_normalized": 32.3778748757125, "y_normalized": 25.92958617452976, "z_normalized": -0.09558308869600296}, "left_ear": {"x": 0.5232244729995728, "y": 0.4159166216850281, "z": -0.06021945923566818, "x_normalized": 32.95721511688951, "y_normalized": 26.102749823913875, "z_normalized": -0.06021945923566818}, "right_ear": {"x": 0.5124321579933167, "y": 0.4163599908351898, "z": -0.06336727738380432, "x_normalized": 32.2666771546445, "y_normalized": 26.131118457455198, "z_normalized": -0.06336727738380432}, "mouth_left": {"x": 0.5199405550956726, "y": 0.42255958914756775, "z": -0.08633244782686234, "x_normalized": 32.7470961594439, "y_normalized": 26.527794979858907, "z_normalized": -0.08633244782686234}, "mouth_right": {"x": 0.5160740613937378, "y": 0.42243340611457825, "z": -0.08728720247745514, "x_normalized": 32.49970153832513, "y_normalized": 26.51972125569315, "z_normalized": -0.08728720247745514}, "left_shoulder": {"x": 0.531699538230896, "y": 0.43871796131134033, "z": -0.030527282506227493, "x_normalized": 33.49948563728656, "y_normalized": 27.561675975799066, "z_normalized": -0.030527282506227493}, "right_shoulder": {"x": 0.5055129528045654, "y": 0.4422953426837921, "z": -0.020806284621357918, "x_normalized": 31.82395714057656, "y_normalized": 27.790571967222046, "z_normalized": -0.020806284621357918}, "left_elbow": {"x": 0.5473397970199585, "y": 0.4489976167678833, "z": 0.018449435010552406, "x_normalized": 34.500215548053916, "y_normalized": 28.219411811662553, "z_normalized": 0.018449435010552406}, "right_elbow": {"x": 0.49620798230171204, "y": 0.4541759490966797, "z": 0.0382889099419117, "x_normalized": 31.228585770665138, "y_normalized": 28.5507434167984, "z_normalized": 0.0382889099419117}, "left_wrist": {"x": 0.5377499461174011, "y": 0.4698939025402069, "z": 0.0639604777097702, "x_normalized": 33.88661632521371, "y_normalized": 29.556444560182687, "z_normalized": 0.0639604777097702}, "right_wrist": {"x": 0.5050393342971802, "y": 0.4688637852668762, "z": 0.08921875804662704, "x_normalized": 31.79365302521468, "y_normalized": 29.490533299958464, "z_normalized": 0.08921875804662704}, "left_pinky": {"x": 0.535469651222229, "y": 0.47591111063957214, "z": 0.0738435909152031, "x_normalized": 33.74071341288053, "y_normalized": 29.94145098530382, "z_normalized": 0.0738435909152031}, "right_pinky": {"x": 0.5076741576194763, "y": 0.47433748841285706, "z": 0.09379412978887558, "x_normalized": 31.96224016586053, "y_normalized": 29.840763979304704, "z_normalized": 0.09379412978887558}, "left_index": {"x": 0.5339523553848267, "y": 0.4757949411869049, "z": 0.06748020648956299, "x_normalized": 33.643630407512795, "y_normalized": 29.934017972361424, "z_normalized": 0.06748020648956299}, "right_index": {"x": 0.508808434009552, "y": 0.47296416759490967, "z": 0.09143209457397461, "x_normalized": 32.03481596693485, "y_normalized": 29.752893104651367, "z_normalized": 0.09143209457397461}, "left_thumb": {"x": 0.5341902375221252, "y": 0.4737359285354614, "z": 0.06464384496212006, "x_normalized": 33.658851112824806, "y_normalized": 29.80227363393725, "z_normalized": 0.06464384496212006}, "right_thumb": {"x": 0.5083412528038025, "y": 0.4711686968803406, "z": 0.08929231017827988, "x_normalized": 32.00492373735941, "y_normalized": 29.638011294049065, "z_normalized": 0.08929231017827988}, "left_hip": {"x": 0.5287009477615356, "y": 0.5089004635810852, "z": -0.004351342096924782, "x_normalized": 33.307623135949356, "y_normalized": 32.0522493212316, "z_normalized": -0.004351342096924782}, "right_hip": {"x": 0.5130985379219055, "y": 0.5098091959953308, "z": 0.004375026561319828, "x_normalized": 32.309314961056, "y_normalized": 32.11039386475126, "z_normalized": 0.004375026561319828}, "left_knee": {"x": 0.5276212692260742, "y": 0.5671597719192505, "z": -0.011928452178835869, "x_normalized": 33.23854073654524, "y_normalized": 35.77992628750987, "z_normalized": -0.011928452178835869}, "right_knee": {"x": 0.5160956978797913, "y": 0.5696155428886414, "z": -0.006993304006755352, "x_normalized": 32.50108593221845, "y_normalized": 35.937056901280926, "z_normalized": -0.006993304006755352}, "left_ankle": {"x": 0.5265169739723206, "y": 0.6177754402160645, "z": 0.020677834749221802, "x_normalized": 33.16788325538371, "y_normalized": 39.018530833716135, "z_normalized": 0.020677834749221802}, "right_ankle": {"x": 0.5218184590339661, "y": 0.6208605170249939, "z": 0.02580036036670208, "x_normalized": 32.86725239636706, "y_normalized": 39.215927096869365, "z_normalized": 0.02580036036670208}, "left_heel": {"x": 0.5267995595932007, "y": 0.6250686049461365, "z": 0.021372787654399872, "x_normalized": 33.18596427865714, "y_normalized": 39.48517836097064, "z_normalized": 0.021372787654399872}, "right_heel": {"x": 0.5246222019195557, "y": 0.6292101740837097, "z": 0.02631528303027153, "x_normalized": 33.046647725149775, "y_normalized": 39.75017347194533, "z_normalized": 0.02631528303027153}, "left_foot_index": {"x": 0.527554452419281, "y": 0.6307700872421265, "z": -0.01952602155506611, "x_normalized": 33.23426551463224, "y_normalized": 39.84998331376961, "z_normalized": -0.01952602155506611}, "right_foot_index": {"x": 0.5160220265388489, "y": 0.6356030702590942, "z": -0.012505176477134228, "x_normalized": 32.496372128218034, "y_normalized": 40.1592180092142, "z_normalized": -0.012505176477134228}}}