{"sequence_id": 1697925405990398000, "sequence_source": "mediapipe", "frame_number": 26, "image_dimensions": {"height": 1080, "width": 1920}, "joint_positions": {"nose": {"x": 0.5252165198326111, "y": 0.39617809653282166, "z": -0.2009177953004837, "x_normalized": 15.290363198682252, "y_normalized": 11.338467779244688, "z_normalized": -0.2009177953004837}, "left_eye_inner": {"x": 0.5275296568870544, "y": 0.387688547372818, "z": -0.19460168480873108, "x_normalized": 15.360007343097095, "y_normalized": 11.082863647798842, "z_normalized": -0.19460168480873108}, "left_eye": {"x": 0.5292884111404419, "y": 0.38775166869163513, "z": -0.19454722106456757, "x_normalized": 15.412960078853866, "y_normalized": 11.084764110304905, "z_normalized": -0.19454722106456757}, "left_eye_outer": {"x": 0.5311414003372192, "y": 0.3878715932369232, "z": -0.19463562965393066, "x_normalized": 15.46875004900354, "y_normalized": 11.08837480960821, "z_normalized": -0.19463562965393066}, "right_eye_inner": {"x": 0.522367537021637, "y": 0.38828223943710327, "z": -0.19513988494873047, "x_normalized": 15.204585760660693, "y_normalized": 11.100738583390577, "z_normalized": -0.19513988494873047}, "right_eye": {"x": 0.5203050374984741, "y": 0.38881951570510864, "z": -0.19520488381385803, "x_normalized": 15.142487834223187, "y_normalized": 11.1169149469691, "z_normalized": -0.19520488381385803}, "right_eye_outer": {"x": 0.5181646943092346, "y": 0.38945063948631287, "z": -0.19514034688472748, "x_normalized": 15.078046183486416, "y_normalized": 11.135916880156499, "z_normalized": -0.19514034688472748}, "left_ear": {"x": 0.5349430441856384, "y": 0.3926946520805359, "z": -0.12975382804870605, "x_normalized": 15.583210293667605, "y_normalized": 11.233587911434844, "z_normalized": -0.12975382804870605}, "right_ear": {"x": 0.5134556889533997, "y": 0.3948836624622345, "z": -0.13232602179050446, "x_normalized": 14.936267014620457, "y_normalized": 11.299494838504193, "z_normalized": -0.13232602179050446}, "mouth_left": {"x": 0.528659462928772, "y": 0.4072636663913727, "z": -0.1750737577676773, "x_normalized": 15.39402364791526, "y_normalized": 11.672233142030567, "z_normalized": -0.1750737577676773}, "mouth_right": {"x": 0.522077739238739, "y": 0.4087085723876953, "z": -0.17631398141384125, "x_normalized": 15.195860502205093, "y_normalized": 11.715736505430701, "z_normalized": -0.17631398141384125}, "left_shoulder": {"x": 0.5531852841377258, "y": 0.43852880597114563, "z": -0.060191016644239426, "x_normalized": 16.132449341666476, "y_normalized": 12.613566856719554, "z_normalized": -0.060191016644239426}, "right_shoulder": {"x": 0.49554499983787537, "y": 0.44121256470680237, "z": -0.03832503408193588, "x_normalized": 14.397010329879357, "y_normalized": 12.694369712997196, "z_normalized": -0.03832503408193588}, "left_elbow": {"x": 0.5828601121902466, "y": 0.46111637353897095, "z": 0.06218743696808815, "x_normalized": 17.025901809779178, "y_normalized": 13.293635430543073, "z_normalized": 0.06218743696808815}, "right_elbow": {"x": 0.4817042648792267, "y": 0.4540990889072418, "z": 0.10255880653858185, "x_normalized": 13.980292201389712, "y_normalized": 13.082358375708205, "z_normalized": 0.10255880653858185}, "left_wrist": {"x": 0.569844663143158, "y": 0.4941106140613556, "z": 0.18354903161525726, "x_normalized": 16.6340314658589, "y_normalized": 14.287029076364878, "z_normalized": 0.18354903161525726}, "right_wrist": {"x": 0.4916784465312958, "y": 0.4861812889575958, "z": 0.22755549848079681, "x_normalized": 14.280595785244467, "y_normalized": 14.048292222628655, "z_normalized": 0.22755549848079681}, "left_pinky": {"x": 0.5625767111778259, "y": 0.5082738399505615, "z": 0.1995389759540558, "x_normalized": 16.415207295755618, "y_normalized": 14.71345679162417, "z_normalized": 0.1995389759540558}, "right_pinky": {"x": 0.4958891272544861, "y": 0.49481502175331116, "z": 0.24360458552837372, "x_normalized": 14.407371349972614, "y_normalized": 14.308237448316397, "z_normalized": 0.24360458552837372}, "left_index": {"x": 0.559624433517456, "y": 0.5063794255256653, "z": 0.1875988095998764, "x_normalized": 16.326319846853032, "y_normalized": 14.656419586874197, "z_normalized": 0.1875988095998764}, "right_index": {"x": 0.4969762861728668, "y": 0.4941946566104889, "z": 0.2347012609243393, "x_normalized": 14.440103631256228, "y_normalized": 14.289559437208645, "z_normalized": 0.2347012609243393}, "left_thumb": {"x": 0.5610770583152771, "y": 0.5013550519943237, "z": 0.18292489647865295, "x_normalized": 16.370055608642716, "y_normalized": 14.505145283806554, "z_normalized": 0.18292489647865295}, "right_thumb": {"x": 0.49664509296417236, "y": 0.4908427596092224, "z": 0.22674506902694702, "x_normalized": 14.43013203549141, "y_normalized": 14.188640212223053, "z_normalized": 0.22674506902694702}, "left_hip": {"x": 0.5394535064697266, "y": 0.5910820364952087, "z": -0.005660875700414181, "x_normalized": 15.719011709362935, "y_normalized": 17.206653633467106, "z_normalized": -0.005660875700414181}, "right_hip": {"x": 0.5063552260398865, "y": 0.5883159637451172, "z": 0.005641522817313671, "x_normalized": 14.722485620383122, "y_normalized": 17.1233724592283, "z_normalized": 0.005641522817313671}, "left_knee": {"x": 0.5323485136032104, "y": 0.7120712995529175, "z": -0.01923469640314579, "x_normalized": 15.505093926881539, "y_normalized": 20.849409557873024, "z_normalized": -0.01923469640314579}, "right_knee": {"x": 0.5054660439491272, "y": 0.7077019214630127, "z": -0.024191396310925484, "x_normalized": 14.69571404373963, "y_normalized": 20.717855918147336, "z_normalized": -0.024191396310925484}, "left_ankle": {"x": 0.5238900184631348, "y": 0.8060976266860962, "z": 0.11802224814891815, "x_normalized": 15.250424772740377, "y_normalized": 23.680362913222787, "z_normalized": 0.11802224814891815}, "right_ankle": {"x": 0.5033581256866455, "y": 0.808612585067749, "z": 0.10740145295858383, "x_normalized": 14.632248645697192, "y_normalized": 23.75608351282699, "z_normalized": 0.10740145295858383}, "left_heel": {"x": 0.5204606652259827, "y": 0.8141247630119324, "z": 0.12834998965263367, "x_normalized": 15.147173488239554, "y_normalized": 23.922044676281438, "z_normalized": 0.12834998965263367}, "right_heel": {"x": 0.5055178999900818, "y": 0.8178439140319824, "z": 0.11586647480726242, "x_normalized": 14.6972753302177, "y_normalized": 24.03402121923786, "z_normalized": 0.11586647480726242}, "left_foot_index": {"x": 0.5243372917175293, "y": 0.8423004746437073, "z": 0.05775618925690651, "x_normalized": 15.263891317259263, "y_normalized": 24.770361608520666, "z_normalized": 0.05775618925690651}, "right_foot_index": {"x": 0.5031269192695618, "y": 0.8464582562446594, "z": 0.036642007529735565, "x_normalized": 14.625287461503595, "y_normalized": 24.895544481582967, "z_normalized": 0.036642007529735565}}}