{"sequence_id": 1697925405990398000, "sequence_source": "mediapipe", "frame_number": 131, "image_dimensions": {"height": 1080, "width": 1920}, "joint_positions": {"nose": {"x": 0.5123438835144043, "y": 0.39419353008270264, "z": -0.19282405078411102, "x_normalized": 20.698428188358537, "y_normalized": 15.750129853430483, "z_normalized": -0.19282405078411102}, "left_eye_inner": {"x": 0.5127926468849182, "y": 0.3890148997306824, "z": -0.18678630888462067, "x_normalized": 20.717009283195456, "y_normalized": 15.535708115787259, "z_normalized": -0.18678630888462067}, "left_eye": {"x": 0.5135824084281921, "y": 0.3891790807247162, "z": -0.1867585927248001, "x_normalized": 20.74970944345434, "y_normalized": 15.542506047216172, "z_normalized": -0.1867585927248001}, "left_eye_outer": {"x": 0.5145915746688843, "y": 0.38934484124183655, "z": -0.18682558834552765, "x_normalized": 20.791494078423636, "y_normalized": 15.5493693789656, "z_normalized": -0.18682558834552765}, "right_eye_inner": {"x": 0.5114293694496155, "y": 0.38949868083000183, "z": -0.1874423623085022, "x_normalized": 20.66056263674706, "y_normalized": 15.55573912339037, "z_normalized": -0.1874423623085022}, "right_eye": {"x": 0.5114932060241699, "y": 0.3900149166584015, "z": -0.18746334314346313, "x_normalized": 20.663205796870628, "y_normalized": 15.577113922484877, "z_normalized": -0.18746334314346313}, "right_eye_outer": {"x": 0.510396420955658, "y": 0.3902871012687683, "z": -0.18742196261882782, "x_normalized": 20.617793295065063, "y_normalized": 15.588383755075231, "z_normalized": -0.18742196261882782}, "left_ear": {"x": 0.5172686576843262, "y": 0.3965167999267578, "z": -0.13403776288032532, "x_normalized": 20.902338983923077, "y_normalized": 15.846325087133941, "z_normalized": -0.13403776288032532}, "right_ear": {"x": 0.5054815411567688, "y": 0.3958975076675415, "z": -0.14297056198120117, "x_normalized": 20.414292176979995, "y_normalized": 15.820683225617728, "z_normalized": -0.14297056198120117}, "mouth_left": {"x": 0.5144333243370056, "y": 0.4045964181423187, "z": -0.1720295548439026, "x_normalized": 20.784941706688745, "y_normalized": 16.180862534202078, "z_normalized": -0.1720295548439026}, "mouth_right": {"x": 0.5123574733734131, "y": 0.40499410033226013, "z": -0.17295917868614197, "x_normalized": 20.698990877908653, "y_normalized": 16.197328607352816, "z_normalized": -0.17295917868614197}, "left_shoulder": {"x": 0.5345537066459656, "y": 0.43806472420692444, "z": -0.08053580671548843, "x_normalized": 21.61802826500047, "y_normalized": 17.566621287874938, "z_normalized": -0.08053580671548843}, "right_shoulder": {"x": 0.4895607531070709, "y": 0.44448238611221313, "z": -0.0640069916844368, "x_normalized": 19.75509026330528, "y_normalized": 17.832345258075264, "z_normalized": -0.0640069916844368}, "left_elbow": {"x": 0.5576506853103638, "y": 0.45475485920906067, "z": 0.03340150788426399, "x_normalized": 22.574361110343776, "y_normalized": 18.25767809351505, "z_normalized": 0.03340150788426399}, "right_elbow": {"x": 0.4720471203327179, "y": 0.4598621129989624, "z": 0.05020749196410179, "x_normalized": 19.029936445277485, "y_normalized": 18.46914447705186, "z_normalized": 0.05020749196410179}, "left_wrist": {"x": 0.5605843663215637, "y": 0.47084325551986694, "z": 0.135409414768219, "x_normalized": 22.695830483006574, "y_normalized": 18.923819844974517, "z_normalized": 0.135409414768219}, "right_wrist": {"x": 0.4824497103691101, "y": 0.4694449305534363, "z": 0.14690272510051727, "x_normalized": 19.460656786365966, "y_normalized": 18.865922051791618, "z_normalized": 0.14690272510051727}, "left_pinky": {"x": 0.5634496212005615, "y": 0.4797484278678894, "z": 0.1534113883972168, "x_normalized": 22.81446666442581, "y_normalized": 19.29253944824384, "z_normalized": 0.1534113883972168}, "right_pinky": {"x": 0.484703004360199, "y": 0.47575151920318604, "z": 0.16289791464805603, "x_normalized": 19.553954662473657, "y_normalized": 19.1270470220944, "z_normalized": 0.16289791464805603}, "left_index": {"x": 0.5606135725975037, "y": 0.4752282500267029, "z": 0.13725417852401733, "x_normalized": 22.697039771952, "y_normalized": 19.105381006478343, "z_normalized": 0.13725417852401733}, "right_index": {"x": 0.4877519905567169, "y": 0.4738767147064209, "z": 0.1553947925567627, "x_normalized": 19.68019825853425, "y_normalized": 19.04942054354474, "z_normalized": 0.1553947925567627}, "left_thumb": {"x": 0.5595912933349609, "y": 0.474749356508255, "z": 0.13255147635936737, "x_normalized": 22.654712190925572, "y_normalized": 19.085552369678343, "z_normalized": 0.13255147635936737}, "right_thumb": {"x": 0.4867446720600128, "y": 0.47124889492988586, "z": 0.14700797200202942, "x_normalized": 19.638490129600278, "y_normalized": 18.94061538766447, "z_normalized": 0.14700797200202942}, "left_hip": {"x": 0.5272244811058044, "y": 0.5701436996459961, "z": -0.012522848322987556, "x_normalized": 21.31456090605152, "y_normalized": 23.035365240363124, "z_normalized": -0.012522848322987556}, "right_hip": {"x": 0.5032245516777039, "y": 0.5728462338447571, "z": 0.012398947961628437, "x_normalized": 20.320841288801656, "y_normalized": 23.147263954800717, "z_normalized": 0.012398947961628437}, "left_knee": {"x": 0.5244291424751282, "y": 0.6767438650131226, "z": -0.0035733941476792097, "x_normalized": 21.19881961429143, "y_normalized": 27.44915636607214, "z_normalized": -0.0035733941476792097}, "right_knee": {"x": 0.5071601867675781, "y": 0.677098274230957, "z": 0.024150369688868523, "x_normalized": 20.483796676102333, "y_normalized": 27.46383071723435, "z_normalized": 0.024150369688868523}, "left_ankle": {"x": 0.5187659859657288, "y": 0.7585543990135193, "z": 0.11045394092798233, "x_normalized": 20.9643360198373, "y_normalized": 30.836530182209028, "z_normalized": 0.11045394092798233}, "right_ankle": {"x": 0.5150275826454163, "y": 0.7627460956573486, "z": 0.12264416366815567, "x_normalized": 20.809547034823165, "y_normalized": 31.01008782524345, "z_normalized": 0.12264416366815567}, "left_heel": {"x": 0.5204254984855652, "y": 0.7688813805580139, "z": 0.11816425621509552, "x_normalized": 21.033048311303556, "y_normalized": 31.264119945690837, "z_normalized": 0.11816425621509552}, "right_heel": {"x": 0.5180432796478271, "y": 0.7755099534988403, "z": 0.1290966421365738, "x_normalized": 20.934412288279642, "y_normalized": 31.53857670963275, "z_normalized": 0.1290966421365738}, "left_foot_index": {"x": 0.5185348391532898, "y": 0.7855808734893799, "z": 0.055513493716716766, "x_normalized": 20.954765361612097, "y_normalized": 31.95556421738081, "z_normalized": 0.055513493716716766}, "right_foot_index": {"x": 0.506301760673523, "y": 0.7933095693588257, "z": 0.0732211023569107, "x_normalized": 20.44825345285339, "y_normalized": 32.275571687579195, "z_normalized": 0.0732211023569107}}}