{"sequence_id": 1697925405990398000, "sequence_source": "mediapipe", "frame_number": 669, "image_dimensions": {"height": 1080, "width": 1920}, "joint_positions": {"nose": {"x": 0.52388596534729, "y": 0.42184656858444214, "z": -0.08076348155736923, "x_normalized": 47.34600827714616, "y_normalized": 38.04230624499138, "z_normalized": -0.08076348155736923}, "left_eye_inner": {"x": 0.5247624516487122, "y": 0.419704794883728, "z": -0.07945272326469421, "x_normalized": 47.426101487358196, "y_normalized": 37.84659122815704, "z_normalized": -0.07945272326469421}, "left_eye": {"x": 0.5253779888153076, "y": 0.4198562204837799, "z": -0.07944738119840622, "x_normalized": 47.48234919778728, "y_normalized": 37.860428480829164, "z_normalized": -0.07944738119840622}, "left_eye_outer": {"x": 0.5259678959846497, "y": 0.42003530263900757, "z": -0.07947289198637009, "x_normalized": 47.53625484222581, "y_normalized": 37.87679298610506, "z_normalized": -0.07947289198637009}, "right_eye_inner": {"x": 0.5231116414070129, "y": 0.4198162853717804, "z": -0.07801228016614914, "x_normalized": 47.2752506509058, "y_normalized": 37.856779215215965, "z_normalized": -0.07801228016614914}, "right_eye": {"x": 0.5226601958274841, "y": 0.4201072156429291, "z": -0.07802008837461472, "x_normalized": 47.233997609481385, "y_normalized": 37.88336438754136, "z_normalized": -0.07802008837461472}, "right_eye_outer": {"x": 0.5222166776657104, "y": 0.4204024076461792, "z": -0.0780114158987999, "x_normalized": 47.19346897451452, "y_normalized": 37.910338996421004, "z_normalized": -0.0780114158987999}, "left_ear": {"x": 0.5271723866462708, "y": 0.42342236638069153, "z": -0.05951327085494995, "x_normalized": 47.64632105045191, "y_normalized": 38.18630245342258, "z_normalized": -0.05951327085494995}, "right_ear": {"x": 0.521081805229187, "y": 0.42394933104515076, "z": -0.05244511738419533, "x_normalized": 47.08976447111859, "y_normalized": 38.23445641952149, "z_normalized": -0.05244511738419533}, "mouth_left": {"x": 0.5254234075546265, "y": 0.4265563189983368, "z": -0.07247628271579742, "x_normalized": 47.48649955658916, "y_normalized": 38.47268265741704, "z_normalized": -0.07247628271579742}, "mouth_right": {"x": 0.5230727791786194, "y": 0.4269799292087555, "z": -0.07049159705638885, "x_normalized": 47.2716994252643, "y_normalized": 38.511392106242404, "z_normalized": -0.07049159705638885}, "left_shoulder": {"x": 0.535729706287384, "y": 0.44321808218955994, "z": -0.04051841422915459, "x_normalized": 48.42828786471383, "y_normalized": 39.995232524554204, "z_normalized": -0.04051841422915459}, "right_shoulder": {"x": 0.5137718319892883, "y": 0.446709007024765, "z": -0.018892483785748482, "x_normalized": 46.42178001728559, "y_normalized": 40.31423280579858, "z_normalized": -0.018892483785748482}, "left_elbow": {"x": 0.5491218566894531, "y": 0.4529268741607666, "z": -0.0038344801869243383, "x_normalized": 49.652060918101846, "y_normalized": 40.88242073844083, "z_normalized": -0.0038344801869243383}, "right_elbow": {"x": 0.5071874856948853, "y": 0.45904484391212463, "z": 0.022347422316670418, "x_normalized": 45.820103264310895, "y_normalized": 41.44148006038499, "z_normalized": 0.022347422316670418}, "left_wrist": {"x": 0.539849579334259, "y": 0.4699767529964447, "z": 0.029029080644249916, "x_normalized": 48.80476135603351, "y_normalized": 42.44043656533968, "z_normalized": 0.029029080644249916}, "right_wrist": {"x": 0.5177373290061951, "y": 0.4736781120300293, "z": 0.0446297787129879, "x_normalized": 46.784146646010974, "y_normalized": 42.778666297699566, "z_normalized": 0.0446297787129879}, "left_pinky": {"x": 0.5379773378372192, "y": 0.4751459062099457, "z": 0.03273626044392586, "x_normalized": 48.6336761587557, "y_normalized": 42.912793148979844, "z_normalized": 0.03273626044392586}, "right_pinky": {"x": 0.5193842649459839, "y": 0.4782412350177765, "z": 0.047667864710092545, "x_normalized": 46.93464344923224, "y_normalized": 43.19564391399319, "z_normalized": 0.047667864710092545}, "left_index": {"x": 0.5362697243690491, "y": 0.4749307632446289, "z": 0.02734285220503807, "x_normalized": 48.4776346504684, "y_normalized": 42.893133411321884, "z_normalized": 0.02734285220503807}, "right_index": {"x": 0.5202704668045044, "y": 0.4777826964855194, "z": 0.04202999174594879, "x_normalized": 47.01562446585465, "y_normalized": 43.15374271942255, "z_normalized": 0.04202999174594879}, "left_thumb": {"x": 0.5366237759590149, "y": 0.4731002151966095, "z": 0.028341395780444145, "x_normalized": 48.50998784112869, "y_normalized": 42.725858156277546, "z_normalized": 0.028341395780444145}, "right_thumb": {"x": 0.5195611119270325, "y": 0.4745008647441864, "z": 0.043175287544727325, "x_normalized": 46.9508037045671, "y_normalized": 42.853849339329074, "z_normalized": 0.043175287544727325}, "left_hip": {"x": 0.5320355892181396, "y": 0.5051549077033997, "z": -0.0089671416208148, "x_normalized": 48.0907199021629, "y_normalized": 45.655012007356454, "z_normalized": -0.0089671416208148}, "right_hip": {"x": 0.5212177634239197, "y": 0.5068075060844421, "z": 0.008964821696281433, "x_normalized": 47.10218831419874, "y_normalized": 45.806026243761686, "z_normalized": 0.008964821696281433}, "left_knee": {"x": 0.5309820175170898, "y": 0.5511351227760315, "z": -0.013716289773583412, "x_normalized": 47.99444464995563, "y_normalized": 49.85667839441994, "z_normalized": -0.013716289773583412}, "right_knee": {"x": 0.522294819355011, "y": 0.554882287979126, "z": 0.0052542961202561855, "x_normalized": 47.20060955245318, "y_normalized": 50.19909388890481, "z_normalized": 0.0052542961202561855}, "left_ankle": {"x": 0.5327107310295105, "y": 0.6004855036735535, "z": 0.007518240250647068, "x_normalized": 48.15241427768631, "y_normalized": 54.3663101192467, "z_normalized": 0.007518240250647068}, "right_ankle": {"x": 0.5273425579071045, "y": 0.5979695320129395, "z": 0.028546838089823723, "x_normalized": 47.66187127929621, "y_normalized": 54.13640093895018, "z_normalized": 0.028546838089823723}, "left_heel": {"x": 0.5330792665481567, "y": 0.6059486269950867, "z": 0.007309354841709137, "x_normalized": 48.18609100796452, "y_normalized": 54.865529655132065, "z_normalized": 0.007309354841709137}, "right_heel": {"x": 0.5290077924728394, "y": 0.6033977270126343, "z": 0.028724711388349533, "x_normalized": 47.81404020870143, "y_normalized": 54.63242872909028, "z_normalized": 0.028724711388349533}, "left_foot_index": {"x": 0.5306514501571655, "y": 0.6128631234169006, "z": -0.027558866888284683, "x_normalized": 47.96423744534251, "y_normalized": 55.49737548606422, "z_normalized": -0.027558866888284683}, "right_foot_index": {"x": 0.5230990648269653, "y": 0.6120156645774841, "z": -0.00045688721002079546, "x_normalized": 47.27410140457089, "y_normalized": 55.41993480175312, "z_normalized": -0.00045688721002079546}}}