{"sequence_id": 1697925405990398000, "sequence_source": "mediapipe", "frame_number": 598, "image_dimensions": {"height": 1080, "width": 1920}, "joint_positions": {"nose": {"x": 0.534343957901001, "y": 0.4151610732078552, "z": -0.10174576193094254, "x_normalized": 34.08595188803468, "y_normalized": 26.390751519728965, "z_normalized": -0.10174576193094254}, "left_eye_inner": {"x": 0.5356180667877197, "y": 0.41264885663986206, "z": -0.09713689237833023, "x_normalized": 34.168497919392244, "y_normalized": 26.227991876687298, "z_normalized": -0.09713689237833023}, "left_eye": {"x": 0.5364864468574524, "y": 0.4128713011741638, "z": -0.09711427241563797, "x_normalized": 34.224757889959626, "y_normalized": 26.242403449901484, "z_normalized": -0.09711427241563797}, "left_eye_outer": {"x": 0.5374129414558411, "y": 0.413173645734787, "z": -0.09713532030582428, "x_normalized": 34.284782941953544, "y_normalized": 26.26199152737441, "z_normalized": -0.09713532030582428}, "right_eye_inner": {"x": 0.5330063104629517, "y": 0.41258153319358826, "z": -0.09745306521654129, "x_normalized": 33.99928936765077, "y_normalized": 26.223630174665484, "z_normalized": -0.09745306521654129}, "right_eye": {"x": 0.5320945978164673, "y": 0.41276979446411133, "z": -0.0974712148308754, "x_normalized": 33.94022199790688, "y_normalized": 26.23582710767647, "z_normalized": -0.0974712148308754}, "right_eye_outer": {"x": 0.531240701675415, "y": 0.4129560887813568, "z": -0.09744773805141449, "x_normalized": 33.884900401479655, "y_normalized": 26.24789660716225, "z_normalized": -0.09744773805141449}, "left_ear": {"x": 0.5393467545509338, "y": 0.41694721579551697, "z": -0.06397607922554016, "x_normalized": 34.41006940534075, "y_normalized": 26.50647081467079, "z_normalized": -0.06397607922554016}, "right_ear": {"x": 0.5295587182044983, "y": 0.4162617623806, "z": -0.0658731609582901, "x_normalized": 33.77592929094077, "y_normalized": 26.46206216194755, "z_normalized": -0.0658731609582901}, "mouth_left": {"x": 0.5364425778388977, "y": 0.4207422137260437, "z": -0.08916319906711578, "x_normalized": 34.22191573618534, "y_normalized": 26.752338355067522, "z_normalized": -0.08916319906711578}, "mouth_right": {"x": 0.5327296853065491, "y": 0.420576274394989, "z": -0.08971748501062393, "x_normalized": 33.98136758006046, "y_normalized": 26.74158759948652, "z_normalized": -0.08971748501062393}, "left_shoulder": {"x": 0.5473136901855469, "y": 0.4421747922897339, "z": -0.031016593798995018, "x_normalized": 34.92622538351001, "y_normalized": 28.14089652355189, "z_normalized": -0.031016593798995018}, "right_shoulder": {"x": 0.5219835042953491, "y": 0.44067591428756714, "z": -0.03084341064095497, "x_normalized": 33.285151892397344, "y_normalized": 28.043788315723077, "z_normalized": -0.03084341064095497}, "left_elbow": {"x": 0.558096170425415, "y": 0.4534047245979309, "z": 0.02505679614841938, "x_normalized": 35.62479279895647, "y_normalized": 28.868453135171684, "z_normalized": 0.02505679614841938}, "right_elbow": {"x": 0.511440634727478, "y": 0.4513047933578491, "z": 0.020969439297914505, "x_normalized": 32.602108197294136, "y_normalized": 28.732404331337555, "z_normalized": 0.020969439297914505}, "left_wrist": {"x": 0.5598726868629456, "y": 0.46793198585510254, "z": 0.06980322301387787, "x_normalized": 35.739888441949184, "y_normalized": 29.80963467450015, "z_normalized": 0.06980322301387787}, "right_wrist": {"x": 0.5179558992385864, "y": 0.4670450985431671, "z": 0.05827295407652855, "x_normalized": 33.024214372239534, "y_normalized": 29.75217567030924, "z_normalized": 0.05827295407652855}, "left_pinky": {"x": 0.5605813264846802, "y": 0.4742144048213959, "z": 0.07742367684841156, "x_normalized": 35.785799265621066, "y_normalized": 30.216655423196556, "z_normalized": 0.07742367684841156}, "right_pinky": {"x": 0.5197868347167969, "y": 0.47201675176620483, "z": 0.06431318819522858, "x_normalized": 33.14283567609627, "y_normalized": 30.07427549013288, "z_normalized": 0.06431318819522858}, "left_index": {"x": 0.5594790577888489, "y": 0.4741450548171997, "z": 0.06888462603092194, "x_normalized": 35.714386290420116, "y_normalized": 30.212162426027557, "z_normalized": 0.06888462603092194}, "right_index": {"x": 0.521182656288147, "y": 0.47106578946113586, "z": 0.06011044606566429, "x_normalized": 33.23326713952869, "y_normalized": 30.012665242317844, "z_normalized": 0.06011044606566429}, "left_thumb": {"x": 0.5589761137962341, "y": 0.4726793169975281, "z": 0.06793634593486786, "x_normalized": 35.681801924187184, "y_normalized": 30.117201280017365, "z_normalized": 0.06793634593486786}, "right_thumb": {"x": 0.5207653641700745, "y": 0.4689275622367859, "z": 0.0583048053085804, "x_normalized": 33.20623192407518, "y_normalized": 29.874135346364174, "z_normalized": 0.0583048053085804}, "left_hip": {"x": 0.540356457233429, "y": 0.5075961351394653, "z": -0.0010100745130330324, "x_normalized": 34.47548528161307, "y_normalized": 32.37936646487333, "z_normalized": -0.0010100745130330324}, "right_hip": {"x": 0.5251080393791199, "y": 0.50520259141922, "z": 0.0009777563391253352, "x_normalized": 33.48758197799778, "y_normalized": 32.22429531118575, "z_normalized": 0.0009777563391253352}, "left_knee": {"x": 0.5377551913261414, "y": 0.5609031915664673, "z": -0.008710583671927452, "x_normalized": 34.306956375339354, "y_normalized": 35.832984909318036, "z_normalized": -0.008710583671927452}, "right_knee": {"x": 0.5240413546562195, "y": 0.5583966970443726, "z": -0.008610894903540611, "x_normalized": 33.41847439111646, "y_normalized": 35.67059598198606, "z_normalized": -0.008610894903540611}, "left_ankle": {"x": 0.5338246822357178, "y": 0.6076430082321167, "z": 0.037688057869672775, "x_normalized": 34.052309437380345, "y_normalized": 38.86112984445434, "z_normalized": 0.037688057869672775}, "right_ankle": {"x": 0.5240032076835632, "y": 0.6073375344276428, "z": 0.03424688056111336, "x_normalized": 33.416002953051866, "y_normalized": 38.84133903182768, "z_normalized": 0.03424688056111336}, "left_heel": {"x": 0.5322572588920593, "y": 0.61262446641922, "z": 0.0402023009955883, "x_normalized": 33.950760364279205, "y_normalized": 39.183864901093024, "z_normalized": 0.0402023009955883}, "right_heel": {"x": 0.524729311466217, "y": 0.612458348274231, "z": 0.03634592518210411, "x_normalized": 33.463045231962695, "y_normalized": 39.17310256064609, "z_normalized": 0.03634592518210411}, "left_foot_index": {"x": 0.5349524021148682, "y": 0.6233292818069458, "z": 0.005118151661008596, "x_normalized": 34.12537132516501, "y_normalized": 39.87740062310484, "z_normalized": 0.005118151661008596}, "right_foot_index": {"x": 0.5233280658721924, "y": 0.6232389807701111, "z": 0.0009238239726983011, "x_normalized": 33.37226236093046, "y_normalized": 39.8715502658113, "z_normalized": 0.0009238239726983011}}}