{"sequence_id": 1697925405990398000, "sequence_source": "mediapipe", "frame_number": 36, "image_dimensions": {"height": 1080, "width": 1920}, "joint_positions": {"nose": {"x": 0.5300596356391907, "y": 0.39604219794273376, "z": -0.13452982902526855, "x_normalized": 14.840273217920844, "y_normalized": 10.888326370558957, "z_normalized": -0.13452982902526855}, "left_eye_inner": {"x": 0.5329047441482544, "y": 0.38696420192718506, "z": -0.1257520169019699, "x_normalized": 14.922729129412565, "y_normalized": 10.6252311551759, "z_normalized": -0.1257520169019699}, "left_eye": {"x": 0.5347975492477417, "y": 0.3869907259941101, "z": -0.1257207989692688, "x_normalized": 14.977585726008863, "y_normalized": 10.625999866143445, "z_normalized": -0.1257207989692688}, "left_eye_outer": {"x": 0.5367112755775452, "y": 0.38710319995880127, "z": -0.12580926716327667, "x_normalized": 15.033048654177316, "y_normalized": 10.62925954613391, "z_normalized": -0.12580926716327667}, "right_eye_inner": {"x": 0.5273733735084534, "y": 0.38723117113113403, "z": -0.12619930505752563, "x_normalized": 14.762420935032507, "y_normalized": 10.632968360622266, "z_normalized": -0.12619930505752563}, "right_eye": {"x": 0.5252971649169922, "y": 0.3875075876712799, "z": -0.12623970210552216, "x_normalized": 14.702249004397702, "y_normalized": 10.64097936536831, "z_normalized": -0.12623970210552216}, "right_eye_outer": {"x": 0.5231984257698059, "y": 0.387909471988678, "z": -0.126145601272583, "x_normalized": 14.64142410130058, "y_normalized": 10.652626632106896, "z_normalized": -0.126145601272583}, "left_ear": {"x": 0.5409930944442749, "y": 0.3926719129085541, "z": -0.05773704871535301, "x_normalized": 15.157142788504318, "y_normalized": 10.790649981909848, "z_normalized": -0.05773704871535301}, "right_ear": {"x": 0.5185187458992004, "y": 0.39405709505081177, "z": -0.061564069241285324, "x_normalized": 14.505799302460405, "y_normalized": 10.83079483253964, "z_normalized": -0.061564069241285324}, "mouth_left": {"x": 0.5337826013565063, "y": 0.4080773890018463, "z": -0.10840601474046707, "x_normalized": 14.948170871277734, "y_normalized": 11.237125949061753, "z_normalized": -0.10840601474046707}, "mouth_right": {"x": 0.5261510014533997, "y": 0.40747585892677307, "z": -0.10943103581666946, "x_normalized": 14.72699458779114, "y_normalized": 11.219692620782062, "z_normalized": -0.10943103581666946}, "left_shoulder": {"x": 0.5576388239860535, "y": 0.4413025677204132, "z": -0.0058775292709469795, "x_normalized": 15.639563335010543, "y_normalized": 12.20004612837553, "z_normalized": -0.0058775292709469795}, "right_shoulder": {"x": 0.5005453824996948, "y": 0.4361591935157776, "z": 0.026028573513031006, "x_normalized": 13.984901749007904, "y_normalized": 12.050982707126332, "z_normalized": 0.026028573513031006}, "left_elbow": {"x": 0.5863808989524841, "y": 0.47649529576301575, "z": 0.11323250830173492, "x_normalized": 16.472555813845858, "y_normalized": 13.219989114517741, "z_normalized": 0.11323250830173492}, "right_elbow": {"x": 0.4811244308948517, "y": 0.45027780532836914, "z": 0.1723312884569168, "x_normalized": 13.422050714851409, "y_normalized": 12.46016323654949, "z_normalized": 0.1723312884569168}, "left_wrist": {"x": 0.5678531527519226, "y": 0.5230832695960999, "z": 0.22823964059352875, "x_normalized": 15.93559133745148, "y_normalized": 14.570185015560401, "z_normalized": 0.22823964059352875}, "right_wrist": {"x": 0.4897964596748352, "y": 0.49707484245300293, "z": 0.29666224122047424, "x_normalized": 13.673380333830089, "y_normalized": 13.816418134712743, "z_normalized": 0.29666224122047424}, "left_pinky": {"x": 0.5626966953277588, "y": 0.5351516008377075, "z": 0.2405727207660675, "x_normalized": 15.786148743039643, "y_normalized": 14.919945050912535, "z_normalized": 0.2405727207660675}, "right_pinky": {"x": 0.4936329424381256, "y": 0.5111093521118164, "z": 0.31145957112312317, "x_normalized": 13.784567897384033, "y_normalized": 14.223161245764652, "z_normalized": 0.31145957112312317}, "left_index": {"x": 0.5582102537155151, "y": 0.5326696038246155, "z": 0.22814592719078064, "x_normalized": 15.656124305900097, "y_normalized": 14.848012706194481, "z_normalized": 0.22814592719078064}, "right_index": {"x": 0.49592551589012146, "y": 0.5095484256744385, "z": 0.30348625779151917, "x_normalized": 13.85101043658555, "y_normalized": 14.177923037184735, "z_normalized": 0.30348625779151917}, "left_thumb": {"x": 0.5580823421478271, "y": 0.5286448001861572, "z": 0.22682350873947144, "x_normalized": 15.652417218852118, "y_normalized": 14.731367294770969, "z_normalized": 0.22682350873947144}, "right_thumb": {"x": 0.49557942152023315, "y": 0.5041386485099792, "z": 0.29562312364578247, "x_normalized": 13.840980054039374, "y_normalized": 14.021138821172748, "z_normalized": 0.29562312364578247}, "left_hip": {"x": 0.5389496088027954, "y": 0.5905942916870117, "z": -0.00640502292662859, "x_normalized": 15.097919222636214, "y_normalized": 16.526765175687864, "z_normalized": -0.00640502292662859}, "right_hip": {"x": 0.5044993758201599, "y": 0.5886580348014832, "z": 0.006468849256634712, "x_normalized": 14.099494961264128, "y_normalized": 16.47064927505709, "z_normalized": 0.006468849256634712}, "left_knee": {"x": 0.5322796702384949, "y": 0.7100432515144348, "z": -0.0363822765648365, "x_normalized": 14.904613462184155, "y_normalized": 19.988591966452148, "z_normalized": -0.0363822765648365}, "right_knee": {"x": 0.5038627982139587, "y": 0.7100966572761536, "z": -0.03573596104979515, "x_normalized": 14.081045898043051, "y_normalized": 19.990139753029496, "z_normalized": -0.03573596104979515}, "left_ankle": {"x": 0.5248315334320068, "y": 0.8051812052726746, "z": 0.09616482257843018, "x_normalized": 14.688754240176443, "y_normalized": 22.74584592341089, "z_normalized": 0.09616482257843018}, "right_ankle": {"x": 0.5043967366218567, "y": 0.8076231479644775, "z": 0.08984141051769257, "x_normalized": 14.096520308935785, "y_normalized": 22.81661742819593, "z_normalized": 0.08984141051769257}, "left_heel": {"x": 0.5221248269081116, "y": 0.8139501810073853, "z": 0.10623934864997864, "x_normalized": 14.610309445238968, "y_normalized": 22.999985224161957, "z_normalized": 0.10623934864997864}, "right_heel": {"x": 0.5059929490089417, "y": 0.8169953227043152, "z": 0.09834843128919601, "x_normalized": 14.142781162218593, "y_normalized": 23.08823842555723, "z_normalized": 0.09834843128919601}, "left_foot_index": {"x": 0.5231608748435974, "y": 0.8427627086639404, "z": 0.03316250443458557, "x_normalized": 14.64033581386338, "y_normalized": 23.8350195375223, "z_normalized": 0.03316250443458557}, "right_foot_index": {"x": 0.5022628307342529, "y": 0.8446352481842041, "z": 0.021521618589758873, "x_normalized": 14.034676216016523, "y_normalized": 23.88928880439059, "z_normalized": 0.021521618589758873}}}