{"sequence_id": 1697925405990398000, "sequence_source": "mediapipe", "frame_number": 198, "image_dimensions": {"height": 1080, "width": 1920}, "joint_positions": {"nose": {"x": 0.5107430219650269, "y": 0.39593032002449036, "z": -0.11017829924821854, "x_normalized": 19.643712896237457, "y_normalized": 15.075252386500644, "z_normalized": -0.11017829924821854}, "left_eye_inner": {"x": 0.5127279162406921, "y": 0.39230623841285706, "z": -0.10244932025671005, "x_normalized": 19.72205975242539, "y_normalized": 14.932204263322996, "z_normalized": -0.10244932025671005}, "left_eye": {"x": 0.5142656564712524, "y": 0.39265191555023193, "z": -0.10241422802209854, "x_normalized": 19.78275674479176, "y_normalized": 14.945848676177322, "z_normalized": -0.10241422802209854}, "left_eye_outer": {"x": 0.5157109498977661, "y": 0.3930128216743469, "z": -0.10246194899082184, "x_normalized": 19.839804718391505, "y_normalized": 14.96009420076271, "z_normalized": -0.10246194899082184}, "right_eye_inner": {"x": 0.5084545016288757, "y": 0.3924756646156311, "z": -0.10326453298330307, "x_normalized": 19.55338144843301, "y_normalized": 14.938891778374021, "z_normalized": -0.10326453298330307}, "right_eye": {"x": 0.5070751905441284, "y": 0.3930250406265259, "z": -0.10330880433320999, "x_normalized": 19.498937900219897, "y_normalized": 14.960576501760233, "z_normalized": -0.10330880433320999}, "right_eye_outer": {"x": 0.5057445764541626, "y": 0.3935618996620178, "z": -0.1032743901014328, "x_normalized": 19.446416497933495, "y_normalized": 14.981767160709955, "z_normalized": -0.1032743901014328}, "left_ear": {"x": 0.5189598202705383, "y": 0.3993968963623047, "z": -0.053761959075927734, "x_normalized": 19.968042671913494, "y_normalized": 15.212083532185824, "z_normalized": -0.053761959075927734}, "right_ear": {"x": 0.5029074549674988, "y": 0.4001096189022064, "z": -0.058065660297870636, "x_normalized": 19.334430911684144, "y_normalized": 15.240215796468195, "z_normalized": -0.058065660297870636}, "mouth_left": {"x": 0.5151498317718506, "y": 0.4049905240535736, "z": -0.09224195778369904, "x_normalized": 19.817656515510112, "y_normalized": 15.432872694444761, "z_normalized": -0.09224195778369904}, "mouth_right": {"x": 0.5083611011505127, "y": 0.40577319264411926, "z": -0.09348974376916885, "x_normalized": 19.5496947866617, "y_normalized": 15.46376583785198, "z_normalized": -0.09348974376916885}, "left_shoulder": {"x": 0.53423011302948, "y": 0.43673479557037354, "z": -0.01405447255820036, "x_normalized": 20.570784815613553, "y_normalized": 16.685868335476517, "z_normalized": -0.01405447255820036}, "right_shoulder": {"x": 0.49220043420791626, "y": 0.44387465715408325, "z": -0.004130098968744278, "x_normalized": 18.911808192712837, "y_normalized": 16.9676897481123, "z_normalized": -0.004130098968744278}, "left_elbow": {"x": 0.5524938702583313, "y": 0.45180606842041016, "z": 0.07808239758014679, "x_normalized": 21.291683645643467, "y_normalized": 17.280754854636427, "z_normalized": 0.07808239758014679}, "right_elbow": {"x": 0.4796287715435028, "y": 0.463693767786026, "z": 0.09084001183509827, "x_normalized": 18.415585165175564, "y_normalized": 17.749980789751355, "z_normalized": 0.09084001183509827}, "left_wrist": {"x": 0.5434912443161011, "y": 0.47149208188056946, "z": 0.1652243584394455, "x_normalized": 20.93633603410719, "y_normalized": 18.057792344434166, "z_normalized": 0.1652243584394455}, "right_wrist": {"x": 0.4852636158466339, "y": 0.4749331474304199, "z": 0.16960982978343964, "x_normalized": 18.63800121104322, "y_normalized": 18.19361653974403, "z_normalized": 0.16960982978343964}, "left_pinky": {"x": 0.5402109026908875, "y": 0.4818427264690399, "z": 0.17715398967266083, "x_normalized": 20.806855861430602, "y_normalized": 18.46634834309234, "z_normalized": 0.17715398967266083}, "right_pinky": {"x": 0.48721686005592346, "y": 0.4802541732788086, "z": 0.1793384552001953, "x_normalized": 18.71509879001318, "y_normalized": 18.40364568438261, "z_normalized": 0.1793384552001953}, "left_index": {"x": 0.5374993085861206, "y": 0.48054972290992737, "z": 0.16855107247829437, "x_normalized": 20.699825035672887, "y_normalized": 18.415311486803194, "z_normalized": 0.16855107247829437}, "right_index": {"x": 0.49042195081710815, "y": 0.47941941022872925, "z": 0.17366963624954224, "x_normalized": 18.84160869435136, "y_normalized": 18.370696291844485, "z_normalized": 0.17366963624954224}, "left_thumb": {"x": 0.538159191608429, "y": 0.47709378600120544, "z": 0.16442272067070007, "x_normalized": 20.72587164222694, "y_normalized": 18.278900295889027, "z_normalized": 0.16442272067070007}, "right_thumb": {"x": 0.4898223876953125, "y": 0.47803735733032227, "z": 0.16908779740333557, "x_normalized": 18.817943007843613, "y_normalized": 18.3161445199929, "z_normalized": 0.16908779740333557}, "left_hip": {"x": 0.5287708640098572, "y": 0.5530059933662415, "z": -0.0036874094512313604, "x_normalized": 20.355299787983476, "y_normalized": 21.2752728817003, "z_normalized": -0.0036874094512313604}, "right_hip": {"x": 0.503442108631134, "y": 0.5524570941925049, "z": 0.003617259208112955, "x_normalized": 19.355534521185536, "y_normalized": 21.253606979816432, "z_normalized": 0.003617259208112955}, "left_knee": {"x": 0.5253689885139465, "y": 0.6485196352005005, "z": -0.01527485903352499, "x_normalized": 20.22102248489738, "y_normalized": 25.045344493331335, "z_normalized": -0.01527485903352499}, "right_knee": {"x": 0.5068097710609436, "y": 0.6485067009925842, "z": -0.016894519329071045, "x_normalized": 19.48846138147857, "y_normalized": 25.044833960080297, "z_normalized": -0.016894519329071045}, "left_ankle": {"x": 0.5180618762969971, "y": 0.7235374450683594, "z": 0.07304961234331131, "x_normalized": 19.93259943031501, "y_normalized": 28.006413822467792, "z_normalized": 0.07304961234331131}, "right_ankle": {"x": 0.5121322274208069, "y": 0.7210184931755066, "z": 0.07835426926612854, "x_normalized": 19.698546990624177, "y_normalized": 27.906986883656394, "z_normalized": 0.07835426926612854}, "left_heel": {"x": 0.5169350504875183, "y": 0.7315245270729065, "z": 0.07735902816057205, "x_normalized": 19.88812186759218, "y_normalized": 28.32167633939039, "z_normalized": 0.07735902816057205}, "right_heel": {"x": 0.5131386518478394, "y": 0.7278125286102295, "z": 0.08425953984260559, "x_normalized": 19.738272124005555, "y_normalized": 28.175158001718366, "z_normalized": 0.08425953984260559}, "left_foot_index": {"x": 0.5216264128684998, "y": 0.7492470145225525, "z": 0.02153814397752285, "x_normalized": 20.07329721838765, "y_normalized": 29.02121041157391, "z_normalized": 0.02153814397752285}, "right_foot_index": {"x": 0.5115391612052917, "y": 0.7473827600479126, "z": 0.027948515489697456, "x_normalized": 19.675137747085845, "y_normalized": 28.9476253954786, "z_normalized": 0.027948515489697456}}}