{"sequence_id": 1697925405990398000, "sequence_source": "mediapipe", "frame_number": 251, "image_dimensions": {"height": 1080, "width": 1920}, "joint_positions": {"nose": {"x": 0.5093398094177246, "y": 0.4215201437473297, "z": -0.15951018035411835, "x_normalized": 21.726638776405554, "y_normalized": 17.844146801688346, "z_normalized": -0.15951018035411835}, "left_eye_inner": {"x": 0.511698305606842, "y": 0.4160749018192291, "z": -0.15262484550476074, "x_normalized": 21.829617242451228, "y_normalized": 17.606392480273385, "z_normalized": -0.15262484550476074}, "left_eye": {"x": 0.5133072733879089, "y": 0.4162592887878418, "z": -0.15260769426822662, "x_normalized": 21.89986922537819, "y_normalized": 17.61444332524577, "z_normalized": -0.15260769426822662}, "left_eye_outer": {"x": 0.5148632526397705, "y": 0.41639623045921326, "z": -0.15263979136943817, "x_normalized": 21.967807582580097, "y_normalized": 17.620422577330483, "z_normalized": -0.15263979136943817}, "right_eye_inner": {"x": 0.5074282288551331, "y": 0.4161731004714966, "z": -0.15200196206569672, "x_normalized": 21.643173882560607, "y_normalized": 17.61068010500007, "z_normalized": -0.15200196206569672}, "right_eye": {"x": 0.506055474281311, "y": 0.4165593981742859, "z": -0.15202423930168152, "x_normalized": 21.58323562151034, "y_normalized": 17.627546931011395, "z_normalized": -0.15202423930168152}, "right_eye_outer": {"x": 0.5047318935394287, "y": 0.416951984167099, "z": -0.15199188888072968, "x_normalized": 21.525444425952955, "y_normalized": 17.644688321155442, "z_normalized": -0.15199188888072968}, "left_ear": {"x": 0.5177173018455505, "y": 0.42010658979415894, "z": -0.10135900229215622, "x_normalized": 22.092423263786724, "y_normalized": 17.7824271269049, "z_normalized": -0.10135900229215622}, "right_ear": {"x": 0.5023652911186218, "y": 0.4215196669101715, "z": -0.0982961356639862, "x_normalized": 21.42211201941391, "y_normalized": 17.844125981659325, "z_normalized": -0.0982961356639862}, "mouth_left": {"x": 0.5127893090248108, "y": 0.42941465973854065, "z": -0.13975022733211517, "x_normalized": 21.87725346885321, "y_normalized": 18.188843202174013, "z_normalized": -0.13975022733211517}, "mouth_right": {"x": 0.5063716769218445, "y": 0.4300954043865204, "z": -0.1389433741569519, "x_normalized": 21.59704190325545, "y_normalized": 18.218566396106326, "z_normalized": -0.1389433741569519}, "left_shoulder": {"x": 0.5307185053825378, "y": 0.4521714150905609, "z": -0.05492999777197838, "x_normalized": 22.66009176508184, "y_normalized": 19.18246607472343, "z_normalized": -0.05492999777197838}, "right_shoulder": {"x": 0.4925536513328552, "y": 0.45318901538848877, "z": -0.03874804452061653, "x_normalized": 20.993708692245914, "y_normalized": 19.226897317907863, "z_normalized": -0.03874804452061653}, "left_elbow": {"x": 0.5511296987533569, "y": 0.4680289328098297, "z": 0.026629924774169922, "x_normalized": 23.5513009148728, "y_normalized": 19.874849152363026, "z_normalized": 0.026629924774169922}, "right_elbow": {"x": 0.482659250497818, "y": 0.46659785509109497, "z": 0.05759210139513016, "x_normalized": 20.561691788790817, "y_normalized": 19.812364341513028, "z_normalized": 0.05759210139513016}, "left_wrist": {"x": 0.5446738004684448, "y": 0.4910491406917572, "z": 0.08641575276851654, "x_normalized": 23.26941854194604, "y_normalized": 20.879975090947013, "z_normalized": 0.08641575276851654}, "right_wrist": {"x": 0.47996899485588074, "y": 0.4808388650417328, "z": 0.11671367287635803, "x_normalized": 20.444227787553192, "y_normalized": 20.434166219516758, "z_normalized": 0.11671367287635803}, "left_pinky": {"x": 0.5408860445022583, "y": 0.4987321197986603, "z": 0.09792764484882355, "x_normalized": 23.104034641411015, "y_normalized": 21.215435206057865, "z_normalized": 0.09792764484882355}, "right_pinky": {"x": 0.47834864258766174, "y": 0.48324447870254517, "z": 0.12693123519420624, "x_normalized": 20.373478726433337, "y_normalized": 20.53920196468015, "z_normalized": 0.12693123519420624}, "left_index": {"x": 0.5381676554679871, "y": 0.4975786507129669, "z": 0.08577563613653183, "x_normalized": 22.985342258461102, "y_normalized": 21.165071555854023, "z_normalized": 0.08577563613653183}, "right_index": {"x": 0.4810227155685425, "y": 0.4827966094017029, "z": 0.11690166592597961, "x_normalized": 20.49023614793603, "y_normalized": 20.519646752421384, "z_normalized": 0.11690166592597961}, "left_thumb": {"x": 0.5385642647743225, "y": 0.4928359389305115, "z": 0.0842825397849083, "x_normalized": 23.002659317600024, "y_normalized": 20.957991643447308, "z_normalized": 0.0842825397849083}, "right_thumb": {"x": 0.4825489819049835, "y": 0.48245441913604736, "z": 0.11505500227212906, "x_normalized": 20.556877157079516, "y_normalized": 20.504705779094582, "z_normalized": 0.11505500227212906}, "left_hip": {"x": 0.5239905118942261, "y": 0.5601944923400879, "z": -0.012822824530303478, "x_normalized": 22.36632896309449, "y_normalized": 23.899052365605794, "z_normalized": -0.012822824530303478}, "right_hip": {"x": 0.5011012554168701, "y": 0.5609822869300842, "z": 0.012797393836081028, "x_normalized": 21.366920724980627, "y_normalized": 23.93344965605351, "z_normalized": 0.012797393836081028}, "left_knee": {"x": 0.5239473581314087, "y": 0.6399567127227783, "z": -0.05313708260655403, "x_normalized": 22.364444750468014, "y_normalized": 27.381691490191397, "z_normalized": -0.05313708260655403}, "right_knee": {"x": 0.5039738416671753, "y": 0.6411260962486267, "z": 0.04422224685549736, "x_normalized": 21.492345784815477, "y_normalized": 27.432750008863845, "z_normalized": 0.04422224685549736}, "left_ankle": {"x": 0.5239843726158142, "y": 0.7151440382003784, "z": -0.008612563833594322, "x_normalized": 22.366060905220834, "y_normalized": 30.664578051334164, "z_normalized": -0.008612563833594322}, "right_ankle": {"x": 0.5128289461135864, "y": 0.6924725770950317, "z": 0.17468778789043427, "x_normalized": 21.878984133765652, "y_normalized": 29.674679361476027, "z_normalized": 0.17468778789043427}, "left_heel": {"x": 0.5230230689048767, "y": 0.7235008478164673, "z": -0.00803295336663723, "x_normalized": 22.324087726712794, "y_normalized": 31.029459469956507, "z_normalized": -0.00803295336663723}, "right_heel": {"x": 0.5155779719352722, "y": 0.6980144381523132, "z": 0.18460765480995178, "x_normalized": 21.999014203580217, "y_normalized": 29.91665234127154, "z_normalized": 0.18460765480995178}, "left_foot_index": {"x": 0.5239476561546326, "y": 0.7437299489974976, "z": -0.06855791062116623, "x_normalized": 22.364457762986152, "y_normalized": 31.912717971164753, "z_normalized": -0.06855791062116623}, "right_foot_index": {"x": 0.5064957737922668, "y": 0.715707004070282, "z": 0.14804913103580475, "x_normalized": 21.602460315808386, "y_normalized": 30.68915869809808, "z_normalized": 0.14804913103580475}}}