{"sequence_id": 1697925405990398000, "sequence_source": "mediapipe", "frame_number": 45, "image_dimensions": {"height": 1080, "width": 1920}, "joint_positions": {"nose": {"x": 0.5280675888061523, "y": 0.3971090316772461, "z": -0.11731800436973572, "x_normalized": 14.4820921690385, "y_normalized": 10.691613427403475, "z_normalized": -0.11731800436973572}, "left_eye_inner": {"x": 0.5311954021453857, "y": 0.3872622549533844, "z": -0.10766254365444183, "x_normalized": 14.57096159203747, "y_normalized": 10.411840541063732, "z_normalized": -0.10766254365444183}, "left_eye": {"x": 0.5332071781158447, "y": 0.38706785440444946, "z": -0.1076352521777153, "x_normalized": 14.628121451117073, "y_normalized": 10.40631710895932, "z_normalized": -0.1076352521777153}, "left_eye_outer": {"x": 0.5349969267845154, "y": 0.38696861267089844, "z": -0.10773493349552155, "x_normalized": 14.678972929209726, "y_normalized": 10.403497389672536, "z_normalized": -0.10773493349552155}, "right_eye_inner": {"x": 0.5245753526687622, "y": 0.3879319429397583, "z": -0.10811186581850052, "x_normalized": 14.382868533595447, "y_normalized": 10.430868142292958, "z_normalized": -0.10811186581850052}, "right_eye": {"x": 0.5222370028495789, "y": 0.3882453441619873, "z": -0.10815341770648956, "x_normalized": 14.316429850508463, "y_normalized": 10.439772697253867, "z_normalized": -0.10815341770648956}, "right_eye_outer": {"x": 0.5199286341667175, "y": 0.38864171504974365, "z": -0.10804281383752823, "x_normalized": 14.250843010545353, "y_normalized": 10.45103463915003, "z_normalized": -0.10804281383752823}, "left_ear": {"x": 0.5385161638259888, "y": 0.39285820722579956, "z": -0.038731105625629425, "x_normalized": 14.778963731521795, "y_normalized": 10.570836298048768, "z_normalized": -0.038731105625629425}, "right_ear": {"x": 0.5152989625930786, "y": 0.39468565583229065, "z": -0.0419565886259079, "x_normalized": 14.11930183567305, "y_normalized": 10.62275893076538, "z_normalized": -0.0419565886259079}, "mouth_left": {"x": 0.5328437685966492, "y": 0.4090335965156555, "z": -0.09120554476976395, "x_normalized": 14.61779602859964, "y_normalized": 11.030421751867932, "z_normalized": -0.09120554476976395}, "mouth_right": {"x": 0.5231115221977234, "y": 0.40969642996788025, "z": -0.09205178916454315, "x_normalized": 14.341277250734105, "y_normalized": 11.049254597710986, "z_normalized": -0.09205178916454315}, "left_shoulder": {"x": 0.5549048185348511, "y": 0.4380306601524353, "z": 0.009810066781938076, "x_normalized": 15.244608618138624, "y_normalized": 11.854304776389025, "z_normalized": 0.009810066781938076}, "right_shoulder": {"x": 0.49803462624549866, "y": 0.44092443585395813, "z": 0.04095715284347534, "x_normalized": 13.628776525091181, "y_normalized": 11.936524573093966, "z_normalized": 0.04095715284347534}, "left_elbow": {"x": 0.5806466937065125, "y": 0.4622085988521576, "z": 0.11736328154802322, "x_normalized": 15.976003156528101, "y_normalized": 12.541263756516466, "z_normalized": 0.11736328154802322}, "right_elbow": {"x": 0.48049965500831604, "y": 0.45506641268730164, "z": 0.18039508163928986, "x_normalized": 13.130561763805623, "y_normalized": 12.338335418223256, "z_normalized": 0.18039508163928986}, "left_wrist": {"x": 0.56160569190979, "y": 0.5020397305488586, "z": 0.2366122156381607, "x_normalized": 15.434998096612407, "y_normalized": 13.672971217086786, "z_normalized": 0.2366122156381607}, "right_wrist": {"x": 0.49021482467651367, "y": 0.4841347634792328, "z": 0.3064607083797455, "x_normalized": 13.40659534673082, "y_normalized": 13.16424389876056, "z_normalized": 0.3064607083797455}, "left_pinky": {"x": 0.5562862753868103, "y": 0.5145034193992615, "z": 0.251202255487442, "x_normalized": 15.28385944931568, "y_normalized": 14.027097476055127, "z_normalized": 0.251202255487442}, "right_pinky": {"x": 0.4946999251842499, "y": 0.49774301052093506, "z": 0.3195866346359253, "x_normalized": 13.534028876479942, "y_normalized": 13.550890073407261, "z_normalized": 0.3195866346359253}, "left_index": {"x": 0.5535441637039185, "y": 0.5130487084388733, "z": 0.23936480283737183, "x_normalized": 15.205948827220482, "y_normalized": 13.985765302533652, "z_normalized": 0.23936480283737183}, "right_index": {"x": 0.49872511625289917, "y": 0.49676355719566345, "z": 0.3147207498550415, "x_normalized": 13.64839516657932, "y_normalized": 13.523061222248055, "z_normalized": 0.3147207498550415}, "left_thumb": {"x": 0.5540673732757568, "y": 0.508124589920044, "z": 0.23509079217910767, "x_normalized": 15.22081459052342, "y_normalized": 13.845858113681341, "z_normalized": 0.23509079217910767}, "right_thumb": {"x": 0.4980289340019226, "y": 0.49199581146240234, "z": 0.3064332604408264, "x_normalized": 13.628614793444402, "y_normalized": 13.387596996488163, "z_normalized": 0.3064332604408264}, "left_hip": {"x": 0.5392904877662659, "y": 0.5918154716491699, "z": -0.00775412330403924, "x_normalized": 14.8009643160591, "y_normalized": 16.223736702614445, "z_normalized": -0.00775412330403924}, "right_hip": {"x": 0.5041099190711975, "y": 0.5907866954803467, "z": 0.0078267902135849, "x_normalized": 13.80139161090764, "y_normalized": 16.19450645943733, "z_normalized": 0.0078267902135849}, "left_knee": {"x": 0.532604992389679, "y": 0.7120589017868042, "z": -0.03935886546969414, "x_normalized": 14.611011767060388, "y_normalized": 19.640169557385615, "z_normalized": -0.03935886546969414}, "right_knee": {"x": 0.5039598941802979, "y": 0.7148396968841553, "z": -0.03310559317469597, "x_normalized": 13.79712900823807, "y_normalized": 19.719179277268875, "z_normalized": -0.03310559317469597}, "left_ankle": {"x": 0.5248993635177612, "y": 0.8054980635643005, "z": 0.1103530079126358, "x_normalized": 14.39207453602365, "y_normalized": 22.295022482435392, "z_normalized": 0.1103530079126358}, "right_ankle": {"x": 0.5076497197151184, "y": 0.8073575496673584, "z": 0.10651161521673203, "x_normalized": 13.901966679378233, "y_normalized": 22.347855384891734, "z_normalized": 0.10651161521673203}, "left_heel": {"x": 0.5223273634910583, "y": 0.8133711218833923, "z": 0.12262844294309616, "x_normalized": 14.318997234555768, "y_normalized": 22.518716825470076, "z_normalized": 0.12262844294309616}, "right_heel": {"x": 0.5090743899345398, "y": 0.8166360259056091, "z": 0.1165885254740715, "x_normalized": 13.942445316250735, "y_normalized": 22.61148135619253, "z_normalized": 0.1165885254740715}, "left_foot_index": {"x": 0.5228816866874695, "y": 0.8424122929573059, "z": 0.04997503012418747, "x_normalized": 14.334747017959428, "y_normalized": 23.34385305856307, "z_normalized": 0.04997503012418747}, "right_foot_index": {"x": 0.5043171048164368, "y": 0.8439939618110657, "z": 0.04232058674097061, "x_normalized": 13.807278304145395, "y_normalized": 23.38879244054151, "z_normalized": 0.04232058674097061}}}