{"sequence_id": 1697925405990398000, "sequence_source": "mediapipe", "frame_number": 179, "image_dimensions": {"height": 1080, "width": 1920}, "joint_positions": {"nose": {"x": 0.5144544243812561, "y": 0.40766867995262146, "z": -0.1646663397550583, "x_normalized": 19.70143932073988, "y_normalized": 15.459264217759404, "z_normalized": -0.1646663397550583}, "left_eye_inner": {"x": 0.516269326210022, "y": 0.4045221507549286, "z": -0.157708078622818, "x_normalized": 19.77277423762243, "y_normalized": 15.335589540028453, "z_normalized": -0.157708078622818}, "left_eye": {"x": 0.517484724521637, "y": 0.40507185459136963, "z": -0.15767095983028412, "x_normalized": 19.820545602532672, "y_normalized": 15.357195710048792, "z_normalized": -0.15767095983028412}, "left_eye_outer": {"x": 0.5187847018241882, "y": 0.4055339992046356, "z": -0.15771843492984772, "x_normalized": 19.87164135402561, "y_normalized": 15.375360355129052, "z_normalized": -0.15771843492984772}, "right_eye_inner": {"x": 0.5130102038383484, "y": 0.40396448969841003, "z": -0.15943162143230438, "x_normalized": 19.644674072749332, "y_normalized": 15.313670610593885, "z_normalized": -0.15943162143230438}, "right_eye": {"x": 0.5117106437683105, "y": 0.4042932689189911, "z": -0.15947206318378448, "x_normalized": 19.59359472062643, "y_normalized": 15.326593314181004, "z_normalized": -0.15947206318378448}, "right_eye_outer": {"x": 0.5102500319480896, "y": 0.40464136004447937, "z": -0.15946771204471588, "x_normalized": 19.536185211670247, "y_normalized": 15.340275074324, "z_normalized": -0.15946771204471588}, "left_ear": {"x": 0.5220062732696533, "y": 0.4108586311340332, "z": -0.10635510832071304, "x_normalized": 19.998265575595607, "y_normalized": 15.584645601357511, "z_normalized": -0.10635510832071304}, "right_ear": {"x": 0.5072442889213562, "y": 0.4120314419269562, "z": -0.11459473520517349, "x_normalized": 19.418044149942336, "y_normalized": 15.63074305914067, "z_normalized": -0.11459473520517349}, "mouth_left": {"x": 0.5174307227134705, "y": 0.41784510016441345, "z": -0.14444270730018616, "x_normalized": 19.81842305549679, "y_normalized": 15.859249538433033, "z_normalized": -0.14444270730018616}, "mouth_right": {"x": 0.5127869844436646, "y": 0.41814562678337097, "z": -0.14700813591480255, "x_normalized": 19.63590040978092, "y_normalized": 15.871061770392107, "z_normalized": -0.14700813591480255}, "left_shoulder": {"x": 0.5360530018806458, "y": 0.44574710726737976, "z": -0.05822526291012764, "x_normalized": 20.5503737954756, "y_normalized": 16.955941010114373, "z_normalized": -0.05822526291012764}, "right_shoulder": {"x": 0.49396607279777527, "y": 0.454032301902771, "z": -0.056557927280664444, "x_normalized": 18.896142398282155, "y_normalized": 17.28159150057273, "z_normalized": -0.056557927280664444}, "left_elbow": {"x": 0.5570884943008423, "y": 0.45881766080856323, "z": 0.037970807403326035, "x_normalized": 21.377176148966306, "y_normalized": 17.46968056103171, "z_normalized": 0.037970807403326035}, "right_elbow": {"x": 0.47806617617607117, "y": 0.46975961327552795, "z": 0.027675097808241844, "x_normalized": 18.27119520501074, "y_normalized": 17.899755211567765, "z_normalized": 0.027675097808241844}, "left_wrist": {"x": 0.5528923273086548, "y": 0.47558996081352234, "z": 0.11166713386774063, "x_normalized": 21.21224534176307, "y_normalized": 18.128917665661508, "z_normalized": 0.11166713386774063}, "right_wrist": {"x": 0.4878593385219574, "y": 0.4908923804759979, "z": 0.0928335040807724, "x_normalized": 18.65611653292419, "y_normalized": 18.73038096104364, "z_normalized": 0.0928335040807724}, "left_pinky": {"x": 0.5532217025756836, "y": 0.48362410068511963, "z": 0.12318024039268494, "x_normalized": 21.225191473021663, "y_normalized": 18.444700420893444, "z_normalized": 0.12318024039268494}, "right_pinky": {"x": 0.4897138774394989, "y": 0.49852102994918823, "z": 0.101729616522789, "x_normalized": 18.72900938996001, "y_normalized": 19.030225871369275, "z_normalized": 0.101729616522789}, "left_index": {"x": 0.5509592890739441, "y": 0.4829506278038025, "z": 0.11386999487876892, "x_normalized": 21.13626706039363, "y_normalized": 18.418229494890753, "z_normalized": 0.11386999487876892}, "right_index": {"x": 0.4924939274787903, "y": 0.49618813395500183, "z": 0.09570079296827316, "x_normalized": 18.838279563882878, "y_normalized": 18.938531136589003, "z_normalized": 0.09570079296827316}, "left_thumb": {"x": 0.5482985973358154, "y": 0.4814099967479706, "z": 0.11053095757961273, "x_normalized": 21.03168827768418, "y_normalized": 18.35767482103868, "z_normalized": 0.11053095757961273}, "right_thumb": {"x": 0.4915744960308075, "y": 0.4942140281200409, "z": 0.0927368625998497, "x_normalized": 18.8021412092449, "y_normalized": 18.86093868865475, "z_normalized": 0.0927368625998497}, "left_hip": {"x": 0.5319681167602539, "y": 0.5640003681182861, "z": -0.001682003610767424, "x_normalized": 20.389816934537254, "y_normalized": 21.60389849199425, "z_normalized": -0.001682003610767424}, "right_hip": {"x": 0.5065292119979858, "y": 0.5643962025642395, "z": 0.001646934193558991, "x_normalized": 19.3899379724705, "y_normalized": 21.619456808622616, "z_normalized": 0.001646934193558991}, "left_knee": {"x": 0.5279959440231323, "y": 0.6561272144317627, "z": -0.002395862014964223, "x_normalized": 20.233690246275344, "y_normalized": 25.224954364141382, "z_normalized": -0.002395862014964223}, "right_knee": {"x": 0.5069224238395691, "y": 0.6520739793777466, "z": -0.03618248179554939, "x_normalized": 19.405393207344357, "y_normalized": 25.065641512558503, "z_normalized": -0.03618248179554939}, "left_ankle": {"x": 0.519557774066925, "y": 0.7239649891853333, "z": 0.1030803769826889, "x_normalized": 19.90202704393223, "y_normalized": 27.891325595269453, "z_normalized": 0.1030803769826889}, "right_ankle": {"x": 0.5047286748886108, "y": 0.7385833859443665, "z": 0.042466145008802414, "x_normalized": 19.319167662470562, "y_normalized": 28.465903294863743, "z_normalized": 0.042466145008802414}, "left_heel": {"x": 0.5158916711807251, "y": 0.7329190373420715, "z": 0.1105744019150734, "x_normalized": 19.757930464974137, "y_normalized": 28.24326544727655, "z_normalized": 0.1105744019150734}, "right_heel": {"x": 0.505760908126831, "y": 0.7470258474349976, "z": 0.0468624122440815, "x_normalized": 19.359739703935702, "y_normalized": 28.7977351764415, "z_normalized": 0.0468624122440815}, "left_foot_index": {"x": 0.5253974795341492, "y": 0.7496193051338196, "z": 0.05471579357981682, "x_normalized": 20.131557312468168, "y_normalized": 28.899671317808263, "z_normalized": 0.05471579357981682}, "right_foot_index": {"x": 0.5053812861442566, "y": 0.7710659503936768, "z": -0.02063547447323799, "x_normalized": 19.344818619971534, "y_normalized": 29.74263407908431, "z_normalized": -0.02063547447323799}}}