{"sequence_id": 1697925405990398000, "sequence_source": "mediapipe", "frame_number": 414, "image_dimensions": {"height": 1080, "width": 1920}, "joint_positions": {"nose": {"x": 0.5130744576454163, "y": 0.4106691777706146, "z": -0.08381455391645432, "x_normalized": 26.63533556375057, "y_normalized": 21.209537507121553, "z_normalized": -0.08381455391645432}, "left_eye_inner": {"x": 0.5147327184677124, "y": 0.40739402174949646, "z": -0.07804843783378601, "x_normalized": 26.72309094557164, "y_normalized": 21.036215817739276, "z_normalized": -0.07804843783378601}, "left_eye": {"x": 0.515826940536499, "y": 0.4075284004211426, "z": -0.07801783829927444, "x_normalized": 26.78099732203084, "y_normalized": 21.043327154798174, "z_normalized": -0.07801783829927444}, "left_eye_outer": {"x": 0.5169723629951477, "y": 0.40759846568107605, "z": -0.07805132865905762, "x_normalized": 26.841613229886615, "y_normalized": 21.047035017611538, "z_normalized": -0.07805132865905762}, "right_eye_inner": {"x": 0.5119378566741943, "y": 0.40724363923072815, "z": -0.07904558628797531, "x_normalized": 26.575186490174993, "y_normalized": 21.02825755497609, "z_normalized": -0.07904558628797531}, "right_eye": {"x": 0.5110620260238647, "y": 0.40743711590766907, "z": -0.07907380163669586, "x_normalized": 26.52883741643649, "y_normalized": 21.038496366283777, "z_normalized": -0.07907380163669586}, "right_eye_outer": {"x": 0.5102037191390991, "y": 0.407610684633255, "z": -0.07903730124235153, "x_normalized": 26.48341570268704, "y_normalized": 21.047681646175334, "z_normalized": -0.07903730124235153}, "left_ear": {"x": 0.5196778774261475, "y": 0.4107271730899811, "z": -0.04028317704796791, "x_normalized": 26.984789411053374, "y_normalized": 21.212606627085318, "z_normalized": -0.04028317704796791}, "right_ear": {"x": 0.5083457231521606, "y": 0.41229677200317383, "z": -0.04527885839343071, "x_normalized": 26.38509030956219, "y_normalized": 21.29567000896179, "z_normalized": -0.04527885839343071}, "mouth_left": {"x": 0.5158149600028992, "y": 0.4172022044658661, "z": -0.06982375681400299, "x_normalized": 26.78036331060975, "y_normalized": 21.555266143039766, "z_normalized": -0.06982375681400299}, "mouth_right": {"x": 0.5118221640586853, "y": 0.41765379905700684, "z": -0.07128362357616425, "x_normalized": 26.56906402167585, "y_normalized": 21.5791645884719, "z_normalized": -0.07128362357616425}, "left_shoulder": {"x": 0.5295326113700867, "y": 0.437772661447525, "z": -0.012929677963256836, "x_normalized": 27.506303233467637, "y_normalized": 22.643857444473216, "z_normalized": -0.012929677963256836}, "right_shoulder": {"x": 0.498518168926239, "y": 0.4435964524745941, "z": 0.000108986088889651, "x_normalized": 25.865014841416656, "y_normalized": 22.95205323512027, "z_normalized": 0.000108986088889651}, "left_elbow": {"x": 0.5479692220687866, "y": 0.45031753182411194, "z": 0.04703884571790695, "x_normalized": 28.48197110766287, "y_normalized": 23.30773364234956, "z_normalized": 0.04703884571790695}, "right_elbow": {"x": 0.48929107189178467, "y": 0.4551723599433899, "z": 0.07486175000667572, "x_normalized": 25.376715647181676, "y_normalized": 23.56465178788773, "z_normalized": 0.07486175000667572}, "left_wrist": {"x": 0.5381643772125244, "y": 0.4736146032810211, "z": 0.10121336579322815, "x_normalized": 27.963097422360292, "y_normalized": 24.54061774207944, "z_normalized": 0.10121336579322815}, "right_wrist": {"x": 0.5004473924636841, "y": 0.4694029688835144, "z": 0.13415275514125824, "x_normalized": 25.96710960592558, "y_normalized": 24.31773749328227, "z_normalized": 0.13415275514125824}, "left_pinky": {"x": 0.5353812575340271, "y": 0.48243290185928345, "z": 0.10678063333034515, "x_normalized": 27.81581436124202, "y_normalized": 25.007283267998407, "z_normalized": 0.10678063333034515}, "right_pinky": {"x": 0.5019081830978394, "y": 0.4753062427043915, "z": 0.14073915779590607, "x_normalized": 26.0444148392986, "y_normalized": 24.63013952387966, "z_normalized": 0.14073915779590607}, "left_index": {"x": 0.5333321690559387, "y": 0.48127394914627075, "z": 0.0995752364397049, "x_normalized": 27.70737632823656, "y_normalized": 24.94595133729394, "z_normalized": 0.0995752364397049}, "right_index": {"x": 0.5035948157310486, "y": 0.47510403394699097, "z": 0.137772336602211, "x_normalized": 26.13367166110195, "y_normalized": 24.619438609720284, "z_normalized": 0.137772336602211}, "left_thumb": {"x": 0.5334171056747437, "y": 0.47732651233673096, "z": 0.09992550313472748, "x_normalized": 27.711871185326352, "y_normalized": 24.737052459760267, "z_normalized": 0.09992550313472748}, "right_thumb": {"x": 0.5029169917106628, "y": 0.4720908999443054, "z": 0.1341446191072464, "x_normalized": 26.097801124382592, "y_normalized": 24.459983160174296, "z_normalized": 0.1341446191072464}, "left_hip": {"x": 0.5260802507400513, "y": 0.5230347514152527, "z": -0.005457851570099592, "x_normalized": 27.323603852767505, "y_normalized": 27.155938511202105, "z_normalized": -0.005457851570099592}, "right_hip": {"x": 0.5071848034858704, "y": 0.5232245326042175, "z": 0.005460985004901886, "x_normalized": 26.32365428743038, "y_normalized": 27.16598175679782, "z_normalized": 0.005460985004901886}, "left_knee": {"x": 0.5229851007461548, "y": 0.5923790335655212, "z": -0.014130305498838425, "x_normalized": 27.1598081061299, "y_normalized": 30.82564708501918, "z_normalized": -0.014130305498838425}, "right_knee": {"x": 0.510254442691803, "y": 0.5928723216056824, "z": -0.00831577368080616, "x_normalized": 26.486099999798206, "y_normalized": 30.851751953282406, "z_normalized": -0.00831577368080616}, "left_ankle": {"x": 0.5215714573860168, "y": 0.6496898531913757, "z": 0.04210223630070686, "x_normalized": 27.08499791272742, "y_normalized": 33.85854323206895, "z_normalized": 0.04210223630070686}, "right_ankle": {"x": 0.5148259401321411, "y": 0.651193380355835, "z": 0.04740603268146515, "x_normalized": 26.72802424837054, "y_normalized": 33.938110088272424, "z_normalized": 0.04740603268146515}, "left_heel": {"x": 0.5214941501617432, "y": 0.6562402248382568, "z": 0.04533100500702858, "x_normalized": 27.080906804204293, "y_normalized": 34.205189765119194, "z_normalized": 0.04533100500702858}, "right_heel": {"x": 0.5168943405151367, "y": 0.6580249071121216, "z": 0.05032304674386978, "x_normalized": 26.837484269935363, "y_normalized": 34.299635386861276, "z_normalized": 0.05032304674386978}, "left_foot_index": {"x": 0.5214055180549622, "y": 0.669308066368103, "z": -3.0042237995075993e-05, "x_normalized": 27.076216381402528, "y_normalized": 34.89674166552593, "z_normalized": -3.0042237995075993e-05}, "right_foot_index": {"x": 0.5113738775253296, "y": 0.6719115376472473, "z": 0.008600672706961632, "x_normalized": 26.545340639098793, "y_normalized": 35.03451770961359, "z_normalized": 0.008600672706961632}}}