{"sequence_id": 1697925405990398000, "sequence_source": "mediapipe", "frame_number": 558, "image_dimensions": {"height": 1080, "width": 1920}, "joint_positions": {"nose": {"x": 0.518194317817688, "y": 0.4195809066295624, "z": -0.05485740676522255, "x_normalized": 32.82064054518731, "y_normalized": 26.485846349194187, "z_normalized": -0.05485740676522255}, "left_eye_inner": {"x": 0.5194836258888245, "y": 0.4160168766975403, "z": -0.048976000398397446, "x_normalized": 32.90359676186553, "y_normalized": 26.25653076054061, "z_normalized": -0.048976000398397446}, "left_eye": {"x": 0.5204107165336609, "y": 0.41617897152900696, "z": -0.04894525185227394, "x_normalized": 32.963247309422876, "y_normalized": 26.266960210462315, "z_normalized": -0.04894525185227394}, "left_eye_outer": {"x": 0.5214890241622925, "y": 0.41635778546333313, "z": -0.04897352680563927, "x_normalized": 33.0326274081666, "y_normalized": 26.27846539515256, "z_normalized": -0.04897352680563927}, "right_eye_inner": {"x": 0.5169150233268738, "y": 0.4159727692604065, "z": -0.04988683760166168, "x_normalized": 32.73832861885175, "y_normalized": 26.253692814983683, "z_normalized": -0.04988683760166168}, "right_eye": {"x": 0.5160490274429321, "y": 0.4161659777164459, "z": -0.04990801587700844, "x_normalized": 32.682609009396906, "y_normalized": 26.266124167041493, "z_normalized": -0.04990801587700844}, "right_eye_outer": {"x": 0.5152003169059753, "y": 0.41636645793914795, "z": -0.04985786974430084, "x_normalized": 32.62800156779545, "y_normalized": 26.279023396610036, "z_normalized": -0.04985786974430084}, "left_ear": {"x": 0.5236729979515076, "y": 0.4190433621406555, "z": -0.014043849892914295, "x_normalized": 33.173147898911665, "y_normalized": 26.451259846484536, "z_normalized": -0.014043849892914295}, "right_ear": {"x": 0.5131491422653198, "y": 0.4198605716228485, "z": -0.01886303350329399, "x_normalized": 32.49602559421367, "y_normalized": 26.503840458049726, "z_normalized": -0.01886303350329399}, "mouth_left": {"x": 0.5202977657318115, "y": 0.4249916076660156, "z": -0.04224936664104462, "x_normalized": 32.9559798677602, "y_normalized": 26.833979815205467, "z_normalized": -0.04224936664104462}, "mouth_right": {"x": 0.5168061852455139, "y": 0.4256725013256073, "z": -0.04354044049978256, "x_normalized": 32.731325796436955, "y_normalized": 26.87778964097513, "z_normalized": -0.04354044049978256}, "left_shoulder": {"x": 0.5318120718002319, "y": 0.441144734621048, "z": 0.00812477245926857, "x_normalized": 33.69682939045745, "y_normalized": 27.873298756667776, "z_normalized": 0.00812477245926857}, "right_shoulder": {"x": 0.5056709051132202, "y": 0.44520053267478943, "z": 0.017133014276623726, "x_normalized": 32.01486343022146, "y_normalized": 28.134255520750305, "z_normalized": 0.017133014276623726}, "left_elbow": {"x": 0.5469825863838196, "y": 0.44949018955230713, "z": 0.055174630135297775, "x_normalized": 34.672925424516094, "y_normalized": 28.410259148876886, "z_normalized": 0.055174630135297775}, "right_elbow": {"x": 0.49639490246772766, "y": 0.45397600531578064, "z": 0.07397601753473282, "x_normalized": 31.418030056884326, "y_normalized": 28.698883964608665, "z_normalized": 0.07397601753473282}, "left_wrist": {"x": 0.5371359586715698, "y": 0.4696575999259949, "z": 0.10327029973268509, "x_normalized": 34.03937708930162, "y_normalized": 29.707863734042803, "z_normalized": 0.10327029973268509}, "right_wrist": {"x": 0.5079516768455505, "y": 0.46866318583488464, "z": 0.12642215192317963, "x_normalized": 32.16161206094551, "y_normalized": 29.643881484449583, "z_normalized": 0.12642215192317963}, "left_pinky": {"x": 0.5351062417030334, "y": 0.4754074215888977, "z": 0.10659115761518478, "x_normalized": 33.90878173788267, "y_normalized": 30.077816782819127, "z_normalized": 0.10659115761518478}, "right_pinky": {"x": 0.5092611908912659, "y": 0.47262927889823914, "z": 0.12993304431438446, "x_normalized": 32.24586836349372, "y_normalized": 29.89906648087917, "z_normalized": 0.12993304431438446}, "left_index": {"x": 0.5337390303611755, "y": 0.4752825200557709, "z": 0.10107079148292542, "x_normalized": 33.82081309574107, "y_normalized": 30.069780411312994, "z_normalized": 0.10107079148292542}, "right_index": {"x": 0.5103799700737, "y": 0.47174346446990967, "z": 0.12954644858837128, "x_normalized": 32.317852469039, "y_normalized": 29.842071713454487, "z_normalized": 0.12954644858837128}, "left_thumb": {"x": 0.5338214039802551, "y": 0.47357192635536194, "z": 0.1020227000117302, "x_normalized": 33.82611315082171, "y_normalized": 29.959717979504568, "z_normalized": 0.1020227000117302}, "right_thumb": {"x": 0.5099756121635437, "y": 0.4677914083003998, "z": 0.12703366577625275, "x_normalized": 32.2918354113928, "y_normalized": 29.587789874023084, "z_normalized": 0.12703366577625275}, "left_hip": {"x": 0.5286061763763428, "y": 0.5104068517684937, "z": -0.003907010890543461, "x_normalized": 33.49055676920765, "y_normalized": 32.32973808742506, "z_normalized": -0.003907010890543461}, "right_hip": {"x": 0.5130740404129028, "y": 0.5109613537788391, "z": 0.00399218313395977, "x_normalized": 32.49119341664377, "y_normalized": 32.365415665149506, "z_normalized": 0.00399218313395977}, "left_knee": {"x": 0.5283237099647522, "y": 0.5667256116867065, "z": -0.016898473724722862, "x_normalized": 33.47238241245863, "y_normalized": 35.95338037697146, "z_normalized": -0.016898473724722862}, "right_knee": {"x": 0.5160582065582275, "y": 0.5704325437545776, "z": -0.015381318517029285, "x_normalized": 32.68319960887767, "y_normalized": 36.19189052572332, "z_normalized": -0.015381318517029285}, "left_ankle": {"x": 0.5312222838401794, "y": 0.6102848649024963, "z": 0.0409182533621788, "x_normalized": 33.65888145628747, "y_normalized": 38.75605487269932, "z_normalized": 0.0409182533621788}, "right_ankle": {"x": 0.5210157036781311, "y": 0.6186714172363281, "z": 0.034732747822999954, "x_normalized": 33.00217318429153, "y_normalized": 39.2956595398564, "z_normalized": 0.034732747822999954}, "left_heel": {"x": 0.5306932926177979, "y": 0.614284873008728, "z": 0.04477424919605255, "x_normalized": 33.62484528491216, "y_normalized": 39.01342201915849, "z_normalized": 0.04477424919605255}, "right_heel": {"x": 0.5232091546058655, "y": 0.6256153583526611, "z": 0.03715918958187103, "x_normalized": 33.143303449825176, "y_normalized": 39.74244421199417, "z_normalized": 0.03715918958187103}, "left_foot_index": {"x": 0.5319749712944031, "y": 0.6288907527923584, "z": 0.009572312235832214, "x_normalized": 33.70731061371026, "y_normalized": 39.953188515026916, "z_normalized": 0.009572312235832214}, "right_foot_index": {"x": 0.5165421962738037, "y": 0.6361081004142761, "z": 0.0008329639676958323, "x_normalized": 32.71434030877259, "y_normalized": 40.41756461455606, "z_normalized": 0.0008329639676958323}}}