{"sequence_id": 1697925405990398000, "sequence_source": "mediapipe", "frame_number": 529, "image_dimensions": {"height": 1080, "width": 1920}, "joint_positions": {"nose": {"x": 0.5137456655502319, "y": 0.41683292388916016, "z": -0.06584944576025009, "x_normalized": 32.21098451035793, "y_normalized": 26.04478527851117, "z_normalized": -0.06584944576025009}, "left_eye_inner": {"x": 0.5152571797370911, "y": 0.4125330448150635, "z": -0.060638178139925, "x_normalized": 32.30728086198356, "y_normalized": 25.77084629013338, "z_normalized": -0.060638178139925}, "left_eye": {"x": 0.5163954496383667, "y": 0.41237714886665344, "z": -0.06062346324324608, "x_normalized": 32.37979836768151, "y_normalized": 25.760914387941778, "z_normalized": -0.06062346324324608}, "left_eye_outer": {"x": 0.517500102519989, "y": 0.41231438517570496, "z": -0.060639698058366776, "x_normalized": 32.45017418236969, "y_normalized": 25.756915805258636, "z_normalized": -0.060639698058366776}, "right_eye_inner": {"x": 0.5123721957206726, "y": 0.4132971465587616, "z": -0.0603618249297142, "x_normalized": 32.12348276224053, "y_normalized": 25.81952609137415, "z_normalized": -0.0603618249297142}, "right_eye": {"x": 0.5115018486976624, "y": 0.41360411047935486, "z": -0.060362573713064194, "x_normalized": 32.06803423010451, "y_normalized": 25.839082312474034, "z_normalized": -0.060362573713064194}, "right_eye_outer": {"x": 0.5107280611991882, "y": 0.41384464502334595, "z": -0.06033333018422127, "x_normalized": 32.01873736363486, "y_normalized": 25.854406415434923, "z_normalized": -0.06033333018422127}, "left_ear": {"x": 0.5197028517723083, "y": 0.41532909870147705, "z": -0.028147345408797264, "x_normalized": 32.59050810605267, "y_normalized": 25.948978781744167, "z_normalized": -0.028147345408797264}, "right_ear": {"x": 0.5097171664237976, "y": 0.41692399978637695, "z": -0.027260206639766693, "x_normalized": 31.954334740362235, "y_normalized": 26.050587590324884, "z_normalized": -0.027260206639766693}, "mouth_left": {"x": 0.5164347887039185, "y": 0.42227089405059814, "z": -0.053997334092855453, "x_normalized": 32.38230460184189, "y_normalized": 26.391230380613464, "z_normalized": -0.053997334092855453}, "mouth_right": {"x": 0.5122556090354919, "y": 0.4226798713207245, "z": -0.05372925475239754, "x_normalized": 32.116055195547055, "y_normalized": 26.417285722570135, "z_normalized": -0.05372925475239754}, "left_shoulder": {"x": 0.5296922922134399, "y": 0.4388783872127533, "z": -0.005616733338683844, "x_normalized": 33.226920703185684, "y_normalized": 27.44926940867325, "z_normalized": -0.005616733338683844}, "right_shoulder": {"x": 0.5034300684928894, "y": 0.442680686712265, "z": 0.008001014590263367, "x_normalized": 31.553792953640723, "y_normalized": 27.6915083322468, "z_normalized": 0.008001014590263367}, "left_elbow": {"x": 0.5460148453712463, "y": 0.44949081540107727, "z": 0.03747737035155296, "x_normalized": 34.26680662154295, "y_normalized": 28.125371641327817, "z_normalized": 0.03747737035155296}, "right_elbow": {"x": 0.4979982376098633, "y": 0.46047013998031616, "z": 0.059064727276563644, "x_normalized": 31.20773897596043, "y_normalized": 28.824848304852356, "z_normalized": 0.059064727276563644}, "left_wrist": {"x": 0.536487877368927, "y": 0.4709579050540924, "z": 0.06922364979982376, "x_normalized": 33.65985746509226, "y_normalized": 29.49300843334568, "z_normalized": 0.06922364979982376}, "right_wrist": {"x": 0.5041314363479614, "y": 0.4755397140979767, "z": 0.09220309555530548, "x_normalized": 31.5984760708606, "y_normalized": 29.78490876653948, "z_normalized": 0.09220309555530548}, "left_pinky": {"x": 0.534453272819519, "y": 0.47914382815361023, "z": 0.0733732283115387, "x_normalized": 33.530235793782644, "y_normalized": 30.01452158619903, "z_normalized": 0.0733732283115387}, "right_pinky": {"x": 0.5057945251464844, "y": 0.4803541302680969, "z": 0.09814083576202393, "x_normalized": 31.704429018652625, "y_normalized": 30.09162815853761, "z_normalized": 0.09814083576202393}, "left_index": {"x": 0.5329567790031433, "y": 0.4780752658843994, "z": 0.06664500385522842, "x_normalized": 33.434896367927344, "y_normalized": 29.946445051486762, "z_normalized": 0.06664500385522842}, "right_index": {"x": 0.507098913192749, "y": 0.4790402352809906, "z": 0.09167683869600296, "x_normalized": 31.787529667691437, "y_normalized": 30.00792183624338, "z_normalized": 0.09167683869600296}, "left_thumb": {"x": 0.5330775380134583, "y": 0.4749314486980438, "z": 0.06795819103717804, "x_normalized": 33.44258974733479, "y_normalized": 29.746157070165825, "z_normalized": 0.06795819103717804}, "right_thumb": {"x": 0.5069143772125244, "y": 0.4774053394794464, "z": 0.09106142818927765, "x_normalized": 31.775773151084593, "y_normalized": 29.903765022932948, "z_normalized": 0.09106142818927765}, "left_hip": {"x": 0.5267936587333679, "y": 0.5101198554039001, "z": -0.004893208388239145, "x_normalized": 33.042253016135504, "y_normalized": 31.98795884401074, "z_normalized": -0.004893208388239145}, "right_hip": {"x": 0.5112028121948242, "y": 0.5119378566741943, "z": 0.004900401923805475, "x_normalized": 32.04898305316119, "y_normalized": 32.10378103814036, "z_normalized": 0.004900401923805475}, "left_knee": {"x": 0.5284696817398071, "y": 0.5643313527107239, "z": -0.01466598454862833, "x_normalized": 33.14902998334087, "y_normalized": 35.441693815335825, "z_normalized": -0.01466598454862833}, "right_knee": {"x": 0.5149526000022888, "y": 0.5687816739082336, "z": -0.005876260343939066, "x_normalized": 32.287876533863084, "y_normalized": 35.725217250714806, "z_normalized": -0.005876260343939066}, "left_ankle": {"x": 0.5311383605003357, "y": 0.6200173497200012, "z": 0.02457827515900135, "x_normalized": 33.319047592526324, "y_normalized": 38.9893669997811, "z_normalized": 0.02457827515900135}, "right_ankle": {"x": 0.5208898186683655, "y": 0.6193090677261353, "z": 0.03568418323993683, "x_normalized": 32.66612802585521, "y_normalized": 38.94424339292092, "z_normalized": 0.03568418323993683}, "left_heel": {"x": 0.5301903486251831, "y": 0.6256500482559204, "z": 0.025751328095793724, "x_normalized": 33.258651146585805, "y_normalized": 39.34821796097724, "z_normalized": 0.025751328095793724}, "right_heel": {"x": 0.5231388211250305, "y": 0.6252936124801636, "z": 0.03715335577726364, "x_normalized": 32.809408673338865, "y_normalized": 39.325509960554456, "z_normalized": 0.03715335577726364}, "left_foot_index": {"x": 0.5308539867401123, "y": 0.6382483839988708, "z": -0.014988642185926437, "x_normalized": 33.30093055740641, "y_normalized": 40.15083945083684, "z_normalized": -0.014988642185926437}, "right_foot_index": {"x": 0.5164504647254944, "y": 0.637444794178009, "z": 0.0013564018299803138, "x_normalized": 32.38330329818155, "y_normalized": 40.099643922124486, "z_normalized": 0.0013564018299803138}}}