{"sequence_id": 1697925405990398000, "sequence_source": "mediapipe", "frame_number": 72, "image_dimensions": {"height": 1080, "width": 1920}, "joint_positions": {"nose": {"x": 0.5162932276725769, "y": 0.39318913221359253, "z": -0.11088968068361282, "x_normalized": 14.936939283347229, "y_normalized": 11.185596767773333, "z_normalized": -0.11088968068361282}, "left_eye_inner": {"x": 0.5183004140853882, "y": 0.3841294050216675, "z": -0.099443219602108, "x_normalized": 14.997029620631961, "y_normalized": 10.914370309086843, "z_normalized": -0.099443219602108}, "left_eye": {"x": 0.5200927257537842, "y": 0.38387009501457214, "z": -0.09937528520822525, "x_normalized": 15.050687124482055, "y_normalized": 10.906607190679798, "z_normalized": -0.09937528520822525}, "left_eye_outer": {"x": 0.5218866467475891, "y": 0.3835611343383789, "z": -0.09940340369939804, "x_normalized": 15.104392807667166, "y_normalized": 10.897357650566498, "z_normalized": -0.09940340369939804}, "right_eye_inner": {"x": 0.513279378414154, "y": 0.38530218601226807, "z": -0.10143181681632996, "x_normalized": 14.846711879799635, "y_normalized": 10.949480553375318, "z_normalized": -0.10143181681632996}, "right_eye": {"x": 0.5113956928253174, "y": 0.38600727915763855, "z": -0.10147634148597717, "x_normalized": 14.79031886037248, "y_normalized": 10.970589347581992, "z_normalized": -0.10147634148597717}, "right_eye_outer": {"x": 0.5095464587211609, "y": 0.38679349422454834, "z": -0.10142754018306732, "x_normalized": 14.734957235598648, "y_normalized": 10.994126737157472, "z_normalized": -0.10142754018306732}, "left_ear": {"x": 0.5255728960037231, "y": 0.3884287178516388, "z": -0.028800971806049347, "x_normalized": 15.214750251152667, "y_normalized": 11.04308140258399, "z_normalized": -0.028800971806049347}, "right_ear": {"x": 0.5058581829071045, "y": 0.394411563873291, "z": -0.03745857998728752, "x_normalized": 14.62453912183942, "y_normalized": 11.222193433768064, "z_normalized": -0.03745857998728752}, "mouth_left": {"x": 0.5207153558731079, "y": 0.4039054214954376, "z": -0.08463024348020554, "x_normalized": 15.069327173874075, "y_normalized": 11.506416714180265, "z_normalized": -0.08463024348020554}, "mouth_right": {"x": 0.5128551721572876, "y": 0.4063517451286316, "z": -0.08717911690473557, "x_normalized": 14.834012163973192, "y_normalized": 11.579653764455205, "z_normalized": -0.08717911690473557}, "left_shoulder": {"x": 0.5454954504966736, "y": 0.4334586560726166, "z": 0.021266143769025803, "x_normalized": 15.811183652362335, "y_normalized": 12.39116953148846, "z_normalized": 0.021266143769025803}, "right_shoulder": {"x": 0.49075788259506226, "y": 0.4427827000617981, "z": 0.02535959705710411, "x_normalized": 14.17247242137761, "y_normalized": 12.67030899984649, "z_normalized": 0.02535959705710411}, "left_elbow": {"x": 0.5726665258407593, "y": 0.4569717049598694, "z": 0.0991625264286995, "x_normalized": 16.6246203473269, "y_normalized": 13.095093705750132, "z_normalized": 0.0991625264286995}, "right_elbow": {"x": 0.4751637279987335, "y": 0.45689457654953003, "z": 0.1130404993891716, "x_normalized": 13.705620910535023, "y_normalized": 13.092784666508962, "z_normalized": 0.1130404993891716}, "left_wrist": {"x": 0.5528011918067932, "y": 0.48001736402511597, "z": 0.18961381912231445, "x_normalized": 16.029899989140052, "y_normalized": 13.785025352029082, "z_normalized": 0.18961381912231445}, "right_wrist": {"x": 0.49789130687713623, "y": 0.4621359705924988, "z": 0.2084340900182724, "x_normalized": 14.38603000046891, "y_normalized": 13.249699407398946, "z_normalized": 0.2084340900182724}, "left_pinky": {"x": 0.5507372617721558, "y": 0.4919043779373169, "z": 0.19669486582279205, "x_normalized": 15.968110884191027, "y_normalized": 14.140893980240858, "z_normalized": 0.19669486582279205}, "right_pinky": {"x": 0.5034148693084717, "y": 0.46412619948387146, "z": 0.21295438706874847, "x_normalized": 14.551392184765158, "y_normalized": 13.30928207724619, "z_normalized": 0.21295438706874847}, "left_index": {"x": 0.5476713180541992, "y": 0.49071040749549866, "z": 0.18827836215496063, "x_normalized": 15.876323897724742, "y_normalized": 14.105149374707995, "z_normalized": 0.18827836215496063}, "right_index": {"x": 0.5055385828018188, "y": 0.46456918120384216, "z": 0.21515265107154846, "x_normalized": 14.614971062789063, "y_normalized": 13.322543885314493, "z_normalized": 0.21515265107154846}, "left_thumb": {"x": 0.5472026467323303, "y": 0.4869445860385895, "z": 0.18814682960510254, "x_normalized": 15.862293004715987, "y_normalized": 13.99240973076889, "z_normalized": 0.18814682960510254}, "right_thumb": {"x": 0.5039231181144714, "y": 0.4637588560581207, "z": 0.21021400392055511, "x_normalized": 14.566607932531362, "y_normalized": 13.29828469792367, "z_normalized": 0.21021400392055511}, "left_hip": {"x": 0.5363386869430542, "y": 0.5857897996902466, "z": -0.005436416249722242, "x_normalized": 15.53705215821632, "y_normalized": 16.95159787064397, "z_normalized": -0.005436416249722242}, "right_hip": {"x": 0.5029395818710327, "y": 0.5852919816970825, "z": 0.005524719133973122, "x_normalized": 14.53716322115689, "y_normalized": 16.936694396345466, "z_normalized": 0.005524719133973122}, "left_knee": {"x": 0.5313546657562256, "y": 0.7085690498352051, "z": -0.03443368896842003, "x_normalized": 15.387842542089375, "y_normalized": 20.627313541937127, "z_normalized": -0.03443368896842003}, "right_knee": {"x": 0.5037081837654114, "y": 0.7063356041908264, "z": -0.03214148432016373, "x_normalized": 14.560173314676907, "y_normalized": 20.56044954703301, "z_normalized": -0.03214148432016373}, "left_ankle": {"x": 0.5224805474281311, "y": 0.8063709139823914, "z": 0.0900229662656784, "x_normalized": 15.122172766708148, "y_normalized": 23.555266305152944, "z_normalized": 0.0900229662656784}, "right_ankle": {"x": 0.508245587348938, "y": 0.8079601526260376, "z": 0.08787211030721664, "x_normalized": 14.696012273126804, "y_normalized": 23.602844290691856, "z_normalized": 0.08787211030721664}, "left_heel": {"x": 0.520278811454773, "y": 0.8161897659301758, "z": 0.09819623082876205, "x_normalized": 15.056258083145838, "y_normalized": 23.8492191346088, "z_normalized": 0.09819623082876205}, "right_heel": {"x": 0.5100765824317932, "y": 0.8187999129295349, "z": 0.09497503936290741, "x_normalized": 14.750827865437115, "y_normalized": 23.92736066274646, "z_normalized": 0.09497503936290741}, "left_foot_index": {"x": 0.5243462920188904, "y": 0.8422356843948364, "z": 0.020027367398142815, "x_normalized": 15.178028675770856, "y_normalized": 24.628971336717424, "z_normalized": 0.020027367398142815}, "right_foot_index": {"x": 0.5072010159492493, "y": 0.8433368802070618, "z": 0.017295267432928085, "x_normalized": 14.664740315861328, "y_normalized": 24.66193849280756, "z_normalized": 0.017295267432928085}}}