{"sequence_id": 1697925405990398000, "sequence_source": "mediapipe", "frame_number": 475, "image_dimensions": {"height": 1080, "width": 1920}, "joint_positions": {"nose": {"x": 0.525692343711853, "y": 0.41345542669296265, "z": -0.08120782673358917, "x_normalized": 29.724564974574825, "y_normalized": 23.275878456327806, "z_normalized": -0.08120782673358917}, "left_eye_inner": {"x": 0.5274105668067932, "y": 0.40905746817588806, "z": -0.07609246671199799, "x_normalized": 29.823438008443556, "y_normalized": 23.022803344782336, "z_normalized": -0.07609246671199799}, "left_eye": {"x": 0.5286419987678528, "y": 0.40909478068351746, "z": -0.07607065141201019, "x_normalized": 29.894299245468844, "y_normalized": 23.024950447123956, "z_normalized": -0.07607065141201019}, "left_eye_outer": {"x": 0.5298284292221069, "y": 0.40916725993156433, "z": -0.07610618323087692, "x_normalized": 29.9625709261556, "y_normalized": 23.02912117627317, "z_normalized": -0.07610618323087692}, "right_eye_inner": {"x": 0.5241400599479675, "y": 0.40910789370536804, "z": -0.07630661129951477, "x_normalized": 29.63524071533719, "y_normalized": 23.02570501983187, "z_normalized": -0.07630661129951477}, "right_eye": {"x": 0.5231629014015198, "y": 0.4092061221599579, "z": -0.07632967084646225, "x_normalized": 29.5790113290936, "y_normalized": 23.031357455389358, "z_normalized": -0.07632967084646225}, "right_eye_outer": {"x": 0.52232426404953, "y": 0.40931272506713867, "z": -0.07628531754016876, "x_normalized": 29.530752974546367, "y_normalized": 23.03749178851713, "z_normalized": -0.07628531754016876}, "left_ear": {"x": 0.5319033861160278, "y": 0.41213688254356384, "z": -0.039211925119161606, "x_normalized": 30.081971767555615, "y_normalized": 23.200004455608788, "z_normalized": -0.039211925119161606}, "right_ear": {"x": 0.5208161473274231, "y": 0.41251400113105774, "z": -0.04057515785098076, "x_normalized": 29.443970253384034, "y_normalized": 23.22170528071329, "z_normalized": -0.04057515785098076}, "mouth_left": {"x": 0.5283347368240356, "y": 0.4193042516708374, "z": -0.06713507324457169, "x_normalized": 29.876618234971975, "y_normalized": 23.612441893190365, "z_normalized": -0.06713507324457169}, "mouth_right": {"x": 0.5236096978187561, "y": 0.4189354181289673, "z": -0.06746067851781845, "x_normalized": 29.604721679177896, "y_normalized": 23.59121782084223, "z_normalized": -0.06746067851781845}, "left_shoulder": {"x": 0.5413209795951843, "y": 0.43900927901268005, "z": -0.008478164672851562, "x_normalized": 30.623895596753705, "y_normalized": 24.746343446191023, "z_normalized": -0.008478164672851562}, "right_shoulder": {"x": 0.5125933289527893, "y": 0.440056174993515, "z": -0.0011205319315195084, "x_normalized": 28.97079828750501, "y_normalized": 24.806585787290356, "z_normalized": -0.0011205319315195084}, "left_elbow": {"x": 0.5546081066131592, "y": 0.4524710774421692, "z": 0.04893822968006134, "x_normalized": 31.388486972306186, "y_normalized": 25.520986073200554, "z_normalized": 0.04893822968006134}, "right_elbow": {"x": 0.5011539459228516, "y": 0.4511399269104004, "z": 0.05692800506949425, "x_normalized": 28.31253306624991, "y_normalized": 25.444386653719153, "z_normalized": 0.05692800506949425}, "left_wrist": {"x": 0.5457215905189514, "y": 0.4703177809715271, "z": 0.09808555990457535, "x_normalized": 30.87712333777873, "y_normalized": 26.54795266892358, "z_normalized": 0.09808555990457535}, "right_wrist": {"x": 0.5072508454322815, "y": 0.47233444452285767, "z": 0.09680971503257751, "x_normalized": 28.663371646795877, "y_normalized": 26.66399909164931, "z_normalized": 0.09680971503257751}, "left_pinky": {"x": 0.5433183312416077, "y": 0.4776028096675873, "z": 0.10392340272665024, "x_normalized": 30.738830739673233, "y_normalized": 26.967160681620737, "z_normalized": 0.10392340272665024}, "right_pinky": {"x": 0.5086955428123474, "y": 0.4808025658130646, "z": 0.10127870738506317, "x_normalized": 28.74650497995265, "y_normalized": 27.151286711980298, "z_normalized": 0.10127870738506317}, "left_index": {"x": 0.5420839786529541, "y": 0.4767308533191681, "z": 0.09665871411561966, "x_normalized": 30.667801438726634, "y_normalized": 26.916985026420207, "z_normalized": 0.09665871411561966}, "right_index": {"x": 0.5115853548049927, "y": 0.48037493228912354, "z": 0.0962706133723259, "x_normalized": 28.91279565539781, "y_normalized": 27.126679067012343, "z_normalized": 0.0962706133723259}, "left_thumb": {"x": 0.542206346988678, "y": 0.47361019253730774, "z": 0.09669419378042221, "x_normalized": 30.67484297404188, "y_normalized": 26.737410441439764, "z_normalized": 0.09669419378042221}, "right_thumb": {"x": 0.5110119581222534, "y": 0.47761890292167664, "z": 0.09610921889543533, "x_normalized": 28.879800248806173, "y_normalized": 26.96808674812591, "z_normalized": 0.09610921889543533}, "left_hip": {"x": 0.5343623757362366, "y": 0.517087459564209, "z": -0.003859488992020488, "x_normalized": 30.22347129966976, "y_normalized": 29.23925627736732, "z_normalized": -0.003859488992020488}, "right_hip": {"x": 0.5171458721160889, "y": 0.5147232413291931, "z": 0.003857878502458334, "x_normalized": 29.232768782314036, "y_normalized": 29.103210248005848, "z_normalized": 0.003857878502458334}, "left_knee": {"x": 0.5309573411941528, "y": 0.5817496180534363, "z": -0.0159479770809412, "x_normalized": 30.027532776555358, "y_normalized": 32.960160626259906, "z_normalized": -0.0159479770809412}, "right_knee": {"x": 0.5189895033836365, "y": 0.5813787579536438, "z": -0.005759527441114187, "x_normalized": 29.33885827517121, "y_normalized": 32.93881993812964, "z_normalized": -0.005759527441114187}, "left_ankle": {"x": 0.5281528234481812, "y": 0.6343173980712891, "z": 0.03821064531803131, "x_normalized": 29.8661502535876, "y_normalized": 35.98510884713695, "z_normalized": 0.03821064531803131}, "right_ankle": {"x": 0.5220640301704407, "y": 0.633884608745575, "z": 0.0451025627553463, "x_normalized": 29.515778136170162, "y_normalized": 35.96020451789974, "z_normalized": 0.0451025627553463}, "left_heel": {"x": 0.5275646448135376, "y": 0.6401364207267761, "z": 0.04095851629972458, "x_normalized": 29.83230423776158, "y_normalized": 36.31995734602697, "z_normalized": 0.04095851629972458}, "right_heel": {"x": 0.5235869884490967, "y": 0.640268087387085, "z": 0.04723270609974861, "x_normalized": 29.60341489644282, "y_normalized": 36.32753394198964, "z_normalized": 0.04723270609974861}, "left_foot_index": {"x": 0.529110848903656, "y": 0.6515786051750183, "z": -0.0004719950375147164, "x_normalized": 29.92127864965282, "y_normalized": 36.97838377145148, "z_normalized": -0.0004719950375147164}, "right_foot_index": {"x": 0.5187596082687378, "y": 0.6510167121887207, "z": 0.0082890335470438, "x_normalized": 29.325629243651047, "y_normalized": 36.946050330917245, "z_normalized": 0.0082890335470438}}}