{"sequence_id": 1697925405990398000, "sequence_source": "mediapipe", "frame_number": 268, "image_dimensions": {"height": 1080, "width": 1920}, "joint_positions": {"nose": {"x": 0.5117045640945435, "y": 0.40430760383605957, "z": -0.11972372978925705, "x_normalized": 20.675361742763247, "y_normalized": 16.197166253384736, "z_normalized": -0.11972372978925705}, "left_eye_inner": {"x": 0.5136303305625916, "y": 0.39948228001594543, "z": -0.110935740172863, "x_normalized": 20.75510908582086, "y_normalized": 15.997346202287503, "z_normalized": -0.110935740172863}, "left_eye": {"x": 0.5150465369224548, "y": 0.39968857169151306, "z": -0.11092161387205124, "x_normalized": 20.813755186630196, "y_normalized": 16.005888885574585, "z_normalized": -0.11092161387205124}, "left_eye_outer": {"x": 0.5166094899177551, "y": 0.3998822867870331, "z": -0.11095695197582245, "x_normalized": 20.878478168760772, "y_normalized": 16.013910763841857, "z_normalized": -0.11095695197582245}, "right_eye_inner": {"x": 0.5089474320411682, "y": 0.3994031846523285, "z": -0.11242878437042236, "x_normalized": 20.561186966452745, "y_normalized": 15.99407080768422, "z_normalized": -0.11242878437042236}, "right_eye": {"x": 0.5072696805000305, "y": 0.3996966779232025, "z": -0.11244186758995056, "x_normalized": 20.491710095847473, "y_normalized": 16.006224570326694, "z_normalized": -0.11244186758995056}, "right_eye_outer": {"x": 0.5058069825172424, "y": 0.40005984902381897, "z": -0.11240912973880768, "x_normalized": 20.431138744253992, "y_normalized": 16.02126374087515, "z_normalized": -0.11240912973880768}, "left_ear": {"x": 0.519307553768158, "y": 0.40421566367149353, "z": -0.060824427753686905, "x_normalized": 20.990206889267313, "y_normalized": 16.19335894654558, "z_normalized": -0.060824427753686905}, "right_ear": {"x": 0.5030149221420288, "y": 0.4049348831176758, "z": -0.06749711185693741, "x_normalized": 20.315517561585146, "y_normalized": 16.223142329349276, "z_normalized": -0.06749711185693741}, "mouth_left": {"x": 0.5151365399360657, "y": 0.41254496574401855, "z": -0.10131985694169998, "x_normalized": 20.817482274686682, "y_normalized": 16.538281200011436, "z_normalized": -0.10131985694169998}, "mouth_right": {"x": 0.5092507004737854, "y": 0.4129338562488556, "z": -0.10329226404428482, "x_normalized": 20.573745525413937, "y_normalized": 16.55438542916676, "z_normalized": -0.10329226404428482}, "left_shoulder": {"x": 0.5304981470108032, "y": 0.438111275434494, "z": -0.021393150091171265, "x_normalized": 21.453617221281228, "y_normalized": 17.597000054779965, "z_normalized": -0.021393150091171265}, "right_shoulder": {"x": 0.4922841191291809, "y": 0.4439219534397125, "z": -0.01809818297624588, "x_normalized": 19.871147466172378, "y_normalized": 17.83762431528501, "z_normalized": -0.01809818297624588}, "left_elbow": {"x": 0.5511226654052734, "y": 0.4559355080127716, "z": 0.05981022119522095, "x_normalized": 22.307693024911217, "y_normalized": 18.335114054448525, "z_normalized": 0.05981022119522095}, "right_elbow": {"x": 0.48380932211875916, "y": 0.46023494005203247, "z": 0.05556625872850418, "x_normalized": 19.52020016506024, "y_normalized": 18.5131565572528, "z_normalized": 0.05556625872850418}, "left_wrist": {"x": 0.5420820116996765, "y": 0.4807449281215668, "z": 0.11275091767311096, "x_normalized": 21.93331320031282, "y_normalized": 19.36248957962415, "z_normalized": 0.11275091767311096}, "right_wrist": {"x": 0.4838964343070984, "y": 0.4758467972278595, "z": 0.10408413410186768, "x_normalized": 19.523807542010275, "y_normalized": 19.15965453643354, "z_normalized": 0.10408413410186768}, "left_pinky": {"x": 0.5383402705192566, "y": 0.4906429648399353, "z": 0.12152490019798279, "x_normalized": 21.778365067972462, "y_normalized": 19.772374237433485, "z_normalized": 0.12152490019798279}, "right_pinky": {"x": 0.48405107855796814, "y": 0.47958406805992126, "z": 0.1089097112417221, "x_normalized": 19.530211469137793, "y_normalized": 19.314417548506196, "z_normalized": 0.1089097112417221}, "left_index": {"x": 0.5361812114715576, "y": 0.4872299134731293, "z": 0.10989721864461899, "x_normalized": 21.68895691521082, "y_normalized": 19.631037381310005, "z_normalized": 0.10989721864461899}, "right_index": {"x": 0.485056608915329, "y": 0.4779578745365143, "z": 0.10032980144023895, "x_normalized": 19.571851188020517, "y_normalized": 19.247075731655137, "z_normalized": 0.10032980144023895}, "left_thumb": {"x": 0.5365607738494873, "y": 0.4839974343776703, "z": 0.11000335961580276, "x_normalized": 21.704674860074196, "y_normalized": 19.49717814986674, "z_normalized": 0.11000335961580276}, "right_thumb": {"x": 0.48600903153419495, "y": 0.4782784879207611, "z": 0.10168918967247009, "x_normalized": 19.61129167812289, "y_normalized": 19.26035255725503, "z_normalized": 0.10168918967247009}, "left_hip": {"x": 0.5266870260238647, "y": 0.544187605381012, "z": -0.005364854354411364, "x_normalized": 21.295796022386067, "y_normalized": 21.98969543861412, "z_normalized": -0.005364854354411364}, "right_hip": {"x": 0.5026808381080627, "y": 0.5468040108680725, "z": 0.0053384797647595406, "x_normalized": 20.3016829069119, "y_normalized": 22.09804262889723, "z_normalized": 0.0053384797647595406}, "left_knee": {"x": 0.5244360566139221, "y": 0.6252065300941467, "z": -0.017933297902345657, "x_normalized": 21.202581796920384, "y_normalized": 25.344746058955423, "z_normalized": -0.017933297902345657}, "right_knee": {"x": 0.5056989192962646, "y": 0.6316531300544739, "z": 0.0017426531994715333, "x_normalized": 20.426663770315976, "y_normalized": 25.61170429460924, "z_normalized": 0.0017426531994715333}, "left_ankle": {"x": 0.5227503180503845, "y": 0.691144585609436, "z": 0.0657203197479248, "x_normalized": 21.13277417810348, "y_normalized": 28.075287285514133, "z_normalized": 0.0657203197479248}, "right_ankle": {"x": 0.5128894448280334, "y": 0.6913331151008606, "z": 0.08102355152368546, "x_normalized": 20.724428486786344, "y_normalized": 28.083094424270865, "z_normalized": 0.08102355152368546}, "left_heel": {"x": 0.5220469832420349, "y": 0.6981077194213867, "z": 0.07057168334722519, "x_normalized": 21.103648589317697, "y_normalized": 28.363635551033845, "z_normalized": 0.07057168334722519}, "right_heel": {"x": 0.5153486132621765, "y": 0.6989534497261047, "z": 0.08526597172021866, "x_normalized": 20.826264380186668, "y_normalized": 28.39865783741363, "z_normalized": 0.08526597172021866}, "left_foot_index": {"x": 0.5219782590866089, "y": 0.7155515551567078, "z": 0.01566348597407341, "x_normalized": 21.100802673735494, "y_normalized": 29.085997050055724, "z_normalized": 0.01566348597407341}, "right_foot_index": {"x": 0.5064280033111572, "y": 0.7155402302742004, "z": 0.03348119184374809, "x_normalized": 20.456855651843743, "y_normalized": 29.08552807871087, "z_normalized": 0.03348119184374809}}}