{"sequence_id": 1697925405990398000, "sequence_source": "mediapipe", "frame_number": 302, "image_dimensions": {"height": 1080, "width": 1920}, "joint_positions": {"nose": {"x": 0.5119649767875671, "y": 0.4216856360435486, "z": -0.11683463305234909, "x_normalized": 21.877901287725578, "y_normalized": 17.898741767164683, "z_normalized": -0.11683463305234909}, "left_eye_inner": {"x": 0.5137041807174683, "y": 0.41641342639923096, "z": -0.10994957387447357, "x_normalized": 21.95397334034831, "y_normalized": 17.668137521966486, "z_normalized": -0.10994957387447357}, "left_eye": {"x": 0.5149305462837219, "y": 0.41640567779541016, "z": -0.10990247130393982, "x_normalized": 22.007614057395248, "y_normalized": 17.667798601275546, "z_normalized": -0.10990247130393982}, "left_eye_outer": {"x": 0.516335129737854, "y": 0.4163445830345154, "z": -0.10994517058134079, "x_normalized": 22.06904995033382, "y_normalized": 17.66512634198159, "z_normalized": -0.10994517058134079}, "right_eye_inner": {"x": 0.5098806023597717, "y": 0.41654056310653687, "z": -0.11195814609527588, "x_normalized": 21.786731621862565, "y_normalized": 17.67369842838015, "z_normalized": -0.11195814609527588}, "right_eye": {"x": 0.5084770917892456, "y": 0.4167634844779968, "z": -0.11200284957885742, "x_normalized": 21.725342656404276, "y_normalized": 17.683448915950287, "z_normalized": -0.11200284957885742}, "right_eye_outer": {"x": 0.5070870518684387, "y": 0.41702309250831604, "z": -0.11195757985115051, "x_normalized": 21.664542891531777, "y_normalized": 17.694804062637914, "z_normalized": -0.11195757985115051}, "left_ear": {"x": 0.5189050436019897, "y": 0.4187200665473938, "z": -0.06400822103023529, "x_normalized": 22.181456908107616, "y_normalized": 17.769028997495017, "z_normalized": -0.06400822103023529}, "right_ear": {"x": 0.5038112998008728, "y": 0.42105066776275635, "z": -0.07434550672769547, "x_normalized": 21.521262865895533, "y_normalized": 17.870968520083224, "z_normalized": -0.07434550672769547}, "mouth_left": {"x": 0.514831006526947, "y": 0.4285939037799835, "z": -0.09953958541154861, "x_normalized": 22.00326023005778, "y_normalized": 18.200906509172746, "z_normalized": -0.09953958541154861}, "mouth_right": {"x": 0.5097832679748535, "y": 0.42949867248535156, "z": -0.10250444710254669, "x_normalized": 21.782474256567905, "y_normalized": 18.240480714004534, "z_normalized": -0.10250444710254669}, "left_shoulder": {"x": 0.5303213000297546, "y": 0.4480234682559967, "z": -0.02380887232720852, "x_normalized": 22.680799190399302, "y_normalized": 19.050747534623977, "z_normalized": -0.02380887232720852}, "right_shoulder": {"x": 0.4932164251804352, "y": 0.4543667137622833, "z": -0.023175695911049843, "x_normalized": 21.057847480384666, "y_normalized": 19.32819844055688, "z_normalized": -0.023175695911049843}, "left_elbow": {"x": 0.5490001440048218, "y": 0.4594873785972595, "z": 0.05797060206532478, "x_normalized": 23.49780401506287, "y_normalized": 19.55217417916495, "z_normalized": 0.05797060206532478}, "right_elbow": {"x": 0.48259106278419495, "y": 0.46258917450904846, "z": 0.060885366052389145, "x_normalized": 20.593098572309056, "y_normalized": 19.687845435289578, "z_normalized": 0.060885366052389145}, "left_wrist": {"x": 0.5400916934013367, "y": 0.47706490755081177, "z": 0.13992327451705933, "x_normalized": 23.108152110852977, "y_normalized": 20.32100794531691, "z_normalized": 0.13992327451705933}, "right_wrist": {"x": 0.4863702952861786, "y": 0.4732184410095215, "z": 0.13993576169013977, "x_normalized": 20.758400621609724, "y_normalized": 20.152765107251774, "z_normalized": 0.13993576169013977}, "left_pinky": {"x": 0.5373852252960205, "y": 0.4892328977584839, "z": 0.15071921050548553, "x_normalized": 22.989772327671915, "y_normalized": 20.85323074879431, "z_normalized": 0.15071921050548553}, "right_pinky": {"x": 0.4902693033218384, "y": 0.47871309518814087, "z": 0.14871732890605927, "x_normalized": 20.92894160266766, "y_normalized": 20.393098983362208, "z_normalized": 0.14871732890605927}, "left_index": {"x": 0.5356276631355286, "y": 0.48865994811058044, "z": 0.14230655133724213, "x_normalized": 22.91289729371988, "y_normalized": 20.828170170781494, "z_normalized": 0.14230655133724213}, "right_index": {"x": 0.49122095108032227, "y": 0.47877559065818787, "z": 0.14559465646743774, "x_normalized": 20.970566277679637, "y_normalized": 20.395832509088756, "z_normalized": 0.14559465646743774}, "left_thumb": {"x": 0.5358569622039795, "y": 0.48351147770881653, "z": 0.13866864144802094, "x_normalized": 22.922926739089483, "y_normalized": 20.60297822830939, "z_normalized": 0.13866864144802094}, "right_thumb": {"x": 0.49079152941703796, "y": 0.4773618280887604, "z": 0.14017190039157867, "x_normalized": 20.951783553695936, "y_normalized": 20.33399512548553, "z_normalized": 0.14017190039157867}, "left_hip": {"x": 0.5266433358192444, "y": 0.5449244976043701, "z": -0.001495896140113473, "x_normalized": 22.519926573821007, "y_normalized": 23.28915803787368, "z_normalized": -0.001495896140113473}, "right_hip": {"x": 0.5038220882415771, "y": 0.5462987422943115, "z": 0.0015303794061765075, "x_normalized": 21.521734747780613, "y_normalized": 23.349266925953106, "z_normalized": 0.0015303794061765075}, "left_knee": {"x": 0.526354968547821, "y": 0.6209942698478699, "z": -0.0009267537388950586, "x_normalized": 22.50731350995354, "y_normalized": 26.616418066222117, "z_normalized": -0.0009267537388950586}, "right_knee": {"x": 0.506768524646759, "y": 0.6255736351013184, "z": -0.03065996617078781, "x_normalized": 21.650610644051884, "y_normalized": 26.816717587485755, "z_normalized": -0.03065996617078781}, "left_ankle": {"x": 0.5254854559898376, "y": 0.6697098612785339, "z": 0.09452319145202637, "x_normalized": 22.469281394265533, "y_normalized": 28.747217664329934, "z_normalized": 0.09452319145202637}, "right_ankle": {"x": 0.5116322040557861, "y": 0.6905280351638794, "z": 0.03338078781962395, "x_normalized": 21.8633459475908, "y_normalized": 29.657795884679953, "z_normalized": 0.03338078781962395}, "left_heel": {"x": 0.5239241123199463, "y": 0.674735963344574, "z": 0.1013617217540741, "x_normalized": 22.40098887504101, "y_normalized": 28.967057266967412, "z_normalized": 0.1013617217540741}, "right_heel": {"x": 0.5136998891830444, "y": 0.6985417604446411, "z": 0.03657965362071991, "x_normalized": 21.95378563042717, "y_normalized": 30.00831287741516, "z_normalized": 0.03657965362071991}, "left_foot_index": {"x": 0.5277674794197083, "y": 0.6930586695671082, "z": 0.06066131219267845, "x_normalized": 22.569096144829768, "y_normalized": 29.7684847752589, "z_normalized": 0.06066131219267845}, "right_foot_index": {"x": 0.5090482234954834, "y": 0.7151549458503723, "z": -0.017015976831316948, "x_normalized": 21.750323718408836, "y_normalized": 30.73496666003845, "z_normalized": -0.017015976831316948}}}