{"sequence_id": 1697925405990398000, "sequence_source": "mediapipe", "frame_number": 89, "image_dimensions": {"height": 1080, "width": 1920}, "joint_positions": {"nose": {"x": 0.5208157300949097, "y": 0.4032525420188904, "z": -0.17547431588172913, "x_normalized": 15.78077513917048, "y_normalized": 12.030831108731988, "z_normalized": -0.17547431588172913}, "left_eye_inner": {"x": 0.5233675241470337, "y": 0.39374515414237976, "z": -0.16441462934017181, "x_normalized": 15.860652749632923, "y_normalized": 11.73322581230019, "z_normalized": -0.16441462934017181}, "left_eye": {"x": 0.5251471400260925, "y": 0.3935021460056305, "z": -0.16440673172473907, "x_normalized": 15.916359229488503, "y_normalized": 11.725619042752975, "z_normalized": -0.16440673172473907}, "left_eye_outer": {"x": 0.5269543528556824, "y": 0.3932594954967499, "z": -0.1644519418478012, "x_normalized": 15.972929563722392, "y_normalized": 11.718023467862931, "z_normalized": -0.1644519418478012}, "right_eye_inner": {"x": 0.5183042287826538, "y": 0.39450475573539734, "z": -0.16863605380058289, "x_normalized": 15.70215879341589, "y_normalized": 11.757003264129896, "z_normalized": -0.16863605380058289}, "right_eye": {"x": 0.5165733098983765, "y": 0.394876629114151, "z": -0.1686825007200241, "x_normalized": 15.647976652711662, "y_normalized": 11.768643841810809, "z_normalized": -0.1686825007200241}, "right_eye_outer": {"x": 0.5148752927780151, "y": 0.39518406987190247, "z": -0.16872437298297882, "x_normalized": 15.594824420467106, "y_normalized": 11.778267515424872, "z_normalized": -0.16872437298297882}, "left_ear": {"x": 0.5312476754188538, "y": 0.3978031575679779, "z": -0.08931448310613632, "x_normalized": 16.10732142305178, "y_normalized": 11.860251587211524, "z_normalized": -0.08931448310613632}, "right_ear": {"x": 0.5113468170166016, "y": 0.4004880487918854, "z": -0.10700245946645737, "x_normalized": 15.484374201272587, "y_normalized": 11.944295475917512, "z_normalized": -0.10700245946645737}, "mouth_left": {"x": 0.5249494910240173, "y": 0.4135574400424957, "z": -0.14614099264144897, "x_normalized": 15.910172315625722, "y_normalized": 12.353400490653542, "z_normalized": -0.14614099264144897}, "mouth_right": {"x": 0.5180131793022156, "y": 0.41530492901802063, "z": -0.15155106782913208, "x_normalized": 15.693048208255465, "y_normalized": 12.408101317139991, "z_normalized": -0.15155106782913208}, "left_shoulder": {"x": 0.5495182275772095, "y": 0.4423612654209137, "z": -0.039374496787786484, "x_normalized": 16.67923593434399, "y_normalized": 13.255033105358635, "z_normalized": -0.039374496787786484}, "right_shoulder": {"x": 0.4950816035270691, "y": 0.4451419413089752, "z": -0.0660410150885582, "x_normalized": 14.97523186428661, "y_normalized": 13.342075296410066, "z_normalized": -0.0660410150885582}, "left_elbow": {"x": 0.5805524587631226, "y": 0.46386364102363586, "z": -0.04075601324439049, "x_normalized": 17.650685894267824, "y_normalized": 13.928111867722603, "z_normalized": -0.04075601324439049}, "right_elbow": {"x": 0.48235878348350525, "y": 0.4552522301673889, "z": -0.09925653040409088, "x_normalized": 14.576975405236693, "y_normalized": 13.658552919054785, "z_normalized": -0.09925653040409088}, "left_wrist": {"x": 0.5650959014892578, "y": 0.4981584846973419, "z": -0.08540216088294983, "x_normalized": 17.166856542920076, "y_normalized": 15.001627248620402, "z_normalized": -0.08540216088294983}, "right_wrist": {"x": 0.5054595470428467, "y": 0.4393020570278168, "z": -0.1334255188703537, "x_normalized": 15.300087754935197, "y_normalized": 13.159272142147739, "z_normalized": -0.1334255188703537}, "left_pinky": {"x": 0.5598395466804504, "y": 0.5121033191680908, "z": -0.09781467169523239, "x_normalized": 17.00231933760728, "y_normalized": 15.438135851221215, "z_normalized": -0.09781467169523239}, "right_pinky": {"x": 0.512326180934906, "y": 0.4374873638153076, "z": -0.15101511776447296, "x_normalized": 15.515030769933439, "y_normalized": 13.102467653001371, "z_normalized": -0.15101511776447296}, "left_index": {"x": 0.5562306046485901, "y": 0.5068826079368591, "z": -0.10665465146303177, "x_normalized": 16.889350320549447, "y_normalized": 15.274714380073057, "z_normalized": -0.10665465146303177}, "right_index": {"x": 0.5135509371757507, "y": 0.43884727358818054, "z": -0.1456545740365982, "x_normalized": 15.55336873918931, "y_normalized": 13.145036269779515, "z_normalized": -0.1456545740365982}, "left_thumb": {"x": 0.5571657419204712, "y": 0.5025677680969238, "z": -0.08972950279712677, "x_normalized": 16.918622483273573, "y_normalized": 15.139648975537257, "z_normalized": -0.08972950279712677}, "right_thumb": {"x": 0.511849582195282, "y": 0.44106921553611755, "z": -0.13332514464855194, "x_normalized": 15.500112023477826, "y_normalized": 13.214588674778556, "z_normalized": -0.13332514464855194}, "left_hip": {"x": 0.5380455851554871, "y": 0.592279851436615, "z": -0.0011683941120281816, "x_normalized": 16.320113198097133, "y_normalized": 17.947864176453386, "z_normalized": -0.0011683941120281816}, "right_hip": {"x": 0.5061044096946716, "y": 0.591707706451416, "z": 0.0012180253397673368, "x_normalized": 15.320273587589433, "y_normalized": 17.92995459075711, "z_normalized": 0.0012180253397673368}, "left_knee": {"x": 0.5322490930557251, "y": 0.7099651098251343, "z": -0.0501718707382679, "x_normalized": 16.1386683289048, "y_normalized": 21.631710535020403, "z_normalized": -0.0501718707382679}, "right_knee": {"x": 0.5044357180595398, "y": 0.7046045660972595, "z": 0.019925866276025772, "x_normalized": 15.268039317232837, "y_normalized": 21.46391195291866, "z_normalized": 0.019925866276025772}, "left_ankle": {"x": 0.5245054960250854, "y": 0.802160382270813, "z": 0.06027791649103165, "x_normalized": 15.896274148748802, "y_normalized": 24.51765583799847, "z_normalized": 0.06027791649103165}, "right_ankle": {"x": 0.5053035020828247, "y": 0.7626969218254089, "z": 0.22663667798042297, "x_normalized": 15.295203152856558, "y_normalized": 23.28234967434699, "z_normalized": 0.22663667798042297}, "left_heel": {"x": 0.5213409066200256, "y": 0.8076695203781128, "z": 0.06737680733203888, "x_normalized": 15.797214493225056, "y_normalized": 24.69010580015447, "z_normalized": 0.06737680733203888}, "right_heel": {"x": 0.5069746375083923, "y": 0.7665160298347473, "z": 0.24442079663276672, "x_normalized": 15.34751392003715, "y_normalized": 23.401897418268565, "z_normalized": 0.24442079663276672}, "left_foot_index": {"x": 0.5230320692062378, "y": 0.8401397466659546, "z": -0.01965538039803505, "x_normalized": 15.850152161207188, "y_normalized": 25.706506040169426, "z_normalized": -0.01965538039803505}, "right_foot_index": {"x": 0.5034967064857483, "y": 0.8029677867889404, "z": 0.18588082492351532, "x_normalized": 15.238645879056033, "y_normalized": 24.542929642336606, "z_normalized": 0.18588082492351532}}}