{"sequence_id": 1697925405990398000, "sequence_source": "mediapipe", "frame_number": 275, "image_dimensions": {"height": 1080, "width": 1920}, "joint_positions": {"nose": {"x": 0.513219952583313, "y": 0.4024278223514557, "z": -0.12111707031726837, "x_normalized": 21.624706322265325, "y_normalized": 16.819247711544158, "z_normalized": -0.12111707031726837}, "left_eye_inner": {"x": 0.5151781439781189, "y": 0.397832453250885, "z": -0.11295711249113083, "x_normalized": 21.709185045033237, "y_normalized": 16.620997983099294, "z_normalized": -0.11295711249113083}, "left_eye": {"x": 0.5166785717010498, "y": 0.398197203874588, "z": -0.11293010413646698, "x_normalized": 21.77391529457625, "y_normalized": 16.63673376199249, "z_normalized": -0.11293010413646698}, "left_eye_outer": {"x": 0.518217921257019, "y": 0.3985508382320404, "z": -0.1129639521241188, "x_normalized": 21.840324678626537, "y_normalized": 16.651989971841882, "z_normalized": -0.1129639521241188}, "right_eye_inner": {"x": 0.5109743475914001, "y": 0.3973967432975769, "z": -0.11401430517435074, "x_normalized": 21.527828232584593, "y_normalized": 16.60220093371466, "z_normalized": -0.11401430517435074}, "right_eye": {"x": 0.5095124244689941, "y": 0.3976721167564392, "z": -0.11404243856668472, "x_normalized": 21.46475911763836, "y_normalized": 16.61408087463901, "z_normalized": -0.11404243856668472}, "right_eye_outer": {"x": 0.5080835819244385, "y": 0.3980553150177002, "z": -0.11398955434560776, "x_normalized": 21.403117138452522, "y_normalized": 16.63061250671751, "z_normalized": -0.11398955434560776}, "left_ear": {"x": 0.5213419198989868, "y": 0.4031115770339966, "z": -0.06219245493412018, "x_normalized": 21.975097722723326, "y_normalized": 16.848745707715956, "z_normalized": -0.06219245493412018}, "right_ear": {"x": 0.5053606629371643, "y": 0.403264582157135, "z": -0.06794241815805435, "x_normalized": 21.285647151169577, "y_normalized": 16.855346532034748, "z_normalized": -0.06794241815805435}, "mouth_left": {"x": 0.5163025856018066, "y": 0.41156482696533203, "z": -0.10247201472520828, "x_normalized": 21.757694803807674, "y_normalized": 17.213429037104163, "z_normalized": -0.10247201472520828}, "mouth_right": {"x": 0.5111497044563293, "y": 0.41160398721694946, "z": -0.10407650470733643, "x_normalized": 21.53539333782257, "y_normalized": 17.215118457274574, "z_normalized": -0.10407650470733643}, "left_shoulder": {"x": 0.5321946740150452, "y": 0.43641263246536255, "z": -0.02160050719976425, "x_normalized": 22.44329853734782, "y_normalized": 18.285393135095784, "z_normalized": -0.02160050719976425}, "right_shoulder": {"x": 0.49413853883743286, "y": 0.4421429932117462, "z": -0.011570975184440613, "x_normalized": 20.801511272928586, "y_normalized": 18.532607762908942, "z_normalized": -0.011570975184440613}, "left_elbow": {"x": 0.5518489480018616, "y": 0.45338666439056396, "z": 0.07010672241449356, "x_normalized": 23.291207463789313, "y_normalized": 19.01767320795603, "z_normalized": 0.07010672241449356}, "right_elbow": {"x": 0.48420464992523193, "y": 0.45862606167793274, "z": 0.08496620506048203, "x_normalized": 20.372951404037813, "y_normalized": 19.243707083952327, "z_normalized": 0.08496620506048203}, "left_wrist": {"x": 0.5433212518692017, "y": 0.4772583544254303, "z": 0.14795348048210144, "x_normalized": 22.923312436086274, "y_normalized": 20.04752651535292, "z_normalized": 0.14795348048210144}, "right_wrist": {"x": 0.48402392864227295, "y": 0.47836801409721375, "z": 0.1584104597568512, "x_normalized": 20.365154871379236, "y_normalized": 20.095398563012804, "z_normalized": 0.1584104597568512}, "left_pinky": {"x": 0.5402598977088928, "y": 0.48740285634994507, "z": 0.16121381521224976, "x_normalized": 22.79124194997899, "y_normalized": 20.48517248191819, "z_normalized": 0.16121381521224976}, "right_pinky": {"x": 0.48249852657318115, "y": 0.48068633675575256, "z": 0.17074446380138397, "x_normalized": 20.29934719862252, "y_normalized": 20.195413779950616, "z_normalized": 0.17074446380138397}, "left_index": {"x": 0.5369731783866882, "y": 0.4856843054294586, "z": 0.14942219853401184, "x_normalized": 22.64944894079054, "y_normalized": 20.41103213631183, "z_normalized": 0.14942219853401184}, "right_index": {"x": 0.48466718196868896, "y": 0.4786711037158966, "z": 0.1621268093585968, "x_normalized": 20.392905590525473, "y_normalized": 20.108474212276946, "z_normalized": 0.1621268093585968}, "left_thumb": {"x": 0.5377098321914673, "y": 0.4816233813762665, "z": 0.14596563577651978, "x_normalized": 22.681229068471072, "y_normalized": 20.235839007498615, "z_normalized": 0.14596563577651978}, "right_thumb": {"x": 0.48564067482948303, "y": 0.4788167178630829, "z": 0.15730074048042297, "x_normalized": 20.434903238825687, "y_normalized": 20.11475618103846, "z_normalized": 0.15730074048042297}, "left_hip": {"x": 0.5277937054634094, "y": 0.5414127707481384, "z": -0.005646239034831524, "x_normalized": 22.25343548148408, "y_normalized": 22.815224895214527, "z_normalized": -0.005646239034831524}, "right_hip": {"x": 0.5046408772468567, "y": 0.5425285696983337, "z": 0.00560136279091239, "x_normalized": 21.254594734156054, "y_normalized": 22.863361798700215, "z_normalized": 0.00560136279091239}, "left_knee": {"x": 0.5257154107093811, "y": 0.6249468922615051, "z": -0.018719753250479698, "x_normalized": 22.163775355910417, "y_normalized": 26.418986974706364, "z_normalized": -0.018719753250479698}, "right_knee": {"x": 0.5083360075950623, "y": 0.6272280812263489, "z": -0.004844197072088718, "x_normalized": 21.414007084299843, "y_normalized": 26.517400199610435, "z_normalized": -0.004844197072088718}, "left_ankle": {"x": 0.5227037072181702, "y": 0.6918765902519226, "z": 0.060870248824357986, "x_normalized": 22.033846859151613, "y_normalized": 29.30641433061759, "z_normalized": 0.060870248824357986}, "right_ankle": {"x": 0.513282060623169, "y": 0.6911678910255432, "z": 0.06996980309486389, "x_normalized": 21.627385737512764, "y_normalized": 29.27584019693998, "z_normalized": 0.06996980309486389}, "left_heel": {"x": 0.522197425365448, "y": 0.6996341943740845, "z": 0.06550998985767365, "x_normalized": 22.012005253478137, "y_normalized": 29.64108666638499, "z_normalized": 0.06550998985767365}, "right_heel": {"x": 0.5152084827423096, "y": 0.6991420984268188, "z": 0.0740012675523758, "x_normalized": 21.710493895667543, "y_normalized": 29.619857057668227, "z_normalized": 0.0740012675523758}, "left_foot_index": {"x": 0.5216479301452637, "y": 0.7157138586044312, "z": 0.014582505449652672, "x_normalized": 21.988299371360906, "y_normalized": 30.334782645398935, "z_normalized": 0.014582505449652672}, "right_foot_index": {"x": 0.5087383985519409, "y": 0.7154043316841125, "z": 0.02555128000676632, "x_normalized": 21.43136671226095, "y_normalized": 30.321429283230067, "z_normalized": 0.02555128000676632}}}