{"sequence_id": 1697925405990398000, "sequence_source": "mediapipe", "frame_number": 395, "image_dimensions": {"height": 1080, "width": 1920}, "joint_positions": {"nose": {"x": 0.511195182800293, "y": 0.40900227427482605, "z": -0.08802837878465652, "x_normalized": 26.118853287005436, "y_normalized": 20.780455420561083, "z_normalized": -0.08802837878465652}, "left_eye_inner": {"x": 0.513100802898407, "y": 0.4062682092189789, "z": -0.08113568276166916, "x_normalized": 26.218137237646815, "y_normalized": 20.638008990486327, "z_normalized": -0.08113568276166916}, "left_eye": {"x": 0.5143191814422607, "y": 0.40657058358192444, "z": -0.0811215192079544, "x_normalized": 26.28161549090947, "y_normalized": 20.653762876245413, "z_normalized": -0.0811215192079544}, "left_eye_outer": {"x": 0.5154973268508911, "y": 0.40689730644226074, "z": -0.0811496302485466, "x_normalized": 26.342997573683782, "y_normalized": 20.67078533332967, "z_normalized": -0.0811496302485466}, "right_eye_inner": {"x": 0.5098483562469482, "y": 0.40626898407936096, "z": -0.08220275491476059, "x_normalized": 26.04868281536887, "y_normalized": 20.638049361177213, "z_normalized": -0.08220275491476059}, "right_eye": {"x": 0.50879967212677, "y": 0.40669316053390503, "z": -0.08222916722297668, "x_normalized": 25.994045743410396, "y_normalized": 20.660149208999908, "z_normalized": -0.08222916722297668}, "right_eye_outer": {"x": 0.5078068971633911, "y": 0.4071079194545746, "z": -0.08220534771680832, "x_normalized": 25.942321572071283, "y_normalized": 20.68175839765644, "z_normalized": -0.08220534771680832}, "left_ear": {"x": 0.5178249478340149, "y": 0.4113871157169342, "z": -0.041987285017967224, "x_normalized": 26.464268023669597, "y_normalized": 20.90470709079699, "z_normalized": -0.041987285017967224}, "right_ear": {"x": 0.5059177875518799, "y": 0.4121154248714447, "z": -0.04683072119951248, "x_normalized": 25.843897827689567, "y_normalized": 20.942652434792706, "z_normalized": -0.04683072119951248}, "mouth_left": {"x": 0.5140060782432556, "y": 0.41607487201690674, "z": -0.07386086881160736, "x_normalized": 26.265302626353492, "y_normalized": 21.148942007066978, "z_normalized": -0.07386086881160736}, "mouth_right": {"x": 0.5093372464179993, "y": 0.416534423828125, "z": -0.07534424960613251, "x_normalized": 26.02205368657247, "y_normalized": 21.17288493220054, "z_normalized": -0.07534424960613251}, "left_shoulder": {"x": 0.5277903079986572, "y": 0.43990054726600647, "z": -0.016124341636896133, "x_normalized": 26.983469268287614, "y_normalized": 22.390273984920412, "z_normalized": -0.016124341636896133}, "right_shoulder": {"x": 0.49635589122772217, "y": 0.44691237807273865, "z": -0.002342896768823266, "x_normalized": 25.345717291272468, "y_normalized": 22.755594577629463, "z_normalized": -0.002342896768823266}, "left_elbow": {"x": 0.5466596484184265, "y": 0.45202580094337463, "z": 0.04210524633526802, "x_normalized": 27.966573227322183, "y_normalized": 23.022006977666155, "z_normalized": 0.04210524633526802}, "right_elbow": {"x": 0.4886271357536316, "y": 0.45852306485176086, "z": 0.06889045983552933, "x_normalized": 24.943044493179958, "y_normalized": 23.360518326188696, "z_normalized": 0.06889045983552933}, "left_wrist": {"x": 0.5376719236373901, "y": 0.4745686948299408, "z": 0.08343767374753952, "x_normalized": 27.498307372852107, "y_normalized": 24.196505276756696, "z_normalized": 0.08343767374753952}, "right_wrist": {"x": 0.48478594422340393, "y": 0.47292929887771606, "z": 0.11825266480445862, "x_normalized": 24.742916109422545, "y_normalized": 24.111091763872654, "z_normalized": 0.11825266480445862}, "left_pinky": {"x": 0.5352987051010132, "y": 0.484169065952301, "z": 0.09038189053535461, "x_normalized": 27.3746612629795, "y_normalized": 24.69669037324821, "z_normalized": 0.09038189053535461}, "right_pinky": {"x": 0.48511388897895813, "y": 0.4758777618408203, "z": 0.12327548116445541, "x_normalized": 24.76000222798089, "y_normalized": 24.264708453571977, "z_normalized": 0.12327548116445541}, "left_index": {"x": 0.5332663059234619, "y": 0.48167628049850464, "z": 0.08115915209054947, "x_normalized": 27.26877204622151, "y_normalized": 24.566814755228013, "z_normalized": 0.08115915209054947}, "right_index": {"x": 0.4850814640522003, "y": 0.47399672865867615, "z": 0.11702867597341537, "x_normalized": 24.75831286983917, "y_normalized": 24.16670549600681, "z_normalized": 0.11702867597341537}, "left_thumb": {"x": 0.5334872007369995, "y": 0.47805097699165344, "z": 0.08163996040821075, "x_normalized": 27.280280798561975, "y_normalized": 24.37793426703918, "z_normalized": 0.08163996040821075}, "right_thumb": {"x": 0.4852636158466339, "y": 0.47360289096832275, "z": 0.1164393201470375, "x_normalized": 24.7678030876353, "y_normalized": 24.146186316004215, "z_normalized": 0.1164393201470375}, "left_hip": {"x": 0.5242505669593811, "y": 0.5276618599891663, "z": -0.006999326404184103, "x_normalized": 26.799046636003997, "y_normalized": 26.962691041841808, "z_normalized": -0.006999326404184103}, "right_hip": {"x": 0.5051944255828857, "y": 0.5299551486968994, "z": 0.0069702123291790485, "x_normalized": 25.806210235027976, "y_normalized": 27.082172759677565, "z_normalized": 0.0069702123291790485}, "left_knee": {"x": 0.522153913974762, "y": 0.5941720008850098, "z": -0.019795799627900124, "x_normalized": 26.68980975734017, "y_normalized": 30.42790929409963, "z_normalized": -0.019795799627900124}, "right_knee": {"x": 0.5090557932853699, "y": 0.6000491976737976, "z": -0.009715600870549679, "x_normalized": 26.007389809467323, "y_normalized": 30.734114773599547, "z_normalized": -0.009715600870549679}, "left_ankle": {"x": 0.5238851308822632, "y": 0.6510365605354309, "z": 0.051449600607156754, "x_normalized": 26.780007197094285, "y_normalized": 33.390586975324595, "z_normalized": 0.051449600607156754}, "right_ankle": {"x": 0.5151400566101074, "y": 0.6499072313308716, "z": 0.06596430391073227, "x_normalized": 26.324383579747263, "y_normalized": 33.331748246076145, "z_normalized": 0.06596430391073227}, "left_heel": {"x": 0.5238423347473145, "y": 0.6568301320075989, "z": 0.05584132298827171, "x_normalized": 26.77777749278224, "y_normalized": 33.69243552564651, "z_normalized": 0.05584132298827171}, "right_heel": {"x": 0.5170792937278748, "y": 0.6552753448486328, "z": 0.07042881846427917, "x_normalized": 26.425418997285572, "y_normalized": 33.611430181663515, "z_normalized": 0.07042881846427917}, "left_foot_index": {"x": 0.5217978358268738, "y": 0.6711484789848328, "z": 0.010163330473005772, "x_normalized": 26.671257872158865, "y_normalized": 34.438429995352585, "z_normalized": 0.010163330473005772}, "right_foot_index": {"x": 0.5109620094299316, "y": 0.671116054058075, "z": 0.030493056401610374, "x_normalized": 26.106704814486307, "y_normalized": 34.43674063721087, "z_normalized": 0.030493056401610374}}}