{"sequence_id": 1697925405990398000, "sequence_source": "mediapipe", "frame_number": 337, "image_dimensions": {"height": 1080, "width": 1920}, "joint_positions": {"nose": {"x": 0.5227132439613342, "y": 0.40761464834213257, "z": -0.12856744229793549, "x_normalized": 24.992646903282598, "y_normalized": 19.364511700667208, "z_normalized": -0.12856744229793549}, "left_eye_inner": {"x": 0.5242317914962769, "y": 0.40302935242652893, "z": -0.12170486152172089, "x_normalized": 25.066774684234208, "y_normalized": 19.14068083373092, "z_normalized": -0.12170486152172089}, "left_eye": {"x": 0.5253458619117737, "y": 0.40318676829338074, "z": -0.12169262766838074, "x_normalized": 25.12115794575505, "y_normalized": 19.14836507714628, "z_normalized": -0.12169262766838074}, "left_eye_outer": {"x": 0.5264571905136108, "y": 0.4033947288990021, "z": -0.1217317283153534, "x_normalized": 25.17540736585329, "y_normalized": 19.158516658091454, "z_normalized": -0.1217317283153534}, "right_eye_inner": {"x": 0.5209078788757324, "y": 0.4033326208591461, "z": -0.12184648960828781, "x_normalized": 24.904518145687774, "y_normalized": 19.155484858909777, "z_normalized": -0.12184648960828781}, "right_eye": {"x": 0.5196437239646912, "y": 0.40378043055534363, "z": -0.1218559667468071, "x_normalized": 24.842808521077234, "y_normalized": 19.17734465473697, "z_normalized": -0.1218559667468071}, "right_eye_outer": {"x": 0.5184372067451477, "y": 0.40420353412628174, "z": -0.12182386964559555, "x_normalized": 24.7839124759376, "y_normalized": 19.197998422962627, "z_normalized": -0.12182386964559555}, "left_ear": {"x": 0.529262900352478, "y": 0.40799540281295776, "z": -0.07560965418815613, "x_normalized": 25.31236787552688, "y_normalized": 19.383098200832805, "z_normalized": -0.07560965418815613}, "right_ear": {"x": 0.5165218710899353, "y": 0.4091040790081024, "z": -0.07650293409824371, "x_normalized": 24.690415513457754, "y_normalized": 19.437218143902648, "z_normalized": -0.07650293409824371}, "mouth_left": {"x": 0.52548748254776, "y": 0.41493549942970276, "z": -0.11115750670433044, "x_normalized": 25.128071146192347, "y_normalized": 19.721878482616027, "z_normalized": -0.11115750670433044}, "mouth_right": {"x": 0.5209753513336182, "y": 0.4154953956604004, "z": -0.11143885552883148, "x_normalized": 24.90781180852238, "y_normalized": 19.749209773991343, "z_normalized": -0.11143885552883148}, "left_shoulder": {"x": 0.5411771535873413, "y": 0.43813177943229675, "z": -0.032257676124572754, "x_normalized": 25.893961229487527, "y_normalized": 20.85420310424169, "z_normalized": -0.032257676124572754}, "right_shoulder": {"x": 0.506889820098877, "y": 0.4415520131587982, "z": -0.030807802453637123, "x_normalized": 24.22022768624108, "y_normalized": 21.02116155015625, "z_normalized": -0.030807802453637123}, "left_elbow": {"x": 0.5567024946212769, "y": 0.45207467675209045, "z": 0.04671205207705498, "x_normalized": 26.651829556214683, "y_normalized": 21.534824562951247, "z_normalized": 0.04671205207705498}, "right_elbow": {"x": 0.4943150281906128, "y": 0.45501014590263367, "z": 0.03945690765976906, "x_normalized": 23.606390187816576, "y_normalized": 21.678119263429554, "z_normalized": 0.03945690765976906}, "left_wrist": {"x": 0.5603896975517273, "y": 0.4689789116382599, "z": 0.10660600662231445, "x_normalized": 26.831820083256623, "y_normalized": 22.360003486865455, "z_normalized": 0.10660600662231445}, "right_wrist": {"x": 0.5029918551445007, "y": 0.4719056189060211, "z": 0.09334417432546616, "x_normalized": 24.029948827235216, "y_normalized": 22.502870476710644, "z_normalized": 0.09334417432546616}, "left_pinky": {"x": 0.5625013113021851, "y": 0.47521379590034485, "z": 0.11792518198490143, "x_normalized": 26.934898345837485, "y_normalized": 22.664358881875156, "z_normalized": 0.11792518198490143}, "right_pinky": {"x": 0.5037090182304382, "y": 0.47711870074272156, "z": 0.10156228393316269, "x_normalized": 24.064957088035538, "y_normalized": 22.757346665029864, "z_normalized": 0.10156228393316269}, "left_index": {"x": 0.558078944683075, "y": 0.4742211699485779, "z": 0.10604201257228851, "x_normalized": 26.719020859959844, "y_normalized": 22.615903922496987, "z_normalized": 0.10604201257228851}, "right_index": {"x": 0.5057294964790344, "y": 0.47390010952949524, "z": 0.09607353061437607, "x_normalized": 24.16358657811277, "y_normalized": 22.60023138286925, "z_normalized": 0.09607353061437607}, "left_thumb": {"x": 0.5569401979446411, "y": 0.4722002148628235, "z": 0.10374273359775543, "x_normalized": 26.66343302563553, "y_normalized": 22.517251155650605, "z_normalized": 0.10374273359775543}, "right_thumb": {"x": 0.5053438544273376, "y": 0.47347626090049744, "z": 0.09324739128351212, "x_normalized": 24.144761491063395, "y_normalized": 22.5795412446918, "z_normalized": 0.09324739128351212}, "left_hip": {"x": 0.5337668657302856, "y": 0.5340209007263184, "z": -0.004451730288565159, "x_normalized": 25.532228598525172, "y_normalized": 25.535023174318802, "z_normalized": -0.004451730288565159}, "right_hip": {"x": 0.5133528113365173, "y": 0.5323110222816467, "z": 0.00435502827167511, "x_normalized": 24.53571810569251, "y_normalized": 25.451555589746096, "z_normalized": 0.00435502827167511}, "left_knee": {"x": 0.5304583311080933, "y": 0.6101276278495789, "z": -0.006588818971067667, "x_normalized": 25.3707227357838, "y_normalized": 29.25016719669551, "z_normalized": -0.006588818971067667}, "right_knee": {"x": 0.5163489580154419, "y": 0.6076138615608215, "z": 0.0044509065337479115, "x_normalized": 24.681974775045045, "y_normalized": 29.127457888933485, "z_normalized": 0.0044509065337479115}, "left_ankle": {"x": 0.5238304138183594, "y": 0.6695622205734253, "z": 0.06345588713884354, "x_normalized": 25.04718146380291, "y_normalized": 32.151462262541365, "z_normalized": 0.06345588713884354}, "right_ankle": {"x": 0.5181627869606018, "y": 0.6701006293296814, "z": 0.06949932128190994, "x_normalized": 24.770516695292265, "y_normalized": 32.177744644506895, "z_normalized": 0.06949932128190994}, "left_heel": {"x": 0.5229710340499878, "y": 0.6762792468070984, "z": 0.06768648326396942, "x_normalized": 25.005230906603856, "y_normalized": 32.479353380757, "z_normalized": 0.06768648326396942}, "right_heel": {"x": 0.5191236138343811, "y": 0.6782191395759583, "z": 0.07314920425415039, "x_normalized": 24.817419385127803, "y_normalized": 32.57404909684803, "z_normalized": 0.07314920425415039}, "left_foot_index": {"x": 0.5251114368438721, "y": 0.6918917298316956, "z": 0.019575728103518486, "x_normalized": 25.1097145041221, "y_normalized": 33.24147553704616, "z_normalized": 0.019575728103518486}, "right_foot_index": {"x": 0.5152813196182251, "y": 0.6925267577171326, "z": 0.026433492079377174, "x_normalized": 24.6298580889201, "y_normalized": 33.27247437436054, "z_normalized": 0.026433492079377174}}}