{"sequence_id": 1697925405990398000, "sequence_source": "mediapipe", "frame_number": 665, "image_dimensions": {"height": 1080, "width": 1920}, "joint_positions": {"nose": {"x": 0.5236343145370483, "y": 0.42575639486312866, "z": -0.053951893001794815, "x_normalized": 40.05129365549994, "y_normalized": 32.48443996461096, "z_normalized": -0.053951893001794815}, "left_eye_inner": {"x": 0.5247331261634827, "y": 0.4229034185409546, "z": -0.04970366135239601, "x_normalized": 40.13644221318626, "y_normalized": 32.26335855893396, "z_normalized": -0.04970366135239601}, "left_eye": {"x": 0.5254997611045837, "y": 0.4229668080806732, "z": -0.04969437047839165, "x_normalized": 40.19584990230811, "y_normalized": 32.268270709251254, "z_normalized": -0.04969437047839165}, "left_eye_outer": {"x": 0.5262607336044312, "y": 0.4230201542377472, "z": -0.04971203953027725, "x_normalized": 40.25481880038141, "y_normalized": 32.272404582814005, "z_normalized": -0.04971203953027725}, "right_eye_inner": {"x": 0.5226233005523682, "y": 0.42297106981277466, "z": -0.049939949065446854, "x_normalized": 39.972948668492876, "y_normalized": 32.26860095725096, "z_normalized": -0.049939949065446854}, "right_eye": {"x": 0.5218811631202698, "y": 0.4231574833393097, "z": -0.04994457587599754, "x_normalized": 39.91543932801268, "y_normalized": 32.283046420454866, "z_normalized": -0.04994457587599754}, "right_eye_outer": {"x": 0.5211506485939026, "y": 0.4233299791812897, "z": -0.04993069916963577, "x_normalized": 39.858830663895326, "y_normalized": 32.29641338144994, "z_normalized": -0.04993069916963577}, "left_ear": {"x": 0.5279219150543213, "y": 0.4254560172557831, "z": -0.023178929463028908, "x_normalized": 40.383546237469425, "y_normalized": 32.46116325419815, "z_normalized": -0.023178929463028908}, "right_ear": {"x": 0.5199941992759705, "y": 0.4263498783111572, "z": -0.02399585396051407, "x_normalized": 39.76921567521999, "y_normalized": 32.530429885353165, "z_normalized": -0.02399585396051407}, "mouth_left": {"x": 0.5253270268440247, "y": 0.43017321825027466, "z": -0.04405637085437775, "x_normalized": 40.182464465900466, "y_normalized": 32.826706220193884, "z_normalized": -0.04405637085437775}, "mouth_right": {"x": 0.5222060084342957, "y": 0.43055063486099243, "z": -0.04431460425257683, "x_normalized": 39.94061207764059, "y_normalized": 32.855952798293686, "z_normalized": -0.04431460425257683}, "left_shoulder": {"x": 0.5360612869262695, "y": 0.4465272128582001, "z": -0.0049705225974321365, "x_normalized": 41.01427834722871, "y_normalized": 34.09400174180516, "z_normalized": -0.0049705225974321365}, "right_shoulder": {"x": 0.5134398341178894, "y": 0.4482313096523285, "z": 0.00247389730066061, "x_normalized": 39.261308108232306, "y_normalized": 34.22605475315595, "z_normalized": 0.00247389730066061}, "left_elbow": {"x": 0.5498285293579102, "y": 0.45653077960014343, "z": 0.028684813529253006, "x_normalized": 42.08112257072501, "y_normalized": 34.86919310245662, "z_normalized": 0.028684813529253006}, "right_elbow": {"x": 0.5078788995742798, "y": 0.461439847946167, "z": 0.042055949568748474, "x_normalized": 38.83038296657458, "y_normalized": 35.249604156718824, "z_normalized": 0.042055949568748474}, "left_wrist": {"x": 0.5409032106399536, "y": 0.47410666942596436, "z": 0.04924493655562401, "x_normalized": 41.389486263425624, "y_normalized": 36.231175113493954, "z_normalized": 0.04924493655562401}, "right_wrist": {"x": 0.5131199359893799, "y": 0.47605279088020325, "z": 0.0646173506975174, "x_normalized": 39.236518723415244, "y_normalized": 36.38198297803081, "z_normalized": 0.0646173506975174}, "left_pinky": {"x": 0.538977861404419, "y": 0.47999653220176697, "z": 0.05125577747821808, "x_normalized": 41.240288069209, "y_normalized": 36.687589396219856, "z_normalized": 0.05125577747821808}, "right_pinky": {"x": 0.5155693888664246, "y": 0.48050639033317566, "z": 0.06597362458705902, "x_normalized": 39.42633049331593, "y_normalized": 36.727099066002815, "z_normalized": 0.06597362458705902}, "left_index": {"x": 0.5378621220588684, "y": 0.47940322756767273, "z": 0.04630424454808235, "x_normalized": 41.153827757230154, "y_normalized": 36.641613332037075, "z_normalized": 0.04630424454808235}, "right_index": {"x": 0.5170816779136658, "y": 0.4800839424133301, "z": 0.0625806525349617, "x_normalized": 39.543520035253394, "y_normalized": 36.69436294435368, "z_normalized": 0.0625806525349617}, "left_thumb": {"x": 0.5381326675415039, "y": 0.47725531458854675, "z": 0.048131413757801056, "x_normalized": 41.17479273164503, "y_normalized": 36.47516834018549, "z_normalized": 0.048131413757801056}, "right_thumb": {"x": 0.51649409532547, "y": 0.47689950466156006, "z": 0.06371624022722244, "x_normalized": 39.49798738097232, "y_normalized": 36.44759609634993, "z_normalized": 0.06371624022722244}, "left_hip": {"x": 0.5322960019111633, "y": 0.50711590051651, "z": -0.003400809597223997, "x_normalized": 40.72250077534901, "y_normalized": 38.78910984049988, "z_normalized": -0.003400809597223997}, "right_hip": {"x": 0.5195303559303284, "y": 0.5090048313140869, "z": 0.0033840904943645, "x_normalized": 39.733271760063225, "y_normalized": 38.935485915446286, "z_normalized": 0.0033840904943645}, "left_knee": {"x": 0.5326992273330688, "y": 0.551918089389801, "z": -0.009868873283267021, "x_normalized": 40.75374731685961, "y_normalized": 42.260898518355305, "z_normalized": -0.009868873283267021}, "right_knee": {"x": 0.521679162979126, "y": 0.5561561584472656, "z": 0.0015604909276589751, "x_normalized": 39.89978603471196, "y_normalized": 42.589312833363174, "z_normalized": 0.0015604909276589751}, "left_ankle": {"x": 0.5338073968887329, "y": 0.6027358770370483, "z": 0.01311331894248724, "x_normalized": 40.83962103448933, "y_normalized": 46.198844949641234, "z_normalized": 0.01311331894248724}, "right_ankle": {"x": 0.5269569158554077, "y": 0.598071813583374, "z": 0.03881212696433067, "x_normalized": 40.30876700508855, "y_normalized": 45.837419691222244, "z_normalized": 0.03881212696433067}, "left_heel": {"x": 0.5335295796394348, "y": 0.608187198638916, "z": 0.013137979432940483, "x_normalized": 40.81809255999105, "y_normalized": 46.62127602036947, "z_normalized": 0.013137979432940483}, "right_heel": {"x": 0.5285478234291077, "y": 0.6032407283782959, "z": 0.04028015211224556, "x_normalized": 40.43204881432128, "y_normalized": 46.237966635760195, "z_normalized": 0.04028015211224556}, "left_foot_index": {"x": 0.5343703031539917, "y": 0.6159711480140686, "z": -0.02166992612183094, "x_normalized": 40.88324148356932, "y_normalized": 47.224465908838624, "z_normalized": -0.02166992612183094}, "right_foot_index": {"x": 0.5229795575141907, "y": 0.6113024353981018, "z": 0.011040834710001945, "x_normalized": 40.000555553727, "y_normalized": 46.8626803798745, "z_normalized": 0.011040834710001945}}}