{"sequence_id": 1697925405990398000, "sequence_source": "mediapipe", "frame_number": 682, "image_dimensions": {"height": 1080, "width": 1920}, "joint_positions": {"nose": {"x": 0.527057945728302, "y": 0.4165254533290863, "z": -0.08534669131040573, "x_normalized": 40.349529752285974, "y_normalized": 31.802721501279372, "z_normalized": -0.08534669131040573}, "left_eye_inner": {"x": 0.5280237793922424, "y": 0.41547057032585144, "z": -0.08297348022460938, "x_normalized": 40.424437207516476, "y_normalized": 31.720907619357043, "z_normalized": -0.08297348022460938}, "left_eye": {"x": 0.5285259485244751, "y": 0.4158526360988617, "z": -0.08296220749616623, "x_normalized": 40.46338409163873, "y_normalized": 31.750539610718896, "z_normalized": -0.08296220749616623}, "left_eye_outer": {"x": 0.5291172862052917, "y": 0.4162314832210541, "z": -0.08298716694116592, "x_normalized": 40.50924664800394, "y_normalized": 31.779921972200327, "z_normalized": -0.08298716694116592}, "right_eye_inner": {"x": 0.526689350605011, "y": 0.4148673713207245, "z": -0.08349268138408661, "x_normalized": 40.32094250820146, "y_normalized": 31.6741251306547, "z_normalized": -0.08349268138408661}, "right_eye": {"x": 0.5262173414230347, "y": 0.4149582087993622, "z": -0.08350241929292679, "x_normalized": 40.284334748514325, "y_normalized": 31.681170240613433, "z_normalized": -0.08350241929292679}, "right_eye_outer": {"x": 0.5257481932640076, "y": 0.4150828421115875, "z": -0.08349598199129105, "x_normalized": 40.24794888205424, "y_normalized": 31.690836464316654, "z_normalized": -0.08349598199129105}, "left_ear": {"x": 0.5305117964744568, "y": 0.4198330044746399, "z": -0.05899820104241371, "x_normalized": 40.617401105086934, "y_normalized": 32.05924625145979, "z_normalized": -0.05899820104241371}, "right_ear": {"x": 0.5243984460830688, "y": 0.4186813235282898, "z": -0.061439964920282364, "x_normalized": 40.14326612941941, "y_normalized": 31.969924982022384, "z_normalized": -0.061439964920282364}, "mouth_left": {"x": 0.5280908942222595, "y": 0.42117324471473694, "z": -0.0755862295627594, "x_normalized": 40.42964245280095, "y_normalized": 32.16319167139224, "z_normalized": -0.0755862295627594}, "mouth_right": {"x": 0.526149570941925, "y": 0.42072558403015137, "z": -0.07633281499147415, "x_normalized": 40.27907865269866, "y_normalized": 32.128472315522785, "z_normalized": -0.07633281499147415}, "left_shoulder": {"x": 0.5374401807785034, "y": 0.4397330582141876, "z": -0.03560526669025421, "x_normalized": 41.15474791380938, "y_normalized": 33.60264077189734, "z_normalized": -0.03560526669025421}, "right_shoulder": {"x": 0.5155444741249084, "y": 0.4423716366291046, "z": -0.030875276774168015, "x_normalized": 39.45657593334343, "y_normalized": 33.807281800541126, "z_normalized": -0.030875276774168015}, "left_elbow": {"x": 0.5504003763198853, "y": 0.449621319770813, "z": 0.005409012082964182, "x_normalized": 42.15990574122851, "y_normalized": 34.36954768093847, "z_normalized": 0.005409012082964182}, "right_elbow": {"x": 0.5064594149589539, "y": 0.45369789004325867, "z": 0.009903092868626118, "x_normalized": 38.751963236407875, "y_normalized": 34.685715481438805, "z_normalized": 0.009903092868626118}, "left_wrist": {"x": 0.5428421497344971, "y": 0.4667274057865143, "z": 0.03620206564664841, "x_normalized": 41.57371006312686, "y_normalized": 35.696249596838264, "z_normalized": 0.03620206564664841}, "right_wrist": {"x": 0.5137155055999756, "y": 0.47113174200057983, "z": 0.03922828286886215, "x_normalized": 39.314726065178284, "y_normalized": 36.037838040162136, "z_normalized": 0.03922828286886215}, "left_pinky": {"x": 0.540859580039978, "y": 0.47339701652526855, "z": 0.03990969806909561, "x_normalized": 41.41994730233465, "y_normalized": 36.21352662545189, "z_normalized": 0.03990969806909561}, "right_pinky": {"x": 0.5188478231430054, "y": 0.47573190927505493, "z": 0.043073732405900955, "x_normalized": 39.712774777846626, "y_normalized": 36.39461461259979, "z_normalized": 0.043073732405900955}, "left_index": {"x": 0.539080023765564, "y": 0.47306978702545166, "z": 0.03523801267147064, "x_normalized": 41.28192971511162, "y_normalized": 36.188147587608434, "z_normalized": 0.03523801267147064}, "right_index": {"x": 0.5182567238807678, "y": 0.4743421673774719, "z": 0.038893770426511765, "x_normalized": 39.66693071258367, "y_normalized": 36.28682997756187, "z_normalized": 0.038893770426511765}, "left_thumb": {"x": 0.5391181707382202, "y": 0.4704623520374298, "z": 0.035765450447797775, "x_normalized": 41.28488829147225, "y_normalized": 35.98592195919656, "z_normalized": 0.035765450447797775}, "right_thumb": {"x": 0.5172306895256042, "y": 0.4731708765029907, "z": 0.038760796189308167, "x_normalized": 39.58735425403406, "y_normalized": 36.19598781496408, "z_normalized": 0.038760796189308167}, "left_hip": {"x": 0.5340999364852905, "y": 0.5015009641647339, "z": -0.0033727744594216347, "x_normalized": 40.89568757123239, "y_normalized": 38.39319304028241, "z_normalized": -0.0033727744594216347}, "right_hip": {"x": 0.5212273597717285, "y": 0.5022385716438293, "z": 0.0033675909508019686, "x_normalized": 39.89732522389156, "y_normalized": 38.45039988788038, "z_normalized": 0.0033675909508019686}, "left_knee": {"x": 0.5335237383842468, "y": 0.5521303415298462, "z": -0.007191535551100969, "x_normalized": 40.85099919986031, "y_normalized": 42.319871059406964, "z_normalized": -0.007191535551100969}, "right_knee": {"x": 0.5232637524604797, "y": 0.552237868309021, "z": -0.0026694550178945065, "x_normalized": 40.05526235101759, "y_normalized": 42.328210546523465, "z_normalized": -0.0026694550178945065}, "left_ankle": {"x": 0.53183513879776, "y": 0.5982999801635742, "z": 0.012567326426506042, "x_normalized": 40.720035968147144, "y_normalized": 45.9006637653214, "z_normalized": 0.012567326426506042}, "right_ankle": {"x": 0.526337742805481, "y": 0.5986061096191406, "z": 0.021991301327943802, "x_normalized": 40.29367275515254, "y_normalized": 45.924406340615384, "z_normalized": 0.021991301327943802}, "left_heel": {"x": 0.5323293209075928, "y": 0.604134738445282, "z": 0.012687352485954762, "x_normalized": 40.75836340034389, "y_normalized": 46.35319188800525, "z_normalized": 0.012687352485954762}, "right_heel": {"x": 0.5272067785263062, "y": 0.6045506000518799, "z": 0.022618211805820465, "x_normalized": 40.36107282286796, "y_normalized": 46.3854449931116, "z_normalized": 0.022618211805820465}, "left_foot_index": {"x": 0.5306731462478638, "y": 0.6091692447662354, "z": -0.020485490560531616, "x_normalized": 40.62991495853725, "y_normalized": 46.74365462597393, "z_normalized": -0.020485490560531616}, "right_foot_index": {"x": 0.5236479043960571, "y": 0.6108423471450806, "z": -0.007919879630208015, "x_normalized": 40.08505613952416, "y_normalized": 46.873415936040594, "z_normalized": -0.007919879630208015}}}