{"sequence_id": 1697925405990398000, "sequence_source": "mediapipe", "frame_number": 410, "image_dimensions": {"height": 1080, "width": 1920}, "joint_positions": {"nose": {"x": 0.5130354762077332, "y": 0.40758323669433594, "z": -0.08746246248483658, "x_normalized": 26.436076730497362, "y_normalized": 20.890742964694702, "z_normalized": -0.08746246248483658}, "left_eye_inner": {"x": 0.5146928429603577, "y": 0.40445882081985474, "z": -0.08248472958803177, "x_normalized": 26.52315022554446, "y_normalized": 20.726594739963577, "z_normalized": -0.08248472958803177}, "left_eye": {"x": 0.5158007740974426, "y": 0.4046437442302704, "z": -0.08246450126171112, "x_normalized": 26.58135788309806, "y_normalized": 20.736310107811654, "z_normalized": -0.08246450126171112}, "left_eye_outer": {"x": 0.5169563889503479, "y": 0.40482500195503235, "z": -0.08249030262231827, "x_normalized": 26.64207071205487, "y_normalized": 20.745832890608106, "z_normalized": -0.08249030262231827}, "right_eye_inner": {"x": 0.5119084715843201, "y": 0.40446704626083374, "z": -0.08277389407157898, "x_normalized": 26.37686700438248, "y_normalized": 20.727026882030632, "z_normalized": -0.08277389407157898}, "right_eye": {"x": 0.511079728603363, "y": 0.40476083755493164, "z": -0.082789845764637, "x_normalized": 26.333327125394675, "y_normalized": 20.742461869338662, "z_normalized": -0.082789845764637}, "right_eye_outer": {"x": 0.5102837681770325, "y": 0.4050484001636505, "z": -0.08276866376399994, "x_normalized": 26.291509551746582, "y_normalized": 20.75756961863215, "z_normalized": -0.08276866376399994}, "left_ear": {"x": 0.5197819471359253, "y": 0.4087303578853607, "z": -0.047579821199178696, "x_normalized": 26.790517775016376, "y_normalized": 20.951009559995317, "z_normalized": -0.047579821199178696}, "right_ear": {"x": 0.5086652040481567, "y": 0.40993061661720276, "z": -0.049155093729496, "x_normalized": 26.20647463992885, "y_normalized": 21.014067855678384, "z_normalized": -0.049155093729496}, "mouth_left": {"x": 0.5158053636550903, "y": 0.41431093215942383, "z": -0.07443678379058838, "x_normalized": 26.581599005845618, "y_normalized": 21.244197597973702, "z_normalized": -0.07443678379058838}, "mouth_right": {"x": 0.511864423751831, "y": 0.4145141839981079, "z": -0.07490992546081543, "x_normalized": 26.374552852298763, "y_normalized": 21.254875891079887, "z_normalized": -0.07490992546081543}, "left_shoulder": {"x": 0.5297788381576538, "y": 0.43632614612579346, "z": -0.02163817547261715, "x_normalized": 27.315726959699496, "y_normalized": 22.400816446050555, "z_normalized": -0.02163817547261715}, "right_shoulder": {"x": 0.49884122610092163, "y": 0.44384077191352844, "z": -0.007904636673629284, "x_normalized": 25.690349833046618, "y_normalized": 22.795614236143162, "z_normalized": -0.007904636673629284}, "left_elbow": {"x": 0.5484710335731506, "y": 0.45017334818840027, "z": 0.03315525874495506, "x_normalized": 28.29776354415085, "y_normalized": 23.128310392882305, "z_normalized": 0.03315525874495506}, "right_elbow": {"x": 0.49033311009407043, "y": 0.45726701617240906, "z": 0.055186253041028976, "x_normalized": 25.243356796768115, "y_normalized": 23.500992216680945, "z_normalized": 0.055186253041028976}, "left_wrist": {"x": 0.5388890504837036, "y": 0.47463932633399963, "z": 0.07610476016998291, "x_normalized": 27.794352482139917, "y_normalized": 24.413685656691428, "z_normalized": 0.07610476016998291}, "right_wrist": {"x": 0.49835747480392456, "y": 0.4815157949924469, "z": 0.10127662122249603, "x_normalized": 25.664934869161048, "y_normalized": 24.774956424748442, "z_normalized": 0.10127662122249603}, "left_pinky": {"x": 0.5363026261329651, "y": 0.4830474257469177, "z": 0.08104325830936432, "x_normalized": 27.658468853765513, "y_normalized": 24.855424095951697, "z_normalized": 0.08104325830936432}, "right_pinky": {"x": 0.5015032291412354, "y": 0.485690712928772, "z": 0.10620607435703278, "x_normalized": 25.83020415809511, "y_normalized": 24.994295141224427, "z_normalized": 0.10620607435703278}, "left_index": {"x": 0.5342724919319153, "y": 0.48220446705818176, "z": 0.07310225814580917, "x_normalized": 27.55181118127382, "y_normalized": 24.811137362739313, "z_normalized": 0.07310225814580917}, "right_index": {"x": 0.5029247403144836, "y": 0.4850648045539856, "z": 0.10114790499210358, "x_normalized": 25.904886449089076, "y_normalized": 24.961411635093032, "z_normalized": 0.10114790499210358}, "left_thumb": {"x": 0.5342656373977661, "y": 0.47892218828201294, "z": 0.07458485662937164, "x_normalized": 27.551451062884606, "y_normalized": 24.63869545493143, "z_normalized": 0.07458485662937164}, "right_thumb": {"x": 0.5022912621498108, "y": 0.48207464814186096, "z": 0.10035308450460434, "x_normalized": 25.871605246997422, "y_normalized": 24.80431703359407, "z_normalized": 0.10035308450460434}, "left_hip": {"x": 0.5269134044647217, "y": 0.5224146246910095, "z": -0.005296892020851374, "x_normalized": 27.165184947152056, "y_normalized": 26.923668554728415, "z_normalized": -0.005296892020851374}, "right_hip": {"x": 0.5078815221786499, "y": 0.5227060317993164, "z": 0.005293325986713171, "x_normalized": 26.16530214791708, "y_normalized": 26.938978283466284, "z_normalized": 0.005293325986713171}, "left_knee": {"x": 0.5240877866744995, "y": 0.5922653079032898, "z": -0.012800440192222595, "x_normalized": 27.0167347527263, "y_normalized": 30.59343151400668, "z_normalized": -0.012800440192222595}, "right_knee": {"x": 0.5108695030212402, "y": 0.5924876928329468, "z": -0.0013690348714590073, "x_normalized": 26.32228245097077, "y_normalized": 30.605115007138405, "z_normalized": -0.0013690348714590073}, "left_ankle": {"x": 0.5214877128601074, "y": 0.6497648358345032, "z": 0.037769969552755356, "x_normalized": 26.88013401903773, "y_normalized": 33.61429871349681, "z_normalized": 0.037769969552755356}, "right_ankle": {"x": 0.514946699142456, "y": 0.6506897807121277, "z": 0.04816481098532677, "x_normalized": 26.536487131802303, "y_normalized": 33.66289277579059, "z_normalized": 0.04816481098532677}, "left_heel": {"x": 0.5212199091911316, "y": 0.6560869216918945, "z": 0.040080949664115906, "x_normalized": 26.86606435014445, "y_normalized": 33.94644373252724, "z_normalized": 0.040080949664115906}, "right_heel": {"x": 0.5167890191078186, "y": 0.6573362946510315, "z": 0.05016796663403511, "x_normalized": 26.6332775604296, "y_normalized": 34.01208235475561, "z_normalized": 0.05016796663403511}, "left_foot_index": {"x": 0.5210607051849365, "y": 0.6698364019393921, "z": -0.004880437161773443, "x_normalized": 26.857700209121976, "y_normalized": 34.66880364371454, "z_normalized": -0.004880437161773443}, "right_foot_index": {"x": 0.5113937258720398, "y": 0.6718743443489075, "z": 0.00855220016092062, "x_normalized": 26.349823679084817, "y_normalized": 34.77587153802351, "z_normalized": 0.00855220016092062}}}