{"sequence_id": 1697925405990398000, "sequence_source": "mediapipe", "frame_number": 639, "image_dimensions": {"height": 1080, "width": 1920}, "joint_positions": {"nose": {"x": 0.5269737839698792, "y": 0.421068400144577, "z": -0.057845208793878555, "x_normalized": 43.095356709777406, "y_normalized": 34.349615695314455, "z_normalized": -0.057845208793878555}, "left_eye_inner": {"x": 0.5276482701301575, "y": 0.4191322326660156, "z": -0.055832210928201675, "x_normalized": 43.15119543536714, "y_normalized": 34.18932608390634, "z_normalized": -0.055832210928201675}, "left_eye": {"x": 0.5281622409820557, "y": 0.41915154457092285, "z": -0.055824797600507736, "x_normalized": 43.19374557064112, "y_normalized": 34.19092485971856, "z_normalized": -0.055824797600507736}, "left_eye_outer": {"x": 0.5287233591079712, "y": 0.4191046357154846, "z": -0.05585164949297905, "x_normalized": 43.24019889007394, "y_normalized": 34.187041413532704, "z_normalized": -0.05585164949297905}, "right_eye_inner": {"x": 0.5262826681137085, "y": 0.41918399930000305, "z": -0.055283643305301666, "x_normalized": 43.03814126057159, "y_normalized": 34.19361169129187, "z_normalized": -0.055283643305301666}, "right_eye": {"x": 0.5258902311325073, "y": 0.41936013102531433, "z": -0.055283643305301666, "x_normalized": 43.00565255702946, "y_normalized": 34.2081931188385, "z_normalized": -0.055283643305301666}, "right_eye_outer": {"x": 0.5255119204521179, "y": 0.41947099566459656, "z": -0.05529055371880531, "x_normalized": 42.974333328387, "y_normalized": 34.217371276279025, "z_normalized": -0.05529055371880531}, "left_ear": {"x": 0.5305566191673279, "y": 0.42194539308547974, "z": -0.039155445992946625, "x_normalized": 43.39196909889009, "y_normalized": 34.422219361712884, "z_normalized": -0.039155445992946625}, "right_ear": {"x": 0.5250515341758728, "y": 0.42259812355041504, "z": -0.03452686220407486, "x_normalized": 42.93621930254261, "y_normalized": 34.47625699726725, "z_normalized": -0.03452686220407486}, "mouth_left": {"x": 0.5286129117012024, "y": 0.42431649565696716, "z": -0.050578776746988297, "x_normalized": 43.23105527408615, "y_normalized": 34.61851597034867, "z_normalized": -0.050578776746988297}, "mouth_right": {"x": 0.5265200734138489, "y": 0.42529115080833435, "z": -0.04877867549657822, "x_normalized": 43.05779534717675, "y_normalized": 34.69920480393327, "z_normalized": -0.04877867549657822}, "left_shoulder": {"x": 0.5391915440559387, "y": 0.44373011589050293, "z": -0.022300535812973976, "x_normalized": 44.10682913566856, "y_normalized": 36.22571249529508, "z_normalized": -0.022300535812973976}, "right_shoulder": {"x": 0.517443835735321, "y": 0.44782698154449463, "z": -0.011170455254614353, "x_normalized": 42.30640032239312, "y_normalized": 36.56487995417498, "z_normalized": -0.011170455254614353}, "left_elbow": {"x": 0.5544326305389404, "y": 0.4550703763961792, "z": 0.021301178261637688, "x_normalized": 45.368593862557255, "y_normalized": 37.1645393115952, "z_normalized": 0.021301178261637688}, "right_elbow": {"x": 0.5139139890670776, "y": 0.4626879394054413, "z": 0.035457953810691833, "x_normalized": 42.01417469777754, "y_normalized": 37.79517495037717, "z_normalized": 0.035457953810691833}, "left_wrist": {"x": 0.5459826588630676, "y": 0.47073662281036377, "z": 0.04925398901104927, "x_normalized": 44.669045558326054, "y_normalized": 38.461501778818956, "z_normalized": 0.04925398901104927}, "right_wrist": {"x": 0.5203505158424377, "y": 0.47811856865882874, "z": 0.0615621954202652, "x_normalized": 42.54703582010512, "y_normalized": 39.0726313657932, "z_normalized": 0.0615621954202652}, "left_pinky": {"x": 0.5441632866859436, "y": 0.4769342541694641, "z": 0.05342836678028107, "x_normalized": 44.5184250864366, "y_normalized": 38.97458545221019, "z_normalized": 0.05342836678028107}, "right_pinky": {"x": 0.5220425128936768, "y": 0.4843485653400421, "z": 0.06493062525987625, "x_normalized": 42.68711127992449, "y_normalized": 39.58839446901788, "z_normalized": 0.06493062525987625}, "left_index": {"x": 0.5429279208183289, "y": 0.4767076373100281, "z": 0.04832137003540993, "x_normalized": 44.41615277938703, "y_normalized": 38.955824508882856, "z_normalized": 0.04832137003540993}, "right_index": {"x": 0.5250328183174133, "y": 0.48580628633499146, "z": 0.05985467508435249, "x_normalized": 42.93466987166286, "y_normalized": 39.70907490312758, "z_normalized": 0.05985467508435249}, "left_thumb": {"x": 0.5432074666023254, "y": 0.4741336405277252, "z": 0.048644449561834335, "x_normalized": 44.439295552718235, "y_normalized": 38.74273088523227, "z_normalized": 0.048644449561834335}, "right_thumb": {"x": 0.5246556401252747, "y": 0.48309287428855896, "z": 0.06055525690317154, "x_normalized": 42.90344439839211, "y_normalized": 39.484439499770886, "z_normalized": 0.06055525690317154}, "left_hip": {"x": 0.5372821092605591, "y": 0.509041965007782, "z": -0.003852102207019925, "x_normalized": 43.94875264448199, "y_normalized": 41.63268840583588, "z_normalized": -0.003852102207019925}, "right_hip": {"x": 0.5252240300178528, "y": 0.5097556710243225, "z": 0.0038497226778417826, "x_normalized": 42.950499726001134, "y_normalized": 41.69177402798253, "z_normalized": 0.0038497226778417826}, "left_knee": {"x": 0.5349975228309631, "y": 0.5581300258636475, "z": -0.01713172160089016, "x_normalized": 43.75961845279508, "y_normalized": 45.696544599314954, "z_normalized": -0.01713172160089016}, "right_knee": {"x": 0.5246215462684631, "y": 0.5560235381126404, "z": 0.012538567185401917, "x_normalized": 42.90062186825449, "y_normalized": 45.52215467345185, "z_normalized": 0.012538567185401917}, "left_ankle": {"x": 0.5333155393600464, "y": 0.605682909488678, "z": 0.01929556019604206, "x_normalized": 43.620371987841324, "y_normalized": 49.633307984709084, "z_normalized": 0.01929556019604206}, "right_ankle": {"x": 0.5255759358406067, "y": 0.5961241126060486, "z": 0.0746249407529831, "x_normalized": 42.97963297413491, "y_normalized": 48.84196330259296, "z_normalized": 0.0746249407529831}, "left_heel": {"x": 0.532181441783905, "y": 0.6106677651405334, "z": 0.0211549811065197, "x_normalized": 43.526483384819414, "y_normalized": 50.045989523991594, "z_normalized": 0.0211549811065197}, "right_heel": {"x": 0.5271471738815308, "y": 0.601270318031311, "z": 0.07914651185274124, "x_normalized": 43.10971115063465, "y_normalized": 49.2680025150967, "z_normalized": 0.07914651185274124}, "left_foot_index": {"x": 0.5340033173561096, "y": 0.6215782165527344, "z": -0.011918923817574978, "x_normalized": 43.67731110542527, "y_normalized": 50.94923370948334, "z_normalized": -0.011918923817574978}, "right_foot_index": {"x": 0.5216950178146362, "y": 0.6124778985977173, "z": 0.05249403789639473, "x_normalized": 42.65834318429103, "y_normalized": 50.195845149427676, "z_normalized": 0.05249403789639473}}}