{"sequence_id": 1697925405990398000, "sequence_source": "mediapipe", "frame_number": 452, "image_dimensions": {"height": 1080, "width": 1920}, "joint_positions": {"nose": {"x": 0.5291909575462341, "y": 0.4214845895767212, "z": -0.0920802652835846, "x_normalized": 28.043109346958435, "y_normalized": 22.228903597565452, "z_normalized": -0.0920802652835846}, "left_eye_inner": {"x": 0.5307697057723999, "y": 0.4180295169353485, "z": -0.08559974282979965, "x_normalized": 28.128341112464007, "y_normalized": 22.042374842509055, "z_normalized": -0.08559974282979965}, "left_eye": {"x": 0.5318253636360168, "y": 0.41835618019104004, "z": -0.08556561917066574, "x_normalized": 28.185332836663395, "y_normalized": 22.060010387903148, "z_normalized": -0.08556561917066574}, "left_eye_outer": {"x": 0.5328991413116455, "y": 0.4186776280403137, "z": -0.08559687435626984, "x_normalized": 28.243302793834193, "y_normalized": 22.077364369530798, "z_normalized": -0.08559687435626984}, "right_eye_inner": {"x": 0.5277745723724365, "y": 0.41757407784461975, "z": -0.08635277301073074, "x_normalized": 27.96664306373614, "y_normalized": 22.017787085487573, "z_normalized": -0.08635277301073074}, "right_eye": {"x": 0.5266724228858948, "y": 0.41763055324554443, "z": -0.08638309687376022, "x_normalized": 27.9071413996759, "y_normalized": 22.020836018844182, "z_normalized": -0.08638309687376022}, "right_eye_outer": {"x": 0.5255642533302307, "y": 0.41765594482421875, "z": -0.08635113388299942, "x_normalized": 27.847314730582397, "y_normalized": 22.0222068321528, "z_normalized": -0.08635113388299942}, "left_ear": {"x": 0.5349743366241455, "y": 0.42180684208869934, "z": -0.04447139427065849, "x_normalized": 28.355336212033386, "y_normalized": 22.246301020459924, "z_normalized": -0.04447139427065849}, "right_ear": {"x": 0.5234688520431519, "y": 0.4212729334831238, "z": -0.04903305694460869, "x_normalized": 27.73419045390522, "y_normalized": 22.217476935455352, "z_normalized": -0.04903305694460869}, "mouth_left": {"x": 0.5311098694801331, "y": 0.42783114314079285, "z": -0.07691090553998947, "x_normalized": 28.14670550577923, "y_normalized": 22.571534522608665, "z_normalized": -0.07691090553998947}, "mouth_right": {"x": 0.5271955132484436, "y": 0.4277964234352112, "z": -0.07817810028791428, "x_normalized": 27.935381440982084, "y_normalized": 22.56966011239207, "z_normalized": -0.07817810028791428}, "left_shoulder": {"x": 0.5437851548194885, "y": 0.4482688009738922, "z": -0.009627399034798145, "x_normalized": 28.831005212252332, "y_normalized": 23.674900867566922, "z_normalized": -0.009627399034798145}, "right_shoulder": {"x": 0.5140695571899414, "y": 0.4467776119709015, "z": -0.009250345639884472, "x_normalized": 27.226751407216817, "y_normalized": 23.59439615546595, "z_normalized": -0.009250345639884472}, "left_elbow": {"x": 0.5568558573722839, "y": 0.46090537309646606, "z": 0.05243035405874252, "x_normalized": 29.536652279029127, "y_normalized": 24.357110566425124, "z_normalized": 0.05243035405874252}, "right_elbow": {"x": 0.5010515451431274, "y": 0.45635226368904114, "z": 0.047121670097112656, "x_normalized": 26.523948938948983, "y_normalized": 24.111302180450025, "z_normalized": 0.047121670097112656}, "left_wrist": {"x": 0.55380779504776, "y": 0.4745734930038452, "z": 0.10006756335496902, "x_normalized": 29.37209676030583, "y_normalized": 25.09501036041385, "z_normalized": 0.10006756335496902}, "right_wrist": {"x": 0.5092662572860718, "y": 0.4754573106765747, "z": 0.09064699709415436, "x_normalized": 26.967436005131564, "y_normalized": 25.14272496074294, "z_normalized": 0.09064699709415436}, "left_pinky": {"x": 0.5534219145774841, "y": 0.48094120621681213, "z": 0.10431408137083054, "x_normalized": 29.351264259460773, "y_normalized": 25.438783629880913, "z_normalized": 0.10431408137083054}, "right_pinky": {"x": 0.5114424228668213, "y": 0.4825774133205414, "z": 0.09433022886514664, "x_normalized": 27.084920497849065, "y_normalized": 25.527117423624766, "z_normalized": 0.09433022886514664}, "left_index": {"x": 0.5515152215957642, "y": 0.48107898235321045, "z": 0.0980079174041748, "x_normalized": 29.248327764321356, "y_normalized": 25.446221740122393, "z_normalized": 0.0980079174041748}, "right_index": {"x": 0.5135917067527771, "y": 0.48181071877479553, "z": 0.09213884174823761, "x_normalized": 27.200953730467536, "y_normalized": 25.485725941022046, "z_normalized": 0.09213884174823761}, "left_thumb": {"x": 0.5515609383583069, "y": 0.4791492521762848, "z": 0.09905578196048737, "x_normalized": 29.250795871851192, "y_normalized": 25.342041537603208, "z_normalized": 0.09905578196048737}, "right_thumb": {"x": 0.5134926438331604, "y": 0.47859999537467957, "z": 0.090860515832901, "x_normalized": 27.195605627840955, "y_normalized": 25.312388850657392, "z_normalized": 0.090860515832901}, "left_hip": {"x": 0.5353760123252869, "y": 0.527519702911377, "z": -0.00157171708997339, "x_normalized": 28.37702144885681, "y_normalized": 27.953413538612402, "z_normalized": -0.00157171708997339}, "right_hip": {"x": 0.5171926617622375, "y": 0.5239887833595276, "z": 0.0016351325903087854, "x_normalized": 27.395358226305255, "y_normalized": 27.762790041924042, "z_normalized": 0.0016351325903087854}, "left_knee": {"x": 0.5336466431617737, "y": 0.5944838523864746, "z": -0.008953271433711052, "x_normalized": 28.283658121776405, "y_normalized": 31.56860219931677, "z_normalized": -0.008953271433711052}, "right_knee": {"x": 0.5150211453437805, "y": 0.5871486663818359, "z": -0.034782662987709045, "x_normalized": 27.27812472757384, "y_normalized": 31.1725980467069, "z_normalized": -0.034782662987709045}, "left_ankle": {"x": 0.5279144644737244, "y": 0.6337515115737915, "z": 0.07229930907487869, "x_normalized": 27.974195408420005, "y_normalized": 33.68854245599372, "z_normalized": 0.07229930907487869}, "right_ankle": {"x": 0.5128358602523804, "y": 0.646743893623352, "z": 0.013114971108734608, "x_normalized": 27.160147900499016, "y_normalized": 34.389961239466466, "z_normalized": 0.013114971108734608}, "left_heel": {"x": 0.5257424116134644, "y": 0.6388751864433289, "z": 0.07840508967638016, "x_normalized": 27.85693294884404, "y_normalized": 33.96515391801753, "z_normalized": 0.07840508967638016}, "right_heel": {"x": 0.5140196681022644, "y": 0.654207170009613, "z": 0.015900082886219025, "x_normalized": 27.224058048673825, "y_normalized": 34.79288059818015, "z_normalized": 0.015900082886219025}, "left_foot_index": {"x": 0.5304809212684631, "y": 0.6522056460380554, "z": 0.0416719950735569, "x_normalized": 28.112750524482184, "y_normalized": 34.68482446929892, "z_normalized": 0.0416719950735569}, "right_foot_index": {"x": 0.5126840472221375, "y": 0.6697763204574585, "z": -0.03398285061120987, "x_normalized": 27.151951981491855, "y_normalized": 35.63341118950473, "z_normalized": -0.03398285061120987}}}