{"sequence_id": 1697925405990398000, "sequence_source": "mediapipe", "frame_number": 661, "image_dimensions": {"height": 1080, "width": 1920}, "joint_positions": {"nose": {"x": 0.5237124562263489, "y": 0.42874303460121155, "z": -0.061143841594457626, "x_normalized": 42.457643910162744, "y_normalized": 34.67938148006, "z_normalized": -0.061143841594457626}, "left_eye_inner": {"x": 0.5248419642448425, "y": 0.4253304600715637, "z": -0.05713477358222008, "x_normalized": 42.550347881816066, "y_normalized": 34.39929563092789, "z_normalized": -0.05713477358222008}, "left_eye": {"x": 0.525592029094696, "y": 0.42541074752807617, "z": -0.057132020592689514, "x_normalized": 42.61190918943007, "y_normalized": 34.405885195562036, "z_normalized": -0.057132020592689514}, "left_eye_outer": {"x": 0.5263558030128479, "y": 0.425503671169281, "z": -0.05714724212884903, "x_normalized": 42.67459566398235, "y_normalized": 34.413511870591456, "z_normalized": -0.05714724212884903}, "right_eye_inner": {"x": 0.5227354764938354, "y": 0.42529723048210144, "z": -0.0570591539144516, "x_normalized": 42.377458643705246, "y_normalized": 34.39656832411012, "z_normalized": -0.0570591539144516}, "right_eye": {"x": 0.52198326587677, "y": 0.4254074692726135, "z": -0.057063180953264236, "x_normalized": 42.31572122300525, "y_normalized": 34.40561613390288, "z_normalized": -0.057063180953264236}, "right_eye_outer": {"x": 0.5212448239326477, "y": 0.42552968859672546, "z": -0.05704904720187187, "x_normalized": 42.25511386127369, "y_normalized": 34.41564724175909, "z_normalized": -0.05704904720187187}, "left_ear": {"x": 0.5280926823616028, "y": 0.42748111486434937, "z": -0.02936280146241188, "x_normalized": 42.81714942303131, "y_normalized": 34.57580986339202, "z_normalized": -0.02936280146241188}, "right_ear": {"x": 0.5201537013053894, "y": 0.42816469073295593, "z": -0.02893850766122341, "x_normalized": 42.16556035704753, "y_normalized": 34.6319141113554, "z_normalized": -0.02893850766122341}, "mouth_left": {"x": 0.525329053401947, "y": 0.43298113346099854, "z": -0.0505354143679142, "x_normalized": 42.590325552335905, "y_normalized": 35.02722194699678, "z_normalized": -0.0505354143679142}, "mouth_right": {"x": 0.5222645401954651, "y": 0.4336678981781006, "z": -0.05043182894587517, "x_normalized": 42.3388067133605, "y_normalized": 35.08358791857407, "z_normalized": -0.05043182894587517}, "left_shoulder": {"x": 0.5360285639762878, "y": 0.44736233353614807, "z": -0.008406818844377995, "x_normalized": 43.468484103446436, "y_normalized": 36.20755386344073, "z_normalized": -0.008406818844377995}, "right_shoulder": {"x": 0.5139320492744446, "y": 0.4486672282218933, "z": -0.00020809813577216119, "x_normalized": 41.65492046421814, "y_normalized": 36.314652633858685, "z_normalized": -0.00020809813577216119}, "left_elbow": {"x": 0.5497599840164185, "y": 0.4584653973579407, "z": 0.02361525408923626, "x_normalized": 44.595485553031345, "y_normalized": 37.118833904792886, "z_normalized": 0.02361525408923626}, "right_elbow": {"x": 0.509333074092865, "y": 0.46131324768066406, "z": 0.03874069079756737, "x_normalized": 41.277461200638875, "y_normalized": 37.35257021411341, "z_normalized": 0.03874069079756737}, "left_wrist": {"x": 0.5409004092216492, "y": 0.4754575490951538, "z": 0.03906630352139473, "x_normalized": 43.86833908112749, "y_normalized": 38.513458756660995, "z_normalized": 0.03906630352139473}, "right_wrist": {"x": 0.5126026272773743, "y": 0.47479304671287537, "z": 0.05619214475154877, "x_normalized": 41.5458086233867, "y_normalized": 38.45891995835086, "z_normalized": 0.05619214475154877}, "left_pinky": {"x": 0.5391454100608826, "y": 0.48090848326683044, "z": 0.04056406021118164, "x_normalized": 43.72429814490794, "y_normalized": 38.96084225342373, "z_normalized": 0.04056406021118164}, "right_pinky": {"x": 0.5153204202651978, "y": 0.4851784110069275, "z": 0.05712088569998741, "x_normalized": 41.76887052288414, "y_normalized": 39.31129506446937, "z_normalized": 0.05712088569998741}, "left_index": {"x": 0.5381805896759033, "y": 0.4801475703716278, "z": 0.034595731645822525, "x_normalized": 43.64511085260439, "y_normalized": 38.89839059631944, "z_normalized": 0.034595731645822525}, "right_index": {"x": 0.5164574980735779, "y": 0.48361489176750183, "z": 0.05241035670042038, "x_normalized": 41.862195782368595, "y_normalized": 39.18296977515939, "z_normalized": 0.05241035670042038}, "left_thumb": {"x": 0.5386020541191101, "y": 0.477704256772995, "z": 0.03744916990399361, "x_normalized": 43.679702397911015, "y_normalized": 38.69785649573828, "z_normalized": 0.03744916990399361}, "right_thumb": {"x": 0.5162680149078369, "y": 0.48127418756484985, "z": 0.05485231429338455, "x_normalized": 41.846644018469604, "y_normalized": 38.99085730450969, "z_normalized": 0.05485231429338455}, "left_hip": {"x": 0.5319232940673828, "y": 0.5088575482368469, "z": -0.003608194412663579, "x_normalized": 43.13154552573548, "y_normalized": 41.25475188867598, "z_normalized": -0.003608194412663579}, "right_hip": {"x": 0.5198186039924622, "y": 0.5102457404136658, "z": 0.0035865444224327803, "x_normalized": 42.13805736345202, "y_normalized": 41.36868727125149, "z_normalized": 0.0035865444224327803}, "left_knee": {"x": 0.5326160788536072, "y": 0.5568884015083313, "z": -0.011736973188817501, "x_normalized": 43.18840559235957, "y_normalized": 45.19686720548689, "z_normalized": -0.011736973188817501}, "right_knee": {"x": 0.5216797590255737, "y": 0.5568153858184814, "z": 0.0025471546687185764, "x_normalized": 42.29081100539793, "y_normalized": 45.190874468533046, "z_normalized": 0.0025471546687185764}, "left_ankle": {"x": 0.533707320690155, "y": 0.6049928665161133, "z": 0.011961503885686398, "x_normalized": 43.277968880646064, "y_normalized": 49.1450241795533, "z_normalized": 0.011961503885686398}, "right_ankle": {"x": 0.5270443558692932, "y": 0.5978299975395203, "z": 0.04641016572713852, "x_normalized": 42.73110839646463, "y_normalized": 48.557134238366245, "z_normalized": 0.04641016572713852}, "left_heel": {"x": 0.5335065126419067, "y": 0.6107720136642456, "z": 0.01233141589909792, "x_normalized": 43.261487631015456, "y_normalized": 49.619345640427326, "z_normalized": 0.01233141589909792}, "right_heel": {"x": 0.5286383628845215, "y": 0.6032333374023438, "z": 0.048720162361860275, "x_normalized": 42.86193595920472, "y_normalized": 49.00061144904111, "z_normalized": 0.048720162361860275}, "left_foot_index": {"x": 0.5347293019294739, "y": 0.6176316738128662, "z": -0.023322364315390587, "x_normalized": 43.3618476298792, "y_normalized": 50.182349824157896, "z_normalized": -0.023322364315390587}, "right_foot_index": {"x": 0.523027241230011, "y": 0.6108628511428833, "z": 0.020154284313321114, "x_normalized": 42.401405131369785, "y_normalized": 49.626801094400925, "z_normalized": 0.020154284313321114}}}