{"sequence_id": 1697925405990398000, "sequence_source": "mediapipe", "frame_number": 79, "image_dimensions": {"height": 1080, "width": 1920}, "joint_positions": {"nose": {"x": 0.5195212960243225, "y": 0.3969791829586029, "z": -0.12082752585411072, "x_normalized": 14.964472305798878, "y_normalized": 11.240600018007198, "z_normalized": -0.12082752585411072}, "left_eye_inner": {"x": 0.5210925340652466, "y": 0.3881158232688904, "z": -0.11131450533866882, "x_normalized": 15.011304608761163, "y_normalized": 10.97641882111599, "z_normalized": -0.11131450533866882}, "left_eye": {"x": 0.5226547718048096, "y": 0.3878607749938965, "z": -0.11127377301454544, "x_normalized": 15.057868648844677, "y_normalized": 10.968816855167216, "z_normalized": -0.11127377301454544}, "left_eye_outer": {"x": 0.5242443084716797, "y": 0.38756996393203735, "z": -0.11135011166334152, "x_normalized": 15.105246360441285, "y_normalized": 10.96014894400478, "z_normalized": -0.11135011166334152}, "right_eye_inner": {"x": 0.5167280435562134, "y": 0.38951796293258667, "z": -0.11350147426128387, "x_normalized": 14.881216654885728, "y_normalized": 11.018210979793004, "z_normalized": -0.11350147426128387}, "right_eye": {"x": 0.5152198076248169, "y": 0.3902687132358551, "z": -0.11354570835828781, "x_normalized": 14.836262192074846, "y_normalized": 11.040587834690825, "z_normalized": -0.11354570835828781}, "right_eye_outer": {"x": 0.5136540532112122, "y": 0.39095422625541687, "z": -0.11347789317369461, "x_normalized": 14.789593334045325, "y_normalized": 11.06102022786139, "z_normalized": -0.11347789317369461}, "left_ear": {"x": 0.5281836986541748, "y": 0.392875075340271, "z": -0.04691501706838608, "x_normalized": 15.22266377887698, "y_normalized": 11.118273033574908, "z_normalized": -0.04691501706838608}, "right_ear": {"x": 0.5095718502998352, "y": 0.3970996141433716, "z": -0.05735724791884422, "x_normalized": 14.667919241056403, "y_normalized": 11.244189588514208, "z_normalized": -0.05735724791884422}, "mouth_left": {"x": 0.5233684778213501, "y": 0.40763553977012634, "z": -0.09626949578523636, "x_normalized": 15.079141362158678, "y_normalized": 11.55822326647308, "z_normalized": -0.09626949578523636}, "mouth_right": {"x": 0.5174745917320251, "y": 0.41030851006507874, "z": -0.0994047150015831, "x_normalized": 14.903468261220944, "y_normalized": 11.63789378831761, "z_normalized": -0.0994047150015831}, "left_shoulder": {"x": 0.5483579039573669, "y": 0.4384569525718689, "z": -0.0007715950487181544, "x_normalized": 15.823975909931782, "y_normalized": 12.476885941676603, "z_normalized": -0.0007715950487181544}, "right_shoulder": {"x": 0.49207741022109985, "y": 0.44422996044158936, "z": 0.01067273411899805, "x_normalized": 14.146480161436726, "y_normalized": 12.648956147792155, "z_normalized": 0.01067273411899805}, "left_elbow": {"x": 0.5779207348823547, "y": 0.4585704207420349, "z": 0.09460803866386414, "x_normalized": 16.705125308203467, "y_normalized": 13.076387742443533, "z_normalized": 0.09460803866386414}, "right_elbow": {"x": 0.4763137698173523, "y": 0.45496100187301636, "z": 0.12374906986951828, "x_normalized": 13.676629277007628, "y_normalized": 12.968805445179237, "z_normalized": 0.12374906986951828}, "left_wrist": {"x": 0.5631548166275024, "y": 0.4830770492553711, "z": 0.20528730750083923, "x_normalized": 16.265012518660214, "y_normalized": 13.806832029832186, "z_normalized": 0.20528730750083923}, "right_wrist": {"x": 0.49767985939979553, "y": 0.44613340497016907, "z": 0.23754097521305084, "x_normalized": 14.313466697170785, "y_normalized": 12.705690193501692, "z_normalized": 0.23754097521305084}, "left_pinky": {"x": 0.557076096534729, "y": 0.49762749671936035, "z": 0.2169744074344635, "x_normalized": 16.083830257543198, "y_normalized": 14.240522499463122, "z_normalized": 0.2169744074344635}, "right_pinky": {"x": 0.5026660561561584, "y": 0.4449337124824524, "z": 0.2510230243206024, "x_normalized": 14.462085220298073, "y_normalized": 12.669932173021687, "z_normalized": 0.2510230243206024}, "left_index": {"x": 0.553547203540802, "y": 0.49410077929496765, "z": 0.2099377065896988, "x_normalized": 15.978648113584999, "y_normalized": 14.135405200505422, "z_normalized": 0.2099377065896988}, "right_index": {"x": 0.5021747946739197, "y": 0.45241743326187134, "z": 0.24939480423927307, "x_normalized": 14.447442686213055, "y_normalized": 12.89299186843281, "z_normalized": 0.24939480423927307}, "left_thumb": {"x": 0.555117666721344, "y": 0.4887477159500122, "z": 0.2054750919342041, "x_normalized": 16.025457321067652, "y_normalized": 13.975851856061308, "z_normalized": 0.2054750919342041}, "right_thumb": {"x": 0.5026064515113831, "y": 0.44914495944976807, "z": 0.2382315695285797, "x_normalized": 14.460308644941968, "y_normalized": 12.795452551656577, "z_normalized": 0.2382315695285797}, "left_hip": {"x": 0.5371469259262085, "y": 0.5915188193321228, "z": -0.0059273736551404, "x_normalized": 15.489821627777342, "y_normalized": 17.039046180537234, "z_normalized": -0.0059273736551404}, "right_hip": {"x": 0.503600001335144, "y": 0.5919950604438782, "z": 0.005991950165480375, "x_normalized": 14.489922379552883, "y_normalized": 17.053241017632512, "z_normalized": 0.005991950165480375}, "left_knee": {"x": 0.5315225720405579, "y": 0.7117999792098999, "z": -0.028321564197540283, "x_normalized": 15.322182200599915, "y_normalized": 20.624145047376135, "z_normalized": -0.028321564197540283}, "right_knee": {"x": 0.5033445358276367, "y": 0.7133618593215942, "z": -0.028119299560785294, "x_normalized": 14.482307977576617, "y_normalized": 20.670698428007512, "z_normalized": -0.028119299560785294}, "left_ankle": {"x": 0.5226117968559265, "y": 0.8066793084144592, "z": 0.11048750579357147, "x_normalized": 15.056587738012926, "y_normalized": 23.452117241553044, "z_normalized": 0.11048750579357147}, "right_ankle": {"x": 0.5076239705085754, "y": 0.8092795014381409, "z": 0.1048436313867569, "x_normalized": 14.60986075841889, "y_normalized": 23.52961856488777, "z_normalized": 0.1048436313867569}, "left_heel": {"x": 0.520376980304718, "y": 0.8166624903678894, "z": 0.12073440849781036, "x_normalized": 14.989976821611123, "y_normalized": 23.749675847947078, "z_normalized": 0.12073440849781036}, "right_heel": {"x": 0.5097998380661011, "y": 0.8205646872520447, "z": 0.11377646028995514, "x_normalized": 14.674714641793503, "y_normalized": 23.865984683360562, "z_normalized": 0.11377646028995514}, "left_foot_index": {"x": 0.5243610143661499, "y": 0.8419175744056702, "z": 0.04947006702423096, "x_normalized": 15.108724894988539, "y_normalized": 24.50242859208234, "z_normalized": 0.04947006702423096}, "right_foot_index": {"x": 0.5061179399490356, "y": 0.8441813588142395, "z": 0.040720559656620026, "x_normalized": 14.564972028896184, "y_normalized": 24.56990292410721, "z_normalized": 0.040720559656620026}}}