{"sequence_id": 1697925405990398000, "sequence_source": "mediapipe", "frame_number": 49, "image_dimensions": {"height": 1080, "width": 1920}, "joint_positions": {"nose": {"x": 0.5266361236572266, "y": 0.39381176233291626, "z": -0.12267159670591354, "x_normalized": 14.854640067987734, "y_normalized": 10.908233070832711, "z_normalized": -0.12267159670591354}, "left_eye_inner": {"x": 0.5285627841949463, "y": 0.3846961557865143, "z": -0.11416833847761154, "x_normalized": 14.910891968863373, "y_normalized": 10.642088523918174, "z_normalized": -0.11416833847761154}, "left_eye": {"x": 0.5302394032478333, "y": 0.38455551862716675, "z": -0.11414970457553864, "x_normalized": 14.959843513218368, "y_normalized": 10.637982399672534, "z_normalized": -0.11414970457553864}, "left_eye_outer": {"x": 0.5318283438682556, "y": 0.3844353258609772, "z": -0.11424532532691956, "x_normalized": 15.006235147098543, "y_normalized": 10.634473181812252, "z_normalized": -0.11424532532691956}, "right_eye_inner": {"x": 0.5234044790267944, "y": 0.3855382204055786, "z": -0.1144074872136116, "x_normalized": 14.760287093056554, "y_normalized": 10.66667393196237, "z_normalized": -0.1144074872136116}, "right_eye": {"x": 0.521340548992157, "y": 0.3860706388950348, "z": -0.11445549875497818, "x_normalized": 14.700027392164934, "y_normalized": 10.682218731633563, "z_normalized": -0.11445549875497818}, "right_eye_outer": {"x": 0.5192301869392395, "y": 0.38667571544647217, "z": -0.11436916887760162, "x_normalized": 14.638412035080325, "y_normalized": 10.699884898312781, "z_normalized": -0.11436916887760162}, "left_ear": {"x": 0.5347060561180115, "y": 0.39062008261680603, "z": -0.04827171564102173, "x_normalized": 15.090254506530417, "y_normalized": 10.815046934768539, "z_normalized": -0.04827171564102173}, "right_ear": {"x": 0.5142000317573547, "y": 0.3937200605869293, "z": -0.04595853015780449, "x_normalized": 14.491548700756079, "y_normalized": 10.905555693357856, "z_normalized": -0.04595853015780449}, "mouth_left": {"x": 0.530845582485199, "y": 0.4059329330921173, "z": -0.09763983637094498, "x_normalized": 14.977541874556856, "y_normalized": 11.26212981740243, "z_normalized": -0.09763983637094498}, "mouth_right": {"x": 0.5223732590675354, "y": 0.40683895349502563, "z": -0.09794511646032333, "x_normalized": 14.7301789957589, "y_normalized": 11.288582515684206, "z_normalized": -0.09794511646032333}, "left_shoulder": {"x": 0.5521607995033264, "y": 0.4359375834465027, "z": 0.0014314912259578705, "x_normalized": 15.599873339478815, "y_normalized": 12.138163028494562, "z_normalized": 0.0014314912259578705}, "right_shoulder": {"x": 0.49733224511146545, "y": 0.44156646728515625, "z": 0.027194373309612274, "x_normalized": 13.999066997923782, "y_normalized": 12.30250719267575, "z_normalized": 0.027194373309612274}, "left_elbow": {"x": 0.5781391859054565, "y": 0.4606846570968628, "z": 0.1043444499373436, "x_normalized": 16.358353408070048, "y_normalized": 12.860692974319772, "z_normalized": 0.1043444499373436}, "right_elbow": {"x": 0.4798601269721985, "y": 0.45491427183151245, "z": 0.16193965077400208, "x_normalized": 13.488940881560422, "y_normalized": 12.692217452241083, "z_normalized": 0.16193965077400208}, "left_wrist": {"x": 0.5586188435554504, "y": 0.49670082330703735, "z": 0.21774597465991974, "x_normalized": 15.788426147178164, "y_normalized": 13.912241896359308, "z_normalized": 0.21774597465991974}, "right_wrist": {"x": 0.49335941672325134, "y": 0.4779342710971832, "z": 0.2822768986225128, "x_normalized": 13.883073991208525, "y_normalized": 13.364322730518277, "z_normalized": 0.2822768986225128}, "left_pinky": {"x": 0.5534478425979614, "y": 0.5104212760925293, "z": 0.22863617539405823, "x_normalized": 15.637450597726794, "y_normalized": 14.312832210505587, "z_normalized": 0.22863617539405823}, "right_pinky": {"x": 0.4989491105079651, "y": 0.4895874559879303, "z": 0.2947826385498047, "x_normalized": 14.046273939796787, "y_normalized": 13.704555889669201, "z_normalized": 0.2947826385498047}, "left_index": {"x": 0.5507569909095764, "y": 0.5092229843139648, "z": 0.21790765225887299, "x_normalized": 15.558886927852065, "y_normalized": 14.27784618726577, "z_normalized": 0.21790765225887299}, "right_index": {"x": 0.5003859996795654, "y": 0.48942697048187256, "z": 0.28807491064071655, "x_normalized": 14.088226191201597, "y_normalized": 13.699870261556727, "z_normalized": 0.28807491064071655}, "left_thumb": {"x": 0.5512784719467163, "y": 0.5042206645011902, "z": 0.21658211946487427, "x_normalized": 15.57411239130835, "y_normalized": 14.131795550556575, "z_normalized": 0.21658211946487427}, "right_thumb": {"x": 0.5003078579902649, "y": 0.48372191190719604, "z": 0.2813667953014374, "x_normalized": 14.085944721023154, "y_normalized": 13.533302055508223, "z_normalized": 0.2813667953014374}, "left_hip": {"x": 0.5384474992752075, "y": 0.5903672575950623, "z": -0.007746397517621517, "x_normalized": 15.199491855554818, "y_normalized": 16.64698155277046, "z_normalized": -0.007746397517621517}, "right_hip": {"x": 0.5042210817337036, "y": 0.589080810546875, "z": 0.007818552665412426, "x_normalized": 14.200197475886053, "y_normalized": 16.609421697041004, "z_normalized": 0.007818552665412426}, "left_knee": {"x": 0.532694935798645, "y": 0.7117387056350708, "z": -0.032897643744945526, "x_normalized": 15.031536668779985, "y_normalized": 20.190612893431968, "z_normalized": -0.032897643744945526}, "right_knee": {"x": 0.5044838786125183, "y": 0.7116594910621643, "z": -0.030829085037112236, "x_normalized": 14.207870246303102, "y_normalized": 20.188300098720184, "z_normalized": -0.030829085037112236}, "left_ankle": {"x": 0.5246460437774658, "y": 0.8061439394950867, "z": 0.09270370751619339, "x_normalized": 14.796536539141185, "y_normalized": 22.946922971553107, "z_normalized": 0.09270370751619339}, "right_ankle": {"x": 0.5082875490188599, "y": 0.8074167370796204, "z": 0.08947192132472992, "x_normalized": 14.318924418261368, "y_normalized": 22.98408430960837, "z_normalized": 0.08947192132472992}, "left_heel": {"x": 0.5223045945167542, "y": 0.814365565776825, "z": 0.1020597368478775, "x_normalized": 14.728174225624983, "y_normalized": 23.186966351060043, "z_normalized": 0.1020597368478775}, "right_heel": {"x": 0.50972580909729, "y": 0.8168979287147522, "z": 0.09771499037742615, "x_normalized": 14.36091669545878, "y_normalized": 23.26090269125935, "z_normalized": 0.09771499037742615}, "left_foot_index": {"x": 0.5228880643844604, "y": 0.8424035310745239, "z": 0.028813142329454422, "x_normalized": 14.74520955100772, "y_normalized": 24.005579082157677, "z_normalized": 0.028813142329454422}, "right_foot_index": {"x": 0.5043985843658447, "y": 0.843791663646698, "z": 0.022034941241145134, "x_normalized": 14.205379945902378, "y_normalized": 24.046107807547255, "z_normalized": 0.022034941241145134}}}