{"sequence_id": 1697925405990398000, "sequence_source": "mediapipe", "frame_number": 531, "image_dimensions": {"height": 1080, "width": 1920}, "joint_positions": {"nose": {"x": 0.5138452649116516, "y": 0.41544607281684875, "z": -0.07075934112071991, "x_normalized": 31.74475885798625, "y_normalized": 25.575630415776015, "z_normalized": -0.07075934112071991}, "left_eye_inner": {"x": 0.5152976512908936, "y": 0.41136282682418823, "z": -0.06578420847654343, "x_normalized": 31.83595302595866, "y_normalized": 25.319246697056688, "z_normalized": -0.06578420847654343}, "left_eye": {"x": 0.5164104104042053, "y": 0.41128456592559814, "z": -0.06576860696077347, "x_normalized": 31.905822272147233, "y_normalized": 25.31433275842872, "z_normalized": -0.06576860696077347}, "left_eye_outer": {"x": 0.5174961686134338, "y": 0.4112679064273834, "z": -0.06579352170228958, "x_normalized": 31.97399615337124, "y_normalized": 25.31328672198811, "z_normalized": -0.06579352170228958}, "right_eye_inner": {"x": 0.5124693512916565, "y": 0.4119839668273926, "z": -0.06553152203559875, "x_normalized": 31.658366352816344, "y_normalized": 25.358247576296666, "z_normalized": -0.06553152203559875}, "right_eye": {"x": 0.5116018652915955, "y": 0.41233184933662415, "z": -0.06553545594215393, "x_normalized": 31.603897607354433, "y_normalized": 25.380090838141413, "z_normalized": -0.06553545594215393}, "right_eye_outer": {"x": 0.510811984539032, "y": 0.4126708507537842, "z": -0.06549836695194244, "x_normalized": 31.554301632717824, "y_normalized": 25.401376463386335, "z_normalized": -0.06549836695194244}, "left_ear": {"x": 0.5196784734725952, "y": 0.4144035279750824, "z": -0.03337039425969124, "x_normalized": 32.111021313299574, "y_normalized": 25.510169867000812, "z_normalized": -0.03337039425969124}, "right_ear": {"x": 0.5096665024757385, "y": 0.41620805859565735, "z": -0.03271239995956421, "x_normalized": 31.48237773892319, "y_normalized": 25.623474887535334, "z_normalized": -0.03271239995956421}, "mouth_left": {"x": 0.5165159702301025, "y": 0.4210261106491089, "z": -0.05890865996479988, "x_normalized": 31.912450288377343, "y_normalized": 25.925996485466868, "z_normalized": -0.05890865996479988}, "mouth_right": {"x": 0.5123851299285889, "y": 0.42150363326072693, "z": -0.05867408588528633, "x_normalized": 31.653078161436817, "y_normalized": 25.955979744658023, "z_normalized": -0.05867408588528633}, "left_shoulder": {"x": 0.5297259092330933, "y": 0.43801143765449524, "z": -0.010265850462019444, "x_normalized": 32.741891691547735, "y_normalized": 26.99249145273856, "z_normalized": -0.010265850462019444}, "right_shoulder": {"x": 0.5034459829330444, "y": 0.4420792758464813, "z": 0.0074910311959683895, "x_normalized": 31.091796339813556, "y_normalized": 27.247907728095107, "z_normalized": 0.0074910311959683895}, "left_elbow": {"x": 0.5459887981414795, "y": 0.44896069169044495, "z": 0.04083918035030365, "x_normalized": 33.76302535406671, "y_normalized": 27.679986272297615, "z_normalized": 0.04083918035030365}, "right_elbow": {"x": 0.49797675013542175, "y": 0.46014705300331116, "z": 0.06998558342456818, "x_normalized": 30.74838762877419, "y_normalized": 28.382368866313694, "z_normalized": 0.06998558342456818}, "left_wrist": {"x": 0.5365991592407227, "y": 0.4710521101951599, "z": 0.08467535674571991, "x_normalized": 33.17345750948061, "y_normalized": 29.067088601719938, "z_normalized": 0.08467535674571991}, "right_wrist": {"x": 0.5041743516921997, "y": 0.47554484009742737, "z": 0.11572253704071045, "x_normalized": 31.13753002605408, "y_normalized": 29.349183484471375, "z_normalized": 0.11572253704071045}, "left_pinky": {"x": 0.5345245599746704, "y": 0.47895169258117676, "z": 0.08962985873222351, "x_normalized": 33.04319509677295, "y_normalized": 29.563097000943774, "z_normalized": 0.08962985873222351}, "right_pinky": {"x": 0.5059787034988403, "y": 0.4807261824607849, "z": 0.1209113597869873, "x_normalized": 31.250823819006055, "y_normalized": 29.67451578761044, "z_normalized": 0.1209113597869873}, "left_index": {"x": 0.5329938530921936, "y": 0.47817739844322205, "z": 0.08297307789325714, "x_normalized": 32.947083247645054, "y_normalized": 29.514479697252487, "z_normalized": 0.08297307789325714}, "right_index": {"x": 0.5072635412216187, "y": 0.4796217083930969, "z": 0.11645855754613876, "x_normalized": 31.331497742132136, "y_normalized": 29.605166752746534, "z_normalized": 0.11645855754613876}, "left_thumb": {"x": 0.5330928564071655, "y": 0.47528624534606934, "z": 0.08350583165884018, "x_normalized": 32.95329958584845, "y_normalized": 29.33294652884498, "z_normalized": 0.08350583165884018}, "right_thumb": {"x": 0.5070652365684509, "y": 0.4767839312553406, "z": 0.11496921628713608, "x_normalized": 31.319046353087764, "y_normalized": 29.42698501772924, "z_normalized": 0.11496921628713608}, "left_hip": {"x": 0.5270666480064392, "y": 0.5088629126548767, "z": -0.005386893171817064, "x_normalized": 32.57491882643964, "y_normalized": 31.441198356510313, "z_normalized": -0.005386893171817064}, "right_hip": {"x": 0.5112741589546204, "y": 0.5109231472015381, "z": 0.005393313243985176, "x_normalized": 31.583321191073715, "y_normalized": 31.570558820086717, "z_normalized": 0.005393313243985176}, "left_knee": {"x": 0.5279939770698547, "y": 0.563586950302124, "z": -0.01496659591794014, "x_normalized": 32.63314506952721, "y_normalized": 34.877276491542275, "z_normalized": -0.01496659591794014}, "right_knee": {"x": 0.5151130557060242, "y": 0.566749632358551, "z": -0.01085581537336111, "x_normalized": 31.824362418242877, "y_normalized": 35.07585874404705, "z_normalized": -0.01085581537336111}, "left_ankle": {"x": 0.5305057168006897, "y": 0.6180734038352966, "z": 0.029722411185503006, "x_normalized": 32.79085517903422, "y_normalized": 38.29843691189709, "z_normalized": 0.029722411185503006}, "right_ankle": {"x": 0.5207920670509338, "y": 0.6180970072746277, "z": 0.037253569811582565, "x_normalized": 32.180942954873366, "y_normalized": 38.29991895279326, "z_normalized": 0.037253569811582565}, "left_heel": {"x": 0.5298664569854736, "y": 0.624337911605835, "z": 0.031745824962854385, "x_normalized": 32.7507165714295, "y_normalized": 38.69178029631323, "z_normalized": 0.031745824962854385}, "right_heel": {"x": 0.5230011343955994, "y": 0.6239215135574341, "z": 0.039548080414533615, "x_normalized": 32.319648509656204, "y_normalized": 38.66563499908931, "z_normalized": 0.039548080414533615}, "left_foot_index": {"x": 0.529242753982544, "y": 0.6355240941047668, "z": -0.008078206330537796, "x_normalized": 32.711554763506356, "y_normalized": 39.394151662746765, "z_normalized": -0.008078206330537796}, "right_foot_index": {"x": 0.516577422618866, "y": 0.6370157599449158, "z": 0.0037971260026097298, "x_normalized": 31.916308834245918, "y_normalized": 39.48781215635194, "z_normalized": 0.0037971260026097298}}}