{"sequence_id": 1697925405990398000, "sequence_source": "mediapipe", "frame_number": 438, "image_dimensions": {"height": 1080, "width": 1920}, "joint_positions": {"nose": {"x": 0.5218196511268616, "y": 0.42363792657852173, "z": -0.04560542106628418, "x_normalized": 29.853920214980555, "y_normalized": 24.134747825384085, "z_normalized": -0.04560542106628418}, "left_eye_inner": {"x": 0.5233148336410522, "y": 0.420475572347641, "z": -0.0378199927508831, "x_normalized": 29.9409550906355, "y_normalized": 23.950666547915038, "z_normalized": -0.0378199927508831}, "left_eye": {"x": 0.524219274520874, "y": 0.42074188590049744, "z": -0.03778659179806709, "x_normalized": 29.993602776630645, "y_normalized": 23.966168713529, "z_normalized": -0.03778659179806709}, "left_eye_outer": {"x": 0.5251546502113342, "y": 0.42094165086746216, "z": -0.0377950593829155, "x_normalized": 30.048051184191063, "y_normalized": 23.97779707253867, "z_normalized": -0.0377950593829155}, "right_eye_inner": {"x": 0.5208055973052979, "y": 0.41992461681365967, "z": -0.03966367989778519, "x_normalized": 29.794891937543138, "y_normalized": 23.91859531518167, "z_normalized": -0.03966367989778519}, "right_eye": {"x": 0.519939661026001, "y": 0.41995057463645935, "z": -0.039693303406238556, "x_normalized": 29.744485612109013, "y_normalized": 23.920106325281242, "z_normalized": -0.039693303406238556}, "right_eye_outer": {"x": 0.5190718173980713, "y": 0.41995176672935486, "z": -0.03967048600316048, "x_normalized": 29.693968259526354, "y_normalized": 23.920175717249073, "z_normalized": -0.03967048600316048}, "left_ear": {"x": 0.5272050499916077, "y": 0.42367884516716003, "z": 0.003188737668097019, "x_normalized": 30.167405368864383, "y_normalized": 24.137129704679964, "z_normalized": 0.003188737668097019}, "right_ear": {"x": 0.5173777937889099, "y": 0.4230310916900635, "z": -0.005833207629621029, "x_normalized": 29.595358803636806, "y_normalized": 24.09942384415853, "z_normalized": -0.005833207629621029}, "mouth_left": {"x": 0.5235026478767395, "y": 0.42968448996543884, "z": -0.03105331026017666, "x_normalized": 29.951887795167643, "y_normalized": 24.486719499427466, "z_normalized": -0.03105331026017666}, "mouth_right": {"x": 0.5204338431358337, "y": 0.4294058382511139, "z": -0.03360065072774887, "x_normalized": 29.773252052374318, "y_normalized": 24.47049912694643, "z_normalized": -0.03360065072774887}, "left_shoulder": {"x": 0.5351913571357727, "y": 0.44765380024909973, "z": 0.025749679654836655, "x_normalized": 30.632289918166954, "y_normalized": 25.532716674555036, "z_normalized": 0.025749679654836655}, "right_shoulder": {"x": 0.5074490904808044, "y": 0.45003604888916016, "z": 0.022925281897187233, "x_normalized": 29.017406981946618, "y_normalized": 25.67138784827396, "z_normalized": 0.022925281897187233}, "left_elbow": {"x": 0.5513588190078735, "y": 0.4613689184188843, "z": 0.05883819982409477, "x_normalized": 31.57340113391446, "y_normalized": 26.331076468875022, "z_normalized": 0.05883819982409477}, "right_elbow": {"x": 0.4948890507221222, "y": 0.4578019678592682, "z": 0.05383795499801636, "x_normalized": 28.286284534858734, "y_normalized": 26.123443557523345, "z_normalized": 0.05383795499801636}, "left_wrist": {"x": 0.5391467213630676, "y": 0.47929370403289795, "z": 0.08678580075502396, "x_normalized": 30.862532467437923, "y_normalized": 27.374481854004017, "z_normalized": 0.08678580075502396}, "right_wrist": {"x": 0.5093501806259155, "y": 0.45473358035087585, "z": 0.09655316174030304, "x_normalized": 29.12806982264881, "y_normalized": 25.94483210191876, "z_normalized": 0.09655316174030304}, "left_pinky": {"x": 0.5362648367881775, "y": 0.4873039424419403, "z": 0.08770113438367844, "x_normalized": 30.69477738520086, "y_normalized": 27.840759447060844, "z_normalized": 0.08770113438367844}, "right_pinky": {"x": 0.5145319104194641, "y": 0.4580506980419159, "z": 0.09725812077522278, "x_normalized": 29.429699358828312, "y_normalized": 26.137922191611768, "z_normalized": 0.09725812077522278}, "left_index": {"x": 0.5347306728363037, "y": 0.48520174622535706, "z": 0.08374084532260895, "x_normalized": 30.605473392197766, "y_normalized": 27.718390181385168, "z_normalized": 0.08374084532260895}, "right_index": {"x": 0.5158770680427551, "y": 0.45791947841644287, "z": 0.09990959614515305, "x_normalized": 29.508001255331436, "y_normalized": 26.130283870752514, "z_normalized": 0.09990959614515305}, "left_thumb": {"x": 0.5348507165908813, "y": 0.48079270124435425, "z": 0.0855884701013565, "x_normalized": 30.61246116335858, "y_normalized": 27.46173878395603, "z_normalized": 0.0855884701013565}, "right_thumb": {"x": 0.5142747163772583, "y": 0.4575164318084717, "z": 0.09803278744220734, "x_normalized": 29.41472804176827, "y_normalized": 26.106822446428065, "z_normalized": 0.09803278744220734}, "left_hip": {"x": 0.5298890471458435, "y": 0.525658130645752, "z": -0.0015781325055286288, "x_normalized": 30.32364138444111, "y_normalized": 30.073364476535847, "z_normalized": -0.0015781325055286288}, "right_hip": {"x": 0.512724757194519, "y": 0.5249444842338562, "z": 0.0016682728892192245, "x_normalized": 29.324504605191382, "y_normalized": 30.031822974992426, "z_normalized": 0.0016682728892192245}, "left_knee": {"x": 0.5292366147041321, "y": 0.5887991189956665, "z": -0.02014901116490364, "x_normalized": 30.28566316044593, "y_normalized": 33.748814140779615, "z_normalized": -0.02014901116490364}, "right_knee": {"x": 0.5132895708084106, "y": 0.5896451473236084, "z": -0.023441744968295097, "x_normalized": 29.357382519550814, "y_normalized": 33.79806162035092, "z_normalized": -0.023441744968295097}, "left_ankle": {"x": 0.5291802287101746, "y": 0.6329531073570251, "z": 0.04778221622109413, "x_normalized": 30.282380920367416, "y_normalized": 36.3190267069565, "z_normalized": 0.04778221622109413}, "right_ankle": {"x": 0.5145962238311768, "y": 0.6499343514442444, "z": 0.02051425538957119, "x_normalized": 29.43344305549292, "y_normalized": 37.30750834954542, "z_normalized": 0.02051425538957119}, "left_heel": {"x": 0.5274936556816101, "y": 0.6391614675521851, "z": 0.052260514348745346, "x_normalized": 30.18420516427683, "y_normalized": 36.68041660583406, "z_normalized": 0.052260514348745346}, "right_heel": {"x": 0.516294002532959, "y": 0.6577404737472534, "z": 0.022613409906625748, "x_normalized": 29.53227109608114, "y_normalized": 37.76190430290999, "z_normalized": 0.022613409906625748}, "left_foot_index": {"x": 0.5306462049484253, "y": 0.6527884602546692, "z": 0.014620449393987656, "x_normalized": 30.367715692810446, "y_normalized": 37.473646598931964, "z_normalized": 0.014620449393987656}, "right_foot_index": {"x": 0.5118221640586853, "y": 0.6703481078147888, "z": -0.019057946279644966, "x_normalized": 29.271964476746383, "y_normalized": 38.49579722431361, "z_normalized": -0.019057946279644966}}}