{"sequence_id": 1697925405990398000, "sequence_source": "mediapipe", "frame_number": 312, "image_dimensions": {"height": 1080, "width": 1920}, "joint_positions": {"nose": {"x": 0.5196109414100647, "y": 0.4285355508327484, "z": -0.14938881993293762, "x_normalized": 23.67950540098334, "y_normalized": 19.410762159423506, "z_normalized": -0.14938881993293762}, "left_eye_inner": {"x": 0.5212906002998352, "y": 0.4234228730201721, "z": -0.14056281745433807, "x_normalized": 23.75773047949618, "y_normalized": 19.17265451403471, "z_normalized": -0.14056281745433807}, "left_eye": {"x": 0.5225011706352234, "y": 0.42347007989883423, "z": -0.14047293365001678, "x_normalized": 23.814109164542156, "y_normalized": 19.174853032919813, "z_normalized": -0.14047293365001678}, "left_eye_outer": {"x": 0.5237964391708374, "y": 0.4235197901725769, "z": -0.140379399061203, "x_normalized": 23.874432414405973, "y_normalized": 19.17716813992761, "z_normalized": -0.140379399061203}, "right_eye_inner": {"x": 0.5179892778396606, "y": 0.4235210716724396, "z": -0.14154721796512604, "x_normalized": 23.60398128064627, "y_normalized": 19.1772278219428, "z_normalized": -0.14154721796512604}, "right_eye": {"x": 0.5167513489723206, "y": 0.4236984848976135, "z": -0.14159803092479706, "x_normalized": 23.5463284539737, "y_normalized": 19.18549031116187, "z_normalized": -0.14159803092479706}, "right_eye_outer": {"x": 0.515366792678833, "y": 0.42394572496414185, "z": -0.14164797961711884, "x_normalized": 23.481846894400434, "y_normalized": 19.19700477623182, "z_normalized": -0.14164797961711884}, "left_ear": {"x": 0.5264574885368347, "y": 0.42540740966796875, "z": -0.09761130809783936, "x_normalized": 23.99836281292285, "y_normalized": 19.26507836034716, "z_normalized": -0.09761130809783936}, "right_ear": {"x": 0.5123315453529358, "y": 0.42741429805755615, "z": -0.1042337715625763, "x_normalized": 23.340489347448372, "y_normalized": 19.358543172040815, "z_normalized": -0.1042337715625763}, "mouth_left": {"x": 0.5217262506484985, "y": 0.43526169657707214, "z": -0.13646577298641205, "x_normalized": 23.778019588752752, "y_normalized": 19.724012237842928, "z_normalized": -0.13646577298641205}, "mouth_right": {"x": 0.5178518891334534, "y": 0.4363481402397156, "z": -0.13853785395622253, "x_normalized": 23.597582813436475, "y_normalized": 19.774610095138623, "z_normalized": -0.13853785395622253}, "left_shoulder": {"x": 0.5371144413948059, "y": 0.4544694721698761, "z": -0.041795533150434494, "x_normalized": 24.494678451234552, "y_normalized": 20.618556816480137, "z_normalized": -0.041795533150434494}, "right_shoulder": {"x": 0.5009716153144836, "y": 0.45788416266441345, "z": -0.04499848559498787, "x_normalized": 22.811434653920898, "y_normalized": 20.77758579174351, "z_normalized": -0.04499848559498787}, "left_elbow": {"x": 0.5529244542121887, "y": 0.4662507176399231, "z": 0.043490178883075714, "x_normalized": 25.23098241239042, "y_normalized": 21.167233013466372, "z_normalized": 0.043490178883075714}, "right_elbow": {"x": 0.48800310492515564, "y": 0.46535569429397583, "z": 0.039439450949430466, "x_normalized": 22.20746515179282, "y_normalized": 21.125549983695304, "z_normalized": 0.039439450949430466}, "left_wrist": {"x": 0.5498062372207642, "y": 0.4808763861656189, "z": 0.09975264221429825, "x_normalized": 25.085760801943334, "y_normalized": 21.848379688956875, "z_normalized": 0.09975264221429825}, "right_wrist": {"x": 0.4833357632160187, "y": 0.47662031650543213, "z": 0.1008259505033493, "x_normalized": 21.990097700659124, "y_normalized": 21.650166000837324, "z_normalized": 0.1008259505033493}, "left_pinky": {"x": 0.5485674738883972, "y": 0.4885050356388092, "z": 0.1093139797449112, "x_normalized": 25.028069112563195, "y_normalized": 22.203661173561613, "z_normalized": 0.1093139797449112}, "right_pinky": {"x": 0.4805259704589844, "y": 0.4783777892589569, "z": 0.11008536070585251, "x_normalized": 21.8592400245188, "y_normalized": 21.732015026830588, "z_normalized": 0.11008536070585251}, "left_index": {"x": 0.5462585687637329, "y": 0.48739296197891235, "z": 0.09786395728588104, "x_normalized": 24.920538776638722, "y_normalized": 22.151869675962136, "z_normalized": 0.09786395728588104}, "right_index": {"x": 0.48322564363479614, "y": 0.4772392511367798, "z": 0.10453752428293228, "x_normalized": 21.984969211214395, "y_normalized": 21.67899102621977, "z_normalized": 0.10453752428293228}, "left_thumb": {"x": 0.546112596988678, "y": 0.4855886995792389, "z": 0.09687412530183792, "x_normalized": 24.913740578722543, "y_normalized": 22.067841562437554, "z_normalized": 0.09687412530183792}, "right_thumb": {"x": 0.48577016592025757, "y": 0.4768991470336914, "z": 0.1006961241364479, "x_normalized": 22.103472710210596, "y_normalized": 21.663151696979376, "z_normalized": 0.1006961241364479}, "left_hip": {"x": 0.5305162072181702, "y": 0.5478833317756653, "z": -0.00033812233596108854, "x_normalized": 24.187385470703294, "y_normalized": 24.969027347343808, "z_normalized": -0.00033812233596108854}, "right_hip": {"x": 0.5091174244880676, "y": 0.5461100935935974, "z": 0.0003093769191764295, "x_normalized": 23.190801301539, "y_normalized": 24.886444093768336, "z_normalized": 0.0003093769191764295}, "left_knee": {"x": 0.5293915271759033, "y": 0.620052695274353, "z": 0.0003867870254907757, "x_normalized": 24.13500686862882, "y_normalized": 28.33009914608117, "z_normalized": 0.0003867870254907757}, "right_knee": {"x": 0.5102565288543701, "y": 0.6204684972763062, "z": -0.032453376799821854, "x_normalized": 23.24385167327281, "y_normalized": 28.349463878079238, "z_normalized": -0.032453376799821854}, "left_ankle": {"x": 0.5240832567214966, "y": 0.6700115203857422, "z": 0.0790485218167305, "x_normalized": 23.887790082177577, "y_normalized": 30.656781688916613, "z_normalized": 0.0790485218167305}, "right_ankle": {"x": 0.5120434761047363, "y": 0.6882925033569336, "z": 0.02022682875394821, "x_normalized": 23.32707338561542, "y_normalized": 31.5081636789876, "z_normalized": 0.02022682875394821}, "left_heel": {"x": 0.5226321220397949, "y": 0.6754993796348572, "z": 0.08407144248485565, "x_normalized": 23.820207833722165, "y_normalized": 30.912362285217366, "z_normalized": 0.08407144248485565}, "right_heel": {"x": 0.5137770771980286, "y": 0.6955564618110657, "z": 0.02161780185997486, "x_normalized": 23.40781066058156, "y_normalized": 31.84646077243262, "z_normalized": 0.02161780185997486}, "left_foot_index": {"x": 0.5273733735084534, "y": 0.6909741759300232, "z": 0.03986777365207672, "x_normalized": 24.04101741038304, "y_normalized": 31.63305454156287, "z_normalized": 0.03986777365207672}, "right_foot_index": {"x": 0.510028600692749, "y": 0.7123998403549194, "z": -0.033155832439661026, "x_normalized": 23.23323660229222, "y_normalized": 32.63089064509229, "z_normalized": -0.033155832439661026}}}