{"sequence_id": 1697925405990398000, "sequence_source": "mediapipe", "frame_number": 517, "image_dimensions": {"height": 1080, "width": 1920}, "joint_positions": {"nose": {"x": 0.5172393918037415, "y": 0.42640867829322815, "z": -0.0830206647515297, "x_normalized": 34.31856886865165, "y_normalized": 28.199730719538866, "z_normalized": -0.0830206647515297}, "left_eye_inner": {"x": 0.5186219811439514, "y": 0.42240050435066223, "z": -0.07891275733709335, "x_normalized": 34.41169222155373, "y_normalized": 27.92976292383044, "z_normalized": -0.07891275733709335}, "left_eye": {"x": 0.5195203423500061, "y": 0.422431081533432, "z": -0.07889881730079651, "x_normalized": 34.47220072193914, "y_normalized": 27.931822428919194, "z_normalized": -0.07889881730079651}, "left_eye_outer": {"x": 0.5204226970672607, "y": 0.42245736718177795, "z": -0.07892541587352753, "x_normalized": 34.53297820252133, "y_normalized": 27.93359288066216, "z_normalized": -0.07892541587352753}, "right_eye_inner": {"x": 0.5162686109542847, "y": 0.42248305678367615, "z": -0.07894208282232285, "x_normalized": 34.25318259305603, "y_normalized": 27.935323186107098, "z_normalized": -0.07894208282232285}, "right_eye": {"x": 0.5154514312744141, "y": 0.42259544134140015, "z": -0.07895329594612122, "x_normalized": 34.19814201846182, "y_normalized": 27.94289277059998, "z_normalized": -0.07895329594612122}, "right_eye_outer": {"x": 0.5146288871765137, "y": 0.4226796329021454, "z": -0.07893738895654678, "x_normalized": 34.14274012718537, "y_normalized": 27.94856343519621, "z_normalized": -0.07893738895654678}, "left_ear": {"x": 0.5223888754844666, "y": 0.42475008964538574, "z": -0.04666338860988617, "x_normalized": 34.665408795821065, "y_normalized": 28.088017623335666, "z_normalized": -0.04666338860988617}, "right_ear": {"x": 0.5135178565979004, "y": 0.4254724979400635, "z": -0.04706728085875511, "x_normalized": 34.06790742766413, "y_normalized": 28.13667493654368, "z_normalized": -0.04706728085875511}, "mouth_left": {"x": 0.519216775894165, "y": 0.43162909150123596, "z": -0.07044291496276855, "x_normalized": 34.45175421235429, "y_normalized": 28.551348056173417, "z_normalized": -0.07044291496276855}, "mouth_right": {"x": 0.515648603439331, "y": 0.43202468752861023, "z": -0.07065771520137787, "x_normalized": 34.21142241384896, "y_normalized": 28.577993154173548, "z_normalized": -0.07065771520137787}, "left_shoulder": {"x": 0.5317696928977966, "y": 0.44866687059402466, "z": -0.018355058506131172, "x_normalized": 35.297247292679984, "y_normalized": 29.69891593405417, "z_normalized": -0.018355058506131172}, "right_shoulder": {"x": 0.5054212212562561, "y": 0.4491114020347595, "z": -0.01162461843341589, "x_normalized": 33.52256412990312, "y_normalized": 29.72885704312227, "z_normalized": -0.01162461843341589}, "left_elbow": {"x": 0.5482819080352783, "y": 0.46013811230659485, "z": 0.03029618412256241, "x_normalized": 36.40941617227595, "y_normalized": 30.471553520036437, "z_normalized": 0.03029618412256241}, "right_elbow": {"x": 0.4999748468399048, "y": 0.46087825298309326, "z": 0.045743428170681, "x_normalized": 33.155727331686755, "y_normalized": 30.521405185610735, "z_normalized": 0.045743428170681}, "left_wrist": {"x": 0.5392970442771912, "y": 0.4784296751022339, "z": 0.06661652773618698, "x_normalized": 35.80424686119597, "y_normalized": 31.703569135815755, "z_normalized": 0.06661652773618698}, "right_wrist": {"x": 0.5057132244110107, "y": 0.48249974846839905, "z": 0.08564737439155579, "x_normalized": 33.54223180130626, "y_normalized": 31.977706124574226, "z_normalized": 0.08564737439155579}, "left_pinky": {"x": 0.536838173866272, "y": 0.4849081039428711, "z": 0.072824627161026, "x_normalized": 35.6386313379476, "y_normalized": 32.13991924906485, "z_normalized": 0.072824627161026}, "right_pinky": {"x": 0.507580578327179, "y": 0.4872673749923706, "z": 0.0900917574763298, "x_normalized": 33.66800613839321, "y_normalized": 32.298826325913005, "z_normalized": 0.0900917574763298}, "left_index": {"x": 0.5356026291847229, "y": 0.483660489320755, "z": 0.06514004617929459, "x_normalized": 35.55541207676865, "y_normalized": 32.05588702535086, "z_normalized": 0.06514004617929459}, "right_index": {"x": 0.5092788338661194, "y": 0.4865603446960449, "z": 0.08608131110668182, "x_normalized": 33.78239097073007, "y_normalized": 32.25120478719408, "z_normalized": 0.08608131110668182}, "left_thumb": {"x": 0.5359062552452087, "y": 0.48118799924850464, "z": 0.06530892103910446, "x_normalized": 35.57586260098331, "y_normalized": 31.889354159192592, "z_normalized": 0.06530892103910446}, "right_thumb": {"x": 0.5090335607528687, "y": 0.48491695523262024, "z": 0.08504319936037064, "x_normalized": 33.7658707690922, "y_normalized": 32.14051542159054, "z_normalized": 0.08504319936037064}, "left_hip": {"x": 0.527157187461853, "y": 0.5206535458564758, "z": -0.0045173680409789085, "x_normalized": 34.98657516540258, "y_normalized": 34.54752887337716, "z_normalized": -0.0045173680409789085}, "right_hip": {"x": 0.5123111605644226, "y": 0.5208107829093933, "z": 0.00446943799033761, "x_normalized": 33.98663124730965, "y_normalized": 34.55811946679653, "z_normalized": 0.00446943799033761}, "left_knee": {"x": 0.5278914570808411, "y": 0.5753636956214905, "z": -0.02164280228316784, "x_normalized": 35.036031389941314, "y_normalized": 38.23249333514492, "z_normalized": -0.02164280228316784}, "right_knee": {"x": 0.5152527093887329, "y": 0.5763947367668152, "z": 0.011710627004504204, "x_normalized": 34.18475724269982, "y_normalized": 38.30193840147101, "z_normalized": 0.011710627004504204}, "left_ankle": {"x": 0.5286863446235657, "y": 0.6305035352706909, "z": 0.016429893672466278, "x_normalized": 35.089570492989345, "y_normalized": 41.94639926315992, "z_normalized": 0.016429893672466278}, "right_ankle": {"x": 0.5215535759925842, "y": 0.6206655502319336, "z": 0.0879298597574234, "x_normalized": 34.60914777376684, "y_normalized": 41.28376855571474, "z_normalized": 0.0879298597574234}, "left_heel": {"x": 0.528649628162384, "y": 0.637245774269104, "z": 0.01795089803636074, "x_normalized": 35.087097481030916, "y_normalized": 42.40051812791551, "z_normalized": 0.01795089803636074}, "right_heel": {"x": 0.5230268836021423, "y": 0.6260495781898499, "z": 0.09341736137866974, "x_normalized": 34.708381393228535, "y_normalized": 41.646406051157534, "z_normalized": 0.09341736137866974}, "left_foot_index": {"x": 0.5295020937919617, "y": 0.6470348834991455, "z": -0.021941063925623894, "x_normalized": 35.144514716468294, "y_normalized": 43.05985683892253, "z_normalized": -0.021941063925623894}, "right_foot_index": {"x": 0.516264021396637, "y": 0.636610746383667, "z": 0.06430063396692276, "x_normalized": 34.25287346656123, "y_normalized": 42.35774626199817, "z_normalized": 0.06430063396692276}}}