{"sequence_id": 1697925405990398000, "sequence_source": "mediapipe", "frame_number": 201, "image_dimensions": {"height": 1080, "width": 1920}, "joint_positions": {"nose": {"x": 0.5105938911437988, "y": 0.3961957097053528, "z": -0.17489281296730042, "x_normalized": 19.686114748060486, "y_normalized": 15.124614261263561, "z_normalized": -0.17489281296730042}, "left_eye_inner": {"x": 0.5119925141334534, "y": 0.39215946197509766, "z": -0.16837525367736816, "x_normalized": 19.741452721944096, "y_normalized": 14.964915920011642, "z_normalized": -0.16837525367736816}, "left_eye": {"x": 0.5131747126579285, "y": 0.39234307408332825, "z": -0.1683286726474762, "x_normalized": 19.78822763666847, "y_normalized": 14.972180724126215, "z_normalized": -0.1683286726474762}, "left_eye_outer": {"x": 0.5143773555755615, "y": 0.39253056049346924, "z": -0.16838519275188446, "x_normalized": 19.835811455080982, "y_normalized": 14.979598819027169, "z_normalized": -0.16838519275188446}, "right_eye_inner": {"x": 0.5085710287094116, "y": 0.3926508128643036, "z": -0.16903524100780487, "x_normalized": 19.606078091011184, "y_normalized": 14.984356729204462, "z_normalized": -0.16903524100780487}, "right_eye": {"x": 0.50721675157547, "y": 0.3932892382144928, "z": -0.16908515989780426, "x_normalized": 19.552494707051693, "y_normalized": 15.009616692480291, "z_normalized": -0.16908515989780426}, "right_eye_outer": {"x": 0.5059795379638672, "y": 0.39388948678970337, "z": -0.16906331479549408, "x_normalized": 19.503543063160706, "y_normalized": 15.033366151930318, "z_normalized": -0.16906331479549408}, "left_ear": {"x": 0.5172656178474426, "y": 0.39865636825561523, "z": -0.12196134030818939, "x_normalized": 19.95008855716826, "y_normalized": 15.221972777173937, "z_normalized": -0.12196134030818939}, "right_ear": {"x": 0.5031352639198303, "y": 0.40030691027641296, "z": -0.12149456888437271, "x_normalized": 19.3910064010788, "y_normalized": 15.287278189652008, "z_normalized": -0.12149456888437271}, "mouth_left": {"x": 0.5142463445663452, "y": 0.4045795202255249, "z": -0.1553632616996765, "x_normalized": 19.830627868181505, "y_normalized": 15.456328448033073, "z_normalized": -0.1553632616996765}, "mouth_right": {"x": 0.5085985064506531, "y": 0.40625396370887756, "z": -0.15617965161800385, "x_normalized": 19.607165276434596, "y_normalized": 15.522579546747128, "z_normalized": -0.15617965161800385}, "left_shoulder": {"x": 0.5334203839302063, "y": 0.4363406300544739, "z": -0.0717240497469902, "x_normalized": 20.589268686621573, "y_normalized": 16.712989806547498, "z_normalized": -0.0717240497469902}, "right_shoulder": {"x": 0.49206265807151794, "y": 0.4443417489528656, "z": -0.05446736142039299, "x_normalized": 18.95290722940085, "y_normalized": 17.029562401102233, "z_normalized": -0.05446736142039299}, "left_elbow": {"x": 0.5524724721908569, "y": 0.4510803520679474, "z": 0.028718620538711548, "x_normalized": 21.343084382770318, "y_normalized": 17.296182245014926, "z_normalized": 0.028718620538711548}, "right_elbow": {"x": 0.47898775339126587, "y": 0.4636315107345581, "z": 0.05096905305981636, "x_normalized": 18.435585021001312, "y_normalized": 17.792781897415516, "z_normalized": 0.05096905305981636}, "left_wrist": {"x": 0.5394185185432434, "y": 0.47158366441726685, "z": 0.12713389098644257, "x_normalized": 20.826591123777135, "y_normalized": 18.107417132262377, "z_normalized": 0.12713389098644257}, "right_wrist": {"x": 0.4888356029987335, "y": 0.47488927841186523, "z": 0.14524659514427185, "x_normalized": 18.825225437624486, "y_normalized": 18.238207189522594, "z_normalized": 0.14524659514427185}, "left_pinky": {"x": 0.5370829105377197, "y": 0.48167216777801514, "z": 0.14214949309825897, "x_normalized": 20.734180362787182, "y_normalized": 18.506579265039612, "z_normalized": 0.14214949309825897}, "right_pinky": {"x": 0.489610880613327, "y": 0.47389376163482666, "z": 0.1576971411705017, "x_normalized": 18.855900103139255, "y_normalized": 18.198818532382, "z_normalized": 0.1576971411705017}, "left_index": {"x": 0.5346904397010803, "y": 0.4820799231529236, "z": 0.13365626335144043, "x_normalized": 20.639519764717114, "y_normalized": 18.52271253072628, "z_normalized": 0.13365626335144043}, "right_index": {"x": 0.49375852942466736, "y": 0.47803035378456116, "z": 0.15229733288288116, "x_normalized": 19.02000614407958, "y_normalized": 18.362487105001193, "z_normalized": 0.15229733288288116}, "left_thumb": {"x": 0.5355411767959595, "y": 0.4787184000015259, "z": 0.12751956284046173, "x_normalized": 20.673180063086633, "y_normalized": 18.389710369502595, "z_normalized": 0.12751956284046173}, "right_thumb": {"x": 0.49304071068763733, "y": 0.47687286138534546, "z": 0.1451510637998581, "x_normalized": 18.991604898842834, "y_normalized": 18.31668971382997, "z_normalized": 0.1451510637998581}, "left_hip": {"x": 0.5287005305290222, "y": 0.551382839679718, "z": -0.005090142134577036, "x_normalized": 20.402522775692642, "y_normalized": 21.264754534315017, "z_normalized": -0.005090142134577036}, "right_hip": {"x": 0.5034271478652954, "y": 0.5511796474456787, "z": 0.0050405096262693405, "x_normalized": 19.40255509309278, "y_normalized": 21.256715022149272, "z_normalized": 0.0050405096262693405}, "left_knee": {"x": 0.5252799391746521, "y": 0.6477716565132141, "z": -0.016018325462937355, "x_normalized": 20.26718351955659, "y_normalized": 25.078478367012313, "z_normalized": -0.016018325462937355}, "right_knee": {"x": 0.5062354207038879, "y": 0.6487094759941101, "z": -0.0038148313760757446, "x_normalized": 19.513667330021235, "y_normalized": 25.11558417059572, "z_normalized": -0.0038148313760757446}, "left_ankle": {"x": 0.5185028910636902, "y": 0.7235577702522278, "z": 0.0658549964427948, "x_normalized": 19.99904255937904, "y_normalized": 28.077034814211533, "z_normalized": 0.0658549964427948}, "right_ankle": {"x": 0.5121353268623352, "y": 0.7214637994766235, "z": 0.07700047641992569, "x_normalized": 19.747103256162085, "y_normalized": 27.994184681652186, "z_normalized": 0.07700047641992569}, "left_heel": {"x": 0.5180872678756714, "y": 0.7316035032272339, "z": 0.07086635380983353, "x_normalized": 19.982597995480024, "y_normalized": 28.395372611129446, "z_normalized": 0.07086635380983353}, "right_heel": {"x": 0.5133795738220215, "y": 0.7286550402641296, "z": 0.08214294910430908, "x_normalized": 19.79633318178835, "y_normalized": 28.27871360605378, "z_normalized": 0.08214294910430908}, "left_foot_index": {"x": 0.5218068361282349, "y": 0.749613344669342, "z": 0.010362382046878338, "x_normalized": 20.12976658368512, "y_normalized": 29.10795072742186, "z_normalized": 0.010362382046878338}, "right_foot_index": {"x": 0.5113297700881958, "y": 0.7479370832443237, "z": 0.0247698612511158, "x_normalized": 19.71523056419375, "y_normalized": 29.041627699954198, "z_normalized": 0.0247698612511158}}}