{"sequence_id": 1697925405990398000, "sequence_source": "mediapipe", "frame_number": 501, "image_dimensions": {"height": 1080, "width": 1920}, "joint_positions": {"nose": {"x": 0.5206089019775391, "y": 0.4274628758430481, "z": -0.08119604736566544, "x_normalized": 31.35726948271018, "y_normalized": 25.655461322081198, "z_normalized": -0.08119604736566544}, "left_eye_inner": {"x": 0.5224466323852539, "y": 0.42277100682258606, "z": -0.0760970264673233, "x_normalized": 31.469809871654338, "y_normalized": 25.36813693422692, "z_normalized": -0.0760970264673233}, "left_eye": {"x": 0.5235893726348877, "y": 0.4227275848388672, "z": -0.07607365399599075, "x_normalized": 31.539789903336924, "y_normalized": 25.365477824427174, "z_normalized": -0.07607365399599075}, "left_eye_outer": {"x": 0.524645209312439, "y": 0.4227168560028076, "z": -0.07609964907169342, "x_normalized": 31.604448065303608, "y_normalized": 25.364820803474593, "z_normalized": -0.07609964907169342}, "right_eye_inner": {"x": 0.5192468166351318, "y": 0.42262157797813416, "z": -0.07679594308137894, "x_normalized": 31.273857022663734, "y_normalized": 25.35898609240404, "z_normalized": -0.07679594308137894}, "right_eye": {"x": 0.5181924700737, "y": 0.422533243894577, "z": -0.07681620866060257, "x_normalized": 31.20929011360713, "y_normalized": 25.353576619894465, "z_normalized": -0.07681620866060257}, "right_eye_outer": {"x": 0.5171913504600525, "y": 0.4224173128604889, "z": -0.07679123431444168, "x_normalized": 31.147982758498603, "y_normalized": 25.346477143490198, "z_normalized": -0.07679123431444168}, "left_ear": {"x": 0.5264447927474976, "y": 0.42427363991737366, "z": -0.041311297565698624, "x_normalized": 31.714652379749708, "y_normalized": 25.460156368752163, "z_normalized": -0.041311297565698624}, "right_ear": {"x": 0.5154922604560852, "y": 0.4243417978286743, "z": -0.04520810395479202, "x_normalized": 31.043932540308337, "y_normalized": 25.46433027685925, "z_normalized": -0.04520810395479202}, "mouth_left": {"x": 0.5229187607765198, "y": 0.4324685335159302, "z": -0.0680655911564827, "x_normalized": 31.498722443684265, "y_normalized": 25.96200174774024, "z_normalized": -0.0680655911564827}, "mouth_right": {"x": 0.5185409188270569, "y": 0.43276694416999817, "z": -0.06919633597135544, "x_normalized": 31.230628694100368, "y_normalized": 25.98027605551297, "z_normalized": -0.06919633597135544}, "left_shoulder": {"x": 0.5358648300170898, "y": 0.44696182012557983, "z": -0.014284265227615833, "x_normalized": 32.29152407634782, "y_normalized": 26.849553101998648, "z_normalized": -0.014284265227615833}, "right_shoulder": {"x": 0.5075722336769104, "y": 0.4492349326610565, "z": -0.009406720288097858, "x_normalized": 30.558919673113724, "y_normalized": 26.988755766210147, "z_normalized": -0.009406720288097858}, "left_elbow": {"x": 0.5522754192352295, "y": 0.4563802182674408, "z": 0.03658093139529228, "x_normalized": 33.296488724948695, "y_normalized": 27.426324420395673, "z_normalized": 0.03658093139529228}, "right_elbow": {"x": 0.5032435059547424, "y": 0.4559482932090759, "z": 0.05537056177854538, "x_normalized": 30.293833619446083, "y_normalized": 27.39987385187972, "z_normalized": 0.05537056177854538}, "left_wrist": {"x": 0.5453087091445923, "y": 0.4753095805644989, "z": 0.07538613677024841, "x_normalized": 32.86985581950722, "y_normalized": 28.585535687963926, "z_normalized": 0.07538613677024841}, "right_wrist": {"x": 0.5113843679428101, "y": 0.4762483239173889, "z": 0.10848020017147064, "x_normalized": 30.792370167914637, "y_normalized": 28.643023196256483, "z_normalized": 0.10848020017147064}, "left_pinky": {"x": 0.5414503812789917, "y": 0.4805605709552765, "z": 0.08107401430606842, "x_normalized": 32.633576484493815, "y_normalized": 28.907099992738633, "z_normalized": 0.08107401430606842}, "right_pinky": {"x": 0.51334148645401, "y": 0.48202571272850037, "z": 0.11544100195169449, "x_normalized": 30.912221740014452, "y_normalized": 28.996823504046247, "z_normalized": 0.11544100195169449}, "left_index": {"x": 0.5402449369430542, "y": 0.47984760999679565, "z": 0.07419946044683456, "x_normalized": 32.55975653035504, "y_normalized": 28.863439125381483, "z_normalized": 0.07419946044683456}, "right_index": {"x": 0.5152180194854736, "y": 0.4812484681606293, "z": 0.11099421232938766, "x_normalized": 31.027138354737108, "y_normalized": 28.949225986148225, "z_normalized": 0.11099421232938766}, "left_thumb": {"x": 0.5405294895172119, "y": 0.4779568016529083, "z": 0.07392607629299164, "x_normalized": 32.57718218606403, "y_normalized": 28.747648307780253, "z_normalized": 0.07392607629299164}, "right_thumb": {"x": 0.5145235657691956, "y": 0.4790332317352295, "z": 0.10828118026256561, "x_normalized": 30.98461084852316, "y_normalized": 28.813567584964254, "z_normalized": 0.10828118026256561}, "left_hip": {"x": 0.5323537588119507, "y": 0.5216959118843079, "z": -0.0043929386883974075, "x_normalized": 32.07651031949959, "y_normalized": 31.426178551851297, "z_normalized": -0.0043929386883974075}, "right_hip": {"x": 0.5160270929336548, "y": 0.5220011472702026, "z": 0.004354110453277826, "x_normalized": 31.076685034794455, "y_normalized": 31.444870797952202, "z_normalized": 0.004354110453277826}, "left_knee": {"x": 0.5317050814628601, "y": 0.5786836743354797, "z": -0.019415026530623436, "x_normalized": 32.036786102683315, "y_normalized": 34.91604024450686, "z_normalized": -0.019415026530623436}, "right_knee": {"x": 0.5166409611701965, "y": 0.579174816608429, "z": -0.001236392417922616, "x_normalized": 31.114277583631242, "y_normalized": 34.94611720366941, "z_normalized": -0.001236392417922616}, "left_ankle": {"x": 0.5286028981208801, "y": 0.6304877996444702, "z": 0.044341783970594406, "x_normalized": 31.846812144361188, "y_normalized": 38.088462263923354, "z_normalized": 0.044341783970594406}, "right_ankle": {"x": 0.5199291706085205, "y": 0.6189099550247192, "z": 0.08970262855291367, "x_normalized": 31.315643555247828, "y_normalized": 37.37944905329577, "z_normalized": 0.08970262855291367}, "left_heel": {"x": 0.5268847346305847, "y": 0.6356267929077148, "z": 0.04838619381189346, "x_normalized": 31.741593888921898, "y_normalized": 38.403167999976404, "z_normalized": 0.04838619381189346}, "right_heel": {"x": 0.5214586853981018, "y": 0.624052107334137, "z": 0.09679817408323288, "x_normalized": 31.409309192270925, "y_normalized": 37.69434824551819, "z_normalized": 0.09679817408323288}, "left_foot_index": {"x": 0.5298048257827759, "y": 0.6508587598800659, "z": 0.012105165980756283, "x_normalized": 31.920416741632174, "y_normalized": 39.33595524681995, "z_normalized": 0.012105165980756283}, "right_foot_index": {"x": 0.5155307054519653, "y": 0.6366450190544128, "z": 0.06863535195589066, "x_normalized": 31.046286865388417, "y_normalized": 38.465522938492654, "z_normalized": 0.06863535195589066}}}