{"sequence_id": 1697925405990398000, "sequence_source": "mediapipe", "frame_number": 295, "image_dimensions": {"height": 1080, "width": 1920}, "joint_positions": {"nose": {"x": 0.5106188654899597, "y": 0.4167318046092987, "z": -0.11753567308187485, "x_normalized": 22.64490343375358, "y_normalized": 18.355164671172655, "z_normalized": -0.11753567308187485}, "left_eye_inner": {"x": 0.5123484134674072, "y": 0.4109596610069275, "z": -0.11116767674684525, "x_normalized": 22.723341191175315, "y_normalized": 18.093388758859206, "z_normalized": -0.11116767674684525}, "left_eye": {"x": 0.5136159658432007, "y": 0.41093823313713074, "z": -0.11113201826810837, "x_normalized": 22.78082671170916, "y_normalized": 18.092416970811055, "z_normalized": -0.11113201826810837}, "left_eye_outer": {"x": 0.5147472023963928, "y": 0.41088205575942993, "z": -0.11118941754102707, "x_normalized": 22.83213009242071, "y_normalized": 18.089869237193867, "z_normalized": -0.11118941754102707}, "right_eye_inner": {"x": 0.5085174441337585, "y": 0.4111340641975403, "z": -0.11217918246984482, "x_normalized": 22.549600625894026, "y_normalized": 18.101298221526466, "z_normalized": -0.11217918246984482}, "right_eye": {"x": 0.5071700215339661, "y": 0.4113418459892273, "z": -0.1122228279709816, "x_normalized": 22.488492863400463, "y_normalized": 18.110721456953016, "z_normalized": -0.1122228279709816}, "right_eye_outer": {"x": 0.5058305263519287, "y": 0.4115848243236542, "z": -0.11218022555112839, "x_normalized": 22.427744621937233, "y_normalized": 18.121740911690917, "z_normalized": -0.11218022555112839}, "left_ear": {"x": 0.517047643661499, "y": 0.41352999210357666, "z": -0.06694277375936508, "x_normalized": 22.9364587703575, "y_normalized": 18.20995737082107, "z_normalized": -0.06694277375936508}, "right_ear": {"x": 0.502793550491333, "y": 0.41556453704833984, "z": -0.07235060632228851, "x_normalized": 22.290012926167435, "y_normalized": 18.30222722683077, "z_normalized": -0.07235060632228851}, "mouth_left": {"x": 0.5138717889785767, "y": 0.42397308349609375, "z": -0.10082463175058365, "x_normalized": 22.79242869864282, "y_normalized": 18.683568210219775, "z_normalized": -0.10082463175058365}, "mouth_right": {"x": 0.5082309246063232, "y": 0.42444702982902527, "z": -0.10241197049617767, "x_normalized": 22.536606508654952, "y_normalized": 18.7050624318188, "z_normalized": -0.10241197049617767}, "left_shoulder": {"x": 0.5292490124702454, "y": 0.44395992159843445, "z": -0.032057128846645355, "x_normalized": 23.489810293017182, "y_normalized": 19.590003174234205, "z_normalized": -0.032057128846645355}, "right_shoulder": {"x": 0.49143093824386597, "y": 0.4500240385532379, "z": -0.019926467910408974, "x_normalized": 21.774700350416072, "y_normalized": 19.865020543442935, "z_normalized": -0.019926467910408974}, "left_elbow": {"x": 0.5478994250297546, "y": 0.45576924085617065, "z": 0.03910806030035019, "x_normalized": 24.33563622859892, "y_normalized": 20.125574624886394, "z_normalized": 0.03910806030035019}, "right_elbow": {"x": 0.4802362024784088, "y": 0.46189257502555847, "z": 0.06614181399345398, "x_normalized": 21.267001240694217, "y_normalized": 20.403277589160034, "z_normalized": 0.06614181399345398}, "left_wrist": {"x": 0.5389500856399536, "y": 0.4827677309513092, "z": 0.11662649363279343, "x_normalized": 23.929769423343856, "y_normalized": 21.349999182313756, "z_normalized": 0.11662649363279343}, "right_wrist": {"x": 0.48345276713371277, "y": 0.4804290235042572, "z": 0.14264406263828278, "x_normalized": 21.412877574542094, "y_normalized": 21.24393507203507, "z_normalized": 0.14264406263828278}, "left_pinky": {"x": 0.5358842611312866, "y": 0.4933233857154846, "z": 0.1265120804309845, "x_normalized": 23.790729395403535, "y_normalized": 21.828714950026583, "z_normalized": 0.1265120804309845}, "right_pinky": {"x": 0.48647767305374146, "y": 0.4885810613632202, "z": 0.1498955935239792, "x_normalized": 21.55006187926947, "y_normalized": 21.613642982085537, "z_normalized": 0.1498955935239792}, "left_index": {"x": 0.5337364673614502, "y": 0.4917629659175873, "z": 0.11835451424121857, "x_normalized": 23.69332352467483, "y_normalized": 21.757947425112835, "z_normalized": 0.11835451424121857}, "right_index": {"x": 0.4876137971878052, "y": 0.4885028898715973, "z": 0.14565035700798035, "x_normalized": 21.60158691956363, "y_normalized": 21.610097780346603, "z_normalized": 0.14565035700798035}, "left_thumb": {"x": 0.5339431762695312, "y": 0.4876419007778168, "z": 0.11570925265550613, "x_normalized": 23.702698103119832, "y_normalized": 21.57105055265398, "z_normalized": 0.11570925265550613}, "right_thumb": {"x": 0.4873795211315155, "y": 0.4869532287120819, "z": 0.14197151362895966, "x_normalized": 21.5909621270094, "y_normalized": 21.539818176831158, "z_normalized": 0.14197151362895966}, "left_hip": {"x": 0.523461103439331, "y": 0.5433505177497864, "z": -0.004341794643551111, "x_normalized": 23.227319393391532, "y_normalized": 24.09752512365514, "z_normalized": -0.004341794643551111}, "right_hip": {"x": 0.5014908313751221, "y": 0.5452232360839844, "z": 0.004378511570394039, "x_normalized": 22.23093253790506, "y_normalized": 24.18245588494795, "z_normalized": 0.004378511570394039}, "left_knee": {"x": 0.5224760174751282, "y": 0.6193846464157104, "z": -0.012686863541603088, "x_normalized": 23.182644174833136, "y_normalized": 27.54579404584619, "z_normalized": -0.012686863541603088}, "right_knee": {"x": 0.5056124925613403, "y": 0.6267290115356445, "z": -0.020541764795780182, "x_normalized": 22.41785644202033, "y_normalized": 27.878872709870425, "z_normalized": -0.020541764795780182}, "left_ankle": {"x": 0.525282621383667, "y": 0.675239622592926, "z": 0.0935000330209732, "x_normalized": 23.309928135398224, "y_normalized": 30.078906240080254, "z_normalized": 0.0935000330209732}, "right_ankle": {"x": 0.5123328566551208, "y": 0.6899849772453308, "z": 0.058877237141132355, "x_normalized": 22.72263566494286, "y_normalized": 30.74763157548822, "z_normalized": 0.058877237141132355}, "left_heel": {"x": 0.5245999097824097, "y": 0.6796624660491943, "z": 0.10212714970111847, "x_normalized": 23.278966076139564, "y_normalized": 30.279489240182432, "z_normalized": 0.10212714970111847}, "right_heel": {"x": 0.5149082541465759, "y": 0.697300136089325, "z": 0.06385516375303268, "x_normalized": 22.83943404598426, "y_normalized": 31.07938568834808, "z_normalized": 0.06385516375303268}, "left_foot_index": {"x": 0.52584308385849, "y": 0.7007149457931519, "z": 0.058434758335351944, "x_normalized": 23.335346001926002, "y_normalized": 31.234252751119854, "z_normalized": 0.058434758335351944}, "right_foot_index": {"x": 0.5087313055992126, "y": 0.7160012125968933, "z": 0.012116936966776848, "x_normalized": 22.559299584216017, "y_normalized": 31.927509314725164, "z_normalized": 0.012116936966776848}}}