{"sequence_id": 1697925405990398000, "sequence_source": "mediapipe", "frame_number": 283, "image_dimensions": {"height": 1080, "width": 1920}, "joint_positions": {"nose": {"x": 0.5124526619911194, "y": 0.405597984790802, "z": -0.12859533727169037, "x_normalized": 21.163256187611818, "y_normalized": 16.61415906202176, "z_normalized": -0.12859533727169037}, "left_eye_inner": {"x": 0.5144705176353455, "y": 0.40054407715797424, "z": -0.12031866610050201, "x_normalized": 21.248617419229944, "y_normalized": 16.400363897210603, "z_normalized": -0.12031866610050201}, "left_eye": {"x": 0.515839159488678, "y": 0.4007602035999298, "z": -0.12028779089450836, "x_normalized": 21.306514997076444, "y_normalized": 16.40950668169242, "z_normalized": -0.12028779089450836}, "left_eye_outer": {"x": 0.5172612071037292, "y": 0.40097519755363464, "z": -0.12032733112573624, "x_normalized": 21.366671795798762, "y_normalized": 16.418601558588698, "z_normalized": -0.12032733112573624}, "right_eye_inner": {"x": 0.5103110074996948, "y": 0.40041467547416687, "z": -0.12097421288490295, "x_normalized": 21.072657900459014, "y_normalized": 16.39488982520012, "z_normalized": -0.12097421288490295}, "right_eye": {"x": 0.5088568329811096, "y": 0.400569349527359, "z": -0.1210009753704071, "x_normalized": 21.01114203917859, "y_normalized": 16.401432992803624, "z_normalized": -0.1210009753704071}, "right_eye_outer": {"x": 0.5074477791786194, "y": 0.40071901679039, "z": -0.12094508111476898, "x_normalized": 20.951534916964007, "y_normalized": 16.40776435845002, "z_normalized": -0.12094508111476898}, "left_ear": {"x": 0.5203908681869507, "y": 0.40525180101394653, "z": -0.06933474540710449, "x_normalized": 21.49906566915414, "y_normalized": 16.599514469558887, "z_normalized": -0.06933474540710449}, "right_ear": {"x": 0.5047946572303772, "y": 0.4052669405937195, "z": -0.07340199500322342, "x_normalized": 20.83930005131191, "y_normalized": 16.600154918333953, "z_normalized": -0.07340199500322342}, "mouth_left": {"x": 0.5157408118247986, "y": 0.41328778862953186, "z": -0.10974691063165665, "x_normalized": 21.302354601490403, "y_normalized": 16.939460392894485, "z_normalized": -0.10974691063165665}, "mouth_right": {"x": 0.5098429322242737, "y": 0.41340985894203186, "z": -0.11087645590305328, "x_normalized": 21.05285693892132, "y_normalized": 16.94462432632492, "z_normalized": -0.11087645590305328}, "left_shoulder": {"x": 0.531754732131958, "y": 0.4377431869506836, "z": -0.026577910408377647, "x_normalized": 21.9797905540399, "y_normalized": 17.973995705853437, "z_normalized": -0.026577910408377647}, "right_shoulder": {"x": 0.4938044846057892, "y": 0.44185078144073486, "z": -0.017140142619609833, "x_normalized": 20.37438340892718, "y_normalized": 18.147759040045308, "z_normalized": -0.017140142619609833}, "left_elbow": {"x": 0.5507073998451233, "y": 0.4531947076320648, "z": 0.07133576273918152, "x_normalized": 22.781544169604114, "y_normalized": 18.627640499280442, "z_normalized": 0.07133576273918152}, "right_elbow": {"x": 0.4837072491645813, "y": 0.4565395414829254, "z": 0.08584785461425781, "x_normalized": 19.947240637011856, "y_normalized": 18.76913681388771, "z_normalized": 0.08584785461425781}, "left_wrist": {"x": 0.5456552505493164, "y": 0.4736058712005615, "z": 0.1606816202402115, "x_normalized": 22.567823387623132, "y_normalized": 19.491092781385678, "z_normalized": 0.1606816202402115}, "right_wrist": {"x": 0.48177477717399597, "y": 0.47310808300971985, "z": 0.16788223385810852, "x_normalized": 19.865491385197974, "y_normalized": 19.470034876090622, "z_normalized": 0.16788223385810852}, "left_pinky": {"x": 0.5449269413948059, "y": 0.48223474621772766, "z": 0.1760578453540802, "x_normalized": 22.53701376721958, "y_normalized": 19.85611958647544, "z_normalized": 0.1760578453540802}, "right_pinky": {"x": 0.48060670495033264, "y": 0.47670236229896545, "z": 0.1808624565601349, "x_normalized": 19.81607849289513, "y_normalized": 19.62208346677522, "z_normalized": 0.1808624565601349}, "left_index": {"x": 0.5424800515174866, "y": 0.481463223695755, "z": 0.1643885225057602, "x_normalized": 22.433503125038822, "y_normalized": 19.823481913465898, "z_normalized": 0.1643885225057602}, "right_index": {"x": 0.4835362732410431, "y": 0.4758261740207672, "z": 0.17416515946388245, "x_normalized": 19.940007852321813, "y_normalized": 19.585018124281376, "z_normalized": 0.17416515946388245}, "left_thumb": {"x": 0.542211651802063, "y": 0.4764336943626404, "z": 0.15876999497413635, "x_normalized": 22.42214902726673, "y_normalized": 19.610718022469708, "z_normalized": 0.15876999497413635}, "right_thumb": {"x": 0.48476266860961914, "y": 0.4755304455757141, "z": 0.16746611893177032, "x_normalized": 19.991887985279774, "y_normalized": 19.57250794082674, "z_normalized": 0.16746611893177032}, "left_hip": {"x": 0.5268093347549438, "y": 0.5433538556098938, "z": -0.005486105568706989, "x_normalized": 21.77058569235868, "y_normalized": 22.441637766651986, "z_normalized": -0.005486105568706989}, "right_hip": {"x": 0.5031894445419312, "y": 0.544304609298706, "z": 0.0054040285758674145, "x_normalized": 20.771394830992072, "y_normalized": 22.481857445435608, "z_normalized": 0.0054040285758674145}, "left_knee": {"x": 0.5253993272781372, "y": 0.6280565857887268, "z": -0.015306750312447548, "x_normalized": 21.71093822691417, "y_normalized": 26.024812504732044, "z_normalized": -0.015306750312447548}, "right_knee": {"x": 0.5076963305473328, "y": 0.6285766363143921, "z": -0.0035467923153191805, "x_normalized": 20.96204937126328, "y_normalized": 26.046812172300665, "z_normalized": -0.0035467923153191805}, "left_ankle": {"x": 0.5226476192474365, "y": 0.6919870376586914, "z": 0.0804169699549675, "x_normalized": 21.59453287986855, "y_normalized": 28.729258744550474, "z_normalized": 0.0804169699549675}, "right_ankle": {"x": 0.5136333703994751, "y": 0.6910862326622009, "z": 0.08569464832544327, "x_normalized": 21.21320362771117, "y_normalized": 28.691152042434187, "z_normalized": 0.08569464832544327}, "left_heel": {"x": 0.5222201943397522, "y": 0.6982014775276184, "z": 0.08734182268381119, "x_normalized": 21.576451548506416, "y_normalized": 28.992147838002875, "z_normalized": 0.08734182268381119}, "right_heel": {"x": 0.5153961777687073, "y": 0.6976101398468018, "z": 0.09150101989507675, "x_normalized": 21.28777556677616, "y_normalized": 28.96713251399734, "z_normalized": 0.09150101989507675}, "left_foot_index": {"x": 0.5215712189674377, "y": 0.7158238291740417, "z": 0.04080164432525635, "x_normalized": 21.54899798054227, "y_normalized": 29.737625169273212, "z_normalized": 0.04080164432525635}, "right_foot_index": {"x": 0.5089552402496338, "y": 0.7157958149909973, "z": 0.04647175222635269, "x_normalized": 21.015304956216504, "y_normalized": 29.736440086894156, "z_normalized": 0.04647175222635269}}}