{"sequence_id": 1697925405990398000, "sequence_source": "mediapipe", "frame_number": 636, "image_dimensions": {"height": 1080, "width": 1920}, "joint_positions": {"nose": {"x": 0.5271102786064148, "y": 0.4189450442790985, "z": -0.0555124506354332, "x_normalized": 37.080129868614925, "y_normalized": 29.38584436716182, "z_normalized": -0.0555124506354332}, "left_eye_inner": {"x": 0.5280767679214478, "y": 0.41708317399024963, "z": -0.052735522389411926, "x_normalized": 37.14909314608117, "y_normalized": 29.25299170615577, "z_normalized": -0.052735522389411926}, "left_eye": {"x": 0.5287965536117554, "y": 0.41712817549705505, "z": -0.05274348706007004, "x_normalized": 37.2004530312913, "y_normalized": 29.256202762245007, "z_normalized": -0.05274348706007004}, "left_eye_outer": {"x": 0.5295631885528564, "y": 0.4170977473258972, "z": -0.052767712622880936, "x_normalized": 37.25515581727779, "y_normalized": 29.25403157796215, "z_normalized": -0.052767712622880936}, "right_eye_inner": {"x": 0.5262963175773621, "y": 0.4171231687068939, "z": -0.05269443988800049, "x_normalized": 37.02205015741671, "y_normalized": 29.255845505673488, "z_normalized": -0.05269443988800049}, "right_eye": {"x": 0.5257396101951599, "y": 0.4173111021518707, "z": -0.05269430950284004, "x_normalized": 36.98232662910745, "y_normalized": 29.269255386268682, "z_normalized": -0.05269430950284004}, "right_eye_outer": {"x": 0.5251705050468445, "y": 0.41742658615112305, "z": -0.05269232019782066, "x_normalized": 36.94171846547823, "y_normalized": 29.277495679212922, "z_normalized": -0.05269232019782066}, "left_ear": {"x": 0.5315243601799011, "y": 0.4200713038444519, "z": -0.030493630096316338, "x_normalized": 37.39509406695228, "y_normalized": 29.466207957008468, "z_normalized": -0.030493630096316338}, "right_ear": {"x": 0.5244746804237366, "y": 0.4210388660430908, "z": -0.02934054471552372, "x_normalized": 36.89206830814607, "y_normalized": 29.535247789454324, "z_normalized": -0.02934054471552372}, "mouth_left": {"x": 0.5291198492050171, "y": 0.42306700348854065, "z": -0.046685244888067245, "x_normalized": 37.22352159848076, "y_normalized": 29.67996434577287, "z_normalized": -0.046685244888067245}, "mouth_right": {"x": 0.5262939929962158, "y": 0.4239237308502197, "z": -0.04664180427789688, "x_normalized": 37.02188428829422, "y_normalized": 29.741095623519467, "z_normalized": -0.04664180427789688}, "left_shoulder": {"x": 0.5409044027328491, "y": 0.4424844980239868, "z": -0.011041924357414246, "x_normalized": 38.06440149452801, "y_normalized": 31.06548826468098, "z_normalized": -0.011041924357414246}, "right_shoulder": {"x": 0.517699658870697, "y": 0.4462590217590332, "z": -0.0025451567489653826, "x_normalized": 36.408640624120274, "y_normalized": 31.334817189061337, "z_normalized": -0.0025451567489653826}, "left_elbow": {"x": 0.5560390949249268, "y": 0.45332202315330505, "z": 0.0338522344827652, "x_normalized": 39.14432856746506, "y_normalized": 31.83879350553105, "z_normalized": 0.0338522344827652}, "right_elbow": {"x": 0.5139067769050598, "y": 0.45869749784469604, "z": 0.05307026207447052, "x_normalized": 36.13800175897769, "y_normalized": 32.2223573451815, "z_normalized": 0.05307026207447052}, "left_wrist": {"x": 0.5485369563102722, "y": 0.47040364146232605, "z": 0.06407082080841064, "x_normalized": 38.60901787253512, "y_normalized": 33.05764234813552, "z_normalized": 0.06407082080841064}, "right_wrist": {"x": 0.5211487412452698, "y": 0.4756586253643036, "z": 0.09279386699199677, "x_normalized": 36.65474787135196, "y_normalized": 33.43260863827022, "z_normalized": 0.09279386699199677}, "left_pinky": {"x": 0.5460803508758545, "y": 0.47626641392707825, "z": 0.06904301047325134, "x_normalized": 38.433728234498034, "y_normalized": 33.47597703421985, "z_normalized": 0.06904301047325134}, "right_pinky": {"x": 0.5242767333984375, "y": 0.4818338453769684, "z": 0.09435401111841202, "x_normalized": 36.877943914407844, "y_normalized": 33.87323783563904, "z_normalized": 0.09435401111841202}, "left_index": {"x": 0.544801652431488, "y": 0.4758296310901642, "z": 0.06349587440490723, "x_normalized": 38.342487457964985, "y_normalized": 33.44481065140933, "z_normalized": 0.06349587440490723}, "right_index": {"x": 0.5267037749290466, "y": 0.4804798364639282, "z": 0.09228789061307907, "x_normalized": 37.051124037451196, "y_normalized": 33.776623324842745, "z_normalized": 0.09228789061307907}, "left_thumb": {"x": 0.5450410842895508, "y": 0.4737098813056946, "z": 0.06336246430873871, "x_normalized": 38.35957197758151, "y_normalized": 33.293557150442886, "z_normalized": 0.06336246430873871}, "right_thumb": {"x": 0.5259401798248291, "y": 0.47806182503700256, "z": 0.09191402047872543, "x_normalized": 36.99663815724028, "y_normalized": 33.604087539544444, "z_normalized": 0.09191402047872543}, "left_hip": {"x": 0.5385215282440186, "y": 0.5076749324798584, "z": -0.0036059271078556776, "x_normalized": 37.89437288481198, "y_normalized": 35.71711342969592, "z_normalized": -0.0036059271078556776}, "right_hip": {"x": 0.524507462978363, "y": 0.5077915191650391, "z": 0.0035849332343786955, "x_normalized": 36.89440748807863, "y_normalized": 35.72543240414698, "z_normalized": 0.0035849332343786955}, "left_knee": {"x": 0.5363896489143372, "y": 0.5582999587059021, "z": -0.01942620985209942, "x_normalized": 37.74225388727049, "y_normalized": 39.3294324445663, "z_normalized": -0.01942620985209942}, "right_knee": {"x": 0.5237973928451538, "y": 0.5554724931716919, "z": 0.010322884656488895, "x_normalized": 36.843740850739415, "y_normalized": 39.127680301910345, "z_normalized": 0.010322884656488895}, "left_ankle": {"x": 0.533721387386322, "y": 0.6062159538269043, "z": 0.024374013766646385, "x_normalized": 37.55186165297793, "y_normalized": 42.748450135918894, "z_normalized": 0.024374013766646385}, "right_ankle": {"x": 0.5243333578109741, "y": 0.5956659317016602, "z": 0.07847297936677933, "x_normalized": 36.88198431610953, "y_normalized": 41.99565950307736, "z_normalized": 0.07847297936677933}, "left_heel": {"x": 0.5325175523757935, "y": 0.6114036440849304, "z": 0.026882218196988106, "x_normalized": 37.46596271279996, "y_normalized": 43.11861472761021, "z_normalized": 0.026882218196988106}, "right_heel": {"x": 0.5260087251663208, "y": 0.6002341508865356, "z": 0.0836123377084732, "x_normalized": 37.00152916982654, "y_normalized": 42.32162210015217, "z_normalized": 0.0836123377084732}, "left_foot_index": {"x": 0.5345705151557922, "y": 0.6221591830253601, "z": -0.0054705264046788216, "x_normalized": 37.61245066628561, "y_normalized": 43.88606989210167, "z_normalized": -0.0054705264046788216}, "right_foot_index": {"x": 0.5211845636367798, "y": 0.6122302412986755, "z": 0.05813685804605484, "x_normalized": 36.65730395706009, "y_normalized": 43.177596086346064, "z_normalized": 0.05813685804605484}}}