{"sequence_id": 1697925405990398000, "sequence_source": "mediapipe", "frame_number": 523, "image_dimensions": {"height": 1080, "width": 1920}, "joint_positions": {"nose": {"x": 0.5153111815452576, "y": 0.4225562512874603, "z": -0.0735902488231659, "x_normalized": 32.79860173179874, "y_normalized": 26.801861392932324, "z_normalized": -0.0735902488231659}, "left_eye_inner": {"x": 0.5166122913360596, "y": 0.41855448484420776, "z": -0.0690503641963005, "x_normalized": 32.882724953081926, "y_normalized": 26.54312728270643, "z_normalized": -0.0690503641963005}, "left_eye": {"x": 0.517537534236908, "y": 0.41854360699653625, "z": -0.06904590874910355, "x_normalized": 32.94254650990903, "y_normalized": 26.542423975734778, "z_normalized": -0.06904590874910355}, "left_eye_outer": {"x": 0.5185009241104126, "y": 0.418545126914978, "z": -0.0690765380859375, "x_normalized": 33.00483445830795, "y_normalized": 26.542522246023967, "z_normalized": -0.0690765380859375}, "right_eye_inner": {"x": 0.5141813158988953, "y": 0.418801486492157, "z": -0.0687873512506485, "x_normalized": 32.725550296430924, "y_normalized": 26.559097168133956, "z_normalized": -0.0687873512506485}, "right_eye": {"x": 0.5134168267250061, "y": 0.41901180148124695, "z": -0.06878900527954102, "x_normalized": 32.67612226783694, "y_normalized": 26.572695078542026, "z_normalized": -0.06878900527954102}, "right_eye_outer": {"x": 0.5126660466194153, "y": 0.4192250967025757, "z": -0.0687582790851593, "x_normalized": 32.627580598714076, "y_normalized": 26.586485675791643, "z_normalized": -0.0687582790851593}, "left_ear": {"x": 0.5206405520439148, "y": 0.4213489294052124, "z": -0.037794340401887894, "x_normalized": 33.14317204932918, "y_normalized": 26.723802026552665, "z_normalized": -0.037794340401887894}, "right_ear": {"x": 0.5115626454353333, "y": 0.42240506410598755, "z": -0.03668159991502762, "x_normalized": 32.55624022249921, "y_normalized": 26.792086389460575, "z_normalized": -0.03668159991502762}, "mouth_left": {"x": 0.51747065782547, "y": 0.4276951551437378, "z": -0.061838388442993164, "x_normalized": 32.93822261718468, "y_normalized": 27.13411709441941, "z_normalized": -0.061838388442993164}, "mouth_right": {"x": 0.5139026045799255, "y": 0.42813822627067566, "z": -0.061554159969091415, "x_normalized": 32.70753022300932, "y_normalized": 27.1627638471524, "z_normalized": -0.061554159969091415}, "left_shoulder": {"x": 0.5300966501235962, "y": 0.4444378614425659, "z": -0.015684669837355614, "x_normalized": 33.754555836351635, "y_normalized": 28.216616355290775, "z_normalized": -0.015684669837355614}, "right_shoulder": {"x": 0.503998875617981, "y": 0.44726842641830444, "z": -0.0006351491319946945, "x_normalized": 32.0672048723863, "y_normalized": 28.399626463656578, "z_normalized": -0.0006351491319946945}, "left_elbow": {"x": 0.5470226407051086, "y": 0.45555615425109863, "z": 0.030199456959962845, "x_normalized": 34.84890533797823, "y_normalized": 28.935469301318417, "z_normalized": 0.030199456959962845}, "right_elbow": {"x": 0.49903374910354614, "y": 0.46106621623039246, "z": 0.056779589504003525, "x_normalized": 31.7461847406299, "y_normalized": 29.291722222051934, "z_normalized": 0.056779589504003525}, "left_wrist": {"x": 0.5376265048980713, "y": 0.47629597783088684, "z": 0.06810612231492996, "x_normalized": 34.24139841020773, "y_normalized": 30.276402080942862, "z_normalized": 0.06810612231492996}, "right_wrist": {"x": 0.5052462816238403, "y": 0.48203763365745544, "z": 0.09812651574611664, "x_normalized": 32.14785587678478, "y_normalized": 30.647628696133104, "z_normalized": 0.09812651574611664}, "left_pinky": {"x": 0.5351263284683228, "y": 0.4836835563182831, "z": 0.07213008403778076, "x_normalized": 34.07974956509597, "y_normalized": 30.754045784983433, "z_normalized": 0.07213008403778076}, "right_pinky": {"x": 0.5074678063392639, "y": 0.48745450377464294, "z": 0.10210328549146652, "x_normalized": 32.29148850221176, "y_normalized": 30.997856299331403, "z_normalized": 0.10210328549146652}, "left_index": {"x": 0.5338606238365173, "y": 0.48251524567604065, "z": 0.06510648131370544, "x_normalized": 33.997915463490386, "y_normalized": 30.678508689359642, "z_normalized": 0.06510648131370544}, "right_index": {"x": 0.5093099474906921, "y": 0.4863812029361725, "z": 0.09760542213916779, "x_normalized": 32.410592092709635, "y_normalized": 30.928462060216177, "z_normalized": 0.09760542213916779}, "left_thumb": {"x": 0.5340852737426758, "y": 0.47945863008499146, "z": 0.06673583388328552, "x_normalized": 34.0124401976063, "y_normalized": 30.480883284062397, "z_normalized": 0.06673583388328552}, "right_thumb": {"x": 0.5089507102966309, "y": 0.48368072509765625, "z": 0.09714696556329727, "x_normalized": 32.38736562082939, "y_normalized": 30.753862732483963, "z_normalized": 0.09714696556329727}, "left_hip": {"x": 0.5265396237373352, "y": 0.51789790391922, "z": -0.005421535577625036, "x_normalized": 33.52457638349001, "y_normalized": 32.96617358130048, "z_normalized": -0.005421535577625036}, "right_hip": {"x": 0.5111202597618103, "y": 0.5191072225570679, "z": 0.005412193480879068, "x_normalized": 32.52763778773977, "y_normalized": 33.04436204786398, "z_normalized": 0.005412193480879068}, "left_knee": {"x": 0.52755206823349, "y": 0.5733576416969299, "z": -0.016481958329677582, "x_normalized": 33.59003595730081, "y_normalized": 36.55192155304224, "z_normalized": -0.016481958329677582}, "right_knee": {"x": 0.5144201517105103, "y": 0.5760953426361084, "z": 0.01292339526116848, "x_normalized": 32.74099221991261, "y_normalized": 36.7289275394254, "z_normalized": 0.01292339526116848}, "left_ankle": {"x": 0.5298031568527222, "y": 0.6267966032028198, "z": 0.018745960667729378, "x_normalized": 33.735580036195955, "y_normalized": 40.00701628500372, "z_normalized": 0.018745960667729378}, "right_ankle": {"x": 0.5214686989784241, "y": 0.621006190776825, "z": 0.06935311108827591, "x_normalized": 33.19671586885864, "y_normalized": 39.63263731308575, "z_normalized": 0.06935311108827591}, "left_heel": {"x": 0.5294939875602722, "y": 0.6345883011817932, "z": 0.0198673103004694, "x_normalized": 33.715590703253724, "y_normalized": 40.51078832475825, "z_normalized": 0.0198673103004694}, "right_heel": {"x": 0.5234295725822449, "y": 0.6272227764129639, "z": 0.07263314723968506, "x_normalized": 33.3234961031238, "y_normalized": 40.03457050334514, "z_normalized": 0.07263314723968506}, "left_foot_index": {"x": 0.5301355123519897, "y": 0.6417480111122131, "z": -0.01992448978126049, "x_normalized": 33.757068472765425, "y_normalized": 40.97369919289403, "z_normalized": -0.01992448978126049}, "right_foot_index": {"x": 0.5161622762680054, "y": 0.6373465657234192, "z": 0.04074286296963692, "x_normalized": 32.85362924000812, "y_normalized": 40.68912385034809, "z_normalized": 0.04074286296963692}}}