{"sequence_id": 1697925405990398000, "sequence_source": "mediapipe", "frame_number": 241, "image_dimensions": {"height": 1080, "width": 1920}, "joint_positions": {"nose": {"x": 0.5127783417701721, "y": 0.42651209235191345, "z": -0.18168486654758453, "x_normalized": 22.074343192134265, "y_normalized": 18.22761710161519, "z_normalized": -0.18168486654758453}, "left_eye_inner": {"x": 0.5154308676719666, "y": 0.42091241478919983, "z": -0.17399998009204865, "x_normalized": 22.191192492294558, "y_normalized": 17.980939621902838, "z_normalized": -0.17399998009204865}, "left_eye": {"x": 0.5169779658317566, "y": 0.42109403014183044, "z": -0.17397640645503998, "x_normalized": 22.25934539407337, "y_normalized": 17.98894015710549, "z_normalized": -0.17397640645503998}, "left_eye_outer": {"x": 0.5183464288711548, "y": 0.4212345480918884, "z": -0.17401114106178284, "x_normalized": 22.319629046097553, "y_normalized": 17.995130265979874, "z_normalized": -0.17401114106178284}, "right_eye_inner": {"x": 0.510988712310791, "y": 0.4204818308353424, "z": -0.1726875752210617, "x_normalized": 21.99550628059517, "y_normalized": 17.961971500372165, "z_normalized": -0.1726875752210617}, "right_eye": {"x": 0.5095433592796326, "y": 0.42042940855026245, "z": -0.17270244657993317, "x_normalized": 21.931835464011936, "y_normalized": 17.959662189341405, "z_normalized": -0.17270244657993317}, "right_eye_outer": {"x": 0.5081501007080078, "y": 0.42036324739456177, "z": -0.17266006767749786, "x_normalized": 21.870459517060183, "y_normalized": 17.956747652395244, "z_normalized": -0.17266006767749786}, "left_ear": {"x": 0.5209713578224182, "y": 0.4238685965538025, "z": -0.11631589382886887, "x_normalized": 22.435262643009136, "y_normalized": 18.111165596362415, "z_normalized": -0.11631589382886887}, "right_ear": {"x": 0.5057476162910461, "y": 0.42323315143585205, "z": -0.1094457358121872, "x_normalized": 21.764625065989197, "y_normalized": 18.083172913134494, "z_normalized": -0.1094457358121872}, "mouth_left": {"x": 0.516061544418335, "y": 0.4330841302871704, "z": -0.15922032296657562, "x_normalized": 22.218975118805638, "y_normalized": 18.51712908445471, "z_normalized": -0.15922032296657562}, "mouth_right": {"x": 0.5099605321884155, "y": 0.4336565434932709, "z": -0.15733742713928223, "x_normalized": 21.950212801026495, "y_normalized": 18.542345080456897, "z_normalized": -0.15733742713928223}, "left_shoulder": {"x": 0.5328662991523743, "y": 0.45395714044570923, "z": -0.060780927538871765, "x_normalized": 22.959259626002915, "y_normalized": 19.43662873104214, "z_normalized": -0.060780927538871765}, "right_shoulder": {"x": 0.4950404167175293, "y": 0.45371419191360474, "z": -0.047247134149074554, "x_normalized": 21.292950585451358, "y_normalized": 19.425926341319133, "z_normalized": -0.047247134149074554}, "left_elbow": {"x": 0.5509056448936462, "y": 0.4656773805618286, "z": 0.027109382674098015, "x_normalized": 23.753930442899083, "y_normalized": 19.952929761072685, "z_normalized": 0.027109382674098015}, "right_elbow": {"x": 0.48583003878593445, "y": 0.46163779497146606, "z": 0.047010406851768494, "x_normalized": 20.887214221184145, "y_normalized": 19.774977587692533, "z_normalized": 0.047010406851768494}, "left_wrist": {"x": 0.5545120239257812, "y": 0.4750763475894928, "z": 0.08809876441955566, "x_normalized": 23.9127989635543, "y_normalized": 20.36697386849093, "z_normalized": 0.08809876441955566}, "right_wrist": {"x": 0.48149165511131287, "y": 0.47298863530158997, "z": 0.10292880237102509, "x_normalized": 20.69609936878499, "y_normalized": 20.27500578644036, "z_normalized": 0.10292880237102509}, "left_pinky": {"x": 0.5582886934280396, "y": 0.47732532024383545, "z": 0.10114272683858871, "x_normalized": 24.07916913470968, "y_normalized": 20.46604580613414, "z_normalized": 0.10114272683858871}, "right_pinky": {"x": 0.4802166521549225, "y": 0.47406989336013794, "z": 0.11294400691986084, "x_normalized": 20.639932828410874, "y_normalized": 20.32263745983836, "z_normalized": 0.11294400691986084}, "left_index": {"x": 0.556608259677887, "y": 0.47689083218574524, "z": 0.08793652057647705, "x_normalized": 24.005142521986226, "y_normalized": 20.446905700666555, "z_normalized": 0.08793652057647705}, "right_index": {"x": 0.4819886386394501, "y": 0.4725883901119232, "z": 0.10295029729604721, "x_normalized": 20.71799253009766, "y_normalized": 20.257374150770584, "z_normalized": 0.10295029729604721}, "left_thumb": {"x": 0.5532909631729126, "y": 0.4770020544528961, "z": 0.08532027900218964, "x_normalized": 23.859008689789444, "y_normalized": 20.451805273586853, "z_normalized": 0.08532027900218964}, "right_thumb": {"x": 0.48339220881462097, "y": 0.47319358587265015, "z": 0.10140251368284225, "x_normalized": 20.77982272469958, "y_normalized": 20.284034286701047, "z_normalized": 0.10140251368284225}, "left_hip": {"x": 0.5259591341018677, "y": 0.5608413815498352, "z": -0.013445056043565273, "x_normalized": 22.65498459453297, "y_normalized": 24.14510255319495, "z_normalized": -0.013445056043565273}, "right_hip": {"x": 0.5032660961151123, "y": 0.5614194869995117, "z": 0.013402230106294155, "x_normalized": 21.655308924836586, "y_normalized": 24.170569304402868, "z_normalized": 0.013402230106294155}, "left_knee": {"x": 0.5258792638778687, "y": 0.6394279599189758, "z": -0.05523170903325081, "x_normalized": 22.651466144525894, "y_normalized": 27.607005292095298, "z_normalized": -0.05523170903325081}, "right_knee": {"x": 0.5048314332962036, "y": 0.6405430436134338, "z": 0.05201129615306854, "x_normalized": 21.72426529355731, "y_normalized": 27.656127055328383, "z_normalized": 0.05201129615306854}, "left_ankle": {"x": 0.5236991047859192, "y": 0.7157151699066162, "z": -0.0017971022753044963, "x_normalized": 22.555425587877586, "y_normalized": 30.967616056426326, "z_normalized": -0.0017971022753044963}, "right_ankle": {"x": 0.5125226378440857, "y": 0.6909337639808655, "z": 0.2048206329345703, "x_normalized": 22.063078900693707, "y_normalized": 29.875943421880805, "z_normalized": 0.2048206329345703}, "left_heel": {"x": 0.5223810076713562, "y": 0.7232180833816528, "z": -8.341352440766059e-06, "x_normalized": 22.497360659925025, "y_normalized": 31.298135048956496, "z_normalized": -8.341352440766059e-06}, "right_heel": {"x": 0.5153082609176636, "y": 0.6955220103263855, "z": 0.21801158785820007, "x_normalized": 22.185791408962803, "y_normalized": 30.07806524624239, "z_normalized": 0.21801158785820007}, "left_foot_index": {"x": 0.5229147672653198, "y": 0.7454858422279358, "z": -0.06095856428146362, "x_normalized": 22.52087388366633, "y_normalized": 32.279076285219695, "z_normalized": -0.06095856428146362}, "right_foot_index": {"x": 0.5064505934715271, "y": 0.7160540819168091, "z": 0.18706251680850983, "x_normalized": 21.79559267746937, "y_normalized": 30.982545837575746, "z_normalized": 0.18706251680850983}}}