{"sequence_id": 1697925405990398000, "sequence_source": "mediapipe", "frame_number": 528, "image_dimensions": {"height": 1080, "width": 1920}, "joint_positions": {"nose": {"x": 0.5137494802474976, "y": 0.4177215099334717, "z": -0.06920593231916428, "x_normalized": 32.17878279031982, "y_normalized": 26.073803864798112, "z_normalized": -0.06920593231916428}, "left_eye_inner": {"x": 0.5152531266212463, "y": 0.4134390354156494, "z": -0.06441443413496017, "x_normalized": 32.27448290623718, "y_normalized": 25.80124422915256, "z_normalized": -0.06441443413496017}, "left_eye": {"x": 0.5164018869400024, "y": 0.4132932424545288, "z": -0.0644003301858902, "x_normalized": 32.34759617115474, "y_normalized": 25.79196518354532, "z_normalized": -0.0644003301858902}, "left_eye_outer": {"x": 0.5175191760063171, "y": 0.413249671459198, "z": -0.06442183256149292, "x_normalized": 32.418706436857, "y_normalized": 25.78919209182868, "z_normalized": -0.06442183256149292}, "right_eye_inner": {"x": 0.5123711824417114, "y": 0.41418325901031494, "z": -0.06392666697502136, "x_normalized": 32.091060529231584, "y_normalized": 25.848610608323455, "z_normalized": -0.06392666697502136}, "right_eye": {"x": 0.5115107297897339, "y": 0.4144574999809265, "z": -0.06392499804496765, "x_normalized": 32.03629670977691, "y_normalized": 25.866064773834047, "z_normalized": -0.06392499804496765}, "right_eye_outer": {"x": 0.5107324123382568, "y": 0.4146786332130432, "z": -0.06389323621988297, "x_normalized": 31.98676041478945, "y_normalized": 25.880138878168825, "z_normalized": -0.06389323621988297}, "left_ear": {"x": 0.5197619795799255, "y": 0.4162539541721344, "z": -0.03312365338206291, "x_normalized": 32.56145047942006, "y_normalized": 25.980400748927845, "z_normalized": -0.03312365338206291}, "right_ear": {"x": 0.5097405910491943, "y": 0.4175949990749359, "z": -0.031210774555802345, "x_normalized": 31.923635591034547, "y_normalized": 26.065752035566153, "z_normalized": -0.031210774555802345}, "mouth_left": {"x": 0.5164456367492676, "y": 0.4231935143470764, "z": -0.057686109095811844, "x_normalized": 32.35038064354874, "y_normalized": 26.422071559799225, "z_normalized": -0.057686109095811844}, "mouth_right": {"x": 0.5122751593589783, "y": 0.42352432012557983, "z": -0.057129573076963425, "x_normalized": 32.08494910548945, "y_normalized": 26.44312581291459, "z_normalized": -0.057129573076963425}, "left_shoulder": {"x": 0.5297008156776428, "y": 0.43936121463775635, "z": -0.010104019194841385, "x_normalized": 33.194011288424534, "y_normalized": 27.451070677509115, "z_normalized": -0.010104019194841385}, "right_shoulder": {"x": 0.5034152865409851, "y": 0.4435539245605469, "z": 0.004990581888705492, "x_normalized": 31.521059303673155, "y_normalized": 27.717917213120117, "z_normalized": 0.004990581888705492}, "left_elbow": {"x": 0.5459912419319153, "y": 0.45063403248786926, "z": 0.03694283589720726, "x_normalized": 34.23082134436227, "y_normalized": 28.168533236396186, "z_normalized": 0.03694283589720726}, "right_elbow": {"x": 0.49794724583625793, "y": 0.46067050099372864, "z": 0.06077267974615097, "x_normalized": 31.173043880353514, "y_normalized": 28.80730789523903, "z_normalized": 0.06077267974615097}, "left_wrist": {"x": 0.5364122986793518, "y": 0.47149285674095154, "z": 0.07336366921663284, "x_normalized": 33.62116604532367, "y_normalized": 29.496100631077567, "z_normalized": 0.07336366921663284}, "right_wrist": {"x": 0.5040522217750549, "y": 0.47768497467041016, "z": 0.09706495702266693, "x_normalized": 31.56159727642825, "y_normalized": 29.89020021058558, "z_normalized": 0.09706495702266693}, "left_pinky": {"x": 0.534389317035675, "y": 0.47970113158226013, "z": 0.07704642415046692, "x_normalized": 33.49241264879474, "y_normalized": 30.01851924459527, "z_normalized": 0.07704642415046692}, "right_pinky": {"x": 0.5056613683700562, "y": 0.48256435990333557, "z": 0.10044179111719131, "x_normalized": 31.664011991987806, "y_normalized": 30.200750444037226, "z_normalized": 0.10044179111719131}, "left_index": {"x": 0.5329025983810425, "y": 0.47845780849456787, "z": 0.07079027593135834, "x_normalized": 33.39778990366743, "y_normalized": 29.939387498134018, "z_normalized": 0.07079027593135834}, "right_index": {"x": 0.5068894028663635, "y": 0.4811185598373413, "z": 0.09609396010637283, "x_normalized": 31.742170690534813, "y_normalized": 30.108731977245718, "z_normalized": 0.09609396010637283}, "left_thumb": {"x": 0.5329955220222473, "y": 0.4754570424556732, "z": 0.07218358665704727, "x_normalized": 33.403704062335336, "y_normalized": 29.74840266102293, "z_normalized": 0.07218358665704727}, "right_thumb": {"x": 0.5067116618156433, "y": 0.47930824756622314, "z": 0.09606310725212097, "x_normalized": 31.730858297239315, "y_normalized": 29.993513999656546, "z_normalized": 0.09606310725212097}, "left_hip": {"x": 0.526789128780365, "y": 0.5113033056259155, "z": -0.004622848704457283, "x_normalized": 33.00869592541811, "y_normalized": 32.02985101250178, "z_normalized": -0.004622848704457283}, "right_hip": {"x": 0.5111873149871826, "y": 0.5131613612174988, "z": 0.004630838520824909, "x_normalized": 32.01571285799242, "y_normalized": 32.14810763094598, "z_normalized": 0.004630838520824909}, "left_knee": {"x": 0.5284769535064697, "y": 0.5657669901847839, "z": -0.016089951619505882, "x_normalized": 33.11611813901592, "y_normalized": 35.49621186473827, "z_normalized": -0.016089951619505882}, "right_knee": {"x": 0.5148695111274719, "y": 0.5707458853721619, "z": -0.0028009682428091764, "x_normalized": 32.250067559741595, "y_normalized": 35.81309544514056, "z_normalized": -0.0028009682428091764}, "left_ankle": {"x": 0.5308273434638977, "y": 0.6209340691566467, "z": 0.025953905656933784, "x_normalized": 33.26570955579037, "y_normalized": 39.00734050814853, "z_normalized": 0.025953905656933784}, "right_ankle": {"x": 0.5209658145904541, "y": 0.6195687055587769, "z": 0.043941814452409744, "x_normalized": 32.63806899296439, "y_normalized": 38.9204414493893, "z_normalized": 0.043941814452409744}, "left_heel": {"x": 0.5298812389373779, "y": 0.6261692643165588, "z": 0.027545057237148285, "x_normalized": 33.20549439188042, "y_normalized": 39.34053639276633, "z_normalized": 0.027545057237148285}, "right_heel": {"x": 0.5231806635856628, "y": 0.6254324316978455, "z": 0.04603489860892296, "x_normalized": 32.77903385630023, "y_normalized": 39.29364041492631, "z_normalized": 0.04603489860892296}, "left_foot_index": {"x": 0.5311835408210754, "y": 0.6394049525260925, "z": -0.01266565266996622, "x_normalized": 33.28837986509081, "y_normalized": 40.18292654380992, "z_normalized": -0.01266565266996622}, "right_foot_index": {"x": 0.5164390206336975, "y": 0.6375084519386292, "z": 0.011095619760453701, "x_normalized": 32.34995955848643, "y_normalized": 40.0622230797334, "z_normalized": 0.011095619760453701}}}