{"sequence_id": 1697925405990398000, "sequence_source": "mediapipe", "frame_number": 453, "image_dimensions": {"height": 1080, "width": 1920}, "joint_positions": {"nose": {"x": 0.5296667218208313, "y": 0.4205177426338196, "z": -0.12458611279726028, "x_normalized": 28.062502835517023, "y_normalized": 22.17199197109844, "z_normalized": -0.12458611279726028}, "left_eye_inner": {"x": 0.5312319397926331, "y": 0.41674888134002686, "z": -0.11907856166362762, "x_normalized": 28.146985653778213, "y_normalized": 21.968567253601353, "z_normalized": -0.11907856166362762}, "left_eye": {"x": 0.532314658164978, "y": 0.4170601963996887, "z": -0.11904548108577728, "x_normalized": 28.205425501215935, "y_normalized": 21.98537051939641, "z_normalized": -0.11904548108577728}, "left_eye_outer": {"x": 0.5334165096282959, "y": 0.4174281656742096, "z": -0.11907903105020523, "x_normalized": 28.264898059417625, "y_normalized": 22.005231702889766, "z_normalized": -0.11907903105020523}, "right_eye_inner": {"x": 0.5281406044960022, "y": 0.41630131006240845, "z": -0.11941195279359818, "x_normalized": 27.980130479128615, "y_normalized": 21.94440954292644, "z_normalized": -0.11941195279359818}, "right_eye": {"x": 0.5270009636878967, "y": 0.41630834341049194, "z": -0.1194358691573143, "x_normalized": 27.918618236738897, "y_normalized": 21.94478916869014, "z_normalized": -0.1194358691573143}, "right_eye_outer": {"x": 0.5258626937866211, "y": 0.41630643606185913, "z": -0.11940185725688934, "x_normalized": 27.857179989201427, "y_normalized": 21.944686219330492, "z_normalized": -0.11940185725688934}, "left_ear": {"x": 0.5355924367904663, "y": 0.42083993554115295, "z": -0.0781850665807724, "x_normalized": 28.382343975771132, "y_normalized": 22.18938236996024, "z_normalized": -0.0781850665807724}, "right_ear": {"x": 0.5237849950790405, "y": 0.41983455419540405, "z": -0.08021757006645203, "x_normalized": 27.745035964869796, "y_normalized": 22.1351167973395, "z_normalized": -0.08021757006645203}, "mouth_left": {"x": 0.5317367911338806, "y": 0.42687806487083435, "z": -0.10882231593132019, "x_normalized": 28.174235062410062, "y_normalized": 22.515291088098607, "z_normalized": -0.10882231593132019}, "mouth_right": {"x": 0.527617335319519, "y": 0.42654797434806824, "z": -0.10941777378320694, "x_normalized": 27.951886965742666, "y_normalized": 22.497474414544513, "z_normalized": -0.10941777378320694}, "left_shoulder": {"x": 0.5445315837860107, "y": 0.44818878173828125, "z": -0.0344572551548481, "x_normalized": 28.864835452766716, "y_normalized": 23.665539457695186, "z_normalized": -0.0344572551548481}, "right_shoulder": {"x": 0.5144849419593811, "y": 0.4454827904701233, "z": -0.038637466728687286, "x_normalized": 27.243064538728305, "y_normalized": 23.519483270861986, "z_normalized": -0.038637466728687286}, "left_elbow": {"x": 0.5568759441375732, "y": 0.4609006345272064, "z": 0.036665722727775574, "x_normalized": 29.531123708408984, "y_normalized": 24.351663159490897, "z_normalized": 0.036665722727775574}, "right_elbow": {"x": 0.5012814402580261, "y": 0.45581889152526855, "z": 0.0194444190710783, "x_normalized": 26.530404030899565, "y_normalized": 24.077375502297308, "z_normalized": 0.0194444190710783}, "left_wrist": {"x": 0.561373770236969, "y": 0.4738228917121887, "z": 0.08948636800050735, "x_normalized": 29.77389438429656, "y_normalized": 25.049143462522782, "z_normalized": 0.08948636800050735}, "right_wrist": {"x": 0.5088242888450623, "y": 0.47822684049606323, "z": 0.06046610325574875, "x_normalized": 26.937530142297785, "y_normalized": 25.28684709961518, "z_normalized": 0.06046610325574875}, "left_pinky": {"x": 0.564594566822052, "y": 0.4792209267616272, "z": 0.09790687263011932, "x_normalized": 29.947737246732274, "y_normalized": 25.340503018996756, "z_normalized": 0.09790687263011932}, "right_pinky": {"x": 0.5105709433555603, "y": 0.48619961738586426, "z": 0.06648916751146317, "x_normalized": 27.0318060183955, "y_normalized": 25.717178640111577, "z_normalized": 0.06648916751146317}, "left_index": {"x": 0.5636805295944214, "y": 0.478255033493042, "z": 0.08776889741420746, "x_normalized": 29.898401983288426, "y_normalized": 25.28836881983748, "z_normalized": 0.08776889741420746}, "right_index": {"x": 0.512729287147522, "y": 0.48576417565345764, "z": 0.06163732334971428, "x_normalized": 27.14830287033975, "y_normalized": 25.69367562302067, "z_normalized": 0.06163732334971428}, "left_thumb": {"x": 0.5619152784347534, "y": 0.47644472122192383, "z": 0.08703507483005524, "x_normalized": 29.803122350934146, "y_normalized": 25.19065700886151, "z_normalized": 0.08703507483005524}, "right_thumb": {"x": 0.5127099752426147, "y": 0.48217445611953735, "z": 0.060242436826229095, "x_normalized": 27.147260508073316, "y_normalized": 25.49992010241178, "z_normalized": 0.060242436826229095}, "left_hip": {"x": 0.5353686809539795, "y": 0.5274790525436401, "z": -0.0011446361895650625, "x_normalized": 28.37026672901742, "y_normalized": 27.945240853289857, "z_normalized": -0.0011446361895650625}, "right_hip": {"x": 0.5172688961029053, "y": 0.5235230922698975, "z": 0.00115623464807868, "x_normalized": 27.39332878063712, "y_normalized": 27.731717447044794, "z_normalized": 0.00115623464807868}, "left_knee": {"x": 0.533655047416687, "y": 0.5943639278411865, "z": 6.932736869202927e-05, "x_normalized": 28.277773163708613, "y_normalized": 31.555359613733522, "z_normalized": 6.932736869202927e-05}, "right_knee": {"x": 0.5149157047271729, "y": 0.5866156220436096, "z": -0.023136207833886147, "x_normalized": 27.266315008171322, "y_normalized": 31.137143926000707, "z_normalized": -0.023136207833886147}, "left_ankle": {"x": 0.5278307199478149, "y": 0.6338870525360107, "z": 0.07725793868303299, "x_normalized": 27.963404425353293, "y_normalized": 33.688624769680864, "z_normalized": 0.07725793868303299}, "right_ankle": {"x": 0.5128527283668518, "y": 0.645060122013092, "z": 0.029205473139882088, "x_normalized": 27.154965624209474, "y_normalized": 34.29169246699676, "z_normalized": 0.029205473139882088}, "left_heel": {"x": 0.5254630446434021, "y": 0.6390734910964966, "z": 0.08277274668216705, "x_normalized": 27.835608881187667, "y_normalized": 33.968563381568885, "z_normalized": 0.08277274668216705}, "right_heel": {"x": 0.5140599608421326, "y": 0.6520942449569702, "z": 0.03196759894490242, "x_normalized": 27.22012613453172, "y_normalized": 34.67136005387635, "z_normalized": 0.03196759894490242}, "left_foot_index": {"x": 0.5305325984954834, "y": 0.6522799730300903, "z": 0.0461202897131443, "x_normalized": 28.109238627629754, "y_normalized": 34.68138474777208, "z_normalized": 0.0461202897131443}, "right_foot_index": {"x": 0.5129193067550659, "y": 0.6688521504402161, "z": -0.013051999732851982, "x_normalized": 27.15855920029469, "y_normalized": 35.57586991057674, "z_normalized": -0.013051999732851982}}}