{"sequence_id": 1697925405990398000, "sequence_source": "mediapipe", "frame_number": 210, "image_dimensions": {"height": 1080, "width": 1920}, "joint_positions": {"nose": {"x": 0.5108413100242615, "y": 0.39732977747917175, "z": -0.19447843730449677, "x_normalized": 19.75344856793522, "y_normalized": 15.214039289180102, "z_normalized": -0.19447843730449677}, "left_eye_inner": {"x": 0.5123295187950134, "y": 0.392660915851593, "z": -0.18808580935001373, "x_normalized": 19.8125008040053, "y_normalized": 15.028778508281054, "z_normalized": -0.18808580935001373}, "left_eye": {"x": 0.5135148763656616, "y": 0.3928545117378235, "z": -0.18804416060447693, "x_normalized": 19.859535881653716, "y_normalized": 15.036460407622435, "z_normalized": -0.18804416060447693}, "left_eye_outer": {"x": 0.5146934390068054, "y": 0.3930666744709015, "z": -0.1880924105644226, "x_normalized": 19.906301335987813, "y_normalized": 15.044879040844618, "z_normalized": -0.1880924105644226}, "right_eye_inner": {"x": 0.5089181065559387, "y": 0.3931450843811035, "z": -0.1882709562778473, "x_normalized": 19.677135709514953, "y_normalized": 15.047990351984886, "z_normalized": -0.1882709562778473}, "right_eye": {"x": 0.507655143737793, "y": 0.39382079243659973, "z": -0.18831020593643188, "x_normalized": 19.62702124980296, "y_normalized": 15.074802498500764, "z_normalized": -0.18831020593643188}, "right_eye_outer": {"x": 0.506434440612793, "y": 0.39448410272598267, "z": -0.18827733397483826, "x_normalized": 19.57858365789671, "y_normalized": 15.101122700723845, "z_normalized": -0.18827733397483826}, "left_ear": {"x": 0.5175743699073792, "y": 0.3984088897705078, "z": -0.13456520438194275, "x_normalized": 20.020616891026712, "y_normalized": 15.25685854614625, "z_normalized": -0.13456520438194275}, "right_ear": {"x": 0.5035350322723389, "y": 0.4003090262413025, "z": -0.13571599125862122, "x_normalized": 19.4635349166522, "y_normalized": 15.332256104367897, "z_normalized": -0.13571599125862122}, "mouth_left": {"x": 0.5141913294792175, "y": 0.40569964051246643, "z": -0.1734318733215332, "x_normalized": 19.8863775921295, "y_normalized": 15.546156084504876, "z_normalized": -0.1734318733215332}, "mouth_right": {"x": 0.5087531208992004, "y": 0.40697598457336426, "z": -0.17383508384227753, "x_normalized": 19.670589066233873, "y_normalized": 15.596801512936732, "z_normalized": -0.17383508384227753}, "left_shoulder": {"x": 0.5327075719833374, "y": 0.4358817934989929, "z": -0.0779786929488182, "x_normalized": 20.621103488773468, "y_normalized": 16.743786187412468, "z_normalized": -0.0779786929488182}, "right_shoulder": {"x": 0.4919101595878601, "y": 0.4453129470348358, "z": -0.06737120449542999, "x_normalized": 19.00225909330007, "y_normalized": 17.11801506978249, "z_normalized": -0.06737120449542999}, "left_elbow": {"x": 0.5538626313209534, "y": 0.45047062635421753, "z": 0.026863286271691322, "x_normalized": 21.460537836046022, "y_normalized": 17.32267217349517, "z_normalized": 0.026863286271691322}, "right_elbow": {"x": 0.48012498021125793, "y": 0.46625709533691406, "z": 0.037463996559381485, "x_normalized": 18.534622288335054, "y_normalized": 17.949080451285504, "z_normalized": 0.037463996559381485}, "left_wrist": {"x": 0.5513120889663696, "y": 0.4742983877658844, "z": 0.11595974862575531, "x_normalized": 21.359332123386825, "y_normalized": 18.268159540292736, "z_normalized": 0.11595974862575531}, "right_wrist": {"x": 0.48565199971199036, "y": 0.48623019456863403, "z": 0.11682135611772537, "x_normalized": 18.753934838251205, "y_normalized": 18.741614532566803, "z_normalized": 0.11682135611772537}, "left_pinky": {"x": 0.5470499396324158, "y": 0.4831954538822174, "z": 0.1316164880990982, "x_normalized": 21.19020971692002, "y_normalized": 18.621195793645377, "z_normalized": 0.1316164880990982}, "right_pinky": {"x": 0.48663273453712463, "y": 0.49121782183647156, "z": 0.12974311411380768, "x_normalized": 18.792850469951667, "y_normalized": 18.939523958071057, "z_normalized": 0.12974311411380768}, "left_index": {"x": 0.5447895526885986, "y": 0.4828687906265259, "z": 0.1201549619436264, "x_normalized": 21.100517392805727, "y_normalized": 18.608233771065194, "z_normalized": 0.1201549619436264}, "right_index": {"x": 0.48924458026885986, "y": 0.4911592900753021, "z": 0.1211405098438263, "x_normalized": 18.89648870523174, "y_normalized": 18.937201413381022, "z_normalized": 0.1211405098438263}, "left_thumb": {"x": 0.5450563430786133, "y": 0.47809600830078125, "z": 0.11488748341798782, "x_normalized": 21.111103655568048, "y_normalized": 18.418849409038774, "z_normalized": 0.11488748341798782}, "right_thumb": {"x": 0.48918163776397705, "y": 0.4879179894924164, "z": 0.11628440767526627, "x_normalized": 18.893991141899072, "y_normalized": 18.80858636221589, "z_normalized": 0.11628440767526627}, "left_hip": {"x": 0.5293725728988647, "y": 0.551856279373169, "z": -0.0059156217612326145, "x_normalized": 20.488770474010845, "y_normalized": 21.345662518572418, "z_normalized": -0.0059156217612326145}, "right_hip": {"x": 0.5041735768318176, "y": 0.552216112613678, "z": 0.0058287810534238815, "x_normalized": 19.48887241284808, "y_normalized": 21.35994072864752, "z_normalized": 0.0058287810534238815}, "left_knee": {"x": 0.5266995429992676, "y": 0.6459231972694397, "z": -0.011540262959897518, "x_normalized": 20.382704446343478, "y_normalized": 25.078244902957056, "z_normalized": -0.011540262959897518}, "right_knee": {"x": 0.5061002373695374, "y": 0.6469047665596008, "z": -0.005586280487477779, "x_normalized": 19.565322448042302, "y_normalized": 25.11719364629261, "z_normalized": -0.005586280487477779}, "left_ankle": {"x": 0.5208870768547058, "y": 0.7234304547309875, "z": 0.07208867371082306, "x_normalized": 20.152065352109016, "y_normalized": 28.153738714521683, "z_normalized": 0.07208867371082306}, "right_ankle": {"x": 0.5121074914932251, "y": 0.7224980592727661, "z": 0.07953369617462158, "x_normalized": 19.80369074395399, "y_normalized": 28.116741192539777, "z_normalized": 0.07953369617462158}, "left_heel": {"x": 0.5206616520881653, "y": 0.7316807508468628, "z": 0.07663016766309738, "x_normalized": 20.143120480400547, "y_normalized": 28.481111085561107, "z_normalized": 0.07663016766309738}, "right_heel": {"x": 0.513741672039032, "y": 0.730635941028595, "z": 0.084286168217659, "x_normalized": 19.86853515104841, "y_normalized": 28.439652953308926, "z_normalized": 0.084286168217659}, "left_foot_index": {"x": 0.5216472744941711, "y": 0.7501190304756165, "z": 0.014128078706562519, "x_normalized": 20.182230051677976, "y_normalized": 29.212743409440748, "z_normalized": 0.014128078706562519}, "right_foot_index": {"x": 0.5101569294929504, "y": 0.7494171261787415, "z": 0.02373007871210575, "x_normalized": 19.72629229692606, "y_normalized": 29.184891794094654, "z_normalized": 0.02373007871210575}}}