{"sequence_id": 1697925405990398000, "sequence_source": "mediapipe", "frame_number": 363, "image_dimensions": {"height": 1080, "width": 1920}, "joint_positions": {"nose": {"x": 0.518940269947052, "y": 0.42064058780670166, "z": -0.09594722092151642, "x_normalized": 24.354333277858146, "y_normalized": 19.628089462265248, "z_normalized": -0.09594722092151642}, "left_eye_inner": {"x": 0.5211239457130432, "y": 0.41571542620658875, "z": -0.09045547991991043, "x_normalized": 24.45901141831125, "y_normalized": 19.391993625254923, "z_normalized": -0.09045547991991043}, "left_eye": {"x": 0.5223670601844788, "y": 0.41587701439857483, "z": -0.09041903167963028, "x_normalized": 24.518602184150588, "y_normalized": 19.399739624784573, "z_normalized": -0.09041903167963028}, "left_eye_outer": {"x": 0.5235015153884888, "y": 0.41600626707077026, "z": -0.09045526385307312, "x_normalized": 24.572984186750322, "y_normalized": 19.405935567233875, "z_normalized": -0.09045526385307312}, "right_eye_inner": {"x": 0.5172725915908813, "y": 0.4156089723110199, "z": -0.09095082432031631, "x_normalized": 24.274390333984975, "y_normalized": 19.386890580194073, "z_normalized": -0.09095082432031631}, "right_eye": {"x": 0.5159873366355896, "y": 0.41581055521965027, "z": -0.0909794270992279, "x_normalized": 24.21277949375705, "y_normalized": 19.39655379318164, "z_normalized": -0.0909794270992279}, "right_eye_outer": {"x": 0.5147287845611572, "y": 0.4159851372241974, "z": -0.0909421369433403, "x_normalized": 24.152448700666447, "y_normalized": 19.404922672791507, "z_normalized": -0.0909421369433403}, "left_ear": {"x": 0.5262523889541626, "y": 0.41866210103034973, "z": -0.05321691557765007, "x_normalized": 24.70485189987926, "y_normalized": 19.533247398308205, "z_normalized": -0.05321691557765007}, "right_ear": {"x": 0.5122435092926025, "y": 0.41997572779655457, "z": -0.05600461736321449, "x_normalized": 24.033312884956963, "y_normalized": 19.59621828861954, "z_normalized": -0.05600461736321449}, "mouth_left": {"x": 0.522038996219635, "y": 0.4272684156894684, "z": -0.08200643211603165, "x_normalized": 24.50287589074918, "y_normalized": 19.945805447768404, "z_normalized": -0.08200643211603165}, "mouth_right": {"x": 0.5165692567825317, "y": 0.4282350242137909, "z": -0.08286463469266891, "x_normalized": 24.240674806707254, "y_normalized": 19.992141439790675, "z_normalized": -0.08286463469266891}, "left_shoulder": {"x": 0.5373088717460632, "y": 0.44823235273361206, "z": -0.01997256837785244, "x_normalized": 25.234862845933126, "y_normalized": 20.950746740122216, "z_normalized": -0.01997256837785244}, "right_shoulder": {"x": 0.502623975276947, "y": 0.4494298994541168, "z": -0.01406329870223999, "x_normalized": 23.572184475480327, "y_normalized": 21.008153139808687, "z_normalized": -0.01406329870223999}, "left_elbow": {"x": 0.5535495281219482, "y": 0.45935186743736267, "z": 0.05884402245283127, "x_normalized": 26.01338580050455, "y_normalized": 21.483779226014747, "z_normalized": 0.05884402245283127}, "right_elbow": {"x": 0.4942142069339752, "y": 0.45882952213287354, "z": 0.07039942592382431, "x_normalized": 23.169048201545408, "y_normalized": 21.45873973251489, "z_normalized": 0.07039942592382431}, "left_wrist": {"x": 0.5477005839347839, "y": 0.47733837366104126, "z": 0.13192719221115112, "x_normalized": 25.733006904213397, "y_normalized": 22.345992405308895, "z_normalized": 0.13192719221115112}, "right_wrist": {"x": 0.5016587972640991, "y": 0.47502538561820984, "z": 0.14448164403438568, "x_normalized": 23.52591705741184, "y_normalized": 22.235115465158415, "z_normalized": 0.14448164403438568}, "left_pinky": {"x": 0.5466455817222595, "y": 0.48481282591819763, "z": 0.14380396902561188, "x_normalized": 25.682433613296816, "y_normalized": 22.704292742460588, "z_normalized": 0.14380396902561188}, "right_pinky": {"x": 0.5044997930526733, "y": 0.48417821526527405, "z": 0.15437431633472443, "x_normalized": 23.66210492962924, "y_normalized": 22.67387162221263, "z_normalized": 0.15437431633472443}, "left_index": {"x": 0.5423018336296082, "y": 0.48637187480926514, "z": 0.13559284806251526, "x_normalized": 25.474208802628063, "y_normalized": 22.779028351718196, "z_normalized": 0.13559284806251526}, "right_index": {"x": 0.5060062408447266, "y": 0.4827619791030884, "z": 0.15007662773132324, "x_normalized": 23.734319017461203, "y_normalized": 22.605981979341248, "z_normalized": 0.15007662773132324}, "left_thumb": {"x": 0.5426793694496155, "y": 0.48231539130210876, "z": 0.13114798069000244, "x_normalized": 25.492306611931205, "y_normalized": 22.58457404814393, "z_normalized": 0.13114798069000244}, "right_thumb": {"x": 0.5060515999794006, "y": 0.48089373111724854, "z": 0.14461372792720795, "x_normalized": 23.736493383245808, "y_normalized": 22.51642439569778, "z_normalized": 0.14461372792720795}, "left_hip": {"x": 0.5323646068572998, "y": 0.5360450744628906, "z": -0.0010663862340152264, "x_normalized": 24.997851260914963, "y_normalized": 25.160196037451552, "z_normalized": -0.0010663862340152264}, "right_hip": {"x": 0.5115038156509399, "y": 0.5359925031661987, "z": 0.000991935608908534, "x_normalized": 23.99785443635387, "y_normalized": 25.15767594464995, "z_normalized": 0.000991935608908534}, "left_knee": {"x": 0.5296803116798401, "y": 0.6077877283096313, "z": -0.01828654669225216, "x_normalized": 24.86917509388511, "y_normalized": 28.59929982419835, "z_normalized": -0.01828654669225216}, "right_knee": {"x": 0.5117446780204773, "y": 0.6045961380004883, "z": -0.012259358540177345, "x_normalized": 24.00940057582245, "y_normalized": 28.446305618807425, "z_normalized": -0.012259358540177345}, "left_ankle": {"x": 0.524822473526001, "y": 0.6676909327507019, "z": 0.05618787184357643, "x_normalized": 24.636306518574802, "y_normalized": 31.47085985418618, "z_normalized": 0.05618787184357643}, "right_ankle": {"x": 0.5129015445709229, "y": 0.6494470238685608, "z": 0.09811044484376907, "x_normalized": 24.064856903698153, "y_normalized": 30.596307649082807, "z_normalized": 0.09811044484376907}, "left_heel": {"x": 0.5217424035072327, "y": 0.6730749607086182, "z": 0.06140269339084625, "x_normalized": 24.48865822433105, "y_normalized": 31.728952215497145, "z_normalized": 0.06140269339084625}, "right_heel": {"x": 0.5138838887214661, "y": 0.6540359854698181, "z": 0.10734658688306808, "x_normalized": 24.111947209212065, "y_normalized": 30.816287178329574, "z_normalized": 0.10734658688306808}, "left_foot_index": {"x": 0.5259255170822144, "y": 0.6900513172149658, "z": 0.017635850235819817, "x_normalized": 24.68918275143934, "y_normalized": 32.542742183050684, "z_normalized": 0.017635850235819817}, "right_foot_index": {"x": 0.5101075172424316, "y": 0.6724675297737122, "z": 0.07734199613332748, "x_normalized": 23.930920542963367, "y_normalized": 31.699834000371105, "z_normalized": 0.07734199613332748}}}