{"sequence_id": 1697925405990398000, "sequence_source": "mediapipe", "frame_number": 366, "image_dimensions": {"height": 1080, "width": 1920}, "joint_positions": {"nose": {"x": 0.5178533792495728, "y": 0.42463383078575134, "z": -0.11563412845134735, "x_normalized": 24.885145657765097, "y_normalized": 20.295022536974443, "z_normalized": -0.11563412845134735}, "left_eye_inner": {"x": 0.5201908946037292, "y": 0.41949599981307983, "z": -0.10936529189348221, "x_normalized": 24.99982331612875, "y_normalized": 20.0429624065601, "z_normalized": -0.10936529189348221}, "left_eye": {"x": 0.5216497778892517, "y": 0.41956499218940735, "z": -0.10933414846658707, "x_normalized": 25.07139560279292, "y_normalized": 20.04634714760495, "z_normalized": -0.10933414846658707}, "left_eye_outer": {"x": 0.5229223370552063, "y": 0.4196469485759735, "z": -0.10935990512371063, "x_normalized": 25.133826895499247, "y_normalized": 20.050367898306177, "z_normalized": -0.10935990512371063}, "right_eye_inner": {"x": 0.5160370469093323, "y": 0.4192770719528198, "z": -0.10997677594423294, "x_normalized": 24.79603704967892, "y_normalized": 20.03222188486875, "z_normalized": -0.10997677594423294}, "right_eye": {"x": 0.5146905779838562, "y": 0.41928306221961975, "z": -0.11001572012901306, "x_normalized": 24.72997977088567, "y_normalized": 20.03251576519273, "z_normalized": -0.11001572012901306}, "right_eye_outer": {"x": 0.5134192705154419, "y": 0.41926708817481995, "z": -0.10998868942260742, "x_normalized": 24.667609886008236, "y_normalized": 20.03173208432878, "z_normalized": -0.10998868942260742}, "left_ear": {"x": 0.5252130031585693, "y": 0.4217371344566345, "z": -0.06697491556406021, "x_normalized": 25.24620614655296, "y_normalized": 20.15291166209911, "z_normalized": -0.06697491556406021}, "right_ear": {"x": 0.5109722018241882, "y": 0.42244818806648254, "z": -0.07108599692583084, "x_normalized": 24.547557580525414, "y_normalized": 20.187795695182956, "z_normalized": -0.07108599692583084}, "mouth_left": {"x": 0.520838737487793, "y": 0.4304943382740021, "z": -0.0997815877199173, "x_normalized": 25.031606253853578, "y_normalized": 20.582536916026626, "z_normalized": -0.0997815877199173}, "mouth_right": {"x": 0.5151787996292114, "y": 0.4310670495033264, "z": -0.10090751200914383, "x_normalized": 24.75393174833567, "y_normalized": 20.6106339219268, "z_normalized": -0.10090751200914383}, "left_shoulder": {"x": 0.5353408455848694, "y": 0.4504848122596741, "z": -0.030586428940296173, "x_normalized": 25.7430744352078, "y_normalized": 21.563262344067134, "z_normalized": -0.030586428940296173}, "right_shoulder": {"x": 0.5011441707611084, "y": 0.45142611861228943, "z": -0.024084633216261864, "x_normalized": 24.065397928981245, "y_normalized": 21.609442493484682, "z_normalized": -0.024084633216261864}, "left_elbow": {"x": 0.5525838732719421, "y": 0.46169736981391907, "z": 0.04153994470834732, "x_normalized": 26.589011140922697, "y_normalized": 22.113346364821084, "z_normalized": 0.04153994470834732}, "right_elbow": {"x": 0.4931284189224243, "y": 0.46030887961387634, "z": 0.051446333527565, "x_normalized": 23.67214804112494, "y_normalized": 22.04522753748648, "z_normalized": 0.051446333527565}, "left_wrist": {"x": 0.5425499677658081, "y": 0.4831591546535492, "z": 0.09934346377849579, "x_normalized": 26.09675136361705, "y_normalized": 23.166253771541186, "z_normalized": 0.09934346377849579}, "right_wrist": {"x": 0.4942745566368103, "y": 0.47795963287353516, "z": 0.11146523058414459, "x_normalized": 23.728377143113228, "y_normalized": 22.91116711241719, "z_normalized": 0.11146523058414459}, "left_pinky": {"x": 0.5393248200416565, "y": 0.49198850989341736, "z": 0.10832933336496353, "x_normalized": 25.938526782022358, "y_normalized": 23.599418748176944, "z_normalized": 0.10832933336496353}, "right_pinky": {"x": 0.49589499831199646, "y": 0.4838033616542816, "z": 0.11930331587791443, "x_normalized": 23.80787542597789, "y_normalized": 23.197858334143994, "z_normalized": 0.11930331587791443}, "left_index": {"x": 0.5378267765045166, "y": 0.49142536520957947, "z": 0.09883737564086914, "x_normalized": 25.865033307568584, "y_normalized": 23.57179107354044, "z_normalized": 0.09883737564086914}, "right_index": {"x": 0.4961121380329132, "y": 0.4845063388347626, "z": 0.11345856636762619, "x_normalized": 23.818528222199394, "y_normalized": 23.232346140522374, "z_normalized": 0.11345856636762619}, "left_thumb": {"x": 0.5386806130409241, "y": 0.486946165561676, "z": 0.09758137166500092, "x_normalized": 25.90692221941955, "y_normalized": 23.35204315785232, "z_normalized": 0.09758137166500092}, "right_thumb": {"x": 0.4965541958808899, "y": 0.48177626729011536, "z": 0.11071924865245819, "x_normalized": 23.840215420436234, "y_normalized": 23.098409817345424, "z_normalized": 0.11071924865245819}, "left_hip": {"x": 0.5307448506355286, "y": 0.5374852418899536, "z": -0.002966852393001318, "x_normalized": 25.51759658424764, "y_normalized": 25.831471974815198, "z_normalized": -0.002966852393001318}, "right_hip": {"x": 0.5103630423545837, "y": 0.5372341871261597, "z": 0.002916153520345688, "x_normalized": 24.517672437131566, "y_normalized": 25.819155318848967, "z_normalized": 0.002916153520345688}, "left_knee": {"x": 0.5289204716682434, "y": 0.6070252656936646, "z": -0.02076282538473606, "x_normalized": 25.42809321154716, "y_normalized": 29.243080406897544, "z_normalized": -0.02076282538473606}, "right_knee": {"x": 0.5113523006439209, "y": 0.6057294011116028, "z": -0.005086364224553108, "x_normalized": 24.566205091232124, "y_normalized": 29.179505758900905, "z_normalized": -0.005086364224553108}, "left_ankle": {"x": 0.5245786905288696, "y": 0.6675265431404114, "z": 0.04599742591381073, "x_normalized": 25.215086998216627, "y_normalized": 32.21125120982529, "z_normalized": 0.04599742591381073}, "right_ankle": {"x": 0.5130851864814758, "y": 0.6521971821784973, "z": 0.0928606316447258, "x_normalized": 24.65121984405887, "y_normalized": 31.45919830193846, "z_normalized": 0.0928606316447258}, "left_heel": {"x": 0.5217319130897522, "y": 0.6731160283088684, "z": 0.049947068095207214, "x_normalized": 25.075425126041132, "y_normalized": 32.485469331831304, "z_normalized": 0.049947068095207214}, "right_heel": {"x": 0.5144700407981873, "y": 0.6593726277351379, "z": 0.09959312528371811, "x_normalized": 24.719160296271458, "y_normalized": 31.811223067332293, "z_normalized": 0.09959312528371811}, "left_foot_index": {"x": 0.5259475111961365, "y": 0.6898297071456909, "z": 0.0054758815094828606, "x_normalized": 25.28224084538294, "y_normalized": 33.30543637428977, "z_normalized": 0.0054758815094828606}, "right_foot_index": {"x": 0.5096364617347717, "y": 0.6729838848114014, "z": 0.062054343521595, "x_normalized": 24.482026654551234, "y_normalized": 32.47898641960976, "z_normalized": 0.062054343521595}}}