{"sequence_id": 1697925405990398000, "sequence_source": "mediapipe", "frame_number": 506, "image_dimensions": {"height": 1080, "width": 1920}, "joint_positions": {"nose": {"x": 0.5191932320594788, "y": 0.43127503991127014, "z": -0.0859910249710083, "x_normalized": 32.39799119107017, "y_normalized": 26.8229858797318, "z_normalized": -0.0859910249710083}, "left_eye_inner": {"x": 0.5208774209022522, "y": 0.42675724625587463, "z": -0.08221036940813065, "x_normalized": 32.50477954327044, "y_normalized": 26.53652884606208, "z_normalized": -0.08221036940813065}, "left_eye": {"x": 0.5219926238059998, "y": 0.4266675114631653, "z": -0.08219314366579056, "x_normalized": 32.57549054516975, "y_normalized": 26.53083908586115, "z_normalized": -0.08219314366579056}, "left_eye_outer": {"x": 0.5230056643486023, "y": 0.426584929227829, "z": -0.0822192057967186, "x_normalized": 32.639723799487264, "y_normalized": 26.525602843577264, "z_normalized": -0.0822192057967186}, "right_eye_inner": {"x": 0.5178530216217041, "y": 0.42678484320640564, "z": -0.08249127864837646, "x_normalized": 32.3130132713638, "y_normalized": 26.538278669358682, "z_normalized": -0.08249127864837646}, "right_eye": {"x": 0.5168655514717102, "y": 0.4267989695072174, "z": -0.08250926434993744, "x_normalized": 32.25040134359972, "y_normalized": 26.539174367244843, "z_normalized": -0.08250926434993744}, "right_eye_outer": {"x": 0.5159441828727722, "y": 0.42679136991500854, "z": -0.08251520246267319, "x_normalized": 32.19198067725234, "y_normalized": 26.538692504457984, "z_normalized": -0.08251520246267319}, "left_ear": {"x": 0.5245522260665894, "y": 0.42801570892333984, "z": -0.05077005550265312, "x_normalized": 32.737785711100386, "y_normalized": 26.616323433908214, "z_normalized": -0.05077005550265312}, "right_ear": {"x": 0.514331579208374, "y": 0.4285191595554352, "z": -0.051992159336805344, "x_normalized": 32.0897312835385, "y_normalized": 26.648245426294242, "z_normalized": -0.051992159336805344}, "mouth_left": {"x": 0.5214254260063171, "y": 0.4358457028865814, "z": -0.07351119816303253, "x_normalized": 32.53952657434806, "y_normalized": 27.112795166671674, "z_normalized": -0.07351119816303253}, "mouth_right": {"x": 0.5173335671424866, "y": 0.43640485405921936, "z": -0.07400374859571457, "x_normalized": 32.28007653263839, "y_normalized": 27.148248929836694, "z_normalized": -0.07400374859571457}, "left_shoulder": {"x": 0.5332463383674622, "y": 0.44934818148612976, "z": -0.02606571651995182, "x_normalized": 33.28904807721688, "y_normalized": 27.968938731837856, "z_normalized": -0.02606571651995182}, "right_shoulder": {"x": 0.5062107443809509, "y": 0.45166999101638794, "z": -0.020318996161222458, "x_normalized": 31.574818378473182, "y_normalized": 28.116156316684723, "z_normalized": -0.020318996161222458}, "left_elbow": {"x": 0.5500010848045349, "y": 0.4585159122943878, "z": 0.008138961158692837, "x_normalized": 34.35140623926357, "y_normalized": 28.5502315426947, "z_normalized": 0.008138961158692837}, "right_elbow": {"x": 0.5021768808364868, "y": 0.45626911520957947, "z": 0.021305877715349197, "x_normalized": 31.319045611207553, "y_normalized": 28.407770227002842, "z_normalized": 0.021305877715349197}, "left_wrist": {"x": 0.5403385758399963, "y": 0.47562748193740845, "z": 0.028330594301223755, "x_normalized": 33.73874132649511, "y_normalized": 29.63521457982798, "z_normalized": 0.028330594301223755}, "right_wrist": {"x": 0.508689284324646, "y": 0.4671767055988312, "z": 0.05558658391237259, "x_normalized": 31.731973674677306, "y_normalized": 29.099381271180963, "z_normalized": 0.05558658391237259}, "left_pinky": {"x": 0.5380666255950928, "y": 0.48270630836486816, "z": 0.029753217473626137, "x_normalized": 33.594685139461646, "y_normalized": 30.084057483011744, "z_normalized": 0.029753217473626137}, "right_pinky": {"x": 0.5139535069465637, "y": 0.4775547683238983, "z": 0.05691402032971382, "x_normalized": 32.06575908230668, "y_normalized": 29.757416872233826, "z_normalized": 0.05691402032971382}, "left_index": {"x": 0.5368451476097107, "y": 0.4820631146430969, "z": 0.023925313726067543, "x_normalized": 33.51723561717823, "y_normalized": 30.043274884321445, "z_normalized": 0.023925313726067543}, "right_index": {"x": 0.5149417519569397, "y": 0.4787175953388214, "z": 0.05358624458312988, "x_normalized": 32.12842014117844, "y_normalized": 29.831147547597464, "z_normalized": 0.05358624458312988}, "left_thumb": {"x": 0.5371857285499573, "y": 0.4790913760662079, "z": 0.026930687949061394, "x_normalized": 33.538830628661536, "y_normalized": 29.854847638079058, "z_normalized": 0.026930687949061394}, "right_thumb": {"x": 0.5143260359764099, "y": 0.47686174511909485, "z": 0.05462896451354027, "x_normalized": 32.08937980715279, "y_normalized": 29.71347476538811, "z_normalized": 0.05462896451354027}, "left_hip": {"x": 0.5300668478012085, "y": 0.5224539637565613, "z": -0.004675097763538361, "x_normalized": 33.08744802514232, "y_normalized": 32.604313237772146, "z_normalized": -0.004675097763538361}, "right_hip": {"x": 0.5142987370491028, "y": 0.5227700471878052, "z": 0.004654463846236467, "x_normalized": 32.08764888043606, "y_normalized": 32.624354950389574, "z_normalized": 0.004654463846236467}, "left_knee": {"x": 0.5306775569915771, "y": 0.5757835507392883, "z": -0.027556926012039185, "x_normalized": 33.126170896626036, "y_normalized": 35.9857503858939, "z_normalized": -0.027556926012039185}, "right_knee": {"x": 0.5161362290382385, "y": 0.5790436267852783, "z": 0.005023032892495394, "x_normalized": 32.204157633325, "y_normalized": 36.192460073167176, "z_normalized": 0.005023032892495394}, "left_ankle": {"x": 0.5284770727157593, "y": 0.6303967237472534, "z": 0.012240209616720676, "x_normalized": 32.98664610944705, "y_normalized": 39.448575103545416, "z_normalized": 0.012240209616720676}, "right_ankle": {"x": 0.5210870504379272, "y": 0.6212449669837952, "z": 0.07754475623369217, "x_normalized": 32.518071397555836, "y_normalized": 38.86829514936997, "z_normalized": 0.07754475623369217}, "left_heel": {"x": 0.5270698666572571, "y": 0.6359267830848694, "z": 0.014077051542699337, "x_normalized": 32.89742023858436, "y_normalized": 39.79921626042497, "z_normalized": 0.014077051542699337}, "right_heel": {"x": 0.5224687457084656, "y": 0.6260064244270325, "z": 0.08419159054756165, "x_normalized": 32.60567972118106, "y_normalized": 39.17020202674703, "z_normalized": 0.08419159054756165}, "left_foot_index": {"x": 0.5296317934989929, "y": 0.6503945589065552, "z": -0.02618497796356678, "x_normalized": 33.059862797838036, "y_normalized": 40.71656584781239, "z_normalized": -0.02618497796356678}, "right_foot_index": {"x": 0.5154425501823425, "y": 0.636870265007019, "z": 0.055346403270959854, "x_normalized": 32.16017395400356, "y_normalized": 39.85903905299922, "z_normalized": 0.055346403270959854}}}