{"sequence_id": 1697925405990398000, "sequence_source": "mediapipe", "frame_number": 584, "image_dimensions": {"height": 1080, "width": 1920}, "joint_positions": {"nose": {"x": 0.5299815535545349, "y": 0.4237215220928192, "z": -0.0856529101729393, "x_normalized": 33.70020387231267, "y_normalized": 26.856397773429745, "z_normalized": -0.0856529101729393}, "left_eye_inner": {"x": 0.5311339497566223, "y": 0.4205045998096466, "z": -0.08028098940849304, "x_normalized": 33.77463680600183, "y_normalized": 26.6486177039078, "z_normalized": -0.08028098940849304}, "left_eye": {"x": 0.532031238079071, "y": 0.420562207698822, "z": -0.08025495707988739, "x_normalized": 33.83259239634819, "y_normalized": 26.652338580622942, "z_normalized": -0.08025495707988739}, "left_eye_outer": {"x": 0.5329079031944275, "y": 0.42065078020095825, "z": -0.08027087152004242, "x_normalized": 33.889215939779454, "y_normalized": 26.658059452634014, "z_normalized": -0.08027087152004242}, "right_eye_inner": {"x": 0.5287804007530212, "y": 0.42072856426239014, "z": -0.08110467344522476, "x_normalized": 33.62262176412483, "y_normalized": 26.663083502414935, "z_normalized": -0.08110467344522476}, "right_eye": {"x": 0.5278964042663574, "y": 0.4209553897380829, "z": -0.08113302290439606, "x_normalized": 33.56552468956479, "y_normalized": 26.677734093557692, "z_normalized": -0.08113302290439606}, "right_eye_outer": {"x": 0.5270199179649353, "y": 0.42119139432907104, "z": -0.0811157152056694, "x_normalized": 33.508912695673246, "y_normalized": 26.692977561073064, "z_normalized": -0.0811157152056694}, "left_ear": {"x": 0.5349171757698059, "y": 0.4234778881072998, "z": -0.0454082116484642, "x_normalized": 34.01899426783683, "y_normalized": 26.84066152555272, "z_normalized": -0.0454082116484642}, "right_ear": {"x": 0.5253497362136841, "y": 0.4244144856929779, "z": -0.05008139833807945, "x_normalized": 33.401036144783426, "y_normalized": 26.901156089715567, "z_normalized": -0.05008139833807945}, "mouth_left": {"x": 0.5318987965583801, "y": 0.4288710951805115, "z": -0.07273546606302261, "x_normalized": 33.82403803725761, "y_normalized": 27.18900719323637, "z_normalized": -0.07273546606302261}, "mouth_right": {"x": 0.5287991166114807, "y": 0.4294895827770233, "z": -0.07402858883142471, "x_normalized": 33.62383061594951, "y_normalized": 27.228955126226207, "z_normalized": -0.07402858883142471}, "left_shoulder": {"x": 0.5432931780815125, "y": 0.4467102289199829, "z": -0.016300363466143608, "x_normalized": 34.55999780769418, "y_normalized": 28.34123162464014, "z_normalized": -0.016300363466143608}, "right_shoulder": {"x": 0.5183039307594299, "y": 0.4481062591075897, "z": -0.01456738542765379, "x_normalized": 32.945949630949706, "y_normalized": 28.431400806206323, "z_normalized": -0.01456738542765379}, "left_elbow": {"x": 0.55470871925354, "y": 0.45763808488845825, "z": 0.03301414102315903, "x_normalized": 35.29732427366503, "y_normalized": 29.047058645930914, "z_normalized": 0.03301414102315903}, "right_elbow": {"x": 0.5081242322921753, "y": 0.4589112401008606, "z": 0.03483876958489418, "x_normalized": 32.28844588387359, "y_normalized": 29.129291368781868, "z_normalized": 0.03483876958489418}, "left_wrist": {"x": 0.5488728284835815, "y": 0.47375231981277466, "z": 0.07045475393533707, "x_normalized": 34.92038579546574, "y_normalized": 30.08787236728863, "z_normalized": 0.07045475393533707}, "right_wrist": {"x": 0.5169330835342407, "y": 0.4770413935184479, "z": 0.0692683532834053, "x_normalized": 32.85740700956164, "y_normalized": 30.300312676090122, "z_normalized": 0.0692683532834053}, "left_pinky": {"x": 0.5453936457633972, "y": 0.48126327991485596, "z": 0.0748298391699791, "x_normalized": 34.695666401011955, "y_normalized": 30.573003083796923, "z_normalized": 0.0748298391699791}, "right_pinky": {"x": 0.5194896459579468, "y": 0.4826216399669647, "z": 0.0728810727596283, "x_normalized": 33.02253462887452, "y_normalized": 30.660739162327438, "z_normalized": 0.0728810727596283}, "left_index": {"x": 0.5436593890190125, "y": 0.4805436432361603, "z": 0.0684133991599083, "x_normalized": 34.58365126505356, "y_normalized": 30.5265219611686, "z_normalized": 0.0684133991599083}, "right_index": {"x": 0.5210306644439697, "y": 0.48222973942756653, "z": 0.07015310972929001, "x_normalized": 33.122068562235405, "y_normalized": 30.635426421094056, "z_normalized": 0.07015310972929001}, "left_thumb": {"x": 0.5439850091934204, "y": 0.47814273834228516, "z": 0.06895927339792252, "x_normalized": 34.60468297689507, "y_normalized": 30.371448216187428, "z_normalized": 0.06895927339792252}, "right_thumb": {"x": 0.520392119884491, "y": 0.4802567660808563, "z": 0.06945350021123886, "x_normalized": 33.08082515587294, "y_normalized": 30.507992649601107, "z_normalized": 0.06945350021123886}, "left_hip": {"x": 0.5388510227203369, "y": 0.5124357342720032, "z": -0.0017459554364904761, "x_normalized": 34.27308029196792, "y_normalized": 32.586422794735654, "z_normalized": -0.0017459554364904761}, "right_hip": {"x": 0.5234483480453491, "y": 0.5108671188354492, "z": 0.0017869004514068365, "x_normalized": 33.27822603902756, "y_normalized": 32.48510638241035, "z_normalized": 0.0017869004514068365}, "left_knee": {"x": 0.5354753732681274, "y": 0.5636780858039856, "z": -0.004419906064867973, "x_normalized": 34.055048081015634, "y_normalized": 35.8961512950098, "z_normalized": -0.004419906064867973}, "right_knee": {"x": 0.5218835473060608, "y": 0.563978910446167, "z": -0.028506644070148468, "x_normalized": 33.177156016883075, "y_normalized": 35.91558147067594, "z_normalized": -0.028506644070148468}, "left_ankle": {"x": 0.533603847026825, "y": 0.608331561088562, "z": 0.04796343669295311, "x_normalized": 33.93416674839405, "y_normalized": 38.78030620529738, "z_normalized": 0.04796343669295311}, "right_ankle": {"x": 0.5193630456924438, "y": 0.6182579398155212, "z": -0.0007622905541211367, "x_normalized": 33.01435755474833, "y_normalized": 39.42144810442796, "z_normalized": -0.0007622905541211367}, "left_heel": {"x": 0.5321805477142334, "y": 0.6137446165084839, "z": 0.05114883556962013, "x_normalized": 33.84223626201961, "y_normalized": 39.12993387189065, "z_normalized": 0.05114883556962013}, "right_heel": {"x": 0.5210337042808533, "y": 0.6257784962654114, "z": -0.0008268420351669192, "x_normalized": 33.12226490441075, "y_normalized": 39.907198646234896, "z_normalized": -0.0008268420351669192}, "left_foot_index": {"x": 0.5359634757041931, "y": 0.623525857925415, "z": 0.01771738938987255, "x_normalized": 34.08657447462174, "y_normalized": 39.76170139461008, "z_normalized": 0.01771738938987255}, "right_foot_index": {"x": 0.5166992545127869, "y": 0.6348996162414551, "z": -0.04195064306259155, "x_normalized": 32.84230406144627, "y_normalized": 40.49632911813156, "z_normalized": -0.04195064306259155}}}