{"sequence_id": 1697925405990398000, "sequence_source": "mediapipe", "frame_number": 136, "image_dimensions": {"height": 1080, "width": 1920}, "joint_positions": {"nose": {"x": 0.5133389234542847, "y": 0.3946528732776642, "z": -0.19693134725093842, "x_normalized": 21.88081628628003, "y_normalized": 16.646362785526083, "z_normalized": -0.19693134725093842}, "left_eye_inner": {"x": 0.5143539905548096, "y": 0.38920706510543823, "z": -0.19210053980350494, "x_normalized": 21.92510131152671, "y_normalized": 16.40877479526328, "z_normalized": -0.19210053980350494}, "left_eye": {"x": 0.5152627825737, "y": 0.3894160985946655, "z": -0.192088320851326, "x_normalized": 21.964749801246978, "y_normalized": 16.41789444197732, "z_normalized": -0.192088320851326}, "left_eye_outer": {"x": 0.516232430934906, "y": 0.3897290527820587, "z": -0.19214415550231934, "x_normalized": 22.007053312152024, "y_normalized": 16.43154790792316, "z_normalized": -0.19214415550231934}, "right_eye_inner": {"x": 0.511978030204773, "y": 0.3895702064037323, "z": -0.18914982676506042, "x_normalized": 21.821443667581722, "y_normalized": 16.424617808552497, "z_normalized": -0.18914982676506042}, "right_eye": {"x": 0.5112492442131042, "y": 0.3901039958000183, "z": -0.189174085855484, "x_normalized": 21.789648423677367, "y_normalized": 16.447905802891704, "z_normalized": -0.189174085855484}, "right_eye_outer": {"x": 0.5099145770072937, "y": 0.39053764939308167, "z": -0.18913497030735016, "x_normalized": 21.73141998648866, "y_normalized": 16.46682510419424, "z_normalized": -0.18913497030735016}, "left_ear": {"x": 0.5184431076049805, "y": 0.3964802026748657, "z": -0.14089997112751007, "x_normalized": 22.103500012173996, "y_normalized": 16.726084932413933, "z_normalized": -0.14089997112751007}, "right_ear": {"x": 0.5059957504272461, "y": 0.39653491973876953, "z": -0.12880681455135345, "x_normalized": 21.56045066441623, "y_normalized": 16.72847211110897, "z_normalized": -0.12880681455135345}, "mouth_left": {"x": 0.5157677531242371, "y": 0.40488746762275696, "z": -0.17739149928092957, "x_normalized": 21.98678049613188, "y_normalized": 17.092874418823616, "z_normalized": -0.17739149928092957}, "mouth_right": {"x": 0.5122105479240417, "y": 0.4052433371543884, "z": -0.17382757365703583, "x_normalized": 21.83158787682936, "y_normalized": 17.10840018178517, "z_normalized": -0.17382757365703583}, "left_shoulder": {"x": 0.5331956148147583, "y": 0.4366621971130371, "z": -0.09495870769023895, "x_normalized": 22.74711771380082, "y_normalized": 18.4791322307021, "z_normalized": -0.09495870769023895}, "right_shoulder": {"x": 0.4925760328769684, "y": 0.4443647265434265, "z": -0.04785223677754402, "x_normalized": 20.974979486983674, "y_normalized": 18.81517573965998, "z_normalized": -0.04785223677754402}, "left_elbow": {"x": 0.5543997883796692, "y": 0.454273521900177, "z": -0.008109434507787228, "x_normalized": 23.672206667202506, "y_normalized": 19.247473518113217, "z_normalized": -0.008109434507787228}, "right_elbow": {"x": 0.4756501317024231, "y": 0.45805349946022034, "z": 0.08539891988039017, "x_normalized": 20.236541643367286, "y_normalized": 19.412385179216056, "z_normalized": 0.08539891988039017}, "left_wrist": {"x": 0.5596466064453125, "y": 0.47240328788757324, "z": 0.07986846566200256, "x_normalized": 23.901113180261195, "y_normalized": 20.038433193639168, "z_normalized": 0.07986846566200256}, "right_wrist": {"x": 0.4865189492702484, "y": 0.47617119550704956, "z": 0.20065665245056152, "x_normalized": 20.710722966103294, "y_normalized": 20.202818271206336, "z_normalized": 0.20065665245056152}, "left_pinky": {"x": 0.5600382089614868, "y": 0.47978949546813965, "z": 0.09302864223718643, "x_normalized": 23.918197890529587, "y_normalized": 20.360676313343724, "z_normalized": 0.09302864223718643}, "right_pinky": {"x": 0.48704850673675537, "y": 0.4844089150428772, "z": 0.22184467315673828, "x_normalized": 20.73382633115345, "y_normalized": 20.562210884197686, "z_normalized": 0.22184467315673828}, "left_index": {"x": 0.5588648319244385, "y": 0.47802141308784485, "z": 0.076178178191185, "x_normalized": 23.86700616962494, "y_normalized": 20.28353897650257, "z_normalized": 0.076178178191185}, "right_index": {"x": 0.48912569880485535, "y": 0.4804244935512543, "z": 0.21201655268669128, "x_normalized": 20.82444940733279, "y_normalized": 20.388379808144986, "z_normalized": 0.21201655268669128}, "left_thumb": {"x": 0.5581523180007935, "y": 0.47653451561927795, "z": 0.07626590132713318, "x_normalized": 23.835920838339042, "y_normalized": 20.218669085733122, "z_normalized": 0.07626590132713318}, "right_thumb": {"x": 0.49023205041885376, "y": 0.480436772108078, "z": 0.20060843229293823, "x_normalized": 20.872716964356645, "y_normalized": 20.388915493124482, "z_normalized": 0.20060843229293823}, "left_hip": {"x": 0.526299774646759, "y": 0.569692075252533, "z": -0.01738656312227249, "x_normalized": 22.446268187913315, "y_normalized": 24.282917526200233, "z_normalized": -0.01738656312227249}, "right_hip": {"x": 0.5036428570747375, "y": 0.5731629133224487, "z": 0.017310533672571182, "x_normalized": 21.457799380117187, "y_normalized": 24.434342147758624, "z_normalized": 0.017310533672571182}, "left_knee": {"x": 0.5244737267494202, "y": 0.6779015064239502, "z": -0.017071349546313286, "x_normalized": 22.366601949894683, "y_normalized": 29.003844240185035, "z_normalized": -0.017071349546313286}, "right_knee": {"x": 0.5068195462226868, "y": 0.6792643070220947, "z": 0.026770135387778282, "x_normalized": 21.596390965880374, "y_normalized": 29.063300072084044, "z_normalized": 0.026770135387778282}, "left_ankle": {"x": 0.5193253755569458, "y": 0.7579039931297302, "z": 0.08447375148534775, "x_normalized": 22.14199131832205, "y_normalized": 32.494167334816495, "z_normalized": 0.08447375148534775}, "right_ankle": {"x": 0.5145246982574463, "y": 0.7630307674407959, "z": 0.11958248913288116, "x_normalized": 21.932548892989217, "y_normalized": 32.71783661705623, "z_normalized": 0.11958248913288116}, "left_heel": {"x": 0.5208803415298462, "y": 0.7686286568641663, "z": 0.09078066051006317, "x_normalized": 22.20983088019142, "y_normalized": 32.96205955986847, "z_normalized": 0.09078066051006317}, "right_heel": {"x": 0.5175034403800964, "y": 0.7760254740715027, "z": 0.1246054619550705, "x_normalized": 22.06250450876742, "y_normalized": 33.28476555300191, "z_normalized": 0.1246054619550705}, "left_foot_index": {"x": 0.5187857747077942, "y": 0.7847936749458313, "z": 0.03150017186999321, "x_normalized": 22.118449783761967, "y_normalized": 33.667301837437506, "z_normalized": 0.03150017186999321}, "right_foot_index": {"x": 0.5055490136146545, "y": 0.7946951389312744, "z": 0.06963416934013367, "x_normalized": 21.54096057256515, "y_normalized": 34.099279765150555, "z_normalized": 0.06963416934013367}}}