{"sequence_id": 1697925405990398000, "sequence_source": "mediapipe", "frame_number": 333, "image_dimensions": {"height": 1080, "width": 1920}, "joint_positions": {"nose": {"x": 0.5229067206382751, "y": 0.4073505997657776, "z": -0.14153072237968445, "x_normalized": 24.44906835157623, "y_normalized": 18.920897258757545, "z_normalized": -0.14153072237968445}, "left_eye_inner": {"x": 0.5243829488754272, "y": 0.4032530188560486, "z": -0.1357797533273697, "x_normalized": 24.51956957950265, "y_normalized": 18.72520632263166, "z_normalized": -0.1357797533273697}, "left_eye": {"x": 0.5255361795425415, "y": 0.40349188446998596, "z": -0.1357526183128357, "x_normalized": 24.574645194551724, "y_normalized": 18.736613988918055, "z_normalized": -0.1357526183128357}, "left_eye_outer": {"x": 0.5267791152000427, "y": 0.40376126766204834, "z": -0.1357901394367218, "x_normalized": 24.634004911350274, "y_normalized": 18.74947910377304, "z_normalized": -0.1357901394367218}, "right_eye_inner": {"x": 0.5213112235069275, "y": 0.40338611602783203, "z": -0.13576680421829224, "x_normalized": 24.372871118599512, "y_normalized": 18.731562734064603, "z_normalized": -0.13576680421829224}, "right_eye": {"x": 0.5202732682228088, "y": 0.4038131535053253, "z": -0.1357801854610443, "x_normalized": 24.323300787791958, "y_normalized": 18.75195705099757, "z_normalized": -0.1357801854610443}, "right_eye_outer": {"x": 0.5192111730575562, "y": 0.4042547941207886, "z": -0.13574661314487457, "x_normalized": 24.27257759239401, "y_normalized": 18.773048779843247, "z_normalized": -0.13574661314487457}, "left_ear": {"x": 0.5298611521720886, "y": 0.4084899425506592, "z": -0.09239443391561508, "x_normalized": 24.781195830461165, "y_normalized": 18.975309620844737, "z_normalized": -0.09239443391561508}, "right_ear": {"x": 0.5170280933380127, "y": 0.40962788462638855, "z": -0.09239988029003143, "x_normalized": 24.168318781313417, "y_normalized": 19.0296550883199, "z_normalized": -0.09239988029003143}, "mouth_left": {"x": 0.5256803035736084, "y": 0.41486656665802, "z": -0.12477652728557587, "x_normalized": 24.58152822314324, "y_normalized": 19.279842360620425, "z_normalized": -0.12477652728557587}, "mouth_right": {"x": 0.521507740020752, "y": 0.4154365062713623, "z": -0.12485849112272263, "x_normalized": 24.38225629033906, "y_normalized": 19.30706135127058, "z_normalized": -0.12485849112272263}, "left_shoulder": {"x": 0.541580855846405, "y": 0.4392179548740387, "z": -0.04860292375087738, "x_normalized": 25.34090162606841, "y_normalized": 20.442808037428172, "z_normalized": -0.04860292375087738}, "right_shoulder": {"x": 0.5068322420120239, "y": 0.4425380229949951, "z": -0.04413753002882004, "x_normalized": 23.681388630441784, "y_normalized": 20.601366770716158, "z_normalized": -0.04413753002882004}, "left_elbow": {"x": 0.5570003986358643, "y": 0.4528747797012329, "z": 0.03328116610646248, "x_normalized": 26.077303134562833, "y_normalized": 21.095026234900587, "z_normalized": 0.03328116610646248}, "right_elbow": {"x": 0.4940318763256073, "y": 0.4550792872905731, "z": 0.031899530440568924, "x_normalized": 23.070072930004724, "y_normalized": 21.200308391216357, "z_normalized": 0.031899530440568924}, "left_wrist": {"x": 0.5574806332588196, "y": 0.4700945317745209, "z": 0.0980425626039505, "x_normalized": 26.100238023463515, "y_normalized": 21.917401552756168, "z_normalized": 0.0980425626039505}, "right_wrist": {"x": 0.5031068921089172, "y": 0.4727098345756531, "z": 0.0888201966881752, "x_normalized": 23.503474581641797, "y_normalized": 22.04230233316322, "z_normalized": 0.0888201966881752}, "left_pinky": {"x": 0.5612188577651978, "y": 0.4756961464881897, "z": 0.11015742272138596, "x_normalized": 26.278766933378375, "y_normalized": 22.18492164602185, "z_normalized": 0.11015742272138596}, "right_pinky": {"x": 0.5036413073539734, "y": 0.4792391061782837, "z": 0.0985858365893364, "x_normalized": 23.528997011067577, "y_normalized": 22.354125162361104, "z_normalized": 0.0985858365893364}, "left_index": {"x": 0.5573352575302124, "y": 0.4748656749725342, "z": 0.09952784329652786, "x_normalized": 26.09329521670805, "y_normalized": 22.14526025753318, "z_normalized": 0.09952784329652786}, "right_index": {"x": 0.5076119899749756, "y": 0.4787786900997162, "z": 0.09222006052732468, "x_normalized": 23.718627580001012, "y_normalized": 22.332136761056237, "z_normalized": 0.09222006052732468}, "left_thumb": {"x": 0.5575254559516907, "y": 0.4738740921020508, "z": 0.09617213159799576, "x_normalized": 26.10237865104863, "y_normalized": 22.097904565370868, "z_normalized": 0.09617213159799576}, "right_thumb": {"x": 0.5067645311355591, "y": 0.47612908482551575, "z": 0.0886031836271286, "x_normalized": 23.67815491643022, "y_normalized": 22.205597774299132, "z_normalized": 0.0886031836271286}, "left_hip": {"x": 0.5341697931289673, "y": 0.5341394543647766, "z": -0.0030149887315928936, "x_normalized": 24.986966503660067, "y_normalized": 24.976038131728746, "z_normalized": -0.0030149887315928936}, "right_hip": {"x": 0.5133116245269775, "y": 0.5323008894920349, "z": 0.002902890555560589, "x_normalized": 23.990828872819524, "y_normalized": 24.888232548629528, "z_normalized": 0.002902890555560589}, "left_knee": {"x": 0.5305746793746948, "y": 0.6114194989204407, "z": -0.004797015804797411, "x_normalized": 24.815272230489718, "y_normalized": 28.666753360082353, "z_normalized": -0.004797015804797411}, "right_knee": {"x": 0.5164197683334351, "y": 0.607460081577301, "z": 0.003906754776835442, "x_normalized": 24.139266593635575, "y_normalized": 28.477660794624434, "z_normalized": 0.003906754776835442}, "left_ankle": {"x": 0.5238091945648193, "y": 0.6695025563240051, "z": 0.0738915205001831, "x_normalized": 24.49216840778142, "y_normalized": 31.440665120889697, "z_normalized": 0.0738915205001831}, "right_ankle": {"x": 0.5173736214637756, "y": 0.6690730452537537, "z": 0.07956771552562714, "x_normalized": 24.184820401141796, "y_normalized": 31.420152670918455, "z_normalized": 0.07956771552562714}, "left_heel": {"x": 0.522423505783081, "y": 0.675566554069519, "z": 0.07909548282623291, "x_normalized": 24.425991133713772, "y_normalized": 31.73026755257502, "z_normalized": 0.07909548282623291}, "right_heel": {"x": 0.5176224708557129, "y": 0.6763339042663574, "z": 0.08439982682466507, "x_normalized": 24.19670486945014, "y_normalized": 31.76691441365326, "z_normalized": 0.08439982682466507}, "left_foot_index": {"x": 0.5261848568916321, "y": 0.6921465396881104, "z": 0.031756576150655746, "x_normalized": 24.60562451637202, "y_normalized": 32.52208911220601, "z_normalized": 0.031756576150655746}, "right_foot_index": {"x": 0.5154624581336975, "y": 0.6934568285942078, "z": 0.03779035061597824, "x_normalized": 24.093547684533696, "y_normalized": 32.584665463540716, "z_normalized": 0.03779035061597824}}}