{"sequence_id": 1697925405990398000, "sequence_source": "mediapipe", "frame_number": 561, "image_dimensions": {"height": 1080, "width": 1920}, "joint_positions": {"nose": {"x": 0.5190099477767944, "y": 0.41982153058052063, "z": -0.04960227385163307, "x_normalized": 32.24555053138884, "y_normalized": 25.994229086367255, "z_normalized": -0.04960227385163307}, "left_eye_inner": {"x": 0.5202075242996216, "y": 0.4164733290672302, "z": -0.04318351298570633, "x_normalized": 32.32115720746569, "y_normalized": 25.782846863661554, "z_normalized": -0.04318351298570633}, "left_eye": {"x": 0.5212032794952393, "y": 0.4165895879268646, "z": -0.04314638674259186, "x_normalized": 32.38402228463769, "y_normalized": 25.790186641766667, "z_normalized": -0.04314638674259186}, "left_eye_outer": {"x": 0.5221702456474304, "y": 0.4167279601097107, "z": -0.04316900297999382, "x_normalized": 32.44506982126892, "y_normalized": 25.798922501736424, "z_normalized": -0.04316900297999382}, "right_eye_inner": {"x": 0.5177401900291443, "y": 0.4164133667945862, "z": -0.04452691972255707, "x_normalized": 32.16538683337644, "y_normalized": 25.77906126162426, "z_normalized": -0.04452691972255707}, "right_eye": {"x": 0.5168555378913879, "y": 0.41657719016075134, "z": -0.04454769939184189, "x_normalized": 32.10953603274272, "y_normalized": 25.789403932796727, "z_normalized": -0.04454769939184189}, "right_eye_outer": {"x": 0.5159949660301208, "y": 0.41675567626953125, "z": -0.04449375346302986, "x_normalized": 32.05520549376215, "y_normalized": 25.800672307847105, "z_normalized": -0.04449375346302986}, "left_ear": {"x": 0.5242544412612915, "y": 0.4192067086696625, "z": -0.007037795148789883, "x_normalized": 32.57665147776799, "y_normalized": 25.955413494901364, "z_normalized": -0.007037795148789883}, "right_ear": {"x": 0.5139986872673035, "y": 0.42012372612953186, "z": -0.013925179839134216, "x_normalized": 31.929174297506634, "y_normalized": 26.013307617509483, "z_normalized": -0.013925179839134216}, "mouth_left": {"x": 0.5210096836090088, "y": 0.42511117458343506, "z": -0.036699406802654266, "x_normalized": 32.3717999830302, "y_normalized": 26.328180523346056, "z_normalized": -0.036699406802654266}, "mouth_right": {"x": 0.5176487565040588, "y": 0.425781786441803, "z": -0.03857765346765518, "x_normalized": 32.159614354723146, "y_normalized": 26.37051830517667, "z_normalized": -0.03857765346765518}, "left_shoulder": {"x": 0.5322220325469971, "y": 0.44139179587364197, "z": 0.015139338560402393, "x_normalized": 33.07966993376524, "y_normalized": 27.356026040317843, "z_normalized": 0.015139338560402393}, "right_shoulder": {"x": 0.5063385963439941, "y": 0.4456039369106293, "z": 0.020370492711663246, "x_normalized": 31.445569281778166, "y_normalized": 27.621951412854116, "z_normalized": 0.020370492711663246}, "left_elbow": {"x": 0.5471347570419312, "y": 0.45023930072784424, "z": 0.05874291807413101, "x_normalized": 34.02115593388327, "y_normalized": 27.914596136549246, "z_normalized": 0.05874291807413101}, "right_elbow": {"x": 0.4967701733112335, "y": 0.45336753129959106, "z": 0.07014096528291702, "x_normalized": 30.841485411549677, "y_normalized": 28.112090919574396, "z_normalized": 0.07014096528291702}, "left_wrist": {"x": 0.5358958840370178, "y": 0.4687289595603943, "z": 0.10725199431180954, "x_normalized": 33.31161143751543, "y_normalized": 29.081904963565933, "z_normalized": 0.10725199431180954}, "right_wrist": {"x": 0.5114971995353699, "y": 0.45972728729248047, "z": 0.12468940764665604, "x_normalized": 31.771247710726165, "y_normalized": 28.513601806032877, "z_normalized": 0.12468940764665604}, "left_pinky": {"x": 0.5357350707054138, "y": 0.47537583112716675, "z": 0.11052359640598297, "x_normalized": 33.301458799049605, "y_normalized": 29.501542336121474, "z_normalized": 0.11052359640598297}, "right_pinky": {"x": 0.5146629810333252, "y": 0.46070727705955505, "z": 0.12774385511875153, "x_normalized": 31.97111319880449, "y_normalized": 28.575471563384934, "z_normalized": 0.12774385511875153}, "left_index": {"x": 0.5341202616691589, "y": 0.47532930970191956, "z": 0.10622862726449966, "x_normalized": 33.19951095571524, "y_normalized": 29.498605295972265, "z_normalized": 0.10622862726449966}, "right_index": {"x": 0.515974760055542, "y": 0.46051254868507385, "z": 0.13012821972370148, "x_normalized": 32.05392982866211, "y_normalized": 28.563177764323463, "z_normalized": 0.13012821972370148}, "left_thumb": {"x": 0.5342620015144348, "y": 0.47360920906066895, "z": 0.10632430762052536, "x_normalized": 33.20845942653501, "y_normalized": 29.39001007092927, "z_normalized": 0.10632430762052536}, "right_thumb": {"x": 0.514857828617096, "y": 0.4598543047904968, "z": 0.12627428770065308, "x_normalized": 31.98341452391375, "y_normalized": 28.521620809950843, "z_normalized": 0.12627428770065308}, "left_hip": {"x": 0.5290462970733643, "y": 0.5099630951881409, "z": -0.0029676491394639015, "x_normalized": 32.879176020696626, "y_normalized": 31.68514231524363, "z_normalized": -0.0029676491394639015}, "right_hip": {"x": 0.5132298469543457, "y": 0.5108184218406677, "z": 0.0030606375075876713, "x_normalized": 31.880635052298828, "y_normalized": 31.739141708121537, "z_normalized": 0.0030606375075876713}, "left_knee": {"x": 0.5301957726478577, "y": 0.564751148223877, "z": -0.01801072247326374, "x_normalized": 32.95174593649108, "y_normalized": 35.14408001132943, "z_normalized": -0.01801072247326374}, "right_knee": {"x": 0.5161335468292236, "y": 0.5702604055404663, "z": -0.019002895802259445, "x_normalized": 32.06395452431554, "y_normalized": 35.49189630984542, "z_normalized": -0.019002895802259445}, "left_ankle": {"x": 0.5337194800376892, "y": 0.6066747307777405, "z": 0.045421503484249115, "x_normalized": 33.17420838305245, "y_normalized": 37.790844260388226, "z_normalized": 0.045421503484249115}, "right_ankle": {"x": 0.5206297636032104, "y": 0.6181192398071289, "z": 0.02951076067984104, "x_normalized": 32.34781446873029, "y_normalized": 38.513371189190124, "z_normalized": 0.02951076067984104}, "left_heel": {"x": 0.5328601598739624, "y": 0.6116635799407959, "z": 0.04967089742422104, "x_normalized": 33.11995686757366, "y_normalized": 38.105805597286306, "z_normalized": 0.04967089742422104}, "right_heel": {"x": 0.5225511789321899, "y": 0.6245464086532593, "z": 0.031945571303367615, "x_normalized": 32.46911930697503, "y_normalized": 38.91913805567264, "z_normalized": 0.031945571303367615}, "left_foot_index": {"x": 0.5347931981086731, "y": 0.6248607635498047, "z": 0.01566905900835991, "x_normalized": 33.24199549547772, "y_normalized": 38.938984243689234, "z_normalized": 0.01566905900835991}, "right_foot_index": {"x": 0.5168316960334778, "y": 0.6359657645225525, "z": -0.004744763020426035, "x_normalized": 32.108030823185146, "y_normalized": 39.6400769883913, "z_normalized": -0.004744763020426035}}}