{"sequence_id": 1697925405990398000, "sequence_source": "mediapipe", "frame_number": 86, "image_dimensions": {"height": 1080, "width": 1920}, "joint_positions": {"nose": {"x": 0.520007312297821, "y": 0.40331652760505676, "z": -0.09732837975025177, "x_normalized": 15.211448927466812, "y_normalized": 11.610604026556144, "z_normalized": -0.09732837975025177}, "left_eye_inner": {"x": 0.522506594657898, "y": 0.3934209942817688, "z": -0.08539558202028275, "x_normalized": 15.287062759281483, "y_normalized": 11.31122241030669, "z_normalized": -0.08539558202028275}, "left_eye": {"x": 0.5243865847587585, "y": 0.39310333132743835, "z": -0.08536093682050705, "x_normalized": 15.343940388464345, "y_normalized": 11.301611766232943, "z_normalized": -0.08536093682050705}, "left_eye_outer": {"x": 0.5262541174888611, "y": 0.39278945326805115, "z": -0.08543436974287033, "x_normalized": 15.400441129644314, "y_normalized": 11.292115631193568, "z_normalized": -0.08543436974287033}, "right_eye_inner": {"x": 0.5174745917320251, "y": 0.39430710673332214, "z": -0.08681880682706833, "x_normalized": 15.134823448907534, "y_normalized": 11.338031049038722, "z_normalized": -0.08681880682706833}, "right_eye": {"x": 0.5158594846725464, "y": 0.39469337463378906, "z": -0.08686092495918274, "x_normalized": 15.085959648838799, "y_normalized": 11.349717282066194, "z_normalized": -0.08686092495918274}, "right_eye_outer": {"x": 0.5142588019371033, "y": 0.39505735039711, "z": -0.08676133304834366, "x_normalized": 15.037532245404991, "y_normalized": 11.360729083930599, "z_normalized": -0.08676133304834366}, "left_ear": {"x": 0.5308699607849121, "y": 0.39676567912101746, "z": -0.013485167175531387, "x_normalized": 15.540089856113035, "y_normalized": 11.412413232499445, "z_normalized": -0.013485167175531387}, "right_ear": {"x": 0.5111450552940369, "y": 0.4000650942325592, "z": -0.02237129397690296, "x_normalized": 14.943328277600779, "y_normalized": 11.512234454509441, "z_normalized": -0.02237129397690296}, "mouth_left": {"x": 0.5243847370147705, "y": 0.4133705198764801, "z": -0.07095251232385635, "x_normalized": 15.343884486416068, "y_normalized": 11.914779694268224, "z_normalized": -0.07095251232385635}, "mouth_right": {"x": 0.5174990892410278, "y": 0.41523852944374084, "z": -0.0734715461730957, "x_normalized": 15.13556460187016, "y_normalized": 11.971294861783232, "z_normalized": -0.0734715461730957}, "left_shoulder": {"x": 0.5495249032974243, "y": 0.44178205728530884, "z": 0.03270788863301277, "x_normalized": 16.104480542089814, "y_normalized": 12.77434852312249, "z_normalized": 0.03270788863301277}, "right_shoulder": {"x": 0.49428069591522217, "y": 0.44487670063972473, "z": 0.045335132628679276, "x_normalized": 14.433110282987062, "y_normalized": 12.867974535879204, "z_normalized": 0.045335132628679276}, "left_elbow": {"x": 0.5806168913841248, "y": 0.463705837726593, "z": 0.13530650734901428, "x_normalized": 17.045144308427602, "y_normalized": 13.437635342374891, "z_normalized": 0.13530650734901428}, "right_elbow": {"x": 0.481192022562027, "y": 0.45660099387168884, "z": 0.17479786276817322, "x_normalized": 14.037122714149412, "y_normalized": 13.222683851940776, "z_normalized": 0.17479786276817322}, "left_wrist": {"x": 0.5638530850410461, "y": 0.5009610056877136, "z": 0.23697325587272644, "x_normalized": 16.537968467215222, "y_normalized": 14.564761292382732, "z_normalized": 0.23697325587272644}, "right_wrist": {"x": 0.4956272542476654, "y": 0.48795285820961, "z": 0.29817500710487366, "x_normalized": 14.47384935149106, "y_normalized": 14.17120997087478, "z_normalized": 0.29817500710487366}, "left_pinky": {"x": 0.5579427480697632, "y": 0.5132734179496765, "z": 0.24756619334220886, "x_normalized": 16.359155847699565, "y_normalized": 14.937263689422942, "z_normalized": 0.24756619334220886}, "right_pinky": {"x": 0.49779272079467773, "y": 0.49833905696868896, "z": 0.3095226287841797, "x_normalized": 14.53936384713254, "y_normalized": 14.485436285879295, "z_normalized": 0.3095226287841797}, "left_index": {"x": 0.5546756386756897, "y": 0.5108333230018616, "z": 0.23718546330928802, "x_normalized": 16.260312009888455, "y_normalized": 14.863440526444977, "z_normalized": 0.23718546330928802}, "right_index": {"x": 0.5013038516044617, "y": 0.4989381432533264, "z": 0.3051934242248535, "x_normalized": 14.645590361899822, "y_normalized": 14.503561172563831, "z_normalized": 0.3051934242248535}, "left_thumb": {"x": 0.5555897951126099, "y": 0.5068789720535278, "z": 0.2353929877281189, "x_normalized": 16.287969097449963, "y_normalized": 14.743804733259012, "z_normalized": 0.2353929877281189}, "right_thumb": {"x": 0.5005412101745605, "y": 0.495140016078949, "z": 0.2983750104904175, "x_normalized": 14.622517242296933, "y_normalized": 14.388651807394993, "z_normalized": 0.2983750104904175}, "left_hip": {"x": 0.5374834537506104, "y": 0.5919520258903503, "z": -0.0042706867679953575, "x_normalized": 15.740175909935473, "y_normalized": 17.31762339718143, "z_normalized": -0.0042706867679953575}, "right_hip": {"x": 0.5044472217559814, "y": 0.5908917188644409, "z": 0.004296621773391962, "x_normalized": 14.740690565768327, "y_normalized": 17.28554463793049, "z_normalized": 0.004296621773391962}, "left_knee": {"x": 0.5319714546203613, "y": 0.7121469974517822, "z": -0.0407412014901638, "x_normalized": 15.573414690052964, "y_normalized": 20.954028194731272, "z_normalized": -0.0407412014901638}, "right_knee": {"x": 0.5042687058448792, "y": 0.7083697319030762, "z": -0.052377332001924515, "x_normalized": 14.735289706588128, "y_normalized": 20.839749981720388, "z_normalized": -0.052377332001924515}, "left_ankle": {"x": 0.52330482006073, "y": 0.8025146722793579, "z": 0.1300087869167328, "x_normalized": 15.311212444136652, "y_normalized": 23.688031473050327, "z_normalized": 0.1300087869167328}, "right_ankle": {"x": 0.5057962536811829, "y": 0.7728874087333679, "z": 0.15880627930164337, "x_normalized": 14.781504470885341, "y_normalized": 22.79168180136837, "z_normalized": 0.15880627930164337}, "left_heel": {"x": 0.5202904343605042, "y": 0.8077525496482849, "z": 0.14417877793312073, "x_normalized": 15.220014563896177, "y_normalized": 23.846499353577332, "z_normalized": 0.14417877793312073}, "right_heel": {"x": 0.5071524381637573, "y": 0.7763281464576721, "z": 0.1773783564567566, "x_normalized": 14.822534771027938, "y_normalized": 22.89577862842553, "z_normalized": 0.1773783564567566}, "left_foot_index": {"x": 0.5232471227645874, "y": 0.8412705063819885, "z": 0.08069761097431183, "x_normalized": 15.309466857596941, "y_normalized": 24.86055890271756, "z_normalized": 0.08069761097431183}, "right_foot_index": {"x": 0.5042869448661804, "y": 0.8135120868682861, "z": 0.12519870698451996, "x_normalized": 14.735841513903368, "y_normalized": 24.02074964463693, "z_normalized": 0.12519870698451996}}}