{"sequence_id": 1697925405990398000, "sequence_source": "mediapipe", "frame_number": 74, "image_dimensions": {"height": 1080, "width": 1920}, "joint_positions": {"nose": {"x": 0.5169590711593628, "y": 0.3917989134788513, "z": -0.048889901489019394, "x_normalized": 15.035023541643628, "y_normalized": 11.202383580261651, "z_normalized": -0.048889901489019394}, "left_eye_inner": {"x": 0.5184296369552612, "y": 0.3832845985889435, "z": -0.03595627844333649, "x_normalized": 15.079271306453093, "y_normalized": 10.946196877284377, "z_normalized": -0.03595627844333649}, "left_eye": {"x": 0.5202032923698425, "y": 0.3830770254135132, "z": -0.03591986373066902, "x_normalized": 15.132638716368595, "y_normalized": 10.939951220631128, "z_normalized": -0.03591986373066902}, "left_eye_outer": {"x": 0.5218803882598877, "y": 0.38284048438072205, "z": -0.035975947976112366, "x_normalized": 15.183100752621996, "y_normalized": 10.932833951879248, "z_normalized": -0.035975947976112366}, "right_eye_inner": {"x": 0.5141164064407349, "y": 0.38446372747421265, "z": -0.03822643309831619, "x_normalized": 14.949490775783826, "y_normalized": 10.981675614611843, "z_normalized": -0.03822643309831619}, "right_eye": {"x": 0.5126652121543884, "y": 0.3852357268333435, "z": -0.03825147822499275, "x_normalized": 14.905825879147313, "y_normalized": 11.004904256384387, "z_normalized": -0.03825147822499275}, "right_eye_outer": {"x": 0.511152982711792, "y": 0.3860712945461273, "z": -0.03816334158182144, "x_normalized": 14.860324499405866, "y_normalized": 11.03004560248448, "z_normalized": -0.03816334158182144}, "left_ear": {"x": 0.5252910256385803, "y": 0.38818052411079407, "z": 0.028993960469961166, "x_normalized": 15.285723213312757, "y_normalized": 11.093510082596046, "z_normalized": 0.028993960469961166}, "right_ear": {"x": 0.506895124912262, "y": 0.3939281105995178, "z": 0.01805679127573967, "x_normalized": 14.732210074990977, "y_normalized": 11.266448862951492, "z_normalized": 0.01805679127573967}, "mouth_left": {"x": 0.5210393071174622, "y": 0.40278640389442444, "z": -0.026106154546141624, "x_normalized": 15.15779351327268, "y_normalized": 11.532985511239865, "z_normalized": -0.026106154546141624}, "mouth_right": {"x": 0.5150406956672668, "y": 0.40521928668022156, "z": -0.029208306223154068, "x_normalized": 14.97730165811604, "y_normalized": 11.606188373441062, "z_normalized": -0.029208306223154068}, "left_shoulder": {"x": 0.5457040667533875, "y": 0.43373721837997437, "z": 0.05807727947831154, "x_normalized": 15.899929966123914, "y_normalized": 12.464262686214084, "z_normalized": 0.05807727947831154}, "right_shoulder": {"x": 0.4913487136363983, "y": 0.44336962699890137, "z": 0.06938639283180237, "x_normalized": 14.264435051469931, "y_normalized": 12.754091643413892, "z_normalized": 0.06938639283180237}, "left_elbow": {"x": 0.5745517611503601, "y": 0.4572499096393585, "z": 0.12770086526870728, "x_normalized": 16.767926488641116, "y_normalized": 13.171734623739454, "z_normalized": 0.12770086526870728}, "right_elbow": {"x": 0.4750732183456421, "y": 0.4568284749984741, "z": 0.1582612693309784, "x_normalized": 13.774722663359496, "y_normalized": 13.159054102456814, "z_normalized": 0.1582612693309784}, "left_wrist": {"x": 0.5534487962722778, "y": 0.48014044761657715, "z": 0.22382329404354095, "x_normalized": 16.132960661670197, "y_normalized": 13.860486628990133, "z_normalized": 0.22382329404354095}, "right_wrist": {"x": 0.5018523335456848, "y": 0.4489498436450958, "z": 0.2716906666755676, "x_normalized": 14.580477832208064, "y_normalized": 12.92199444275503, "z_normalized": 0.2716906666755676}, "left_pinky": {"x": 0.5510561466217041, "y": 0.4906826913356781, "z": 0.23038186132907867, "x_normalized": 16.06096837182821, "y_normalized": 14.177691559193105, "z_normalized": 0.23038186132907867}, "right_pinky": {"x": 0.5079047679901123, "y": 0.44810205698013306, "z": 0.2782171368598938, "x_normalized": 14.762589164165245, "y_normalized": 12.896485441345845, "z_normalized": 0.2782171368598938}, "left_index": {"x": 0.5464522242546082, "y": 0.49112820625305176, "z": 0.22602036595344543, "x_normalized": 15.922441231683596, "y_normalized": 14.19109663045074, "z_normalized": 0.22602036595344543}, "right_index": {"x": 0.5093947649002075, "y": 0.44907617568969727, "z": 0.2830946743488312, "x_normalized": 14.807421590588195, "y_normalized": 12.925795639962946, "z_normalized": 0.2830946743488312}, "left_thumb": {"x": 0.5470473170280457, "y": 0.4874056875705719, "z": 0.22389882802963257, "x_normalized": 15.940346941956687, "y_normalized": 14.07908999217545, "z_normalized": 0.22389882802963257}, "right_thumb": {"x": 0.5073190927505493, "y": 0.44929173588752747, "z": 0.2743016183376312, "x_normalized": 14.744966817496234, "y_normalized": 12.932281617647504, "z_normalized": 0.2743016183376312}, "left_hip": {"x": 0.5363419055938721, "y": 0.5866886377334595, "z": -0.005505780223757029, "x_normalized": 15.618232468296924, "y_normalized": 17.066408642350783, "z_normalized": -0.005505780223757029}, "right_hip": {"x": 0.5031111240386963, "y": 0.586171567440033, "z": 0.0056019918993115425, "x_normalized": 14.618353502806762, "y_normalized": 17.050850545734292, "z_normalized": 0.0056019918993115425}, "left_knee": {"x": 0.5312472581863403, "y": 0.7094799876213074, "z": -0.03700997307896614, "x_normalized": 15.46493993225103, "y_normalized": 20.76107010233317, "z_normalized": -0.03700997307896614}, "right_knee": {"x": 0.5035742521286011, "y": 0.7088052034378052, "z": -0.030804060399532318, "x_normalized": 14.632288535741651, "y_normalized": 20.740766562068583, "z_normalized": -0.030804060399532318}, "left_ankle": {"x": 0.5224718451499939, "y": 0.8064665794372559, "z": 0.09490891546010971, "x_normalized": 15.200897063022627, "y_normalized": 23.67929376584622, "z_normalized": 0.09490891546010971}, "right_ankle": {"x": 0.5082360506057739, "y": 0.8086802959442139, "z": 0.09712695330381393, "x_normalized": 14.772557106642992, "y_normalized": 23.745902147210668, "z_normalized": 0.09712695330381393}, "left_heel": {"x": 0.5202805995941162, "y": 0.8162088990211487, "z": 0.1051872968673706, "x_normalized": 15.134964808738808, "y_normalized": 23.972429827387334, "z_normalized": 0.1051872968673706}, "right_heel": {"x": 0.5101389288902283, "y": 0.819579541683197, "z": 0.10582385212182999, "x_normalized": 14.829812695632219, "y_normalized": 24.073848889481017, "z_normalized": 0.10582385212182999}, "left_foot_index": {"x": 0.5243133902549744, "y": 0.8422299027442932, "z": 0.03385954722762108, "x_normalized": 15.25630720170426, "y_normalized": 24.755374226107353, "z_normalized": 0.03385954722762108}, "right_foot_index": {"x": 0.5071694850921631, "y": 0.843828022480011, "z": 0.033456895500421524, "x_normalized": 14.740465281760512, "y_normalized": 24.803459953655643, "z_normalized": 0.033456895500421524}}}