{"sequence_id": 1697925405990398000, "sequence_source": "mediapipe", "frame_number": 58, "image_dimensions": {"height": 1080, "width": 1920}, "joint_positions": {"nose": {"x": 0.5201284289360046, "y": 0.38923338055610657, "z": -0.11862504482269287, "x_normalized": 15.064588508154392, "y_normalized": 11.074346273652365, "z_normalized": -0.11862504482269287}, "left_eye_inner": {"x": 0.5220711827278137, "y": 0.3808569610118866, "z": -0.10829956084489822, "x_normalized": 15.122799837052717, "y_normalized": 10.823361040662595, "z_normalized": -0.10829956084489822}, "left_eye": {"x": 0.523829460144043, "y": 0.3808559775352478, "z": -0.10827077180147171, "x_normalized": 15.175483643617477, "y_normalized": 10.823331572449831, "z_normalized": -0.10827077180147171}, "left_eye_outer": {"x": 0.5256034135818481, "y": 0.38089385628700256, "z": -0.10834898054599762, "x_normalized": 15.228637155634166, "y_normalized": 10.82446654512931, "z_normalized": -0.10834898054599762}, "right_eye_inner": {"x": 0.5169860124588013, "y": 0.3817090690135956, "z": -0.10981545597314835, "x_normalized": 14.970431317541129, "y_normalized": 10.848893014582043, "z_normalized": -0.10981545597314835}, "right_eye": {"x": 0.5151495337486267, "y": 0.38234513998031616, "z": -0.10986281931400299, "x_normalized": 14.915404341573579, "y_normalized": 10.86795180443105, "z_normalized": -0.10986281931400299}, "right_eye_outer": {"x": 0.5133313536643982, "y": 0.3831029236316681, "z": -0.10977114737033844, "x_normalized": 14.860925652958663, "y_normalized": 10.890657508853607, "z_normalized": -0.10977114737033844}, "left_ear": {"x": 0.5291550755500793, "y": 0.38766106963157654, "z": -0.04337293654680252, "x_normalized": 15.335056694661736, "y_normalized": 11.027234638228393, "z_normalized": -0.04337293654680252}, "right_ear": {"x": 0.509401261806488, "y": 0.39107295870780945, "z": -0.05046777427196503, "x_normalized": 14.743167102850052, "y_normalized": 11.129466119138929, "z_normalized": -0.05046777427196503}, "mouth_left": {"x": 0.5243574976921082, "y": 0.4013510048389435, "z": -0.09514100849628448, "x_normalized": 15.191305394943189, "y_normalized": 11.437430373947812, "z_normalized": -0.09514100849628448}, "mouth_right": {"x": 0.5167134404182434, "y": 0.4015389084815979, "z": -0.09703409671783447, "x_normalized": 14.962264157724842, "y_normalized": 11.443060588537982, "z_normalized": -0.09703409671783447}, "left_shoulder": {"x": 0.548474907875061, "y": 0.43439981341362, "z": 0.0019394495757296681, "x_normalized": 15.913942767859297, "y_normalized": 12.427681981613901, "z_normalized": 0.0019394495757296681}, "right_shoulder": {"x": 0.4924323856830597, "y": 0.44187477231025696, "z": 0.01982325129210949, "x_normalized": 14.234723452800072, "y_normalized": 12.651656472189167, "z_normalized": 0.01982325129210949}, "left_elbow": {"x": 0.5737158060073853, "y": 0.45850080251693726, "z": 0.10875975340604782, "x_normalized": 16.670243555465365, "y_normalized": 13.149827324674467, "z_normalized": 0.10875975340604782}, "right_elbow": {"x": 0.4785671532154083, "y": 0.4552965760231018, "z": 0.1560823917388916, "x_normalized": 13.819275231399546, "y_normalized": 13.053818101537809, "z_normalized": 0.1560823917388916}, "left_wrist": {"x": 0.5558868050575256, "y": 0.48574206233024597, "z": 0.2264752835035324, "x_normalized": 16.136027720913106, "y_normalized": 13.966065564065904, "z_normalized": 0.2264752835035324}, "right_wrist": {"x": 0.487510621547699, "y": 0.4749900996685028, "z": 0.2865886688232422, "x_normalized": 14.08725112148799, "y_normalized": 13.64390120260946, "z_normalized": 0.2865886688232422}, "left_pinky": {"x": 0.5507063269615173, "y": 0.498146116733551, "z": 0.24007849395275116, "x_normalized": 15.980803463691863, "y_normalized": 14.337732058084764, "z_normalized": 0.24007849395275116}, "right_pinky": {"x": 0.49216213822364807, "y": 0.4845932126045227, "z": 0.3018888235092163, "x_normalized": 14.226625945123045, "y_normalized": 13.931642226677097, "z_normalized": 0.3018888235092163}, "left_index": {"x": 0.5475870966911316, "y": 0.49705076217651367, "z": 0.23026521503925323, "x_normalized": 15.88734100851891, "y_normalized": 14.304911612875078, "z_normalized": 0.23026521503925323}, "right_index": {"x": 0.4949924647808075, "y": 0.4857022762298584, "z": 0.29666975140571594, "x_normalized": 14.311431889552603, "y_normalized": 13.964873440913188, "z_normalized": 0.29666975140571594}, "left_thumb": {"x": 0.5486519932746887, "y": 0.4928657114505768, "z": 0.22597748041152954, "x_normalized": 15.919248832109066, "y_normalized": 14.179513651851494, "z_normalized": 0.22597748041152954}, "right_thumb": {"x": 0.494567334651947, "y": 0.48254361748695374, "z": 0.2855738401412964, "x_normalized": 14.298693584853355, "y_normalized": 13.87022957830125, "z_normalized": 0.2855738401412964}, "left_hip": {"x": 0.536849856376648, "y": 0.5891188383102417, "z": -0.006222421769052744, "x_normalized": 15.56561777727778, "y_normalized": 17.063575671827174, "z_normalized": -0.006222421769052744}, "right_hip": {"x": 0.5035090446472168, "y": 0.5876274108886719, "z": 0.006247232668101788, "x_normalized": 14.566616789349283, "y_normalized": 17.018887573658986, "z_normalized": 0.006247232668101788}, "left_knee": {"x": 0.5311296582221985, "y": 0.7133181691169739, "z": -0.029876714572310448, "x_normalized": 15.394221722082236, "y_normalized": 20.784998388912904, "z_normalized": -0.029876714572310448}, "right_knee": {"x": 0.5051770210266113, "y": 0.7129629254341125, "z": -0.02364051342010498, "x_normalized": 14.61659487819664, "y_normalized": 20.774354113272175, "z_normalized": -0.02364051342010498}, "left_ankle": {"x": 0.5227776169776917, "y": 0.8072106838226318, "z": 0.11435316503047943, "x_normalized": 15.14396694357855, "y_normalized": 23.598328661470234, "z_normalized": 0.11435316503047943}, "right_ankle": {"x": 0.5084582567214966, "y": 0.8063371777534485, "z": 0.11668934673070908, "x_normalized": 14.714911551690316, "y_normalized": 23.572155530679137, "z_normalized": 0.11668934673070908}, "left_heel": {"x": 0.5211378335952759, "y": 0.8165574073791504, "z": 0.12614697217941284, "x_normalized": 15.094833610163754, "y_normalized": 23.878387411767967, "z_normalized": 0.12614697217941284}, "right_heel": {"x": 0.5099337100982666, "y": 0.8165098428726196, "z": 0.12739256024360657, "x_normalized": 14.75912101464513, "y_normalized": 23.876962221841577, "z_normalized": 0.12739256024360657}, "left_foot_index": {"x": 0.5225895047187805, "y": 0.842260479927063, "z": 0.0582234188914299, "x_normalized": 15.138330478155371, "y_normalized": 24.648536473420723, "z_normalized": 0.0582234188914299}, "right_foot_index": {"x": 0.5053249597549438, "y": 0.8423386812210083, "z": 0.057868752628564835, "x_normalized": 14.621027611777226, "y_normalized": 24.650879642823515, "z_normalized": 0.057868752628564835}}}