{"sequence_id": 1697925405990398000, "sequence_source": "mediapipe", "frame_number": 587, "image_dimensions": {"height": 1080, "width": 1920}, "joint_positions": {"nose": {"x": 0.531558096408844, "y": 0.42243924736976624, "z": -0.09288657456636429, "x_normalized": 33.491821058136004, "y_normalized": 26.52811407542659, "z_normalized": -0.09288657456636429}, "left_eye_inner": {"x": 0.532633900642395, "y": 0.4190654456615448, "z": -0.08791960775852203, "x_normalized": 33.56068139145073, "y_normalized": 26.31216297306007, "z_normalized": -0.08791960775852203}, "left_eye": {"x": 0.5335677266120911, "y": 0.41904664039611816, "z": -0.08789540827274323, "x_normalized": 33.62045394627603, "y_normalized": 26.310959281156872, "z_normalized": -0.08789540827274323}, "left_eye_outer": {"x": 0.5344730615615845, "y": 0.41910797357559204, "z": -0.08791398257017136, "x_normalized": 33.678402841102184, "y_normalized": 26.314885109899787, "z_normalized": -0.08791398257017136}, "right_eye_inner": {"x": 0.5301144123077393, "y": 0.41949859261512756, "z": -0.0886300802230835, "x_normalized": 33.39941338274036, "y_normalized": 26.33988794631056, "z_normalized": -0.0886300802230835}, "right_eye": {"x": 0.5291876196861267, "y": 0.4197547733783722, "z": -0.08866038173437119, "x_normalized": 33.34009102013243, "y_normalized": 26.35628562554967, "z_normalized": -0.08866038173437119}, "right_eye_outer": {"x": 0.5282825827598572, "y": 0.420003741979599, "z": -0.0886458232998848, "x_normalized": 33.28216120124768, "y_normalized": 26.37222166700657, "z_normalized": -0.0886458232998848}, "left_ear": {"x": 0.5364813208580017, "y": 0.42213499546051025, "z": -0.05329090729355812, "x_normalized": 33.806947979911705, "y_normalized": 26.50863944683747, "z_normalized": -0.05329090729355812}, "right_ear": {"x": 0.5266071557998657, "y": 0.42328518629074097, "z": -0.0572512149810791, "x_normalized": 33.17492007380885, "y_normalized": 26.582261135129023, "z_normalized": -0.0572512149810791}, "mouth_left": {"x": 0.5336730480194092, "y": 0.4272611141204834, "z": -0.07974278181791306, "x_normalized": 33.62719538397158, "y_normalized": 26.83675326952753, "z_normalized": -0.07974278181791306}, "mouth_right": {"x": 0.5303974747657776, "y": 0.427925705909729, "z": -0.08084733039140701, "x_normalized": 33.41753171189498, "y_normalized": 26.879292618879802, "z_normalized": -0.08084733039140701}, "left_shoulder": {"x": 0.5450209975242615, "y": 0.44646748900413513, "z": -0.02123044990003109, "x_normalized": 34.35355763555285, "y_normalized": 28.066119482272658, "z_normalized": -0.02123044990003109}, "right_shoulder": {"x": 0.5193344354629517, "y": 0.4476732313632965, "z": -0.022040128707885742, "x_normalized": 32.709406060305085, "y_normalized": 28.143296926043703, "z_normalized": -0.022040128707885742}, "left_elbow": {"x": 0.5561442971229553, "y": 0.45755305886268616, "z": 0.03201604261994362, "x_normalized": 35.06554044249657, "y_normalized": 28.775687275033416, "z_normalized": 0.03201604261994362}, "right_elbow": {"x": 0.5091184973716736, "y": 0.45925548672676086, "z": 0.027536621317267418, "x_normalized": 32.05550186458914, "y_normalized": 28.884656682764323, "z_normalized": 0.027536621317267418}, "left_wrist": {"x": 0.552036702632904, "y": 0.47461405396461487, "z": 0.07041552662849426, "x_normalized": 34.80262055718155, "y_normalized": 29.867731508324642, "z_normalized": 0.07041552662849426}, "right_wrist": {"x": 0.5167275071144104, "y": 0.47837597131729126, "z": 0.059240903705358505, "x_normalized": 32.54254117038398, "y_normalized": 30.10852520919406, "z_normalized": 0.059240903705358505}, "left_pinky": {"x": 0.5511304140090942, "y": 0.4813607633113861, "z": 0.07554969191551208, "x_normalized": 34.744610619342865, "y_normalized": 30.29957648523344, "z_normalized": 0.07554969191551208}, "right_pinky": {"x": 0.5191901326179504, "y": 0.4851963222026825, "z": 0.06324751675128937, "x_normalized": 32.700169489472636, "y_normalized": 30.545083851226153, "z_normalized": 0.06324751675128937}, "left_index": {"x": 0.5460622906684875, "y": 0.48094093799591064, "z": 0.06870298832654953, "x_normalized": 34.42020897485189, "y_normalized": 30.272704206564136, "z_normalized": 0.06870298832654953}, "right_index": {"x": 0.5206572413444519, "y": 0.48469939827919006, "z": 0.059004832059144974, "x_normalized": 32.79407653386338, "y_normalized": 30.513276626513157, "z_normalized": 0.059004832059144974}, "left_thumb": {"x": 0.5463680624961853, "y": 0.4787314534187317, "z": 0.0689467191696167, "x_normalized": 34.43978089074221, "y_normalized": 30.131278992112172, "z_normalized": 0.0689467191696167}, "right_thumb": {"x": 0.5201541781425476, "y": 0.48197534680366516, "z": 0.05897056311368942, "x_normalized": 32.76187634475727, "y_normalized": 30.338914891616515, "z_normalized": 0.05897056311368942}, "left_hip": {"x": 0.5400257110595703, "y": 0.5124585628509521, "z": -0.001667091972194612, "x_normalized": 34.03381815114335, "y_normalized": 32.290091836321636, "z_normalized": -0.001667091972194612}, "right_hip": {"x": 0.5245263576507568, "y": 0.510496973991394, "z": 0.0016904018120840192, "x_normalized": 33.041731850859264, "y_normalized": 32.16453398993748, "z_normalized": 0.0016904018120840192}, "left_knee": {"x": 0.536698579788208, "y": 0.5633824467658997, "z": -0.005802038591355085, "x_normalized": 33.8208543412022, "y_normalized": 35.54963991273034, "z_normalized": -0.005802038591355085}, "right_knee": {"x": 0.5221012234687805, "y": 0.5628253817558289, "z": -0.028017891570925713, "x_normalized": 32.88650328520043, "y_normalized": 35.51398316304009, "z_normalized": -0.028017891570925713}, "left_ankle": {"x": 0.533604085445404, "y": 0.608263373374939, "z": 0.042546987533569336, "x_normalized": 33.62278121112848, "y_normalized": 38.42238894028427, "z_normalized": 0.042546987533569336}, "right_ankle": {"x": 0.5187714695930481, "y": 0.6160581111907959, "z": 0.003591083688661456, "x_normalized": 32.67337160697484, "y_normalized": 38.921316372768054, "z_normalized": 0.003591083688661456}, "left_heel": {"x": 0.5315461754798889, "y": 0.6134735941886902, "z": 0.04527973383665085, "x_normalized": 33.491058020479464, "y_normalized": 38.75588599364124, "z_normalized": 0.04527973383665085}, "right_heel": {"x": 0.5199543833732605, "y": 0.6226697564125061, "z": 0.004386411979794502, "x_normalized": 32.7490878336336, "y_normalized": 39.344516133028215, "z_normalized": 0.004386411979794502}, "left_foot_index": {"x": 0.5359209179878235, "y": 0.6236896514892578, "z": 0.010563473217189312, "x_normalized": 33.771077579677616, "y_normalized": 39.409797819733754, "z_normalized": 0.010563473217189312}, "right_foot_index": {"x": 0.5170825123786926, "y": 0.6344433426856995, "z": -0.037302982062101364, "x_normalized": 32.56526443179583, "y_normalized": 40.09812264413635, "z_normalized": -0.037302982062101364}}}