{"sequence_id": 1697925405990398000, "sequence_source": "mediapipe", "frame_number": 98, "image_dimensions": {"height": 1080, "width": 1920}, "joint_positions": {"nose": {"x": 0.521554172039032, "y": 0.4056507349014282, "z": -0.21869124472141266, "x_normalized": 16.05201803397073, "y_normalized": 12.29879328630353, "z_normalized": -0.21869124472141266}, "left_eye_inner": {"x": 0.5239885449409485, "y": 0.396272748708725, "z": -0.20978160202503204, "x_normalized": 16.12937206210197, "y_normalized": 12.00080072846916, "z_normalized": -0.20978160202503204}, "left_eye": {"x": 0.5256916284561157, "y": 0.39608901739120483, "z": -0.2097604125738144, "x_normalized": 16.183488820482903, "y_normalized": 11.994962527800375, "z_normalized": -0.2097604125738144}, "left_eye_outer": {"x": 0.5274426937103271, "y": 0.39591506123542786, "z": -0.20982037484645844, "x_normalized": 16.239130234675148, "y_normalized": 11.989434940240974, "z_normalized": -0.20982037484645844}, "right_eye_inner": {"x": 0.5189435482025146, "y": 0.3970474898815155, "z": -0.21264629065990448, "x_normalized": 15.969063499958676, "y_normalized": 12.025418711370339, "z_normalized": -0.21264629065990448}, "right_eye": {"x": 0.517103374004364, "y": 0.3974764347076416, "z": -0.21270044147968292, "x_normalized": 15.91059058211685, "y_normalized": 12.039048755527002, "z_normalized": -0.21270044147968292}, "right_eye_outer": {"x": 0.5152561068534851, "y": 0.39781707525253296, "z": -0.21272072196006775, "x_normalized": 15.851892280372482, "y_normalized": 12.04987286479614, "z_normalized": -0.21272072196006775}, "left_ear": {"x": 0.5314016342163086, "y": 0.400447815656662, "z": -0.13848599791526794, "x_normalized": 16.364928543976287, "y_normalized": 12.13346661785952, "z_normalized": -0.13848599791526794}, "right_ear": {"x": 0.5111506581306458, "y": 0.402413547039032, "z": -0.15028591454029083, "x_normalized": 15.721438562395306, "y_normalized": 12.195929209572814, "z_normalized": -0.15028591454029083}, "mouth_left": {"x": 0.5255314111709595, "y": 0.4159439504146576, "z": -0.19024549424648285, "x_normalized": 16.17839779586078, "y_normalized": 12.625867943495308, "z_normalized": -0.19024549424648285}, "mouth_right": {"x": 0.5186922550201416, "y": 0.4171733260154724, "z": -0.19403372704982758, "x_normalized": 15.961078470268617, "y_normalized": 12.664932276956474, "z_normalized": -0.19403372704982758}, "left_shoulder": {"x": 0.5488609671592712, "y": 0.4454417824745178, "z": -0.07992754876613617, "x_normalized": 16.919711967074463, "y_normalized": 13.563183721687194, "z_normalized": -0.07992754876613617}, "right_shoulder": {"x": 0.49519792199134827, "y": 0.4471146762371063, "z": -0.09125169366598129, "x_normalized": 15.214528384781177, "y_normalized": 13.616341177995542, "z_normalized": -0.09125169366598129}, "left_elbow": {"x": 0.5786341428756714, "y": 0.4665749669075012, "z": -0.05740854889154434, "x_normalized": 17.86577699684444, "y_normalized": 14.23470653639022, "z_normalized": -0.05740854889154434}, "right_elbow": {"x": 0.4811249375343323, "y": 0.4572224020957947, "z": -0.0654074028134346, "x_normalized": 14.767348729305413, "y_normalized": 13.937521762038491, "z_normalized": -0.0654074028134346}, "left_wrist": {"x": 0.5667654871940613, "y": 0.488815575838089, "z": -0.07784810662269592, "x_normalized": 17.488641544526295, "y_normalized": 14.941418596616591, "z_normalized": -0.07784810662269592}, "right_wrist": {"x": 0.4957926571369171, "y": 0.44911202788352966, "z": -0.047465357929468155, "x_normalized": 15.233426540911964, "y_normalized": 13.679808527358404, "z_normalized": -0.047465357929468155}, "left_pinky": {"x": 0.5630910992622375, "y": 0.49914810061454773, "z": -0.08395480364561081, "x_normalized": 17.371885107080075, "y_normalized": 15.26974233518422, "z_normalized": -0.08395480364561081}, "right_pinky": {"x": 0.5038731694221497, "y": 0.45376715064048767, "z": -0.05481773242354393, "x_normalized": 15.490190890422525, "y_normalized": 13.82772855079139, "z_normalized": -0.05481773242354393}, "left_index": {"x": 0.5592301487922668, "y": 0.4956796169281006, "z": -0.09435595571994781, "x_normalized": 17.249200504802285, "y_normalized": 15.159528659850025, "z_normalized": -0.09435595571994781}, "right_index": {"x": 0.5051799416542053, "y": 0.4558456540107727, "z": -0.054508939385414124, "x_normalized": 15.531714559996725, "y_normalized": 13.893774557156863, "z_normalized": -0.054508939385414124}, "left_thumb": {"x": 0.5607096552848816, "y": 0.4887383282184601, "z": -0.08172471076250076, "x_normalized": 17.29621293529721, "y_normalized": 14.938963995459497, "z_normalized": -0.08172471076250076}, "right_thumb": {"x": 0.504055380821228, "y": 0.4562804102897644, "z": -0.047525156289339066, "x_normalized": 15.495980794540767, "y_normalized": 13.907589264595023, "z_normalized": -0.047525156289339066}, "left_hip": {"x": 0.5364929437637329, "y": 0.5910677313804626, "z": -0.00753295561298728, "x_normalized": 16.526708730424417, "y_normalized": 18.19055767061714, "z_normalized": -0.00753295561298728}, "right_hip": {"x": 0.505022406578064, "y": 0.5910595059394836, "z": 0.007550506386905909, "x_normalized": 15.526708764581443, "y_normalized": 18.190296301049482, "z_normalized": 0.007550506386905909}, "left_knee": {"x": 0.5323279500007629, "y": 0.7064552903175354, "z": -0.05787823721766472, "x_normalized": 16.394362924055315, "y_normalized": 21.857084057345677, "z_normalized": -0.05787823721766472}, "right_knee": {"x": 0.5020730495452881, "y": 0.6989012956619263, "z": 0.026785025373101234, "x_normalized": 15.43299072873623, "y_normalized": 21.61705020113851, "z_normalized": 0.026785025373101234}, "left_ankle": {"x": 0.5256182551383972, "y": 0.8005783557891846, "z": 0.050106558948755264, "x_normalized": 16.181157328180138, "y_normalized": 24.847915186200602, "z_normalized": 0.050106558948755264}, "right_ankle": {"x": 0.5060118436813354, "y": 0.7598447799682617, "z": 0.23351648449897766, "x_normalized": 15.558148871994856, "y_normalized": 23.553575207532102, "z_normalized": 0.23351648449897766}, "left_heel": {"x": 0.5229841470718384, "y": 0.8064016699790955, "z": 0.05685841664671898, "x_normalized": 16.09745656511261, "y_normalized": 25.032955370187537, "z_normalized": 0.05685841664671898}, "right_heel": {"x": 0.5089767575263977, "y": 0.7641091346740723, "z": 0.2515037953853607, "x_normalized": 15.652361237239763, "y_normalized": 23.689078282519166, "z_normalized": 0.2515037953853607}, "left_foot_index": {"x": 0.5229302048683167, "y": 0.8372127413749695, "z": -0.03223378583788872, "x_normalized": 16.095742511063865, "y_normalized": 26.012000315041234, "z_normalized": -0.03223378583788872}, "right_foot_index": {"x": 0.5027227997779846, "y": 0.799462616443634, "z": 0.19390016794204712, "x_normalized": 15.453637030598498, "y_normalized": 24.812461730136043, "z_normalized": 0.19390016794204712}}}