{"sequence_id": 1697925405990398000, "sequence_source": "mediapipe", "frame_number": 169, "image_dimensions": {"height": 1080, "width": 1920}, "joint_positions": {"nose": {"x": 0.5138761401176453, "y": 0.4259021282196045, "z": -0.16487210988998413, "x_normalized": 19.023841463496343, "y_normalized": 15.620061243389681, "z_normalized": -0.16487210988998413}, "left_eye_inner": {"x": 0.5160645842552185, "y": 0.42017117142677307, "z": -0.15314798057079315, "x_normalized": 19.107062275465978, "y_normalized": 15.402127932013865, "z_normalized": -0.15314798057079315}, "left_eye": {"x": 0.5177372097969055, "y": 0.4201965630054474, "z": -0.15310630202293396, "x_normalized": 19.170667854109947, "y_normalized": 15.403093507400591, "z_normalized": -0.15310630202293396}, "left_eye_outer": {"x": 0.519420325756073, "y": 0.42013636231422424, "z": -0.15311776101589203, "x_normalized": 19.234672355918384, "y_normalized": 15.40080423242267, "z_normalized": -0.15311776101589203}, "right_eye_inner": {"x": 0.51137375831604, "y": 0.4202037751674652, "z": -0.15730199217796326, "x_normalized": 18.928682422508185, "y_normalized": 15.403367767076164, "z_normalized": -0.15730199217796326}, "right_eye": {"x": 0.5096312761306763, "y": 0.4204724133014679, "z": -0.15734045207500458, "x_normalized": 18.862420378246274, "y_normalized": 15.413583373339023, "z_normalized": -0.15734045207500458}, "right_eye_outer": {"x": 0.5078936815261841, "y": 0.42076313495635986, "z": -0.15738998353481293, "x_normalized": 18.796344195913264, "y_normalized": 15.424638758195268, "z_normalized": -0.15738998353481293}, "left_ear": {"x": 0.5226504802703857, "y": 0.42312049865722656, "z": -0.08212432265281677, "x_normalized": 19.357506691441603, "y_normalized": 15.514283139756415, "z_normalized": -0.08212432265281677}, "right_ear": {"x": 0.5036385655403137, "y": 0.42636218667030334, "z": -0.10158681869506836, "x_normalized": 18.634533253934283, "y_normalized": 15.637556064099662, "z_normalized": -0.10158681869506836}, "mouth_left": {"x": 0.5169842839241028, "y": 0.434383362531662, "z": -0.1377658098936081, "x_normalized": 19.142036050623716, "y_normalized": 15.942580422123132, "z_normalized": -0.1377658098936081}, "mouth_right": {"x": 0.5107909440994263, "y": 0.4360945224761963, "z": -0.14360611140727997, "x_normalized": 18.90651952079125, "y_normalized": 16.007651363413856, "z_normalized": -0.14360611140727997}, "left_shoulder": {"x": 0.5354501008987427, "y": 0.45617860555648804, "z": -0.02062932960689068, "x_normalized": 19.84424281748974, "y_normalized": 16.771396561617056, "z_normalized": -0.02062932960689068}, "right_shoulder": {"x": 0.4913235902786255, "y": 0.4655141830444336, "z": -0.08288652449846268, "x_normalized": 18.166226924762846, "y_normalized": 17.12640417886142, "z_normalized": -0.08288652449846268}, "left_elbow": {"x": 0.5546616315841675, "y": 0.4656151533126831, "z": 0.03990468755364418, "x_normalized": 20.574807128166423, "y_normalized": 17.13024381431944, "z_normalized": 0.03990468755364418}, "right_elbow": {"x": 0.4749256670475006, "y": 0.47501832246780396, "z": -0.1576250195503235, "x_normalized": 17.542656753388396, "y_normalized": 17.487821766043965, "z_normalized": -0.1576250195503235}, "left_wrist": {"x": 0.5527877807617188, "y": 0.4707547724246979, "z": 0.07864532619714737, "x_normalized": 20.50354947791309, "y_normalized": 17.325690098907184, "z_normalized": 0.07864532619714737}, "right_wrist": {"x": 0.49577540159225464, "y": 0.4539205729961395, "z": -0.22774973511695862, "x_normalized": 18.33551767607563, "y_normalized": 16.685529483769475, "z_normalized": -0.22774973511695862}, "left_pinky": {"x": 0.5549612641334534, "y": 0.478244423866272, "z": 0.0847235843539238, "x_normalized": 20.58620137105158, "y_normalized": 17.61050197216273, "z_normalized": 0.0847235843539238}, "right_pinky": {"x": 0.5038455128669739, "y": 0.45023050904273987, "z": -0.24597787857055664, "x_normalized": 18.642402919996997, "y_normalized": 16.545205994058502, "z_normalized": -0.24597787857055664}, "left_index": {"x": 0.5537757277488708, "y": 0.47827351093292236, "z": 0.07639595121145248, "x_normalized": 20.541118520248766, "y_normalized": 17.611608077300577, "z_normalized": 0.07639595121145248}, "right_index": {"x": 0.5064559578895569, "y": 0.4473099410533905, "z": -0.2405959963798523, "x_normalized": 18.741671322900967, "y_normalized": 16.434144425104908, "z_normalized": -0.2405959963798523}, "left_thumb": {"x": 0.5530329942703247, "y": 0.47813618183135986, "z": 0.07642257958650589, "x_normalized": 20.51287430688256, "y_normalized": 17.60638581042025, "z_normalized": 0.07642257958650589}, "right_thumb": {"x": 0.5045751929283142, "y": 0.45004841685295105, "z": -0.22730033099651337, "x_normalized": 18.670150746016503, "y_normalized": 16.538281503902514, "z_normalized": -0.22730033099651337}, "left_hip": {"x": 0.5306479930877686, "y": 0.5750609636306763, "z": 0.012512155808508396, "x_normalized": 19.66163120573613, "y_normalized": 21.292181989921275, "z_normalized": 0.012512155808508396}, "right_hip": {"x": 0.5044026970863342, "y": 0.57670658826828, "z": -0.012522907927632332, "x_normalized": 18.66359117989165, "y_normalized": 21.35476079473851, "z_normalized": -0.012522907927632332}, "left_knee": {"x": 0.5267162919044495, "y": 0.6631335616111755, "z": 0.039688341319561005, "x_normalized": 19.512118883589025, "y_normalized": 24.641352750267966, "z_normalized": 0.039688341319561005}, "right_knee": {"x": 0.5043005347251892, "y": 0.6677981019020081, "z": -0.052536383271217346, "x_normalized": 18.659706212255852, "y_normalized": 24.818733028705697, "z_normalized": -0.052536383271217346}, "left_ankle": {"x": 0.5195357203483582, "y": 0.7223303318023682, "z": 0.16658896207809448, "x_normalized": 19.239060510727548, "y_normalized": 26.892451234670606, "z_normalized": 0.16658896207809448}, "right_ankle": {"x": 0.5075689554214478, "y": 0.7574090957641602, "z": -0.008888324722647667, "x_normalized": 18.783995710685826, "y_normalized": 28.22640496447826, "z_normalized": -0.008888324722647667}, "left_heel": {"x": 0.5169150233268738, "y": 0.7307956218719482, "z": 0.17661872506141663, "x_normalized": 19.139402251094662, "y_normalized": 27.214364095526243, "z_normalized": 0.17661872506141663}, "right_heel": {"x": 0.5103871822357178, "y": 0.7675098180770874, "z": -0.00872434675693512, "x_normalized": 18.891165512176958, "y_normalized": 28.61050904003111, "z_normalized": -0.00872434675693512}, "left_foot_index": {"x": 0.5268317461013794, "y": 0.7490532398223877, "z": 0.12329109013080597, "x_normalized": 19.516509305007077, "y_normalized": 27.908653597542884, "z_normalized": 0.12329109013080597}, "right_foot_index": {"x": 0.5053825974464417, "y": 0.7910388112068176, "z": -0.08739964663982391, "x_normalized": 18.700854230027307, "y_normalized": 29.5052551655847, "z_normalized": -0.08739964663982391}}}