{"sequence_id": 1697925405990398000, "sequence_source": "mediapipe", "frame_number": 342, "image_dimensions": {"height": 1080, "width": 1920}, "joint_positions": {"nose": {"x": 0.5221003890037537, "y": 0.40737199783325195, "z": -0.11462509632110596, "x_normalized": 24.898186109684403, "y_normalized": 19.301900922693704, "z_normalized": -0.11462509632110596}, "left_eye_inner": {"x": 0.5235477089881897, "y": 0.4023405611515045, "z": -0.10772337764501572, "x_normalized": 24.968657131447227, "y_normalized": 19.05691675353235, "z_normalized": -0.10772337764501572}, "left_eye": {"x": 0.5247142910957336, "y": 0.40239909291267395, "z": -0.10770674049854279, "x_normalized": 25.02545882973987, "y_normalized": 19.059766705899168, "z_normalized": -0.10770674049854279}, "left_eye_outer": {"x": 0.5257503390312195, "y": 0.40250998735427856, "z": -0.10774830728769302, "x_normalized": 25.075904727947652, "y_normalized": 19.06516623377948, "z_normalized": -0.10774830728769302}, "right_eye_inner": {"x": 0.5199118256568909, "y": 0.4028402864933014, "z": -0.10869164019823074, "x_normalized": 24.791623430453395, "y_normalized": 19.08124872974763, "z_normalized": -0.10869164019823074}, "right_eye": {"x": 0.5185846090316772, "y": 0.4033012092113495, "z": -0.10871369391679764, "x_normalized": 24.727000325207012, "y_normalized": 19.103691379088374, "z_normalized": -0.10871369391679764}, "right_eye_outer": {"x": 0.5174033045768738, "y": 0.403688907623291, "z": -0.10867936909198761, "x_normalized": 24.669481785534934, "y_normalized": 19.122568685778774, "z_normalized": -0.10867936909198761}, "left_ear": {"x": 0.5279439091682434, "y": 0.406922847032547, "z": -0.062424108386039734, "x_normalized": 25.1827111912915, "y_normalized": 19.280031456237325, "z_normalized": -0.062424108386039734}, "right_ear": {"x": 0.5153276324272156, "y": 0.40833303332328796, "z": -0.06743165850639343, "x_normalized": 24.568415857610194, "y_normalized": 19.348694412496556, "z_normalized": -0.06743165850639343}, "mouth_left": {"x": 0.5250681042671204, "y": 0.41443586349487305, "z": -0.0976237952709198, "x_normalized": 25.042686240380842, "y_normalized": 19.645845479614696, "z_normalized": -0.0976237952709198}, "mouth_right": {"x": 0.5201388001441956, "y": 0.4152078330516815, "z": -0.09906015545129776, "x_normalized": 24.802674976902324, "y_normalized": 19.68343321696587, "z_normalized": -0.09906015545129776}, "left_shoulder": {"x": 0.539953351020813, "y": 0.4368179142475128, "z": -0.022875405848026276, "x_normalized": 25.767459310057752, "y_normalized": 20.735643176494055, "z_normalized": -0.022875405848026276}, "right_shoulder": {"x": 0.5058018565177917, "y": 0.4419068992137909, "z": -0.021426012739539146, "x_normalized": 24.104599169773643, "y_normalized": 20.983429411857205, "z_normalized": -0.021426012739539146}, "left_elbow": {"x": 0.5562368035316467, "y": 0.45185503363609314, "z": 0.05393229424953461, "x_normalized": 26.560311995438163, "y_normalized": 21.467811030927237, "z_normalized": 0.05393229424953461}, "right_elbow": {"x": 0.49449458718299866, "y": 0.4552226662635803, "z": 0.05344996601343155, "x_normalized": 23.554040321737844, "y_normalized": 21.631783417637084, "z_normalized": 0.05344996601343155}, "left_wrist": {"x": 0.5576898455619812, "y": 0.4707126319408417, "z": 0.1136167049407959, "x_normalized": 26.631061627615665, "y_normalized": 22.386000674419456, "z_normalized": 0.1136167049407959}, "right_wrist": {"x": 0.5041429400444031, "y": 0.4691268801689148, "z": 0.11436222493648529, "x_normalized": 24.023825367051344, "y_normalized": 22.308789312155678, "z_normalized": 0.11436222493648529}, "left_pinky": {"x": 0.558118999004364, "y": 0.478384405374527, "z": 0.12461056560277939, "x_normalized": 26.651957408716573, "y_normalized": 22.759544685708253, "z_normalized": 0.12461056560277939}, "right_pinky": {"x": 0.505875825881958, "y": 0.4734271168708801, "z": 0.12346363067626953, "x_normalized": 24.10820078982173, "y_normalized": 22.518170843170445, "z_normalized": 0.12346363067626953}, "left_index": {"x": 0.5524519085884094, "y": 0.47596803307533264, "z": 0.1134532168507576, "x_normalized": 26.376022814895407, "y_normalized": 22.641889829342844, "z_normalized": 0.1134532168507576}, "right_index": {"x": 0.5075387954711914, "y": 0.47103625535964966, "z": 0.11832653731107712, "x_normalized": 24.18917194158776, "y_normalized": 22.401758124903814, "z_normalized": 0.11832653731107712}, "left_thumb": {"x": 0.5524716973304749, "y": 0.47309577465057373, "z": 0.11105664074420929, "x_normalized": 26.376986342579507, "y_normalized": 22.50203755884545, "z_normalized": 0.11105664074420929}, "right_thumb": {"x": 0.5068007111549377, "y": 0.47059112787246704, "z": 0.1143503338098526, "x_normalized": 24.153234100286014, "y_normalized": 22.38008455639526, "z_normalized": 0.1143503338098526}, "left_hip": {"x": 0.5334856510162354, "y": 0.5341113805770874, "z": -0.0044357082806527615, "x_normalized": 25.45254247571611, "y_normalized": 25.47293006316929, "z_normalized": -0.0044357082806527615}, "right_hip": {"x": 0.5130079388618469, "y": 0.5325414538383484, "z": 0.00434158556163311, "x_normalized": 24.455468356376134, "y_normalized": 25.39648923283361, "z_normalized": 0.00434158556163311}, "left_knee": {"x": 0.5299299955368042, "y": 0.6114448308944702, "z": -0.014308622106909752, "x_normalized": 25.279415124911424, "y_normalized": 29.238349817553427, "z_normalized": -0.014308622106909752}, "right_knee": {"x": 0.5143687129020691, "y": 0.6117311716079712, "z": -0.00771634466946125, "x_normalized": 24.521725395616937, "y_normalized": 29.252291947054648, "z_normalized": -0.00771634466946125}, "left_ankle": {"x": 0.5237149000167847, "y": 0.6700398325920105, "z": 0.07068981975317001, "x_normalized": 24.976797779501123, "y_normalized": 32.09138140989267, "z_normalized": 0.07068981975317001}, "right_ankle": {"x": 0.5184903144836426, "y": 0.6703336238861084, "z": 0.0713931992650032, "x_normalized": 24.72240905774845, "y_normalized": 32.105686313371336, "z_normalized": 0.0713931992650032}, "left_heel": {"x": 0.5229735970497131, "y": 0.6773655414581299, "z": 0.07644334435462952, "x_normalized": 24.94070321984112, "y_normalized": 32.44807529547704, "z_normalized": 0.07644334435462952}, "right_heel": {"x": 0.5199220180511475, "y": 0.6786391139030457, "z": 0.07644188404083252, "x_normalized": 24.792119705254542, "y_normalized": 32.51008642808581, "z_normalized": 0.07644188404083252}, "left_foot_index": {"x": 0.5250188708305359, "y": 0.6918624043464661, "z": 0.029217582195997238, "x_normalized": 25.040289029937874, "y_normalized": 33.15393768325763, "z_normalized": 0.029217582195997238}, "right_foot_index": {"x": 0.5153209567070007, "y": 0.6924759745597839, "z": 0.031149009242653847, "x_normalized": 24.568090812126403, "y_normalized": 33.183812845848294, "z_normalized": 0.031149009242653847}}}