{"sequence_id": 1697925405990398000, "sequence_source": "mediapipe", "frame_number": 282, "image_dimensions": {"height": 1080, "width": 1920}, "joint_positions": {"nose": {"x": 0.5129499435424805, "y": 0.4040393531322479, "z": -0.1298220455646515, "x_normalized": 21.2166806058338, "y_normalized": 16.574266229163136, "z_normalized": -0.1298220455646515}, "left_eye_inner": {"x": 0.514904797077179, "y": 0.39916083216667175, "z": -0.12159982323646545, "x_normalized": 21.299501676171737, "y_normalized": 16.367578453908713, "z_normalized": -0.12159982323646545}, "left_eye": {"x": 0.5162970423698425, "y": 0.39941906929016113, "z": -0.12157043069601059, "x_normalized": 21.358486783375245, "y_normalized": 16.37851915846215, "z_normalized": -0.12157043069601059}, "left_eye_outer": {"x": 0.5177997946739197, "y": 0.3996741473674774, "z": -0.12160942703485489, "x_normalized": 21.422153729295907, "y_normalized": 16.38932602404471, "z_normalized": -0.12160942703485489}, "right_eye_inner": {"x": 0.5108543038368225, "y": 0.3989350199699402, "z": -0.12224426120519638, "x_normalized": 21.127894862869155, "y_normalized": 16.358011492754486, "z_normalized": -0.12224426120519638}, "right_eye": {"x": 0.5093857645988464, "y": 0.3991576135158539, "z": -0.12227128446102142, "x_normalized": 21.065677418255746, "y_normalized": 16.367442089674235, "z_normalized": -0.12227128446102142}, "right_eye_outer": {"x": 0.5079325437545776, "y": 0.3994009792804718, "z": -0.12221814692020416, "x_normalized": 21.004108966387918, "y_normalized": 16.3777527409591, "z_normalized": -0.12221814692020416}, "left_ear": {"x": 0.5209968686103821, "y": 0.40415433049201965, "z": -0.07072307169437408, "x_normalized": 21.557603818352412, "y_normalized": 16.5791374626504, "z_normalized": -0.07072307169437408}, "right_ear": {"x": 0.5051993727684021, "y": 0.40432611107826233, "z": -0.07438061386346817, "x_normalized": 20.88831300394178, "y_normalized": 16.586415272349882, "z_normalized": -0.07438061386346817}, "mouth_left": {"x": 0.5161536931991577, "y": 0.4121359586715698, "z": -0.11100737750530243, "x_normalized": 21.35241352441367, "y_normalized": 16.917294248893583, "z_normalized": -0.11100737750530243}, "mouth_right": {"x": 0.5106164216995239, "y": 0.4122794568538666, "z": -0.11208551377058029, "x_normalized": 21.117816535835626, "y_normalized": 16.92337382101416, "z_normalized": -0.11208551377058029}, "left_shoulder": {"x": 0.5322386622428894, "y": 0.4376051723957062, "z": -0.02771889790892601, "x_normalized": 22.033883685174267, "y_normalized": 17.99634569896753, "z_normalized": -0.02771889790892601}, "right_shoulder": {"x": 0.49428337812423706, "y": 0.4418025314807892, "z": -0.01899501495063305, "x_normalized": 20.425836227965643, "y_normalized": 18.17417476178417, "z_normalized": -0.01899501495063305}, "left_elbow": {"x": 0.5512431859970093, "y": 0.453202486038208, "z": 0.069093719124794, "x_normalized": 22.83904630766285, "y_normalized": 18.65715541557257, "z_normalized": 0.069093719124794}, "right_elbow": {"x": 0.4838385283946991, "y": 0.45704472064971924, "z": 0.08199810236692429, "x_normalized": 19.983320398127454, "y_normalized": 18.81993895785156, "z_normalized": 0.08199810236692429}, "left_wrist": {"x": 0.54587721824646, "y": 0.4754747748374939, "z": 0.15559954941272736, "x_normalized": 22.611706926675478, "y_normalized": 19.60076308974902, "z_normalized": 0.15559954941272736}, "right_wrist": {"x": 0.48224058747291565, "y": 0.47323453426361084, "z": 0.16266568005084991, "x_normalized": 19.915620606235215, "y_normalized": 19.50585105728717, "z_normalized": 0.16266568005084991}, "left_pinky": {"x": 0.5452233552932739, "y": 0.48391470313072205, "z": 0.1712045520544052, "x_normalized": 22.584004784967178, "y_normalized": 19.958336627824025, "z_normalized": 0.1712045520544052}, "right_pinky": {"x": 0.4808507561683655, "y": 0.4766596555709839, "z": 0.1756402850151062, "x_normalized": 19.85673777220757, "y_normalized": 19.65096280488296, "z_normalized": 0.1756402850151062}, "left_index": {"x": 0.5424448847770691, "y": 0.48193490505218506, "z": 0.15921057760715485, "x_normalized": 22.466289622183908, "y_normalized": 19.87445873466887, "z_normalized": 0.15921057760715485}, "right_index": {"x": 0.48377981781959534, "y": 0.47576287388801575, "z": 0.16924211382865906, "x_normalized": 19.98083301347999, "y_normalized": 19.612968951366803, "z_normalized": 0.16924211382865906}, "left_thumb": {"x": 0.5424207448959351, "y": 0.47856977581977844, "z": 0.1536233127117157, "x_normalized": 22.46526689042531, "y_normalized": 19.731888664887975, "z_normalized": 0.1536233127117157}, "right_thumb": {"x": 0.48493486642837524, "y": 0.47533005475997925, "z": 0.16238658130168915, "x_normalized": 20.029768834181386, "y_normalized": 19.59463174972461, "z_normalized": 0.16238658130168915}, "left_hip": {"x": 0.527210533618927, "y": 0.5432542562484741, "z": -0.005481152795255184, "x_normalized": 21.820857498280116, "y_normalized": 22.47236911944236, "z_normalized": -0.005481152795255184}, "right_hip": {"x": 0.5036188960075378, "y": 0.5439972877502441, "z": 0.005398786161094904, "x_normalized": 20.82135311428478, "y_normalized": 22.503849055498485, "z_normalized": 0.005398786161094904}, "left_knee": {"x": 0.5255059599876404, "y": 0.628053605556488, "z": -0.014962537214159966, "x_normalized": 21.748640009804824, "y_normalized": 26.065054069485605, "z_normalized": -0.014962537214159966}, "right_knee": {"x": 0.5077989101409912, "y": 0.6283406615257263, "z": -0.0031145992688834667, "x_normalized": 20.998447325393386, "y_normalized": 26.07721573899036, "z_normalized": -0.0031145992688834667}, "left_ankle": {"x": 0.5226451754570007, "y": 0.6923008561134338, "z": 0.08282016962766647, "x_normalized": 21.627437457987902, "y_normalized": 28.787010452891288, "z_normalized": 0.08282016962766647}, "right_ankle": {"x": 0.5136343836784363, "y": 0.6911190748214722, "z": 0.08769401907920837, "x_normalized": 21.245678207769664, "y_normalized": 28.736942051464627, "z_normalized": 0.08769401907920837}, "left_heel": {"x": 0.5222173929214478, "y": 0.6989005208015442, "z": 0.08987980335950851, "x_normalized": 21.60931364112004, "y_normalized": 29.066617739902217, "z_normalized": 0.08987980335950851}, "right_heel": {"x": 0.5154155492782593, "y": 0.6977046728134155, "z": 0.09374222159385681, "x_normalized": 21.32114065997287, "y_normalized": 29.015953376265607, "z_normalized": 0.09374222159385681}, "left_foot_index": {"x": 0.5215718746185303, "y": 0.7158589363098145, "z": 0.04354481399059296, "x_normalized": 21.581965036315946, "y_normalized": 29.785093113478993, "z_normalized": 0.04354481399059296}, "right_foot_index": {"x": 0.5089560151100159, "y": 0.7156749367713928, "z": 0.04898636043071747, "x_normalized": 21.047470267689032, "y_normalized": 29.777297624741205, "z_normalized": 0.04898636043071747}}}