{"sequence_id": 1697925405990398000, "sequence_source": "mediapipe", "frame_number": 402, "image_dimensions": {"height": 1080, "width": 1920}, "joint_positions": {"nose": {"x": 0.5117090940475464, "y": 0.40852275490760803, "z": -0.07749836891889572, "x_normalized": 26.204245860454087, "y_normalized": 20.808973006357427, "z_normalized": -0.07749836891889572}, "left_eye_inner": {"x": 0.5133563280105591, "y": 0.40484198927879333, "z": -0.07104155421257019, "x_normalized": 26.290263726789966, "y_normalized": 20.616764969744324, "z_normalized": -0.07104155421257019}, "left_eye": {"x": 0.5145431756973267, "y": 0.40497928857803345, "z": -0.07102584838867188, "x_normalized": 26.35224041496771, "y_normalized": 20.623934681537083, "z_normalized": -0.07102584838867188}, "left_eye_outer": {"x": 0.5157574415206909, "y": 0.4051443934440613, "z": -0.07105858623981476, "x_normalized": 26.415648866733328, "y_normalized": 20.63255638835972, "z_normalized": -0.07105858623981476}, "right_eye_inner": {"x": 0.5100281238555908, "y": 0.40510544180870056, "z": -0.07154359668493271, "x_normalized": 26.11646630239921, "y_normalized": 20.630522350306077, "z_normalized": -0.07154359668493271}, "right_eye": {"x": 0.5089221596717834, "y": 0.4055260121822357, "z": -0.07156085968017578, "x_normalized": 26.058713316805697, "y_normalized": 20.65248435873226, "z_normalized": -0.07156085968017578}, "right_eye_outer": {"x": 0.5079039335250854, "y": 0.40593892335891724, "z": -0.0715254694223404, "x_normalized": 26.005541974693386, "y_normalized": 20.6740464071127, "z_normalized": -0.0715254694223404}, "left_ear": {"x": 0.5185500383377075, "y": 0.40904107689857483, "z": -0.033213645219802856, "x_normalized": 26.561477100687906, "y_normalized": 20.836039563227338, "z_normalized": -0.033213645219802856}, "right_ear": {"x": 0.5060184001922607, "y": 0.41053879261016846, "z": -0.03589080274105072, "x_normalized": 25.90708021526115, "y_normalized": 20.914249649214995, "z_normalized": -0.03589080274105072}, "mouth_left": {"x": 0.514611005783081, "y": 0.41511955857276917, "z": -0.06391730904579163, "x_normalized": 26.35578247358293, "y_normalized": 21.153455325600085, "z_normalized": -0.06391730904579163}, "mouth_right": {"x": 0.5100757479667664, "y": 0.4155639111995697, "z": -0.06464659422636032, "x_normalized": 26.11895321350076, "y_normalized": 21.17665923331227, "z_normalized": -0.06464659422636032}, "left_shoulder": {"x": 0.5288041830062866, "y": 0.43615373969078064, "z": -0.008168733678758144, "x_normalized": 27.096944232434893, "y_normalized": 22.251851437215407, "z_normalized": -0.008168733678758144}, "right_shoulder": {"x": 0.4977055788040161, "y": 0.4448718726634979, "z": 0.007504337467253208, "x_normalized": 25.472988170594768, "y_normalized": 22.70710868274602, "z_normalized": 0.007504337467253208}, "left_elbow": {"x": 0.5478540658950806, "y": 0.45048266649246216, "z": 0.05342313274741173, "x_normalized": 28.091721123172093, "y_normalized": 23.00010198209212, "z_normalized": 0.05342313274741173}, "right_elbow": {"x": 0.49032339453697205, "y": 0.4590594172477722, "z": 0.08582063764333725, "x_normalized": 25.08749360588335, "y_normalized": 23.447976307556566, "z_normalized": 0.08582063764333725}, "left_wrist": {"x": 0.5380254983901978, "y": 0.47437784075737, "z": 0.10419119149446487, "x_normalized": 27.57847745233255, "y_normalized": 24.24789795530786, "z_normalized": 0.10419119149446487}, "right_wrist": {"x": 0.49668818712234497, "y": 0.47844764590263367, "z": 0.14781099557876587, "x_normalized": 25.419860403896, "y_normalized": 24.46042147222109, "z_normalized": 0.14781099557876587}, "left_pinky": {"x": 0.5355166792869568, "y": 0.4833814799785614, "z": 0.11110760271549225, "x_normalized": 27.447467971512474, "y_normalized": 24.718064217329605, "z_normalized": 0.11110760271549225}, "right_pinky": {"x": 0.4995592534542084, "y": 0.4827989339828491, "z": 0.15602074563503265, "x_normalized": 25.569786282988485, "y_normalized": 24.687643909881576, "z_normalized": 0.15602074563503265}, "left_index": {"x": 0.5332944393157959, "y": 0.48189577460289, "z": 0.10243120044469833, "x_normalized": 27.331423532715228, "y_normalized": 24.64048130604403, "z_normalized": 0.10243120044469833}, "right_index": {"x": 0.5002760291099548, "y": 0.4817342758178711, "z": 0.14956364035606384, "x_normalized": 25.607216006958023, "y_normalized": 24.632047907258492, "z_normalized": 0.14956364035606384}, "left_thumb": {"x": 0.5335305333137512, "y": 0.47840744256973267, "z": 0.10252881795167923, "x_normalized": 27.343752262218647, "y_normalized": 24.45832207104713, "z_normalized": 0.10252881795167923}, "right_thumb": {"x": 0.49942782521247864, "y": 0.47926297783851624, "z": 0.14645764231681824, "x_normalized": 25.562923155355303, "y_normalized": 24.502997763783128, "z_normalized": 0.14645764231681824}, "left_hip": {"x": 0.5265464186668396, "y": 0.5233461856842041, "z": -0.0052259862422943115, "x_normalized": 26.979044726032487, "y_normalized": 26.80500437928056, "z_normalized": -0.0052259862422943115}, "right_hip": {"x": 0.5074301958084106, "y": 0.524481475353241, "z": 0.005209878087043762, "x_normalized": 25.980803589918544, "y_normalized": 26.864288729407193, "z_normalized": 0.005209878087043762}, "left_knee": {"x": 0.5234187841415405, "y": 0.59418123960495, "z": -0.016966717317700386, "x_normalized": 26.815720963539988, "y_normalized": 30.503981171202586, "z_normalized": -0.016966717317700386}, "right_knee": {"x": 0.5101635456085205, "y": 0.5968197584152222, "z": -0.012417587451636791, "x_normalized": 26.123537969511496, "y_normalized": 30.641763516299218, "z_normalized": -0.012417587451636791}, "left_ankle": {"x": 0.5213033556938171, "y": 0.6503159403800964, "z": 0.050507668405771255, "x_normalized": 26.705254177676377, "y_normalized": 33.4353116904265, "z_normalized": 0.050507668405771255}, "right_ankle": {"x": 0.51520174741745, "y": 0.64882493019104, "z": 0.05690402165055275, "x_normalized": 26.386630753842553, "y_normalized": 33.35745176401197, "z_normalized": 0.05690402165055275}, "left_heel": {"x": 0.5211764574050903, "y": 0.6564804911613464, "z": 0.054689742624759674, "x_normalized": 26.69862760228815, "y_normalized": 33.75722194545336, "z_normalized": 0.054689742624759674}, "right_heel": {"x": 0.5167878270149231, "y": 0.6551236510276794, "z": 0.06081933155655861, "x_normalized": 26.469455164871565, "y_normalized": 33.6863683230308, "z_normalized": 0.06081933155655861}, "left_foot_index": {"x": 0.5211039185523987, "y": 0.6700343489646912, "z": 0.011238368228077888, "x_normalized": 26.69483965383936, "y_normalized": 34.464998712471534, "z_normalized": 0.011238368228077888}, "right_foot_index": {"x": 0.5111835598945618, "y": 0.6702317595481873, "z": 0.020067406818270683, "x_normalized": 26.176802687509973, "y_normalized": 34.47530741030423, "z_normalized": 0.020067406818270683}}}