{"sequence_id": 1697925405990398000, "sequence_source": "mediapipe", "frame_number": 530, "image_dimensions": {"height": 1080, "width": 1920}, "joint_positions": {"nose": {"x": 0.5137999057769775, "y": 0.4161404073238373, "z": -0.07077684998512268, "x_normalized": 31.923250470303692, "y_normalized": 25.76526919093182, "z_normalized": -0.07077684998512268}, "left_eye_inner": {"x": 0.5152757167816162, "y": 0.4119281768798828, "z": -0.06593616306781769, "x_normalized": 32.01643609003513, "y_normalized": 25.49930064676337, "z_normalized": -0.06593616306781769}, "left_eye": {"x": 0.5163961052894592, "y": 0.41182267665863037, "z": -0.06591566652059555, "x_normalized": 32.08717963179974, "y_normalized": 25.492639154561243, "z_normalized": -0.06591566652059555}, "left_eye_outer": {"x": 0.5174875855445862, "y": 0.4117879569530487, "z": -0.06593295186758041, "x_normalized": 32.15609784942988, "y_normalized": 25.490446883822408, "z_normalized": -0.06593295186758041}, "right_eye_inner": {"x": 0.5124395489692688, "y": 0.4125903844833374, "z": -0.06558574736118317, "x_normalized": 31.83735485644543, "y_normalized": 25.54111374188519, "z_normalized": -0.06558574736118317}, "right_eye": {"x": 0.5115776062011719, "y": 0.41291964054107666, "z": -0.06559091806411743, "x_normalized": 31.782930088798565, "y_normalized": 25.56190361924369, "z_normalized": -0.06559091806411743}, "right_eye_outer": {"x": 0.5107982754707336, "y": 0.41321808099746704, "z": -0.06556038558483124, "x_normalized": 31.73372160826591, "y_normalized": 25.580747738710382, "z_normalized": -0.06556038558483124}, "left_ear": {"x": 0.5196931958198547, "y": 0.4148279130458832, "z": -0.03412456437945366, "x_normalized": 32.2953644355584, "y_normalized": 25.68239571167147, "z_normalized": -0.03412456437945366}, "right_ear": {"x": 0.5097132921218872, "y": 0.416587769985199, "z": -0.032978203147649765, "x_normalized": 31.665213618121676, "y_normalized": 25.79351655235728, "z_normalized": -0.032978203147649765}, "mouth_left": {"x": 0.5164783596992493, "y": 0.42168134450912476, "z": -0.05910279229283333, "x_normalized": 32.092373337584455, "y_normalized": 26.115134901297896, "z_normalized": -0.05910279229283333}, "mouth_right": {"x": 0.512336015701294, "y": 0.42212244868278503, "z": -0.05875194072723389, "x_normalized": 31.83081756155555, "y_normalized": 26.142987089457126, "z_normalized": -0.05875194072723389}, "left_shoulder": {"x": 0.5297139286994934, "y": 0.43840742111206055, "z": -0.01112531777471304, "x_normalized": 32.92809328811289, "y_normalized": 27.171252391288885, "z_normalized": -0.01112531777471304}, "right_shoulder": {"x": 0.5034475922584534, "y": 0.4421512484550476, "z": 0.007765921298414469, "x_normalized": 31.269584961748958, "y_normalized": 27.407645039146367, "z_normalized": 0.007765921298414469}, "left_elbow": {"x": 0.5460196733474731, "y": 0.449208527803421, "z": 0.035691533237695694, "x_normalized": 33.957670188833035, "y_normalized": 27.85325558658707, "z_normalized": 0.035691533237695694}, "right_elbow": {"x": 0.49799346923828125, "y": 0.4604202210903168, "z": 0.05735212191939354, "x_normalized": 30.925200869118697, "y_normalized": 28.561184029927265, "z_normalized": 0.05735212191939354}, "left_wrist": {"x": 0.5365583896636963, "y": 0.47104087471961975, "z": 0.07194674015045166, "x_normalized": 33.36026606272439, "y_normalized": 29.231793062715884, "z_normalized": 0.07194674015045166}, "right_wrist": {"x": 0.5041741132736206, "y": 0.4759884774684906, "z": 0.09406409412622452, "x_normalized": 31.31545893262563, "y_normalized": 29.544194465666102, "z_normalized": 0.09406409412622452}, "left_pinky": {"x": 0.5344985127449036, "y": 0.47893568873405457, "z": 0.07630486786365509, "x_normalized": 33.23020136836661, "y_normalized": 29.73028720206516, "z_normalized": 0.07630486786365509}, "right_pinky": {"x": 0.5059176087379456, "y": 0.4809128940105438, "z": 0.09846010059118271, "x_normalized": 31.42554667748687, "y_normalized": 29.85513184575382, "z_normalized": 0.09846010059118271}, "left_index": {"x": 0.5329592227935791, "y": 0.47812679409980774, "z": 0.06994783133268356, "x_normalized": 33.13300756264914, "y_normalized": 29.679211998293944, "z_normalized": 0.06994783133268356}, "right_index": {"x": 0.5071282982826233, "y": 0.4797934591770172, "z": 0.09364695847034454, "x_normalized": 31.501992004949912, "y_normalized": 29.784448520867873, "z_normalized": 0.09364695847034454}, "left_thumb": {"x": 0.5330498814582825, "y": 0.4751558005809784, "z": 0.07085981965065002, "x_normalized": 33.13873192967707, "y_normalized": 29.49161760348322, "z_normalized": 0.07085981965065002}, "right_thumb": {"x": 0.5069581866264343, "y": 0.4776592254638672, "z": 0.09318162500858307, "x_normalized": 31.49125081921835, "y_normalized": 29.649688791751807, "z_normalized": 0.09318162500858307}, "left_hip": {"x": 0.5269550085067749, "y": 0.5097398161888123, "z": -0.005004615522921085, "x_normalized": 32.75388962169492, "y_normalized": 31.67532060955123, "z_normalized": -0.005004615522921085}, "right_hip": {"x": 0.5112243890762329, "y": 0.5115751624107361, "z": 0.005007848609238863, "x_normalized": 31.760627262363656, "y_normalized": 31.791207992538723, "z_normalized": 0.005007848609238863}, "left_knee": {"x": 0.5284357666969299, "y": 0.5633716583251953, "z": -0.015009120106697083, "x_normalized": 32.84738761648442, "y_normalized": 35.06174097849345, "z_normalized": -0.015009120106697083}, "right_knee": {"x": 0.5151153802871704, "y": 0.5671974420547485, "z": -0.007636104244738817, "x_normalized": 32.00631212730987, "y_normalized": 35.30330851436106, "z_normalized": -0.007636104244738817}, "left_ankle": {"x": 0.531087338924408, "y": 0.6191312074661255, "z": 0.024877896532416344, "x_normalized": 33.014813120497855, "y_normalized": 38.58250896728838, "z_normalized": 0.024877896532416344}, "right_ankle": {"x": 0.5208895802497864, "y": 0.6186150312423706, "z": 0.03684559836983681, "x_normalized": 32.37090650984149, "y_normalized": 38.549916581711884, "z_normalized": 0.03684559836983681}, "left_heel": {"x": 0.5301808714866638, "y": 0.6247556805610657, "z": 0.026294488459825516, "x_normalized": 32.9575769773284, "y_normalized": 38.937649299869875, "z_normalized": 0.026294488459825516}, "right_heel": {"x": 0.5231257081031799, "y": 0.6241793632507324, "z": 0.03880908340215683, "x_normalized": 32.51210003608723, "y_normalized": 38.90125948738267, "z_normalized": 0.03880908340215683}, "left_foot_index": {"x": 0.5303024649620056, "y": 0.6372442841529846, "z": -0.013994487933814526, "x_normalized": 32.96525462935797, "y_normalized": 39.726204380185294, "z_normalized": -0.013994487933814526}, "right_foot_index": {"x": 0.5166602730751038, "y": 0.6372687816619873, "z": 0.0031933607533574104, "x_normalized": 32.10385970718948, "y_normalized": 39.727751201255955, "z_normalized": 0.0031933607533574104}}}