{"sequence_id": 1697925405990398000, "sequence_source": "mediapipe", "frame_number": 358, "image_dimensions": {"height": 1080, "width": 1920}, "joint_positions": {"nose": {"x": 0.5207782983779907, "y": 0.4197317957878113, "z": -0.11781173199415207, "x_normalized": 27.571747549942526, "y_normalized": 22.10782368440998, "z_normalized": -0.11781173199415207}, "left_eye_inner": {"x": 0.5217396020889282, "y": 0.4142478108406067, "z": -0.10952965915203094, "x_normalized": 27.623608178249356, "y_normalized": 21.811972433914057, "z_normalized": -0.10952965915203094}, "left_eye": {"x": 0.522494912147522, "y": 0.414192795753479, "z": -0.10950193554162979, "x_normalized": 27.66435581477615, "y_normalized": 21.80900446764873, "z_normalized": -0.10950193554162979}, "left_eye_outer": {"x": 0.5234053730964661, "y": 0.4140935242176056, "z": -0.10953222960233688, "x_normalized": 27.713473566350235, "y_normalized": 21.80364894455566, "z_normalized": -0.10953222960233688}, "right_eye_inner": {"x": 0.5191544890403748, "y": 0.41459915041923523, "z": -0.11349768191576004, "x_normalized": 27.48414591942647, "y_normalized": 21.830926580339813, "z_normalized": -0.11349768191576004}, "right_eye": {"x": 0.5180639624595642, "y": 0.4148981273174286, "z": -0.11353102326393127, "x_normalized": 27.42531394673911, "y_normalized": 21.84705585313167, "z_normalized": -0.11353102326393127}, "right_eye_outer": {"x": 0.5169931650161743, "y": 0.4151667356491089, "z": -0.11354149132966995, "x_normalized": 27.36754632598438, "y_normalized": 21.86154679568281, "z_normalized": -0.11354149132966995}, "left_ear": {"x": 0.5256481766700745, "y": 0.416395902633667, "z": -0.060592927038669586, "x_normalized": 27.83446883680717, "y_normalized": 21.927858171981384, "z_normalized": -0.060592927038669586}, "right_ear": {"x": 0.514728844165802, "y": 0.4186409115791321, "z": -0.07727246731519699, "x_normalized": 27.24539023665228, "y_normalized": 22.04897241833411, "z_normalized": -0.07727246731519699}, "mouth_left": {"x": 0.5230371356010437, "y": 0.4260637164115906, "z": -0.09884243458509445, "x_normalized": 27.693607807317523, "y_normalized": 22.449419559056008, "z_normalized": -0.09884243458509445}, "mouth_right": {"x": 0.5192250609397888, "y": 0.4274122714996338, "z": -0.10395185649394989, "x_normalized": 27.48795314809185, "y_normalized": 22.522171711551174, "z_normalized": -0.10395185649394989}, "left_shoulder": {"x": 0.5372778177261353, "y": 0.4430354833602905, "z": -0.016709189862012863, "x_normalized": 28.461867322101718, "y_normalized": 23.365016250738698, "z_normalized": -0.016709189862012863}, "right_shoulder": {"x": 0.5046162605285645, "y": 0.44775688648223877, "z": -0.05434239283204079, "x_normalized": 26.699834305404444, "y_normalized": 23.61972756580818, "z_normalized": -0.05434239283204079}, "left_elbow": {"x": 0.5547915697097778, "y": 0.45518749952316284, "z": 0.04619031026959419, "x_normalized": 29.406703144066775, "y_normalized": 24.020595945512483, "z_normalized": 0.04619031026959419}, "right_elbow": {"x": 0.49491173028945923, "y": 0.4553147852420807, "z": -0.06451994925737381, "x_normalized": 26.176292130443105, "y_normalized": 24.0274627840386, "z_normalized": -0.06451994925737381}, "left_wrist": {"x": 0.5553187727928162, "y": 0.4674563705921173, "z": 0.08369843661785126, "x_normalized": 29.43514481429085, "y_normalized": 24.68247975498093, "z_normalized": 0.08369843661785126}, "right_wrist": {"x": 0.5110583901405334, "y": 0.42792627215385437, "z": -0.06690878421068192, "x_normalized": 27.047375759275383, "y_normalized": 22.549901134182864, "z_normalized": -0.06690878421068192}, "left_pinky": {"x": 0.5566034317016602, "y": 0.4727259576320648, "z": 0.09088706970214844, "x_normalized": 29.504449881372768, "y_normalized": 24.9667646190669, "z_normalized": 0.09088706970214844}, "right_pinky": {"x": 0.5141662359237671, "y": 0.4210093319416046, "z": -0.0728810727596283, "x_normalized": 27.215038520966008, "y_normalized": 22.176744491504127, "z_normalized": -0.0728810727596283}, "left_index": {"x": 0.5547248721122742, "y": 0.4732023775577545, "z": 0.08244004100561142, "x_normalized": 29.40310492711022, "y_normalized": 24.99246662812298, "z_normalized": 0.08244004100561142}, "right_index": {"x": 0.5148352384567261, "y": 0.42266982793807983, "z": -0.06961680948734283, "x_normalized": 27.251130019733115, "y_normalized": 22.266325302124528, "z_normalized": -0.06961680948734283}, "left_thumb": {"x": 0.554029643535614, "y": 0.4718354344367981, "z": 0.08151410520076752, "x_normalized": 29.365598579852602, "y_normalized": 24.91872247390208, "z_normalized": 0.08151410520076752}, "right_thumb": {"x": 0.514225959777832, "y": 0.42515838146209717, "z": -0.06598737090826035, "x_normalized": 27.21826051684668, "y_normalized": 22.400578346050523, "z_normalized": -0.06598737090826035}, "left_hip": {"x": 0.5325832962989807, "y": 0.535778820514679, "z": 0.0020628911443054676, "x_normalized": 28.20860622673501, "y_normalized": 28.368354614436598, "z_normalized": 0.0020628911443054676}, "right_hip": {"x": 0.5140506029129028, "y": 0.5361440181732178, "z": -0.002079741330817342, "x_normalized": 27.208800325348744, "y_normalized": 28.388056379667002, "z_normalized": -0.002079741330817342}, "left_knee": {"x": 0.5296282768249512, "y": 0.6074570417404175, "z": -0.029124606400728226, "x_normalized": 28.04918817306638, "y_normalized": 32.23526737716538, "z_normalized": -0.029124606400728226}, "right_knee": {"x": 0.5142410397529602, "y": 0.6044610738754272, "z": 0.006436002440750599, "x_normalized": 27.219074054728726, "y_normalized": 32.073640230512694, "z_normalized": 0.006436002440750599}, "left_ankle": {"x": 0.5248438715934753, "y": 0.6677873730659485, "z": 0.03445526212453842, "x_normalized": 27.791078006054914, "y_normalized": 35.489981629178374, "z_normalized": 0.03445526212453842}, "right_ankle": {"x": 0.5132344961166382, "y": 0.6482869982719421, "z": 0.12703387439250946, "x_normalized": 27.16477281277576, "y_normalized": 34.4379710340569, "z_normalized": 0.12703387439250946}, "left_heel": {"x": 0.5219227075576782, "y": 0.6730744242668152, "z": 0.03836704045534134, "x_normalized": 27.633486393164944, "y_normalized": 35.775208653736435, "z_normalized": 0.03836704045534134}, "right_heel": {"x": 0.5140487551689148, "y": 0.652409017086029, "z": 0.13714365661144257, "x_normalized": 27.208700642841457, "y_normalized": 34.660346629988645, "z_normalized": 0.13714365661144257}, "left_foot_index": {"x": 0.5258826613426208, "y": 0.6912179589271545, "z": -0.013458206318318844, "x_normalized": 27.84711886853826, "y_normalized": 36.75402013286233, "z_normalized": -0.013458206318318844}, "right_foot_index": {"x": 0.5107863545417786, "y": 0.6732620000839233, "z": 0.0993630513548851, "x_normalized": 27.032699921751053, "y_normalized": 35.78532803600836, "z_normalized": 0.0993630513548851}}}