{"sequence_id": 1697925405990398000, "sequence_source": "mediapipe", "frame_number": 340, "image_dimensions": {"height": 1080, "width": 1920}, "joint_positions": {"nose": {"x": 0.5222726464271545, "y": 0.40716350078582764, "z": -0.10633715242147446, "x_normalized": 25.019242370265886, "y_normalized": 19.379744644499425, "z_normalized": -0.10633715242147446}, "left_eye_inner": {"x": 0.5237389802932739, "y": 0.40222814679145813, "z": -0.09945343434810638, "x_normalized": 25.09095578064039, "y_normalized": 19.138373238901107, "z_normalized": -0.09945343434810638}, "left_eye": {"x": 0.5248989462852478, "y": 0.40230098366737366, "z": -0.09943930059671402, "x_normalized": 25.147685778579422, "y_normalized": 19.14193544318051, "z_normalized": -0.09943930059671402}, "left_eye_outer": {"x": 0.5259549021720886, "y": 0.4024067223072052, "z": -0.09948114305734634, "x_normalized": 25.19932899544844, "y_normalized": 19.147106761013294, "z_normalized": -0.09948114305734634}, "right_eye_inner": {"x": 0.5201542973518372, "y": 0.4027080237865448, "z": -0.10066339373588562, "x_normalized": 24.91564110996306, "y_normalized": 19.16184239328203, "z_normalized": -0.10066339373588562}, "right_eye": {"x": 0.518825113773346, "y": 0.4031898081302643, "z": -0.10068655759096146, "x_normalized": 24.8506352544551, "y_normalized": 19.18540482960808, "z_normalized": -0.10068655759096146}, "right_eye_outer": {"x": 0.5176332592964172, "y": 0.40360158681869507, "z": -0.1006593257188797, "x_normalized": 24.79234569899603, "y_normalized": 19.20554352704201, "z_normalized": -0.1006593257188797}, "left_ear": {"x": 0.5284019708633423, "y": 0.4068091809749603, "z": -0.05580883100628853, "x_normalized": 25.319006815981147, "y_normalized": 19.362416065662337, "z_normalized": -0.05580883100628853}, "right_ear": {"x": 0.5157368183135986, "y": 0.4083051383495331, "z": -0.06156516075134277, "x_normalized": 24.69959720999617, "y_normalized": 19.435578261247038, "z_normalized": -0.06156516075134277}, "mouth_left": {"x": 0.5252009034156799, "y": 0.4142509400844574, "z": -0.09000387042760849, "x_normalized": 25.16245347651679, "y_normalized": 19.726367234804947, "z_normalized": -0.09000387042760849}, "mouth_right": {"x": 0.5203836560249329, "y": 0.4149785339832306, "z": -0.09171333909034729, "x_normalized": 24.926858263864165, "y_normalized": 19.76195138180879, "z_normalized": -0.09171333909034729}, "left_shoulder": {"x": 0.5404717326164246, "y": 0.4372730553150177, "z": -0.01901968941092491, "x_normalized": 25.909297879783654, "y_normalized": 20.852300717871497, "z_normalized": -0.01901968941092491}, "right_shoulder": {"x": 0.5063106417655945, "y": 0.4415418803691864, "z": -0.019929202273488045, "x_normalized": 24.238594922134883, "y_normalized": 21.06107445624032, "z_normalized": -0.019929202273488045}, "left_elbow": {"x": 0.5562791228294373, "y": 0.45190635323524475, "z": 0.05365020036697388, "x_normalized": 26.682383660238084, "y_normalized": 21.56796563098082, "z_normalized": 0.05365020036697388}, "right_elbow": {"x": 0.4945424497127533, "y": 0.45503079891204834, "z": 0.047838713973760605, "x_normalized": 23.663052608374638, "y_normalized": 21.720771659805916, "z_normalized": 0.047838713973760605}, "left_wrist": {"x": 0.5581181049346924, "y": 0.46944475173950195, "z": 0.1107192263007164, "x_normalized": 26.772322030641096, "y_normalized": 22.425709149226034, "z_normalized": 0.1107192263007164}, "right_wrist": {"x": 0.5043336749076843, "y": 0.4690926969051361, "z": 0.10741053521633148, "x_normalized": 24.141908186014337, "y_normalized": 22.408491342698778, "z_normalized": 0.10741053521633148}, "left_pinky": {"x": 0.5583370327949524, "y": 0.47636204957962036, "z": 0.12052781134843826, "x_normalized": 26.783029048904808, "y_normalized": 22.764010698520455, "z_normalized": 0.12052781134843826}, "right_pinky": {"x": 0.5061972141265869, "y": 0.47429904341697693, "z": 0.11449789255857468, "x_normalized": 24.233047561460815, "y_normalized": 22.663116072156605, "z_normalized": 0.11449789255857468}, "left_index": {"x": 0.5528222918510437, "y": 0.4748193919658661, "z": 0.10964234173297882, "x_normalized": 26.51332179494482, "y_normalized": 22.688564552810618, "z_normalized": 0.10964234173297882}, "right_index": {"x": 0.5079591870307922, "y": 0.47216516733169556, "z": 0.11068407446146011, "x_normalized": 24.319219673329467, "y_normalized": 22.55875543851926, "z_normalized": 0.11068407446146011}, "left_thumb": {"x": 0.5527544021606445, "y": 0.4724419414997101, "z": 0.10804948955774307, "x_normalized": 26.51000154071058, "y_normalized": 22.57229152327492, "z_normalized": 0.10804948955774307}, "right_thumb": {"x": 0.5071772336959839, "y": 0.47048425674438477, "z": 0.10753149539232254, "x_normalized": 24.280976990889602, "y_normalized": 22.476547809318358, "z_normalized": 0.10753149539232254}, "left_hip": {"x": 0.5335274338722229, "y": 0.5340908169746399, "z": -0.004538064356893301, "x_normalized": 25.56967580795358, "y_normalized": 25.587328690601897, "z_normalized": -0.004538064356893301}, "right_hip": {"x": 0.5131512880325317, "y": 0.53238844871521, "z": 0.004436277784407139, "x_normalized": 24.57314770325965, "y_normalized": 25.504071639518358, "z_normalized": 0.004436277784407139}, "left_knee": {"x": 0.5302859544754028, "y": 0.6109257340431213, "z": -0.011230413801968098, "x_normalized": 25.41114605727692, "y_normalized": 29.345063587228918, "z_normalized": -0.011230413801968098}, "right_knee": {"x": 0.5147735476493835, "y": 0.6098102927207947, "z": -0.003381924005225301, "x_normalized": 24.652486912648, "y_normalized": 29.29051113969636, "z_normalized": -0.003381924005225301}, "left_ankle": {"x": 0.5237224102020264, "y": 0.6696231365203857, "z": 0.07191159576177597, "x_normalized": 25.090145393742127, "y_normalized": 32.215754232129186, "z_normalized": 0.07191159576177597}, "right_ankle": {"x": 0.5184692144393921, "y": 0.6702404618263245, "z": 0.0721842423081398, "x_normalized": 24.833229426507206, "y_normalized": 32.24594551668058, "z_normalized": 0.0721842423081398}, "left_heel": {"x": 0.5229775309562683, "y": 0.6764603853225708, "z": 0.07776914536952972, "x_normalized": 25.0537158791106, "y_normalized": 32.550140854789205, "z_normalized": 0.07776914536952972}, "right_heel": {"x": 0.5199803113937378, "y": 0.6784863471984863, "z": 0.07712351530790329, "x_normalized": 24.907132047531324, "y_normalized": 32.64922377087511, "z_normalized": 0.07712351530790329}, "left_foot_index": {"x": 0.5249761939048767, "y": 0.6917924284934998, "z": 0.03084898367524147, "x_normalized": 25.151463697356924, "y_normalized": 33.29997902548238, "z_normalized": 0.03084898367524147}, "right_foot_index": {"x": 0.5152289271354675, "y": 0.6925222873687744, "z": 0.03008880838751793, "x_normalized": 24.674757977046244, "y_normalized": 33.335673944796056, "z_normalized": 0.03008880838751793}}}