{"sequence_id": 1697925405990398000, "sequence_source": "mediapipe", "frame_number": 83, "image_dimensions": {"height": 1080, "width": 1920}, "joint_positions": {"nose": {"x": 0.5198756456375122, "y": 0.3989642262458801, "z": -0.1581840217113495, "x_normalized": 15.284707184516497, "y_normalized": 11.537825942785641, "z_normalized": -0.1581840217113495}, "left_eye_inner": {"x": 0.5217358469963074, "y": 0.3900589644908905, "z": -0.15100105106830597, "x_normalized": 15.341261719029985, "y_normalized": 11.267084858282619, "z_normalized": -0.15100105106830597}, "left_eye": {"x": 0.523306131362915, "y": 0.3898872435092926, "z": -0.15094900131225586, "x_normalized": 15.38900208917186, "y_normalized": 11.26186413304524, "z_normalized": -0.15094900131225586}, "left_eye_outer": {"x": 0.5249062180519104, "y": 0.38967031240463257, "z": -0.1510399878025055, "x_normalized": 15.437648520618385, "y_normalized": 11.255268912808711, "z_normalized": -0.1510399878025055}, "right_eye_inner": {"x": 0.517484724521637, "y": 0.39102718234062195, "z": -0.15140335261821747, "x_normalized": 15.212017510289847, "y_normalized": 11.296520977948006, "z_normalized": -0.15140335261821747}, "right_eye": {"x": 0.5160611867904663, "y": 0.3916090726852417, "z": -0.15145263075828552, "x_normalized": 15.168738586012056, "y_normalized": 11.31421182492125, "z_normalized": -0.15145263075828552}, "right_eye_outer": {"x": 0.514618992805481, "y": 0.3921378254890442, "z": -0.1513715386390686, "x_normalized": 15.124892467357554, "y_normalized": 11.330287164588304, "z_normalized": -0.1513715386390686}, "left_ear": {"x": 0.5290428400039673, "y": 0.3946247100830078, "z": -0.0889650210738182, "x_normalized": 15.563411641826068, "y_normalized": 11.405894356215919, "z_normalized": -0.0889650210738182}, "right_ear": {"x": 0.5112216472625732, "y": 0.3984811305999756, "z": -0.09231410920619965, "x_normalized": 15.02160510287296, "y_normalized": 11.523138689037305, "z_normalized": -0.09231410920619965}, "mouth_left": {"x": 0.5237696766853333, "y": 0.40978729724884033, "z": -0.13373751938343048, "x_normalized": 15.403094966704348, "y_normalized": 11.866872978304034, "z_normalized": -0.13373751938343048}, "mouth_right": {"x": 0.5177921056747437, "y": 0.41204002499580383, "z": -0.13471579551696777, "x_normalized": 15.221362626585982, "y_normalized": 11.935361246261033, "z_normalized": -0.13471579551696777}, "left_shoulder": {"x": 0.5489683151245117, "y": 0.44031596183776855, "z": -0.033043406903743744, "x_normalized": 16.169193357377726, "y_normalized": 12.795016809068397, "z_normalized": -0.033043406903743744}, "right_shoulder": {"x": 0.4935043156147003, "y": 0.44485557079315186, "z": -0.011976816691458225, "x_normalized": 14.482956187566547, "y_normalized": 12.93303169123752, "z_normalized": -0.011976816691458225}, "left_elbow": {"x": 0.5803531408309937, "y": 0.46198245882987976, "z": 0.08625856041908264, "x_normalized": 17.123366517302, "y_normalized": 13.453729719976256, "z_normalized": 0.08625856041908264}, "right_elbow": {"x": 0.47890424728393555, "y": 0.4577394127845764, "z": 0.12789610028266907, "x_normalized": 14.039079472603655, "y_normalized": 13.324731053849678, "z_normalized": 0.12789610028266907}, "left_wrist": {"x": 0.5638864040374756, "y": 0.49871882796287537, "z": 0.21500492095947266, "x_normalized": 16.62273865252251, "y_normalized": 14.570602496253473, "z_normalized": 0.21500492095947266}, "right_wrist": {"x": 0.4932071566581726, "y": 0.4950081706047058, "z": 0.2566227614879608, "x_normalized": 14.473921850297907, "y_normalized": 14.457789709273118, "z_normalized": 0.2566227614879608}, "left_pinky": {"x": 0.5581461787223816, "y": 0.5113499760627747, "z": 0.23144735395908356, "x_normalized": 16.448222184634357, "y_normalized": 14.954619365063524, "z_normalized": 0.23144735395908356}, "right_pinky": {"x": 0.4971696734428406, "y": 0.5057114958763123, "z": 0.272502601146698, "x_normalized": 14.594391761363838, "y_normalized": 14.783196190469438, "z_normalized": 0.272502601146698}, "left_index": {"x": 0.5550720691680908, "y": 0.5091944336891174, "z": 0.22101663053035736, "x_normalized": 16.354761961059967, "y_normalized": 14.88908576302098, "z_normalized": 0.22101663053035736}, "right_index": {"x": 0.5002471208572388, "y": 0.5072005391120911, "z": 0.2634601294994354, "x_normalized": 14.687953463804346, "y_normalized": 14.828466637494845, "z_normalized": 0.2634601294994354}, "left_thumb": {"x": 0.556196391582489, "y": 0.5049750804901123, "z": 0.21505863964557648, "x_normalized": 16.3889440298391, "y_normalized": 14.760807415631596, "z_normalized": 0.21505863964557648}, "right_thumb": {"x": 0.5000617504119873, "y": 0.5011420249938965, "z": 0.2556192874908447, "x_normalized": 14.68231776248944, "y_normalized": 14.644273434873055, "z_normalized": 0.2556192874908447}, "left_hip": {"x": 0.5371894836425781, "y": 0.5919148921966553, "z": -0.005143443588167429, "x_normalized": 15.811088935819289, "y_normalized": 17.40398395053014, "z_normalized": -0.005143443588167429}, "right_hip": {"x": 0.5043021440505981, "y": 0.5913512110710144, "z": 0.005157912150025368, "x_normalized": 14.811235789159904, "y_normalized": 17.386846707014037, "z_normalized": 0.005157912150025368}, "left_knee": {"x": 0.5318411588668823, "y": 0.7111971974372864, "z": -0.02622063085436821, "x_normalized": 15.648487174087247, "y_normalized": 21.0304490193165, "z_normalized": -0.02622063085436821}, "right_knee": {"x": 0.5037510395050049, "y": 0.708069920539856, "z": -0.03701154515147209, "x_normalized": 14.794480903514362, "y_normalized": 20.93537238237462, "z_normalized": -0.03701154515147209}, "left_ankle": {"x": 0.5226154923439026, "y": 0.8050696849822998, "z": 0.13560907542705536, "x_normalized": 15.368005024497961, "y_normalized": 23.88439534702475, "z_normalized": 0.13560907542705536}, "right_ankle": {"x": 0.5063372850418091, "y": 0.7934690117835999, "z": 0.13657979667186737, "x_normalized": 14.873108903531671, "y_normalized": 23.531707359945493, "z_normalized": 0.13657979667186737}, "left_heel": {"x": 0.5199924111366272, "y": 0.8122730851173401, "z": 0.14947868883609772, "x_normalized": 15.288257132708107, "y_normalized": 24.103395800725878, "z_normalized": 0.14947868883609772}, "right_heel": {"x": 0.5079378485679626, "y": 0.7992949485778809, "z": 0.1513659954071045, "x_normalized": 14.92176983195907, "y_normalized": 23.708829660145813, "z_normalized": 0.1513659954071045}, "left_foot_index": {"x": 0.5240309834480286, "y": 0.8420110940933228, "z": 0.08673914521932602, "x_normalized": 15.411039312223497, "y_normalized": 25.00750182507794, "z_normalized": 0.08673914521932602}, "right_foot_index": {"x": 0.5055837035179138, "y": 0.833069384098053, "z": 0.0895112082362175, "x_normalized": 14.850198237382354, "y_normalized": 24.735652627599336, "z_normalized": 0.0895112082362175}}}