{"sequence_id": 1697925405990398000, "sequence_source": "mediapipe", "frame_number": 16, "image_dimensions": {"height": 1080, "width": 1920}, "joint_positions": {"nose": {"x": 0.5216482281684875, "y": 0.39485791325569153, "z": -0.10581422597169876, "x_normalized": 15.03486454096722, "y_normalized": 11.182173137396003, "z_normalized": -0.10581422597169876}, "left_eye_inner": {"x": 0.523527204990387, "y": 0.3868620693683624, "z": -0.12272334098815918, "x_normalized": 15.090896980198073, "y_normalized": 10.943731326142977, "z_normalized": -0.12272334098815918}, "left_eye": {"x": 0.5252802968025208, "y": 0.3873026967048645, "z": -0.12268295139074326, "x_normalized": 15.14317543796542, "y_normalized": 10.95687114999192, "z_normalized": -0.12268295139074326}, "left_eye_outer": {"x": 0.5271313786506653, "y": 0.38771989941596985, "z": -0.1227349191904068, "x_normalized": 15.198376029031063, "y_normalized": 10.969312434676489, "z_normalized": -0.1227349191904068}, "right_eye_inner": {"x": 0.5197984576225281, "y": 0.3863397240638733, "z": -0.125224769115448, "x_normalized": 14.979703053875156, "y_normalized": 10.928154613758776, "z_normalized": -0.125224769115448}, "right_eye": {"x": 0.5175479650497437, "y": 0.38657692074775696, "z": -0.12526865303516388, "x_normalized": 14.912591747948264, "y_normalized": 10.935227989343067, "z_normalized": -0.12526865303516388}, "right_eye_outer": {"x": 0.5152966976165771, "y": 0.38688206672668457, "z": -0.1252385526895523, "x_normalized": 14.845457335127897, "y_normalized": 10.944327661740045, "z_normalized": -0.1252385526895523}, "left_ear": {"x": 0.5301437377929688, "y": 0.3925164043903351, "z": -0.05838467553257942, "x_normalized": 15.28820674360688, "y_normalized": 11.112347660212118, "z_normalized": -0.05838467553257942}, "right_ear": {"x": 0.5098599791526794, "y": 0.3931425213813782, "z": -0.0762203112244606, "x_normalized": 14.683330483219391, "y_normalized": 11.13101891886903, "z_normalized": -0.0762203112244606}, "mouth_left": {"x": 0.5240720510482788, "y": 0.40694326162338257, "z": -0.10787678509950638, "x_normalized": 15.10714468121981, "y_normalized": 11.54256691133931, "z_normalized": -0.10787678509950638}, "mouth_right": {"x": 0.5184406042098999, "y": 0.40795472264289856, "z": -0.11190221458673477, "x_normalized": 14.939210889234943, "y_normalized": 11.572729405868175, "z_normalized": -0.11190221458673477}, "left_shoulder": {"x": 0.5470056533813477, "y": 0.4376935362815857, "z": -0.0031883600167930126, "x_normalized": 15.791041184942092, "y_normalized": 12.459562201561162, "z_normalized": -0.0031883600167930126}, "right_shoulder": {"x": 0.49077698588371277, "y": 0.44534459710121155, "z": -0.007599788252264261, "x_normalized": 14.114261909182781, "y_normalized": 12.687722333943142, "z_normalized": -0.007599788252264261}, "left_elbow": {"x": 0.5764858722686768, "y": 0.4590812623500824, "z": 0.09675721824169159, "x_normalized": 16.670162499300126, "y_normalized": 13.097359564068123, "z_normalized": 0.09675721824169159}, "right_elbow": {"x": 0.47119349241256714, "y": 0.4597052335739136, "z": 0.09341814368963242, "x_normalized": 13.530268059412714, "y_normalized": 13.115966834404635, "z_normalized": 0.09341814368963242}, "left_wrist": {"x": 0.5608243346214294, "y": 0.48401692509651184, "z": 0.19868773221969604, "x_normalized": 16.203124190869055, "y_normalized": 13.840958948177574, "z_normalized": 0.19868773221969604}, "right_wrist": {"x": 0.4953954517841339, "y": 0.4722413420677185, "z": 0.19909502565860748, "x_normalized": 14.251987881578499, "y_normalized": 13.489802599265444, "z_normalized": 0.19909502565860748}, "left_pinky": {"x": 0.5556010007858276, "y": 0.4971795082092285, "z": 0.20978450775146484, "x_normalized": 16.047360621933727, "y_normalized": 14.23347663641536, "z_normalized": 0.20978450775146484}, "right_pinky": {"x": 0.49975162744522095, "y": 0.47770893573760986, "z": 0.2084473818540573, "x_normalized": 14.381892170531906, "y_normalized": 13.65285017200638, "z_normalized": 0.2084473818540573}, "left_index": {"x": 0.55170077085495, "y": 0.49544304609298706, "z": 0.20286116003990173, "x_normalized": 15.93105296233879, "y_normalized": 14.18169408813112, "z_normalized": 0.20286116003990173}, "right_index": {"x": 0.5029348731040955, "y": 0.47860321402549744, "z": 0.2069847285747528, "x_normalized": 14.4768188438463, "y_normalized": 13.679518193260032, "z_normalized": 0.2069847285747528}, "left_thumb": {"x": 0.5531635880470276, "y": 0.4909360408782959, "z": 0.1984323114156723, "x_normalized": 15.974675222318602, "y_normalized": 14.047291953489548, "z_normalized": 0.1984323114156723}, "right_thumb": {"x": 0.5013248920440674, "y": 0.4764097332954407, "z": 0.20047816634178162, "x_normalized": 14.428808051559008, "y_normalized": 13.61410702145712, "z_normalized": 0.20047816634178162}, "left_hip": {"x": 0.5376381278038025, "y": 0.5952857732772827, "z": -0.0031858221627771854, "x_normalized": 15.511694839872938, "y_normalized": 17.159075968734278, "z_normalized": -0.0031858221627771854}, "right_hip": {"x": 0.5044829249382019, "y": 0.5902614593505859, "z": 0.0032610627822577953, "x_normalized": 14.522982862108693, "y_normalized": 17.00924731651611, "z_normalized": 0.0032610627822577953}, "left_knee": {"x": 0.5321053266525269, "y": 0.7109519839286804, "z": -0.02766571007668972, "x_normalized": 15.346702733173158, "y_normalized": 20.608325498505412, "z_normalized": -0.02766571007668972}, "right_knee": {"x": 0.5053841471672058, "y": 0.7101993560791016, "z": -0.039590053260326385, "x_normalized": 14.549857956676973, "y_normalized": 20.585881595124878, "z_normalized": -0.039590053260326385}, "left_ankle": {"x": 0.5224196910858154, "y": 0.8077670335769653, "z": 0.10122980922460556, "x_normalized": 15.057870119604607, "y_normalized": 23.495419859023222, "z_normalized": 0.10122980922460556}, "right_ankle": {"x": 0.5035783052444458, "y": 0.8095080256462097, "z": 0.08221365511417389, "x_normalized": 14.496006452699778, "y_normalized": 23.547337493761646, "z_normalized": 0.08221365511417389}, "left_heel": {"x": 0.5189540982246399, "y": 0.8161200881004333, "z": 0.1102578341960907, "x_normalized": 14.954523649797492, "y_normalized": 23.744513948169615, "z_normalized": 0.1102578341960907}, "right_heel": {"x": 0.5059687495231628, "y": 0.819461464881897, "z": 0.0902319923043251, "x_normalized": 14.567291219079467, "y_normalized": 23.84415620520687, "z_normalized": 0.0902319923043251}, "left_foot_index": {"x": 0.5238084197044373, "y": 0.8430713415145874, "z": 0.03827930986881256, "x_normalized": 15.09928300507725, "y_normalized": 24.54821969457543, "z_normalized": 0.03827930986881256}, "right_foot_index": {"x": 0.5034292340278625, "y": 0.8469863533973694, "z": 0.011606723070144653, "x_normalized": 14.491561041885275, "y_normalized": 24.664968162599795, "z_normalized": 0.011606723070144653}}}