{"sequence_id": 1697925405990398000, "sequence_source": "mediapipe", "frame_number": 518, "image_dimensions": {"height": 1080, "width": 1920}, "joint_positions": {"nose": {"x": 0.5169677138328552, "y": 0.42519134283065796, "z": -0.0720384418964386, "x_normalized": 34.18142454202701, "y_normalized": 28.020074441556392, "z_normalized": -0.0720384418964386}, "left_eye_inner": {"x": 0.5182733535766602, "y": 0.4215637445449829, "z": -0.06772962212562561, "x_normalized": 34.269064133954146, "y_normalized": 27.776576007213656, "z_normalized": -0.06772962212562561}, "left_eye": {"x": 0.5191155076026917, "y": 0.42166101932525635, "z": -0.06772112101316452, "x_normalized": 34.32559277099311, "y_normalized": 27.783105466881544, "z_normalized": -0.06772112101316452}, "left_eye_outer": {"x": 0.5199871063232422, "y": 0.4217434227466583, "z": -0.06774889677762985, "x_normalized": 34.38409784986783, "y_normalized": 27.78863670339555, "z_normalized": -0.06774889677762985}, "right_eye_inner": {"x": 0.5161058306694031, "y": 0.4215368628501892, "z": -0.06744689494371414, "x_normalized": 34.1235716089402, "y_normalized": 27.774771603837298, "z_normalized": -0.06744689494371414}, "right_eye": {"x": 0.5153588056564331, "y": 0.4216744005680084, "z": -0.06745346635580063, "x_normalized": 34.07342839937057, "y_normalized": 27.78400366767532, "z_normalized": -0.06745346635580063}, "right_eye_outer": {"x": 0.5145884156227112, "y": 0.42177581787109375, "z": -0.06743096560239792, "x_normalized": 34.02171683919443, "y_normalized": 27.79081118950431, "z_normalized": -0.06743096560239792}, "left_ear": {"x": 0.5219907164573669, "y": 0.424371600151062, "z": -0.03719736263155937, "x_normalized": 34.518587915269826, "y_normalized": 27.96505014081346, "z_normalized": -0.03719736263155937}, "right_ear": {"x": 0.5135248899459839, "y": 0.42494282126426697, "z": -0.03599812835454941, "x_normalized": 33.950328880337736, "y_normalized": 28.003392712337483, "z_normalized": -0.03599812835454941}, "mouth_left": {"x": 0.5189470052719116, "y": 0.43053126335144043, "z": -0.060418084263801575, "x_normalized": 34.314282242512036, "y_normalized": 28.3785105703471, "z_normalized": -0.060418084263801575}, "mouth_right": {"x": 0.5154726505279541, "y": 0.4309576749801636, "z": -0.06012194976210594, "x_normalized": 34.08107010768287, "y_normalized": 28.40713296891577, "z_normalized": -0.06012194976210594}, "left_shoulder": {"x": 0.5315691828727722, "y": 0.4486161470413208, "z": -0.014363141730427742, "x_normalized": 35.161531646047784, "y_normalized": 29.592437945146507, "z_normalized": -0.014363141730427742}, "right_shoulder": {"x": 0.5053306818008423, "y": 0.44911661744117737, "z": -0.0016566237900406122, "x_normalized": 33.40030192120624, "y_normalized": 29.626031455012576, "z_normalized": -0.0016566237900406122}, "left_elbow": {"x": 0.5481778383255005, "y": 0.45997875928878784, "z": 0.03332853689789772, "x_normalized": 36.27636886913482, "y_normalized": 30.355140448129678, "z_normalized": 0.03332853689789772}, "right_elbow": {"x": 0.49986550211906433, "y": 0.46077725291252136, "z": 0.05404326692223549, "x_normalized": 33.03345791282481, "y_normalized": 30.40873843001746, "z_normalized": 0.05404326692223549}, "left_wrist": {"x": 0.5392301082611084, "y": 0.4782412350177765, "z": 0.0706021711230278, "x_normalized": 35.67576260294362, "y_normalized": 31.580988487806827, "z_normalized": 0.0706021711230278}, "right_wrist": {"x": 0.5058218836784363, "y": 0.4826894700527191, "z": 0.0900791585445404, "x_normalized": 33.433273291992435, "y_normalized": 31.879571236308557, "z_normalized": 0.0900791585445404}, "left_pinky": {"x": 0.5367382168769836, "y": 0.4849589169025421, "z": 0.07620226591825485, "x_normalized": 35.50849721058124, "y_normalized": 32.031905290753926, "z_normalized": 0.07620226591825485}, "right_pinky": {"x": 0.5077257752418518, "y": 0.4884374439716339, "z": 0.09425196796655655, "x_normalized": 33.56106986105597, "y_normalized": 32.2653974881914, "z_normalized": 0.09425196796655655}, "left_index": {"x": 0.535420298576355, "y": 0.48366546630859375, "z": 0.06876220554113388, "x_normalized": 35.42003343440681, "y_normalized": 31.94508388173248, "z_normalized": 0.06876220554113388}, "right_index": {"x": 0.5095086693763733, "y": 0.4897744059562683, "z": 0.08908145874738693, "x_normalized": 33.680744614478684, "y_normalized": 32.35513955012802, "z_normalized": 0.08908145874738693}, "left_thumb": {"x": 0.5357025265693665, "y": 0.4811689555644989, "z": 0.06932523101568222, "x_normalized": 35.43897766941137, "y_normalized": 31.777508420053763, "z_normalized": 0.06932523101568222}, "right_thumb": {"x": 0.5092505216598511, "y": 0.48524776101112366, "z": 0.08902441710233688, "x_normalized": 33.663416740813474, "y_normalized": 32.051293625037374, "z_normalized": 0.08902441710233688}, "left_hip": {"x": 0.5268973708152771, "y": 0.5203346610069275, "z": -0.005245201755315065, "x_normalized": 34.84794154263536, "y_normalized": 34.40646212554528, "z_normalized": -0.005245201755315065}, "right_hip": {"x": 0.5120003819465637, "y": 0.5204929709434509, "z": 0.00519732479006052, "x_normalized": 33.84799800415785, "y_normalized": 34.41708850108322, "z_normalized": 0.00519732479006052}, "left_knee": {"x": 0.5276534557342529, "y": 0.5755272507667542, "z": -0.01959807612001896, "x_normalized": 34.89869288815446, "y_normalized": 38.11120232429025, "z_normalized": -0.01959807612001896}, "right_knee": {"x": 0.5150262117385864, "y": 0.5763524770736694, "z": 0.010847420431673527, "x_normalized": 34.05110340859434, "y_normalized": 38.16659470731838, "z_normalized": 0.010847420431673527}, "left_ankle": {"x": 0.5288169980049133, "y": 0.6304497718811035, "z": 0.01853734254837036, "x_normalized": 34.97679434782164, "y_normalized": 41.797814470489136, "z_normalized": 0.01853734254837036}, "right_ankle": {"x": 0.5215346813201904, "y": 0.6208149790763855, "z": 0.07958386093378067, "x_normalized": 34.4879770721822, "y_normalized": 41.151089894499066, "z_normalized": 0.07958386093378067}, "left_heel": {"x": 0.5289162993431091, "y": 0.6371725797653198, "z": 0.01993628218770027, "x_normalized": 34.983459837899275, "y_normalized": 42.249075350355014, "z_normalized": 0.01993628218770027}, "right_heel": {"x": 0.5231223106384277, "y": 0.6262210607528687, "z": 0.08416160941123962, "x_normalized": 34.59454489553628, "y_normalized": 41.513967016078595, "z_normalized": 0.08416160941123962}, "left_foot_index": {"x": 0.529477596282959, "y": 0.6464511156082153, "z": -0.01925557292997837, "x_normalized": 35.021136260504974, "y_normalized": 42.87188658049032, "z_normalized": -0.01925557292997837}, "right_foot_index": {"x": 0.5162230730056763, "y": 0.6367471814155579, "z": 0.05543035641312599, "x_normalized": 34.131441368233546, "y_normalized": 42.22052096699121, "z_normalized": 0.05543035641312599}}}