{"sequence_id": 1697925405990398000, "sequence_source": "mediapipe", "frame_number": 620, "image_dimensions": {"height": 1080, "width": 1920}, "joint_positions": {"nose": {"x": 0.5278662443161011, "y": 0.41679954528808594, "z": -0.0818212479352951, "x_normalized": 35.56794558580866, "y_normalized": 27.998481748160195, "z_normalized": -0.0818212479352951}, "left_eye_inner": {"x": 0.5289552807807922, "y": 0.41353321075439453, "z": -0.0782397985458374, "x_normalized": 35.64242064666766, "y_normalized": 27.775109555336968, "z_normalized": -0.0782397985458374}, "left_eye": {"x": 0.5297659039497375, "y": 0.4135371148586273, "z": -0.07822592556476593, "x_normalized": 35.697856081382916, "y_normalized": 27.77537654217328, "z_normalized": -0.07822592556476593}, "left_eye_outer": {"x": 0.5306220650672913, "y": 0.41354432702064514, "z": -0.07826042175292969, "x_normalized": 35.756405683165994, "y_normalized": 27.775869754496853, "z_normalized": -0.07826042175292969}, "right_eye_inner": {"x": 0.5267425775527954, "y": 0.41379985213279724, "z": -0.07800468057394028, "x_normalized": 35.49110229056954, "y_normalized": 27.793344144836873, "z_normalized": -0.07800468057394028}, "right_eye": {"x": 0.5260340571403503, "y": 0.41407570242881775, "z": -0.07801996171474457, "x_normalized": 35.44264927494747, "y_normalized": 27.812208497179682, "z_normalized": -0.07801996171474457}, "right_eye_outer": {"x": 0.5253244638442993, "y": 0.4143815338611603, "z": -0.07799120992422104, "x_normalized": 35.394122888897094, "y_normalized": 27.83312314537997, "z_normalized": -0.07799120992422104}, "left_ear": {"x": 0.5325536131858826, "y": 0.41635391116142273, "z": -0.048414137214422226, "x_normalized": 35.88849691091471, "y_normalized": 27.968006525538975, "z_normalized": -0.048414137214422226}, "right_ear": {"x": 0.5242365598678589, "y": 0.4177103042602539, "z": -0.04842277616262436, "x_normalized": 35.3197252746013, "y_normalized": 28.060765089516746, "z_normalized": -0.04842277616262436}, "mouth_left": {"x": 0.5300094485282898, "y": 0.4213390350341797, "z": -0.07062964886426926, "x_normalized": 35.714511168606926, "y_normalized": 28.308920182565615, "z_normalized": -0.07062964886426926}, "mouth_right": {"x": 0.5265142321586609, "y": 0.4219913184642792, "z": -0.07038580626249313, "x_normalized": 35.47548661774645, "y_normalized": 28.35352736490432, "z_normalized": -0.07038580626249313}, "left_shoulder": {"x": 0.5419629812240601, "y": 0.43859636783599854, "z": -0.02179386094212532, "x_normalized": 36.53196779550692, "y_normalized": 29.489083521764684, "z_normalized": -0.02179386094212532}, "right_shoulder": {"x": 0.5177474617958069, "y": 0.44113895297050476, "z": -0.010055849328637123, "x_normalized": 34.87596054357079, "y_normalized": 29.662961246497474, "z_normalized": -0.010055849328637123}, "left_elbow": {"x": 0.5553413033485413, "y": 0.4502688944339752, "z": 0.03304477781057358, "x_normalized": 37.44686035118878, "y_normalized": 30.28732321065254, "z_normalized": 0.03304477781057358}, "right_elbow": {"x": 0.511521577835083, "y": 0.45101287961006165, "z": 0.05210085213184357, "x_normalized": 34.450196024283116, "y_normalized": 30.33820152654341, "z_normalized": 0.05210085213184357}, "left_wrist": {"x": 0.5490503907203674, "y": 0.4676707088947296, "z": 0.0807851105928421, "x_normalized": 37.01664876871917, "y_normalized": 31.477367100862626, "z_normalized": 0.0807851105928421}, "right_wrist": {"x": 0.5147185921669006, "y": 0.4644320607185364, "z": 0.09847429394721985, "x_normalized": 34.66882767221121, "y_normalized": 31.255888272703018, "z_normalized": 0.09847429394721985}, "left_pinky": {"x": 0.5467158555984497, "y": 0.47486454248428345, "z": 0.08767995238304138, "x_normalized": 36.85699879287415, "y_normalized": 31.969326012948706, "z_normalized": 0.08767995238304138}, "right_pinky": {"x": 0.5171880722045898, "y": 0.4715251922607422, "z": 0.10515584796667099, "x_normalized": 34.83770601748236, "y_normalized": 31.740960554866206, "z_normalized": 0.10515584796667099}, "left_index": {"x": 0.5453439950942993, "y": 0.4740372598171234, "z": 0.08083171397447586, "x_normalized": 36.76318247188839, "y_normalized": 31.91275129852736, "z_normalized": 0.08083171397447586}, "right_index": {"x": 0.5186693668365479, "y": 0.4716733396053314, "z": 0.10008808225393295, "x_normalized": 34.93900612215468, "y_normalized": 31.75109178817391, "z_normalized": 0.10008808225393295}, "left_thumb": {"x": 0.5450716614723206, "y": 0.47043347358703613, "z": 0.07978629320859909, "x_normalized": 36.74455861150501, "y_normalized": 31.666302067936456, "z_normalized": 0.07978629320859909}, "right_thumb": {"x": 0.5186285972595215, "y": 0.4691232144832611, "z": 0.09772598743438721, "x_normalized": 34.93621804587929, "y_normalized": 31.576698432375565, "z_normalized": 0.09772598743438721}, "left_hip": {"x": 0.5381286144256592, "y": 0.5050032734870911, "z": -0.004829411394894123, "x_normalized": 36.26975003703396, "y_normalized": 34.03039917112221, "z_normalized": -0.004829411394894123}, "right_hip": {"x": 0.5235088467597961, "y": 0.5047038197517395, "z": 0.004811939317733049, "x_normalized": 35.269959743539644, "y_normalized": 34.00992066935681, "z_normalized": 0.004811939317733049}, "left_knee": {"x": 0.5357334017753601, "y": 0.5598873496055603, "z": -0.013650002889335155, "x_normalized": 36.1059505558551, "y_normalized": 37.78371234440712, "z_normalized": -0.013650002889335155}, "right_knee": {"x": 0.5244196653366089, "y": 0.5592995882034302, "z": -0.005508976988494396, "x_normalized": 35.3322471610311, "y_normalized": 37.743517578103656, "z_normalized": -0.005508976988494396}, "left_ankle": {"x": 0.533671498298645, "y": 0.6066206097602844, "z": 0.029686128720641136, "x_normalized": 35.96494482106799, "y_normalized": 40.979622221630166, "z_normalized": 0.029686128720641136}, "right_ankle": {"x": 0.5280299782752991, "y": 0.6066107153892517, "z": 0.037881530821323395, "x_normalized": 35.57914272839416, "y_normalized": 40.97894558323585, "z_normalized": 0.037881530821323395}, "left_heel": {"x": 0.5333613753318787, "y": 0.6125285029411316, "z": 0.03217606619000435, "x_normalized": 35.9437366911545, "y_normalized": 41.38364056119682, "z_normalized": 0.03217606619000435}, "right_heel": {"x": 0.5293336510658264, "y": 0.6124054193496704, "z": 0.040012311190366745, "x_normalized": 35.66829595104799, "y_normalized": 41.37522334261689, "z_normalized": 0.040012311190366745}, "left_foot_index": {"x": 0.5347340106964111, "y": 0.6213361024856567, "z": -0.002475055167451501, "x_normalized": 36.03760600189403, "y_normalized": 41.985958787782764, "z_normalized": -0.002475055167451501}, "right_foot_index": {"x": 0.5246671438217163, "y": 0.6210057735443115, "z": 0.0061690607108175755, "x_normalized": 35.34917127315887, "y_normalized": 41.9633688481363, "z_normalized": 0.0061690607108175755}}}