{"sequence_id": 1697925405990398000, "sequence_source": "mediapipe", "frame_number": 208, "image_dimensions": {"height": 1080, "width": 1920}, "joint_positions": {"nose": {"x": 0.5107116103172302, "y": 0.39650359749794006, "z": -0.19076018035411835, "x_normalized": 19.908037527024778, "y_normalized": 15.305358760645555, "z_normalized": -0.19076018035411835}, "left_eye_inner": {"x": 0.5120850801467896, "y": 0.39234697818756104, "z": -0.18373176455497742, "x_normalized": 19.962964509612185, "y_normalized": 15.139129731386925, "z_normalized": -0.18373176455497742}, "left_eye": {"x": 0.5132454037666321, "y": 0.39253702759742737, "z": -0.1836938112974167, "x_normalized": 20.009367476675024, "y_normalized": 15.146730073529005, "z_normalized": -0.1836938112974167}, "left_eye_outer": {"x": 0.5144248604774475, "y": 0.3927074372768402, "z": -0.1837436705827713, "x_normalized": 20.05653560284955, "y_normalized": 15.153544995336816, "z_normalized": -0.1837436705827713}, "right_eye_inner": {"x": 0.5087352395057678, "y": 0.3927674889564514, "z": -0.18456077575683594, "x_normalized": 19.828999689562938, "y_normalized": 15.155946546131279, "z_normalized": -0.18456077575683594}, "right_eye": {"x": 0.5074699521064758, "y": 0.3934039771556854, "z": -0.184595987200737, "x_normalized": 19.778399073915434, "y_normalized": 15.181400600879343, "z_normalized": -0.184595987200737}, "right_eye_outer": {"x": 0.5062918066978455, "y": 0.3940192461013794, "z": -0.18456114828586578, "x_normalized": 19.731283388552303, "y_normalized": 15.20600606795214, "z_normalized": -0.18456114828586578}, "left_ear": {"x": 0.5171891450881958, "y": 0.39816758036613464, "z": -0.1286337524652481, "x_normalized": 20.16708321693869, "y_normalized": 15.371903766629696, "z_normalized": -0.1286337524652481}, "right_ear": {"x": 0.5034050941467285, "y": 0.40013110637664795, "z": -0.1326269656419754, "x_normalized": 19.615839709617674, "y_normalized": 15.450427922507213, "z_normalized": -0.1326269656419754}, "mouth_left": {"x": 0.5141507983207703, "y": 0.4049362540245056, "z": -0.16921819746494293, "x_normalized": 20.045575473268467, "y_normalized": 15.64259250850942, "z_normalized": -0.16921819746494293}, "mouth_right": {"x": 0.5088174343109131, "y": 0.4064505398273468, "z": -0.17042367160320282, "x_normalized": 19.832286774967965, "y_normalized": 15.70315091913843, "z_normalized": -0.17042367160320282}, "left_shoulder": {"x": 0.5322840809822083, "y": 0.43595418334007263, "z": -0.0711890310049057, "x_normalized": 20.77075084993973, "y_normalized": 16.883042955069392, "z_normalized": -0.0711890310049057}, "right_shoulder": {"x": 0.4919549226760864, "y": 0.44501543045043945, "z": -0.06517031043767929, "x_normalized": 19.157931311882756, "y_normalized": 17.245414920976344, "z_normalized": -0.06517031043767929}, "left_elbow": {"x": 0.5523863434791565, "y": 0.4504753351211548, "z": 0.03536911681294441, "x_normalized": 21.57466848859044, "y_normalized": 17.463764157576243, "z_normalized": 0.03536911681294441}, "right_elbow": {"x": 0.4800480306148529, "y": 0.46511396765708923, "z": 0.04166697338223457, "x_normalized": 18.68175801790707, "y_normalized": 18.04918358004923, "z_normalized": 0.04166697338223457}, "left_wrist": {"x": 0.5461576581001282, "y": 0.4665769636631012, "z": 0.12370645254850388, "x_normalized": 21.325574634474926, "y_normalized": 18.107690839850815, "z_normalized": 0.12370645254850388}, "right_wrist": {"x": 0.48548170924186707, "y": 0.4793049991130829, "z": 0.12199096381664276, "x_normalized": 18.899058438279116, "y_normalized": 18.616702808287958, "z_normalized": 0.12199096381664276}, "left_pinky": {"x": 0.5455195903778076, "y": 0.47405344247817993, "z": 0.14000996947288513, "x_normalized": 21.300057412385865, "y_normalized": 18.40668570151639, "z_normalized": 0.14000996947288513}, "right_pinky": {"x": 0.48643383383750916, "y": 0.48407089710235596, "z": 0.1352105438709259, "x_normalized": 18.937135234696736, "y_normalized": 18.80729774545825, "z_normalized": 0.1352105438709259}, "left_index": {"x": 0.5434886813163757, "y": 0.47466251254081726, "z": 0.12781210243701935, "x_normalized": 21.218838513904736, "y_normalized": 18.431043266571695, "z_normalized": 0.12781210243701935}, "right_index": {"x": 0.4889329969882965, "y": 0.4863503873348236, "z": 0.1268165409564972, "x_normalized": 19.037080270191563, "y_normalized": 18.898457753208174, "z_normalized": 0.1268165409564972}, "left_thumb": {"x": 0.5436580777168274, "y": 0.47297146916389465, "z": 0.12233085930347443, "x_normalized": 21.22561291326738, "y_normalized": 18.363416072934267, "z_normalized": 0.12233085930347443}, "right_thumb": {"x": 0.48870474100112915, "y": 0.48477527499198914, "z": 0.12167016416788101, "x_normalized": 19.027951993499357, "y_normalized": 18.83546680403251, "z_normalized": 0.12167016416788101}, "left_hip": {"x": 0.5285360217094421, "y": 0.5515932440757751, "z": -0.005264355335384607, "x_normalized": 20.62086070893981, "y_normalized": 21.507610993445425, "z_normalized": -0.005264355335384607}, "right_hip": {"x": 0.5035344362258911, "y": 0.5511578917503357, "z": 0.005185543093830347, "x_normalized": 19.621012280559594, "y_normalized": 21.490200644063034, "z_normalized": 0.005185543093830347}, "left_knee": {"x": 0.525404155254364, "y": 0.6466254591941833, "z": -0.01354221347719431, "x_normalized": 20.495612981947982, "y_normalized": 25.308082407314146, "z_normalized": -0.01354221347719431}, "right_knee": {"x": 0.5060626268386841, "y": 0.6475016474723816, "z": -0.004409493412822485, "x_normalized": 19.722118164924797, "y_normalized": 25.343122404017475, "z_normalized": -0.004409493412822485}, "left_ankle": {"x": 0.5196370482444763, "y": 0.7233993411064148, "z": 0.07132994383573532, "x_normalized": 20.264978293442713, "y_normalized": 28.378377498043328, "z_normalized": 0.07132994383573532}, "right_ankle": {"x": 0.512241005897522, "y": 0.7219986319541931, "z": 0.07924056798219681, "x_normalized": 19.96920019882143, "y_normalized": 28.3223611767829, "z_normalized": 0.07924056798219681}, "left_heel": {"x": 0.5189529657363892, "y": 0.731442928314209, "z": 0.07619142532348633, "x_normalized": 20.237620875608417, "y_normalized": 28.700051818799643, "z_normalized": 0.07619142532348633}, "right_heel": {"x": 0.5136758685112, "y": 0.7297173142433167, "z": 0.08386697620153427, "x_normalized": 20.026582364851315, "y_normalized": 28.63104209468004, "z_normalized": 0.08386697620153427}, "left_foot_index": {"x": 0.5217725038528442, "y": 0.7500990033149719, "z": 0.013779835775494576, "x_normalized": 20.350378154795788, "y_normalized": 29.446134393503893, "z_normalized": 0.013779835775494576}, "right_foot_index": {"x": 0.5108799934387207, "y": 0.7486532926559448, "z": 0.023221105337142944, "x_normalized": 19.914771403942257, "y_normalized": 29.388318398943397, "z_normalized": 0.023221105337142944}}}