{"sequence_id": 1697925405990398000, "sequence_source": "mediapipe", "frame_number": 109, "image_dimensions": {"height": 1080, "width": 1920}, "joint_positions": {"nose": {"x": 0.5174276232719421, "y": 0.40616080164909363, "z": -0.17128726840019226, "x_normalized": 16.643117974859038, "y_normalized": 12.878923271438973, "z_normalized": -0.17128726840019226}, "left_eye_inner": {"x": 0.5202112197875977, "y": 0.39809441566467285, "z": -0.16046735644340515, "x_normalized": 16.73542362190744, "y_normalized": 12.611437314531612, "z_normalized": -0.16046735644340515}, "left_eye": {"x": 0.5221162438392639, "y": 0.3983787000179291, "z": -0.1604684442281723, "x_normalized": 16.798595305282827, "y_normalized": 12.620864345721465, "z_normalized": -0.1604684442281723}, "left_eye_outer": {"x": 0.5239019393920898, "y": 0.3985661268234253, "z": -0.16050677001476288, "x_normalized": 16.857809987622026, "y_normalized": 12.627079525420909, "z_normalized": -0.16050677001476288}, "right_eye_inner": {"x": 0.514642596244812, "y": 0.39757028222084045, "z": -0.16167406737804413, "x_normalized": 16.55076489123478, "y_normalized": 12.594056750789505, "z_normalized": -0.16167406737804413}, "right_eye": {"x": 0.5127077698707581, "y": 0.39777809381484985, "z": -0.1617136299610138, "x_normalized": 16.486604945862343, "y_normalized": 12.60094790169493, "z_normalized": -0.1617136299610138}, "right_eye_outer": {"x": 0.5107483267784119, "y": 0.3980437219142914, "z": -0.1617315411567688, "x_normalized": 16.421628696080344, "y_normalized": 12.609756280874631, "z_normalized": -0.1617315411567688}, "left_ear": {"x": 0.5268805027008057, "y": 0.40401777625083923, "z": -0.09133674949407578, "x_normalized": 16.956580844655125, "y_normalized": 12.80785932775515, "z_normalized": -0.09133674949407578}, "right_ear": {"x": 0.5063741207122803, "y": 0.40424975752830505, "z": -0.0956171527504921, "x_normalized": 16.27657752972543, "y_normalized": 12.815551959140182, "z_normalized": -0.0956171527504921}, "mouth_left": {"x": 0.5216313600540161, "y": 0.41684040427207947, "z": -0.1449960619211197, "x_normalized": 16.782516282590834, "y_normalized": 13.233064981557602, "z_normalized": -0.1449960619211197}, "mouth_right": {"x": 0.513116180896759, "y": 0.4169872999191284, "z": -0.14652615785598755, "x_normalized": 16.500148088269906, "y_normalized": 13.237936124941058, "z_normalized": -0.14652615785598755}, "left_shoulder": {"x": 0.5421354174613953, "y": 0.4531869888305664, "z": -0.060214683413505554, "x_normalized": 17.46244251308476, "y_normalized": 14.438338442276986, "z_normalized": -0.060214683413505554}, "right_shoulder": {"x": 0.49059534072875977, "y": 0.4512808918952942, "z": -0.051172543317079544, "x_normalized": 15.753344191911658, "y_normalized": 14.375131181469705, "z_normalized": -0.051172543317079544}, "left_elbow": {"x": 0.5703478455543518, "y": 0.4739563465118408, "z": -0.10168980807065964, "x_normalized": 18.397982709115492, "y_normalized": 15.127062181068645, "z_normalized": -0.10168980807065964}, "right_elbow": {"x": 0.4781607687473297, "y": 0.46112123131752014, "z": -0.10300374031066895, "x_normalized": 15.341006697572787, "y_normalized": 14.701442445489429, "z_normalized": -0.10300374031066895}, "left_wrist": {"x": 0.5517515540122986, "y": 0.4974755048751831, "z": -0.17868547141551971, "x_normalized": 17.781319082100683, "y_normalized": 15.906970877804053, "z_normalized": -0.17868547141551971}, "right_wrist": {"x": 0.49592623114585876, "y": 0.4585312306880951, "z": -0.18694692850112915, "x_normalized": 15.930119556633858, "y_normalized": 14.615556548373862, "z_normalized": -0.18694692850112915}, "left_pinky": {"x": 0.5476375222206116, "y": 0.5097965598106384, "z": -0.19821996986865997, "x_normalized": 17.644895442980005, "y_normalized": 16.315544082196165, "z_normalized": -0.19821996986865997}, "right_pinky": {"x": 0.5013782382011414, "y": 0.4589973986148834, "z": -0.20888787508010864, "x_normalized": 16.11091121811206, "y_normalized": 14.631014942531706, "z_normalized": -0.20888787508010864}, "left_index": {"x": 0.5415473580360413, "y": 0.5067556500434875, "z": -0.2002502977848053, "x_normalized": 17.442942127358982, "y_normalized": 16.214705781065238, "z_normalized": -0.2002502977848053}, "right_index": {"x": 0.5036188960075378, "y": 0.4578547179698944, "z": -0.20441074669361115, "x_normalized": 16.18521270809822, "y_normalized": 14.59312300104084, "z_normalized": -0.20441074669361115}, "left_thumb": {"x": 0.5429597496986389, "y": 0.5030010938644409, "z": -0.18085260689258575, "x_normalized": 17.489777839923143, "y_normalized": 16.09020255815297, "z_normalized": -0.18085260689258575}, "right_thumb": {"x": 0.5022267699241638, "y": 0.4591561555862427, "z": -0.18821623921394348, "x_normalized": 16.139049013692052, "y_normalized": 14.636279414189989, "z_normalized": -0.18821623921394348}, "left_hip": {"x": 0.5301474332809448, "y": 0.5891201496124268, "z": -0.013877633027732372, "x_normalized": 17.064914124771672, "y_normalized": 18.945959532738463, "z_normalized": -0.013877633027732372}, "right_hip": {"x": 0.5000064373016357, "y": 0.5900806784629822, "z": 0.013895968906581402, "x_normalized": 16.065421518387883, "y_normalized": 18.977811216903362, "z_normalized": 0.013895968906581402}, "left_knee": {"x": 0.5292332768440247, "y": 0.6961328387260437, "z": -0.06930317729711533, "x_normalized": 17.03460017627418, "y_normalized": 22.494561298643312, "z_normalized": -0.06930317729711533}, "right_knee": {"x": 0.5020639896392822, "y": 0.6938355565071106, "z": 0.06683442741632462, "x_normalized": 16.133651126664166, "y_normalized": 22.418382110862762, "z_normalized": 0.06683442741632462}, "left_ankle": {"x": 0.5259248614311218, "y": 0.7980820536613464, "z": -0.011873600073158741, "x_normalized": 16.92489123545774, "y_normalized": 25.875255374725484, "z_normalized": -0.011873600073158741}, "right_ankle": {"x": 0.5111083388328552, "y": 0.7647028565406799, "z": 0.25085482001304626, "x_normalized": 16.4335669010047, "y_normalized": 24.768382172790304, "z_normalized": 0.25085482001304626}, "left_heel": {"x": 0.5237613916397095, "y": 0.8075400590896606, "z": -0.010987569577991962, "x_normalized": 16.853149344043942, "y_normalized": 26.18888822558506, "z_normalized": -0.010987569577991962}, "right_heel": {"x": 0.5140243172645569, "y": 0.7734067440032959, "z": 0.264689177274704, "x_normalized": 16.530262407843995, "y_normalized": 25.057008042076546, "z_normalized": 0.264689177274704}, "left_foot_index": {"x": 0.5246744155883789, "y": 0.8393177390098572, "z": -0.10142820328474045, "x_normalized": 16.883425738585547, "y_normalized": 27.242654204322804, "z_normalized": -0.10142820328474045}, "right_foot_index": {"x": 0.5036571621894836, "y": 0.7975582480430603, "z": 0.21260347962379456, "x_normalized": 16.186481636502428, "y_normalized": 25.857885681865344, "z_normalized": 0.21260347962379456}}}