{"sequence_id": 1697925405990398000, "sequence_source": "mediapipe", "frame_number": 125, "image_dimensions": {"height": 1080, "width": 1920}, "joint_positions": {"nose": {"x": 0.5116468667984009, "y": 0.39532023668289185, "z": -0.1693083792924881, "x_normalized": 53.67456860294741, "y_normalized": 41.29092524434415, "z_normalized": -0.1693083792924881}, "left_eye_inner": {"x": 0.5111294984817505, "y": 0.39175400137901306, "z": -0.17799560725688934, "x_normalized": 53.61977602557052, "y_normalized": 40.913238367232914, "z_normalized": -0.17799560725688934}, "left_eye": {"x": 0.5107611417770386, "y": 0.39207595586776733, "z": -0.17798516154289246, "x_normalized": 53.5807647204796, "y_normalized": 40.94733538413398, "z_normalized": -0.17798516154289246}, "left_eye_outer": {"x": 0.510267436504364, "y": 0.3922768831253052, "z": -0.1780107319355011, "x_normalized": 53.52847820914172, "y_normalized": 40.968614851684386, "z_normalized": -0.1780107319355011}, "right_eye_inner": {"x": 0.5100676417350769, "y": 0.3919104039669037, "z": -0.1701999455690384, "x_normalized": 53.50731867926069, "y_normalized": 40.92980239062427, "z_normalized": -0.1701999455690384}, "right_eye": {"x": 0.5100526213645935, "y": 0.39246657490730286, "z": -0.17024898529052734, "x_normalized": 53.50572792701426, "y_normalized": 40.988704411304425, "z_normalized": -0.17024898529052734}, "right_eye_outer": {"x": 0.510111391544342, "y": 0.3928997218608856, "z": -0.17025962471961975, "x_normalized": 53.51195206080385, "y_normalized": 41.03457741358529, "z_normalized": -0.17025962471961975}, "left_ear": {"x": 0.5098850727081299, "y": 0.3993849456310272, "z": -0.15682418644428253, "x_normalized": 53.487983464455915, "y_normalized": 41.72140363350642, "z_normalized": -0.15682418644428253}, "right_ear": {"x": 0.5097947716712952, "y": 0.3994722068309784, "z": -0.137006938457489, "x_normalized": 53.47842001345062, "y_normalized": 41.73064514655709, "z_normalized": -0.137006938457489}, "mouth_left": {"x": 0.512416422367096, "y": 0.4051315188407898, "z": -0.16746219992637634, "x_normalized": 53.75606940554108, "y_normalized": 42.33000208670599, "z_normalized": -0.16746219992637634}, "mouth_right": {"x": 0.5111093521118164, "y": 0.40592822432518005, "z": -0.15616022050380707, "x_normalized": 53.617642397557454, "y_normalized": 42.414378237110164, "z_normalized": -0.15616022050380707}, "left_shoulder": {"x": 0.5005619525909424, "y": 0.4428592622280121, "z": -0.12534424662590027, "x_normalized": 52.50060607010292, "y_normalized": 46.3256087604653, "z_normalized": -0.12534424662590027}, "right_shoulder": {"x": 0.5147579312324524, "y": 0.44303134083747864, "z": -0.06949102878570557, "x_normalized": 54.00405000573392, "y_normalized": 46.34383297370114, "z_normalized": -0.06949102878570557}, "left_elbow": {"x": 0.5283291935920715, "y": 0.4540480077266693, "z": -0.043285030871629715, "x_normalized": 55.44133253543322, "y_normalized": 47.51056768383866, "z_normalized": -0.043285030871629715}, "right_elbow": {"x": 0.5048184990882874, "y": 0.4655824601650238, "z": 0.04880097135901451, "x_normalized": 52.951401269206144, "y_normalized": 48.73213915891547, "z_normalized": 0.04880097135901451}, "left_wrist": {"x": 0.544005811214447, "y": 0.47843825817108154, "z": 0.052544377744197845, "x_normalized": 57.10158550500655, "y_normalized": 50.09364948786091, "z_normalized": 0.052544377744197845}, "right_wrist": {"x": 0.5077880024909973, "y": 0.4743245542049408, "z": 0.1601427048444748, "x_normalized": 53.265890463320986, "y_normalized": 49.65798221637101, "z_normalized": 0.1601427048444748}, "left_pinky": {"x": 0.5469714403152466, "y": 0.48232942819595337, "z": 0.06211931258440018, "x_normalized": 57.41566438604195, "y_normalized": 50.50574900731893, "z_normalized": 0.06211931258440018}, "right_pinky": {"x": 0.5088112354278564, "y": 0.48001137375831604, "z": 0.1769646555185318, "x_normalized": 53.37425730385429, "y_normalized": 50.26025237938391, "z_normalized": 0.1769646555185318}, "left_index": {"x": 0.5475501418113708, "y": 0.4810190796852112, "z": 0.04922373220324516, "x_normalized": 57.47695253509175, "y_normalized": 50.36697481134502, "z_normalized": 0.04922373220324516}, "right_index": {"x": 0.5107243657112122, "y": 0.478439599275589, "z": 0.1663440614938736, "x_normalized": 53.57686990247942, "y_normalized": 50.09379151931148, "z_normalized": 0.1663440614938736}, "left_thumb": {"x": 0.5436226725578308, "y": 0.4868704378604889, "z": 0.05044131353497505, "x_normalized": 57.06100869770486, "y_normalized": 50.98667065521608, "z_normalized": 0.05044131353497505}, "right_thumb": {"x": 0.5098546147346497, "y": 0.4758208096027374, "z": 0.15917859971523285, "x_normalized": 53.48475777240066, "y_normalized": 49.816445127648905, "z_normalized": 0.15917859971523285}, "left_hip": {"x": 0.5164287090301514, "y": 0.5741718411445618, "z": -0.028946664184331894, "x_normalized": 54.180995943113146, "y_normalized": 60.23244149314366, "z_normalized": -0.028946664184331894}, "right_hip": {"x": 0.5077133774757385, "y": 0.5778050422668457, "z": 0.02895934320986271, "x_normalized": 53.25798720216017, "y_normalized": 60.617220474020215, "z_normalized": 0.02895934320986271}, "left_knee": {"x": 0.5155477523803711, "y": 0.6761203408241272, "z": -0.01520675327628851, "x_normalized": 54.08769706135848, "y_normalized": 71.02943249042079, "z_normalized": -0.01520675327628851}, "right_knee": {"x": 0.5082071423530579, "y": 0.6812056303024292, "z": 0.03833307325839996, "x_normalized": 53.310280026006964, "y_normalized": 71.56799681346968, "z_normalized": 0.03833307325839996}, "left_ankle": {"x": 0.5200222134590149, "y": 0.7613378167152405, "z": 0.0807323157787323, "x_normalized": 54.56157079305272, "y_normalized": 80.05450223542906, "z_normalized": 0.0807323157787323}, "right_ankle": {"x": 0.5143141150474548, "y": 0.763705849647522, "z": 0.12686696648597717, "x_normalized": 53.95704706435738, "y_normalized": 80.3052919020888, "z_normalized": 0.12686696648597717}, "left_heel": {"x": 0.5226399302482605, "y": 0.7734914422035217, "z": 0.08615252375602722, "x_normalized": 54.83880355955483, "y_normalized": 81.34164805310853, "z_normalized": 0.08615252375602722}, "right_heel": {"x": 0.5180697441101074, "y": 0.7754098773002625, "z": 0.1323716938495636, "x_normalized": 54.354791938544096, "y_normalized": 81.54482246502704, "z_normalized": 0.1323716938495636}, "left_foot_index": {"x": 0.5134217143058777, "y": 0.7868350744247437, "z": 0.019802862778306007, "x_normalized": 53.86253618089116, "y_normalized": 82.75482311126378, "z_normalized": 0.019802862778306007}, "right_foot_index": {"x": 0.5038265585899353, "y": 0.7928309440612793, "z": 0.08005376160144806, "x_normalized": 52.846348495852894, "y_normalized": 83.38982363299779, "z_normalized": 0.08005376160144806}}}