{"sequence_id": 1697925405990398000, "sequence_source": "mediapipe", "frame_number": 479, "image_dimensions": {"height": 1080, "width": 1920}, "joint_positions": {"nose": {"x": 0.5250471234321594, "y": 0.4146384000778198, "z": -0.11062698066234589, "x_normalized": 30.042477515021513, "y_normalized": 23.62415086903532, "z_normalized": -0.11062698066234589}, "left_eye_inner": {"x": 0.5265601873397827, "y": 0.41031911969184875, "z": -0.10651479661464691, "x_normalized": 30.1305683924615, "y_normalized": 23.372681517878032, "z_normalized": -0.10651479661464691}, "left_eye": {"x": 0.5277345776557922, "y": 0.41020137071609497, "z": -0.10649188607931137, "x_normalized": 30.198941626977955, "y_normalized": 23.365826149417025, "z_normalized": -0.10649188607931137}, "left_eye_outer": {"x": 0.5288679599761963, "y": 0.4100974202156067, "z": -0.10652760416269302, "x_normalized": 30.264927367947877, "y_normalized": 23.359774130892095, "z_normalized": -0.10652760416269302}, "right_eye_inner": {"x": 0.5234127044677734, "y": 0.41074973344802856, "z": -0.1062491238117218, "x_normalized": 29.947321322376958, "y_normalized": 23.397751935213673, "z_normalized": -0.1062491238117218}, "right_eye": {"x": 0.5224233269691467, "y": 0.4109707176685333, "z": -0.10627450793981552, "x_normalized": 29.889719570372765, "y_normalized": 23.41061767987031, "z_normalized": -0.10627450793981552}, "right_eye_outer": {"x": 0.5215224027633667, "y": 0.4111662209033966, "z": -0.10624401271343231, "x_normalized": 29.837267586425337, "y_normalized": 23.421999916545637, "z_normalized": -0.10624401271343231}, "left_ear": {"x": 0.5309005975723267, "y": 0.41254761815071106, "z": -0.07072699815034866, "x_normalized": 30.38326792743019, "y_normalized": 23.502425135200326, "z_normalized": -0.07072699815034866}, "right_ear": {"x": 0.5201009511947632, "y": 0.41411492228507996, "z": -0.06960824877023697, "x_normalized": 29.754510397329852, "y_normalized": 23.593673889278897, "z_normalized": -0.06960824877023697}, "mouth_left": {"x": 0.5276086926460266, "y": 0.420099675655365, "z": -0.09645160287618637, "x_normalized": 30.19161257702116, "y_normalized": 23.942107404211175, "z_normalized": -0.09645160287618637}, "mouth_right": {"x": 0.5230143070220947, "y": 0.42050281167030334, "z": -0.09616505354642868, "x_normalized": 29.92412654495687, "y_normalized": 23.965578062062875, "z_normalized": -0.09616505354642868}, "left_shoulder": {"x": 0.5407823324203491, "y": 0.4381972849369049, "z": -0.034983132034540176, "x_normalized": 30.958584468262224, "y_normalized": 24.995753765838547, "z_normalized": -0.034983132034540176}, "right_shoulder": {"x": 0.5121498703956604, "y": 0.44070175290107727, "z": -0.0266855638474226, "x_normalized": 29.29159691386078, "y_normalized": 25.14156438188241, "z_normalized": -0.0266855638474226}, "left_elbow": {"x": 0.55464768409729, "y": 0.45143720507621765, "z": 0.02741871029138565, "x_normalized": 31.765827962130473, "y_normalized": 25.766584512928077, "z_normalized": 0.02741871029138565}, "right_elbow": {"x": 0.5014674067497253, "y": 0.45231255888938904, "z": 0.03492536395788193, "x_normalized": 28.66966178537742, "y_normalized": 25.81754778360303, "z_normalized": 0.03492536395788193}, "left_wrist": {"x": 0.5498940348625183, "y": 0.4715171754360199, "z": 0.08046076446771622, "x_normalized": 31.489069571408727, "y_normalized": 26.935644325307383, "z_normalized": 0.08046076446771622}, "right_wrist": {"x": 0.5071225762367249, "y": 0.4701736867427826, "z": 0.07882683724164963, "x_normalized": 28.99890686198768, "y_normalized": 26.857426150105596, "z_normalized": 0.07882683724164963}, "left_pinky": {"x": 0.5455803275108337, "y": 0.4783131778240204, "z": 0.08842594176530838, "x_normalized": 31.23792468340057, "y_normalized": 27.331308917151105, "z_normalized": 0.08842594176530838}, "right_pinky": {"x": 0.5087014436721802, "y": 0.47943922877311707, "z": 0.0850711241364479, "x_normalized": 29.09082883372327, "y_normalized": 27.3968678242457, "z_normalized": 0.0850711241364479}, "left_index": {"x": 0.5442559719085693, "y": 0.477472722530365, "z": 0.08018682152032852, "x_normalized": 31.160820440507557, "y_normalized": 27.28237744512658, "z_normalized": 0.08018682152032852}, "right_index": {"x": 0.5111611485481262, "y": 0.47649168968200684, "z": 0.07939931750297546, "x_normalized": 29.23403333399178, "y_normalized": 27.225261520297554, "z_normalized": 0.07939931750297546}, "left_thumb": {"x": 0.5444620847702026, "y": 0.4748169481754303, "z": 0.07919099926948547, "x_normalized": 31.17282037173417, "y_normalized": 27.127757741338716, "z_normalized": 0.07919099926948547}, "right_thumb": {"x": 0.5106926560401917, "y": 0.47179922461509705, "z": 0.07818643003702164, "x_normalized": 29.206757608300293, "y_normalized": 26.95206528382801, "z_normalized": 0.07818643003702164}, "left_hip": {"x": 0.5344211459159851, "y": 0.5169627666473389, "z": -0.004027456510812044, "x_normalized": 30.58823494243878, "y_normalized": 29.58149555830166, "z_normalized": -0.004027456510812044}, "right_hip": {"x": 0.5173168182373047, "y": 0.5153934359550476, "z": 0.00401564035564661, "x_normalized": 29.592417630529695, "y_normalized": 29.490128817623404, "z_normalized": 0.00401564035564661}, "left_knee": {"x": 0.5308026671409607, "y": 0.5801506042480469, "z": -0.017059439793229103, "x_normalized": 30.3775663985102, "y_normalized": 33.26030385564943, "z_normalized": -0.017059439793229103}, "right_knee": {"x": 0.5189447999000549, "y": 0.581351101398468, "z": -0.009310806170105934, "x_normalized": 29.68719904221055, "y_normalized": 33.330197035185336, "z_normalized": -0.009310806170105934}, "left_ankle": {"x": 0.5280415415763855, "y": 0.6329225301742554, "z": 0.02842644602060318, "x_normalized": 30.216813126635863, "y_normalized": 36.332695732566314, "z_normalized": 0.02842644602060318}, "right_ankle": {"x": 0.522307813167572, "y": 0.6339024305343628, "z": 0.0323454886674881, "x_normalized": 29.88299433419082, "y_normalized": 36.38974572370728, "z_normalized": 0.0323454886674881}, "left_heel": {"x": 0.5275266170501709, "y": 0.6381886601448059, "z": 0.03039945848286152, "x_normalized": 30.186834119733987, "y_normalized": 36.63929085223149, "z_normalized": 0.03039945848286152}, "right_heel": {"x": 0.5239473581314087, "y": 0.6405487060546875, "z": 0.033847372978925705, "x_normalized": 29.97844896352869, "y_normalized": 36.77669318795087, "z_normalized": 0.033847372978925705}, "left_foot_index": {"x": 0.5291212201118469, "y": 0.6503245830535889, "z": -0.011641793884336948, "x_normalized": 30.279672222714176, "y_normalized": 37.34584666404651, "z_normalized": -0.011641793884336948}, "right_foot_index": {"x": 0.5188840627670288, "y": 0.6510381102561951, "z": -0.0071736047975718975, "x_normalized": 29.68366291441416, "y_normalized": 37.38738835771734, "z_normalized": -0.0071736047975718975}}}