{"sequence_id": 1697925405990398000, "sequence_source": "mediapipe", "frame_number": 139, "image_dimensions": {"height": 1080, "width": 1920}, "joint_positions": {"nose": {"x": 0.5133604407310486, "y": 0.3952347934246063, "z": -0.19513636827468872, "x_normalized": 20.12731962032152, "y_normalized": 15.321124935101727, "z_normalized": -0.19513636827468872}, "left_eye_inner": {"x": 0.5146518349647522, "y": 0.38928622007369995, "z": -0.18398615717887878, "x_normalized": 20.179246851432687, "y_normalized": 15.081931561682062, "z_normalized": -0.18398615717887878}, "left_eye": {"x": 0.5157375335693359, "y": 0.3895419239997864, "z": -0.18396255373954773, "x_normalized": 20.22290301845429, "y_normalized": 15.092213469808478, "z_normalized": -0.18396255373954773}, "left_eye_outer": {"x": 0.5169174671173096, "y": 0.38992244005203247, "z": -0.18404056131839752, "x_normalized": 20.270348392177024, "y_normalized": 15.107514099523872, "z_normalized": -0.18404056131839752}, "right_eye_inner": {"x": 0.5118955969810486, "y": 0.38953495025634766, "z": -0.18416012823581696, "x_normalized": 20.068417948033687, "y_normalized": 15.091933054132303, "z_normalized": -0.18416012823581696}, "right_eye": {"x": 0.5107904672622681, "y": 0.3900456428527832, "z": -0.1841745525598526, "x_normalized": 20.023980451863086, "y_normalized": 15.112468109802963, "z_normalized": -0.1841745525598526}, "right_eye_outer": {"x": 0.5091143846511841, "y": 0.3905089795589447, "z": -0.18410685658454895, "x_normalized": 19.956584820973852, "y_normalized": 15.131098975262333, "z_normalized": -0.18410685658454895}, "left_ear": {"x": 0.5195316076278687, "y": 0.39649882912635803, "z": -0.11790262907743454, "x_normalized": 20.37546352658456, "y_normalized": 15.371952073944827, "z_normalized": -0.11790262907743454}, "right_ear": {"x": 0.5047682523727417, "y": 0.3966430425643921, "z": -0.11842729896306992, "x_normalized": 19.781825936837315, "y_normalized": 15.377750926325216, "z_normalized": -0.11842729896306992}, "mouth_left": {"x": 0.515847384929657, "y": 0.40557143092155457, "z": -0.1679251790046692, "x_normalized": 20.22732016453284, "y_normalized": 15.736763281787749, "z_normalized": -0.1679251790046692}, "mouth_right": {"x": 0.5114828944206238, "y": 0.4055711030960083, "z": -0.16832990944385529, "x_normalized": 20.05182309212056, "y_normalized": 15.736750099854255, "z_normalized": -0.16832990944385529}, "left_shoulder": {"x": 0.5356749296188354, "y": 0.4363933205604553, "z": -0.06379008293151855, "x_normalized": 21.02458986620192, "y_normalized": 16.976117883807404, "z_normalized": -0.06379008293151855}, "right_shoulder": {"x": 0.4898394048213959, "y": 0.4441215395927429, "z": -0.03777331858873367, "x_normalized": 19.181533867390073, "y_normalized": 17.286871180743262, "z_normalized": -0.03777331858873367}, "left_elbow": {"x": 0.559776246547699, "y": 0.4554767608642578, "z": 0.054209593683481216, "x_normalized": 21.993708839777824, "y_normalized": 17.7434669931571, "z_normalized": 0.054209593683481216}, "right_elbow": {"x": 0.4738841652870178, "y": 0.4582422971725464, "z": 0.08580239117145538, "x_normalized": 18.539970362526304, "y_normalized": 17.854669784124333, "z_normalized": 0.08580239117145538}, "left_wrist": {"x": 0.5579582452774048, "y": 0.47568485140800476, "z": 0.1600383073091507, "x_normalized": 21.92060663004267, "y_normalized": 18.556038522899165, "z_normalized": 0.1600383073091507}, "right_wrist": {"x": 0.4823112487792969, "y": 0.47933751344680786, "z": 0.18424290418624878, "x_normalized": 18.878825144959183, "y_normalized": 18.702912824262555, "z_normalized": 0.18424290418624878}, "left_pinky": {"x": 0.5595933198928833, "y": 0.4880174398422241, "z": 0.17765885591506958, "x_normalized": 21.98635332088739, "y_normalized": 19.051934472493162, "z_normalized": 0.17765885591506958}, "right_pinky": {"x": 0.4848081171512604, "y": 0.48908913135528564, "z": 0.20119930803775787, "x_normalized": 18.97922474224814, "y_normalized": 19.095027411447234, "z_normalized": 0.20119930803775787}, "left_index": {"x": 0.5566311478614807, "y": 0.4845275282859802, "z": 0.16155150532722473, "x_normalized": 21.86724376653809, "y_normalized": 18.911604401931445, "z_normalized": 0.16155150532722473}, "right_index": {"x": 0.48802420496940613, "y": 0.48879274725914, "z": 0.19186028838157654, "x_normalized": 19.108544303268424, "y_normalized": 19.083109745209796, "z_normalized": 0.19186028838157654}, "left_thumb": {"x": 0.5560649633407593, "y": 0.48054972290992737, "z": 0.15726378560066223, "x_normalized": 21.844477369033935, "y_normalized": 18.75165601925579, "z_normalized": 0.15726378560066223}, "right_thumb": {"x": 0.48684990406036377, "y": 0.4851042628288269, "z": 0.18364834785461426, "x_normalized": 19.06132541913029, "y_normalized": 18.934795018022633, "z_normalized": 0.18364834785461426}, "left_hip": {"x": 0.5273158550262451, "y": 0.5695590376853943, "z": -0.013226105831563473, "x_normalized": 20.68846973579054, "y_normalized": 22.330739105399935, "z_normalized": -0.013226105831563473}, "right_hip": {"x": 0.5027053952217102, "y": 0.5731378197669983, "z": 0.013109835796058178, "x_normalized": 19.698878021138686, "y_normalized": 22.4746426782965, "z_normalized": 0.013109835796058178}, "left_knee": {"x": 0.5257952809333801, "y": 0.6783620119094849, "z": -0.011246285401284695, "x_normalized": 20.627327134808493, "y_normalized": 26.705729360632773, "z_normalized": -0.011246285401284695}, "right_knee": {"x": 0.5065687894821167, "y": 0.6799329519271851, "z": 0.019402818754315376, "x_normalized": 19.854225909024443, "y_normalized": 26.768897185942752, "z_normalized": 0.019402818754315376}, "left_ankle": {"x": 0.5200153589248657, "y": 0.757849395275116, "z": 0.10838554054498672, "x_normalized": 20.39491526699342, "y_normalized": 29.901933601542154, "z_normalized": 0.10838554054498672}, "right_ankle": {"x": 0.51424640417099, "y": 0.7629014849662781, "z": 0.12438205629587173, "x_normalized": 20.162944394771642, "y_normalized": 30.10507918028225, "z_normalized": 0.12438205629587173}, "left_heel": {"x": 0.5209726691246033, "y": 0.7684556245803833, "z": 0.11682989448308945, "x_normalized": 20.43340890951518, "y_normalized": 30.328412290991764, "z_normalized": 0.11682989448308945}, "right_heel": {"x": 0.5168451070785522, "y": 0.7753708362579346, "z": 0.1305135041475296, "x_normalized": 20.26743877994731, "y_normalized": 30.606474392859017, "z_normalized": 0.1305135041475296}, "left_foot_index": {"x": 0.5187410712242126, "y": 0.785078227519989, "z": 0.05650543048977852, "x_normalized": 20.34367589313919, "y_normalized": 30.996810617379403, "z_normalized": 0.05650543048977852}, "right_foot_index": {"x": 0.5054466724395752, "y": 0.7946628928184509, "z": 0.0723796933889389, "x_normalized": 19.809105349027263, "y_normalized": 31.382212005342147, "z_normalized": 0.0723796933889389}}}