{"sequence_id": 1697925405990398000, "sequence_source": "mediapipe", "frame_number": 108, "image_dimensions": {"height": 1080, "width": 1920}, "joint_positions": {"nose": {"x": 0.5181369185447693, "y": 0.4060482978820801, "z": -0.1971556693315506, "x_normalized": 16.480173893874802, "y_normalized": 12.729135335325148, "z_normalized": -0.1971556693315506}, "left_eye_inner": {"x": 0.5208215117454529, "y": 0.39790499210357666, "z": -0.1879541575908661, "x_normalized": 16.568233123533176, "y_normalized": 12.46202103527217, "z_normalized": -0.1879541575908661}, "left_eye": {"x": 0.5227208137512207, "y": 0.398114413022995, "z": -0.18794220685958862, "x_normalized": 16.630533464409375, "y_normalized": 12.468890398136393, "z_normalized": -0.18794220685958862}, "left_eye_outer": {"x": 0.5244593024253845, "y": 0.3982137143611908, "z": -0.1879868507385254, "x_normalized": 16.687558854095116, "y_normalized": 12.472147651169495, "z_normalized": -0.1879868507385254}, "right_eye_inner": {"x": 0.5152422785758972, "y": 0.3975604772567749, "z": -0.1894855499267578, "x_normalized": 16.385224772446534, "y_normalized": 12.45072036148386, "z_normalized": -0.1894855499267578}, "right_eye": {"x": 0.513266921043396, "y": 0.3977997601032257, "z": -0.18952475488185883, "x_normalized": 16.320429680747864, "y_normalized": 12.458569246418664, "z_normalized": -0.18952475488185883}, "right_eye_outer": {"x": 0.5112637281417847, "y": 0.3980746269226074, "z": -0.18953274190425873, "x_normalized": 16.25472154153031, "y_normalized": 12.467585346275893, "z_normalized": -0.18953274190425873}, "left_ear": {"x": 0.5275601148605347, "y": 0.40376222133636475, "z": -0.12058718502521515, "x_normalized": 16.78927078359151, "y_normalized": 12.654148130744394, "z_normalized": -0.12058718502521515}, "right_ear": {"x": 0.5069863200187683, "y": 0.40426313877105713, "z": -0.12699374556541443, "x_normalized": 16.11441526937281, "y_normalized": 12.670579075816528, "z_normalized": -0.12699374556541443}, "mouth_left": {"x": 0.5224304795265198, "y": 0.41677770018577576, "z": -0.17084099352359772, "x_normalized": 16.621010007311995, "y_normalized": 13.081078006310692, "z_normalized": -0.17084099352359772}, "mouth_right": {"x": 0.5140344500541687, "y": 0.41691654920578003, "z": -0.17303651571273804, "x_normalized": 16.34560593963576, "y_normalized": 13.0856324906688, "z_normalized": -0.17303651571273804}, "left_shoulder": {"x": 0.5436281561851501, "y": 0.4532313942909241, "z": -0.06909940391778946, "x_normalized": 17.316329907783675, "y_normalized": 14.27682126465014, "z_normalized": -0.06909940391778946}, "right_shoulder": {"x": 0.4912800192832947, "y": 0.45091408491134644, "z": -0.0666034147143364, "x_normalized": 15.599221852658367, "y_normalized": 14.200809569919718, "z_normalized": -0.0666034147143364}, "left_elbow": {"x": 0.5719573497772217, "y": 0.47376519441604614, "z": -0.007032814901322126, "x_normalized": 18.245575710807202, "y_normalized": 14.950364884039782, "z_normalized": -0.007032814901322126}, "right_elbow": {"x": 0.4781407117843628, "y": 0.46152475476264954, "z": -0.0320521704852581, "x_normalized": 15.168230186470058, "y_normalized": 14.548857614229428, "z_normalized": -0.0320521704852581}, "left_wrist": {"x": 0.5546137094497681, "y": 0.497690886259079, "z": 0.027634499594569206, "x_normalized": 17.676674766590196, "y_normalized": 15.735168329196611, "z_normalized": 0.027634499594569206}, "right_wrist": {"x": 0.49086424708366394, "y": 0.4807223379611969, "z": -0.010805169120430946, "x_normalized": 15.585583816324398, "y_normalized": 15.178571042444972, "z_normalized": -0.010805169120430946}, "left_pinky": {"x": 0.5494483709335327, "y": 0.5100440979003906, "z": 0.02985917590558529, "x_normalized": 17.50724286512051, "y_normalized": 16.140374712295454, "z_normalized": 0.02985917590558529}, "right_pinky": {"x": 0.4939359426498413, "y": 0.49103060364723206, "z": -0.014648868702352047, "x_normalized": 15.68634066292363, "y_normalized": 15.516699715047938, "z_normalized": -0.014648868702352047}, "left_index": {"x": 0.5466910600662231, "y": 0.5093586444854736, "z": 0.019779345020651817, "x_normalized": 17.41679837213658, "y_normalized": 16.117890672751244, "z_normalized": 0.019779345020651817}, "right_index": {"x": 0.49649664759635925, "y": 0.4908226430416107, "z": -0.019088735803961754, "x_normalized": 15.770336146826121, "y_normalized": 15.509878252963613, "z_normalized": -0.019088735803961754}, "left_thumb": {"x": 0.5479377508163452, "y": 0.503434956073761, "z": 0.025707148015499115, "x_normalized": 17.457691952232818, "y_normalized": 15.923583603010169, "z_normalized": 0.025707148015499115}, "right_thumb": {"x": 0.49651801586151123, "y": 0.48644697666168213, "z": -0.01237295102328062, "x_normalized": 15.771037062319738, "y_normalized": 15.366348942615796, "z_normalized": -0.01237295102328062}, "left_hip": {"x": 0.5308398008346558, "y": 0.5896437168121338, "z": -0.01356461364775896, "x_normalized": 16.896850069842003, "y_normalized": 18.751377794879172, "z_normalized": -0.01356461364775896}, "right_hip": {"x": 0.5003593564033508, "y": 0.5902372002601624, "z": 0.013600284233689308, "x_normalized": 15.897039575059374, "y_normalized": 18.77084506285671, "z_normalized": 0.013600284233689308}, "left_knee": {"x": 0.5297970771789551, "y": 0.696756899356842, "z": -0.07339148968458176, "x_normalized": 16.862646957860573, "y_normalized": 22.264872628562678, "z_normalized": -0.07339148968458176}, "right_knee": {"x": 0.5024468898773193, "y": 0.6937376856803894, "z": 0.08293687552213669, "x_normalized": 15.9655142287078, "y_normalized": 22.165837277338984, "z_normalized": 0.08293687552213669}, "left_ankle": {"x": 0.5258891582489014, "y": 0.7984575629234314, "z": -0.017086492851376534, "x_normalized": 16.734460560584342, "y_normalized": 25.60082762060347, "z_normalized": -0.017086492851376534}, "right_ankle": {"x": 0.5110926032066345, "y": 0.7644200921058655, "z": 0.2806594967842102, "x_normalized": 16.24910835217975, "y_normalized": 24.48434060165737, "z_normalized": 0.2806594967842102}, "left_heel": {"x": 0.5237262845039368, "y": 0.8079103231430054, "z": -0.016271216794848442, "x_normalized": 16.663514617719922, "y_normalized": 25.910894256721388, "z_normalized": -0.016271216794848442}, "right_heel": {"x": 0.5139266848564148, "y": 0.7732508182525635, "z": 0.2974037826061249, "x_normalized": 16.342071057592634, "y_normalized": 24.774003460672382, "z_normalized": 0.2974037826061249}, "left_foot_index": {"x": 0.5245509147644043, "y": 0.8393267393112183, "z": -0.1089956983923912, "x_normalized": 16.690563894858546, "y_normalized": 26.941406218718175, "z_normalized": -0.1089956983923912}, "right_foot_index": {"x": 0.5034883618354797, "y": 0.7975406646728516, "z": 0.24408702552318573, "x_normalized": 15.99967628287789, "y_normalized": 25.57075179622881, "z_normalized": 0.24408702552318573}}}