{"sequence_id": 1697925405990398000, "sequence_source": "mediapipe", "frame_number": 90, "image_dimensions": {"height": 1080, "width": 1920}, "joint_positions": {"nose": {"x": 0.5212046504020691, "y": 0.4030713140964508, "z": -0.17983971536159515, "x_normalized": 15.963665783362913, "y_normalized": 12.157742594356419, "z_normalized": -0.17983971536159515}, "left_eye_inner": {"x": 0.5236230492591858, "y": 0.3936280310153961, "z": -0.16894038021564484, "x_normalized": 16.040161629770136, "y_normalized": 11.859044168320308, "z_normalized": -0.16894038021564484}, "left_eye": {"x": 0.5253283977508545, "y": 0.39338168501853943, "z": -0.168931782245636, "x_normalized": 16.094103135698983, "y_normalized": 11.851252051861467, "z_normalized": -0.168931782245636}, "left_eye_outer": {"x": 0.5270814895629883, "y": 0.3931335210800171, "z": -0.16898009181022644, "x_normalized": 16.149554800176954, "y_normalized": 11.843402432486585, "z_normalized": -0.16898009181022644}, "right_eye_inner": {"x": 0.518774688243866, "y": 0.39440178871154785, "z": -0.1730041354894638, "x_normalized": 15.886804180702843, "y_normalized": 11.883518729126129, "z_normalized": -0.1730041354894638}, "right_eye": {"x": 0.5170736312866211, "y": 0.3947838842868805, "z": -0.17304937541484833, "x_normalized": 15.832998419362681, "y_normalized": 11.8956047108729, "z_normalized": -0.17304937541484833}, "right_eye_outer": {"x": 0.5153895020484924, "y": 0.3950965404510498, "z": -0.17308682203292847, "x_normalized": 15.779728095011222, "y_normalized": 11.905494269761082, "z_normalized": -0.17308682203292847}, "left_ear": {"x": 0.531228244304657, "y": 0.3977004885673523, "z": -0.09455569088459015, "x_normalized": 16.2807198943357, "y_normalized": 11.987859184287437, "z_normalized": -0.09455569088459015}, "right_ear": {"x": 0.5116395950317383, "y": 0.40044310688972473, "z": -0.11174670606851578, "x_normalized": 15.661115604622857, "y_normalized": 12.074610345835689, "z_normalized": -0.11174670606851578}, "mouth_left": {"x": 0.5251248478889465, "y": 0.41350528597831726, "z": -0.15083767473697662, "x_normalized": 16.087664694443976, "y_normalized": 12.487777281622243, "z_normalized": -0.15083767473697662}, "mouth_right": {"x": 0.5184321403503418, "y": 0.41519367694854736, "z": -0.15608160197734833, "x_normalized": 15.87596912304764, "y_normalized": 12.541182407891633, "z_normalized": -0.15608160197734833}, "left_shoulder": {"x": 0.549452006816864, "y": 0.44232097268104553, "z": -0.04436663165688515, "x_normalized": 16.85715174882207, "y_normalized": 13.399239978374663, "z_normalized": -0.04436663165688515}, "right_shoulder": {"x": 0.495371550321579, "y": 0.4451594650745392, "z": -0.06908329576253891, "x_normalized": 15.14654463307607, "y_normalized": 13.489023711740975, "z_normalized": -0.06908329576253891}, "left_elbow": {"x": 0.5805777907371521, "y": 0.4640367925167084, "z": -0.0422665998339653, "x_normalized": 17.841684626458914, "y_normalized": 14.08612833587922, "z_normalized": -0.0422665998339653}, "right_elbow": {"x": 0.4826057553291321, "y": 0.4552265405654907, "z": -0.09465963393449783, "x_normalized": 14.742752557945598, "y_normalized": 13.807453179344956, "z_normalized": -0.09465963393449783}, "left_wrist": {"x": 0.5650414824485779, "y": 0.49715456366539, "z": -0.08176711946725845, "x_normalized": 17.35025904995374, "y_normalized": 15.13366932676419, "z_normalized": -0.08176711946725845}, "right_wrist": {"x": 0.5074090361595154, "y": 0.4407775104045868, "z": -0.119590625166893, "x_normalized": 15.527299720301727, "y_normalized": 13.350419059985668, "z_normalized": -0.119590625166893}, "left_pinky": {"x": 0.5597549080848694, "y": 0.511688768863678, "z": -0.09352125972509384, "x_normalized": 17.183040570108464, "y_normalized": 15.59339759914058, "z_normalized": -0.09352125972509384}, "right_pinky": {"x": 0.5146259665489197, "y": 0.44034603238105774, "z": -0.1353629231452942, "x_normalized": 15.755576870274286, "y_normalized": 13.33677107279826, "z_normalized": -0.1353629231452942}, "left_index": {"x": 0.5560625195503235, "y": 0.5058015584945679, "z": -0.1014462560415268, "x_normalized": 17.066247434276782, "y_normalized": 15.407180532903881, "z_normalized": -0.1014462560415268}, "right_index": {"x": 0.5158201456069946, "y": 0.4414154887199402, "z": -0.1307111233472824, "x_normalized": 15.7933496874175, "y_normalized": 13.370598812832805, "z_normalized": -0.1307111233472824}, "left_thumb": {"x": 0.5571044683456421, "y": 0.5009908080101013, "z": -0.08561114221811295, "x_normalized": 17.09920508920468, "y_normalized": 15.255012734329094, "z_normalized": -0.08561114221811295}, "right_thumb": {"x": 0.5139298439025879, "y": 0.44315043091773987, "z": -0.11943250149488449, "x_normalized": 15.733557966784613, "y_normalized": 13.425476390821128, "z_normalized": -0.11943250149488449}, "left_hip": {"x": 0.538252055644989, "y": 0.5917702913284302, "z": -0.0013542103115469217, "x_normalized": 16.502888537817416, "y_normalized": 18.12643875754725, "z_normalized": -0.0013542103115469217}, "right_hip": {"x": 0.506637454032898, "y": 0.591666042804718, "z": 0.0013999787624925375, "x_normalized": 15.502893974461006, "y_normalized": 18.1231412952471, "z_normalized": 0.0013999787624925375}, "left_knee": {"x": 0.532602846622467, "y": 0.7086694240570068, "z": -0.05354272574186325, "x_normalized": 16.324199640228226, "y_normalized": 21.824049710359258, "z_normalized": -0.05354272574186325}, "right_knee": {"x": 0.5042670369148254, "y": 0.7023728489875793, "z": 0.025559335947036743, "x_normalized": 15.427915827968945, "y_normalized": 21.624884118635183, "z_normalized": 0.025559335947036743}, "left_ankle": {"x": 0.524691641330719, "y": 0.8016766309738159, "z": 0.05221538618206978, "x_normalized": 16.073962032352792, "y_normalized": 24.765940372495685, "z_normalized": 0.05221538618206978}, "right_ankle": {"x": 0.505158543586731, "y": 0.7592477202415466, "z": 0.23609678447246552, "x_normalized": 15.45611488092682, "y_normalized": 23.423880757701205, "z_normalized": 0.23609678447246552}, "left_heel": {"x": 0.5214375257492065, "y": 0.8073343634605408, "z": 0.058842822909355164, "x_normalized": 15.971031812640604, "y_normalized": 24.94489887392073, "z_normalized": 0.058842822909355164}, "right_heel": {"x": 0.5069560408592224, "y": 0.7629296183586121, "z": 0.25447505712509155, "x_normalized": 15.512971124829384, "y_normalized": 23.54034207342721, "z_normalized": 0.25447505712509155}, "left_foot_index": {"x": 0.5230311155319214, "y": 0.8391103744506836, "z": -0.02805677428841591, "x_normalized": 16.021438303239105, "y_normalized": 25.94999894208492, "z_normalized": -0.02805677428841591}, "right_foot_index": {"x": 0.5027271509170532, "y": 0.800631582736969, "z": 0.1979784220457077, "x_normalized": 15.379208030070522, "y_normalized": 24.73288467980929, "z_normalized": 0.1979784220457077}}}