{"sequence_id": 1697925405990398000, "sequence_source": "mediapipe", "frame_number": 128, "image_dimensions": {"height": 1080, "width": 1920}, "joint_positions": {"nose": {"x": 0.5116783976554871, "y": 0.3935006558895111, "z": -0.06065946817398071, "x_normalized": 23.694586186366386, "y_normalized": 18.04410360478749, "z_normalized": -0.06065946817398071}, "left_eye_inner": {"x": 0.5100666284561157, "y": 0.38952821493148804, "z": -0.0776146650314331, "x_normalized": 23.618331268467017, "y_normalized": 17.856162205217192, "z_normalized": -0.0776146650314331}, "left_eye": {"x": 0.5088712573051453, "y": 0.38988956809043884, "z": -0.07759983837604523, "x_normalized": 23.56177668918105, "y_normalized": 17.873258297808626, "z_normalized": -0.07759983837604523}, "left_eye_outer": {"x": 0.5073756575584412, "y": 0.3900853991508484, "z": -0.07760799676179886, "x_normalized": 23.491017900677257, "y_normalized": 17.88252332250292, "z_normalized": -0.07760799676179886}, "right_eye_inner": {"x": 0.5115484595298767, "y": 0.38925236463546753, "z": -0.07633345574140549, "x_normalized": 23.68843864296856, "y_normalized": 17.843111365379972, "z_normalized": -0.07633345574140549}, "right_eye": {"x": 0.5127094984054565, "y": 0.38944390416145325, "z": -0.07637464255094528, "x_normalized": 23.743368917209967, "y_normalized": 17.852173351943694, "z_normalized": -0.07637464255094528}, "right_eye_outer": {"x": 0.5139076113700867, "y": 0.3893631398677826, "z": -0.07641751319169998, "x_normalized": 23.800053215301578, "y_normalized": 17.848352287125323, "z_normalized": -0.07641751319169998}, "left_ear": {"x": 0.5040745139122009, "y": 0.3985295593738556, "z": -0.11821958422660828, "x_normalized": 23.33483645868403, "y_normalized": 18.28202763415356, "z_normalized": -0.11821958422660828}, "right_ear": {"x": 0.5180824398994446, "y": 0.39481890201568604, "z": -0.11215255409479141, "x_normalized": 23.997569836710095, "y_normalized": 18.10647156054806, "z_normalized": -0.11215255409479141}, "mouth_left": {"x": 0.5109400749206543, "y": 0.4042007029056549, "z": -0.06946827471256256, "x_normalized": 23.659655167986166, "y_normalized": 18.550336883754298, "z_normalized": -0.06946827471256256}, "mouth_right": {"x": 0.5132318735122681, "y": 0.4038563072681427, "z": -0.06797177344560623, "x_normalized": 23.768083169658844, "y_normalized": 18.534043073776022, "z_normalized": -0.06797177344560623}, "left_shoulder": {"x": 0.48502296209335327, "y": 0.4426998496055603, "z": -0.11668045818805695, "x_normalized": 22.433482517705077, "y_normalized": 20.371782083192414, "z_normalized": -0.11668045818805695}, "right_shoulder": {"x": 0.5362728238105774, "y": 0.43973860144615173, "z": -0.09809079766273499, "x_normalized": 24.85818079282125, "y_normalized": 20.23168154313777, "z_normalized": -0.09809079766273499}, "left_elbow": {"x": 0.4753270149230957, "y": 0.45651495456695557, "z": -0.032624758780002594, "x_normalized": 21.974754521343677, "y_normalized": 21.02539284521299, "z_normalized": -0.032624758780002594}, "right_elbow": {"x": 0.5570434927940369, "y": 0.46004655957221985, "z": -0.031071778386831284, "x_normalized": 25.84086842493787, "y_normalized": 21.19247771681525, "z_normalized": -0.031071778386831284}, "left_wrist": {"x": 0.4854944944381714, "y": 0.46656954288482666, "z": 0.0965137705206871, "x_normalized": 22.455791332301505, "y_normalized": 21.5010886253472, "z_normalized": 0.0965137705206871}, "right_wrist": {"x": 0.5538961291313171, "y": 0.4640442728996277, "z": 0.08368773758411407, "x_normalized": 25.691962515956753, "y_normalized": 21.381614785376687, "z_normalized": 0.08368773758411407}, "left_pinky": {"x": 0.49499061703681946, "y": 0.4710192382335663, "z": 0.1124717965722084, "x_normalized": 22.905065365708218, "y_normalized": 21.71160955702135, "z_normalized": 0.1124717965722084}, "right_pinky": {"x": 0.5515391230583191, "y": 0.46514537930488586, "z": 0.09940368682146072, "x_normalized": 25.58044946268902, "y_normalized": 21.433709575725196, "z_normalized": 0.09940368682146072}, "left_index": {"x": 0.4982638359069824, "y": 0.46944400668144226, "z": 0.10908112674951553, "x_normalized": 23.05992564986572, "y_normalized": 21.637083283205865, "z_normalized": 0.10908112674951553}, "right_index": {"x": 0.5509853959083557, "y": 0.4659690260887146, "z": 0.09685777872800827, "x_normalized": 25.554251903897367, "y_normalized": 21.47267738693752, "z_normalized": 0.09685777872800827}, "left_thumb": {"x": 0.49881377816200256, "y": 0.4691057801246643, "z": 0.09882484376430511, "x_normalized": 23.085944140306108, "y_normalized": 21.621081340540282, "z_normalized": 0.09882484376430511}, "right_thumb": {"x": 0.5472741723060608, "y": 0.4650970995426178, "z": 0.0862426906824112, "x_normalized": 25.378669040538522, "y_normalized": 21.43142539675628, "z_normalized": 0.0862426906824112}, "left_hip": {"x": 0.5030226111412048, "y": 0.5729182362556458, "z": -0.023127727210521698, "x_normalized": 23.28506955690199, "y_normalized": 26.53258499893489, "z_normalized": -0.023127727210521698}, "right_hip": {"x": 0.5241591930389404, "y": 0.5729403495788574, "z": 0.0231360774487257, "x_normalized": 24.285069009623776, "y_normalized": 26.533631209302136, "z_normalized": 0.0231360774487257}, "left_knee": {"x": 0.5091346502304077, "y": 0.675697386264801, "z": 0.009637515060603619, "x_normalized": 23.574238154444807, "y_normalized": 31.3952015874466, "z_normalized": 0.009637515060603619}, "right_knee": {"x": 0.516837477684021, "y": 0.6745021939277649, "z": 0.03437042236328125, "x_normalized": 23.938669039026426, "y_normalized": 31.338655468082738, "z_normalized": 0.03437042236328125}, "left_ankle": {"x": 0.5174478888511658, "y": 0.7599730491638184, "z": 0.049463603645563126, "x_normalized": 23.96754839312603, "y_normalized": 35.38239389623762, "z_normalized": 0.049463603645563126}, "right_ankle": {"x": 0.5168560743331909, "y": 0.7625284194946289, "z": 0.08659268915653229, "x_normalized": 23.939548870925563, "y_normalized": 35.50329182309616, "z_normalized": 0.08659268915653229}, "left_heel": {"x": 0.5199082493782043, "y": 0.7724536657333374, "z": 0.052984170615673065, "x_normalized": 24.083951281371668, "y_normalized": 35.972868259572905, "z_normalized": 0.052984170615673065}, "right_heel": {"x": 0.5196365118026733, "y": 0.7752646207809448, "z": 0.09103842824697495, "x_normalized": 24.07109501974291, "y_normalized": 36.10585823509653, "z_normalized": 0.09103842824697495}, "left_foot_index": {"x": 0.5112115144729614, "y": 0.7869172692298889, "z": 0.031254202127456665, "x_normalized": 23.672497329744747, "y_normalized": 36.6571603391019, "z_normalized": 0.031254202127456665}, "right_foot_index": {"x": 0.5073400139808655, "y": 0.7883572578430176, "z": 0.06879003345966339, "x_normalized": 23.489331556203908, "y_normalized": 36.72528809183038, "z_normalized": 0.06879003345966339}}}