{"sequence_id": 1697925405990398000, "sequence_source": "mediapipe", "frame_number": 564, "image_dimensions": {"height": 1080, "width": 1920}, "joint_positions": {"nose": {"x": 0.5199511051177979, "y": 0.42126408219337463, "z": -0.053971026092767715, "x_normalized": 31.972478315239, "y_normalized": 25.816854494878868, "z_normalized": -0.053971026092767715}, "left_eye_inner": {"x": 0.5212563276290894, "y": 0.4177553057670593, "z": -0.04802151396870613, "x_normalized": 32.05404904129642, "y_normalized": 25.597571239961283, "z_normalized": -0.04802151396870613}, "left_eye": {"x": 0.5222557187080383, "y": 0.41784369945526123, "z": -0.04798760265111923, "x_normalized": 32.11650663394437, "y_normalized": 25.603095460745973, "z_normalized": -0.04798760265111923}, "left_eye_outer": {"x": 0.5231991410255432, "y": 0.41796836256980896, "z": -0.04801298305392265, "x_normalized": 32.175466422602554, "y_normalized": 25.610886362816895, "z_normalized": -0.04801298305392265}, "right_eye_inner": {"x": 0.5187270045280457, "y": 0.4176305830478668, "z": -0.049386437982320786, "x_normalized": 31.895977356199758, "y_normalized": 25.589776612859485, "z_normalized": -0.049386437982320786}, "right_eye": {"x": 0.5177549123764038, "y": 0.41774019598960876, "z": -0.04941103979945183, "x_normalized": 31.83522582769165, "y_normalized": 25.59662694463497, "z_normalized": -0.04941103979945183}, "right_eye_outer": {"x": 0.5168265700340271, "y": 0.4178776443004608, "z": -0.04936162382364273, "x_normalized": 31.777208471844347, "y_normalized": 25.605216865828158, "z_normalized": -0.04936162382364273}, "left_ear": {"x": 0.5251610279083252, "y": 0.4200764000415802, "z": -0.012551156803965569, "x_normalized": 32.29807581378805, "y_normalized": 25.742629529703045, "z_normalized": -0.012551156803965569}, "right_ear": {"x": 0.5147201418876648, "y": 0.4211122691631317, "z": -0.01943935826420784, "x_normalized": 31.64556588079177, "y_normalized": 25.807366841245283, "z_normalized": -0.01943935826420784}, "mouth_left": {"x": 0.5219542980194092, "y": 0.4267391264438629, "z": -0.04108152166008949, "x_normalized": 32.0976691528195, "y_normalized": 26.159020930751122, "z_normalized": -0.04108152166008949}, "mouth_right": {"x": 0.5185878276824951, "y": 0.4273916184902191, "z": -0.042995162308216095, "x_normalized": 31.88727940911125, "y_normalized": 26.19979884371809, "z_normalized": -0.042995162308216095}, "left_shoulder": {"x": 0.5326067209243774, "y": 0.44152119755744934, "z": 0.01062230858951807, "x_normalized": 32.763399220384144, "y_normalized": 27.082836037322178, "z_normalized": 0.01062230858951807}, "right_shoulder": {"x": 0.5072107911109924, "y": 0.44611191749572754, "z": 0.016050174832344055, "x_normalized": 31.176264141223296, "y_normalized": 27.369736052646847, "z_normalized": 0.016050174832344055}, "left_elbow": {"x": 0.547440230846405, "y": 0.45157530903816223, "z": 0.05457499250769615, "x_normalized": 33.690429028598615, "y_normalized": 27.711174244983425, "z_normalized": 0.05457499250769615}, "right_elbow": {"x": 0.4969731271266937, "y": 0.4532257616519928, "z": 0.06739379465579987, "x_normalized": 30.536454700988575, "y_normalized": 27.81432034985739, "z_normalized": 0.06739379465579987}, "left_wrist": {"x": 0.5376905798912048, "y": 0.47053712606430054, "z": 0.1031821072101593, "x_normalized": 33.08111827863676, "y_normalized": 28.896205279009667, "z_normalized": 0.1031821072101593}, "right_wrist": {"x": 0.5116530656814575, "y": 0.4573502242565155, "z": 0.12105845659971237, "x_normalized": 31.453886967158706, "y_normalized": 28.07208131117785, "z_normalized": 0.12105845659971237}, "left_pinky": {"x": 0.5362962484359741, "y": 0.4771614968776703, "z": 0.10732044279575348, "x_normalized": 32.99397863142416, "y_normalized": 29.310199622690956, "z_normalized": 0.10732044279575348}, "right_pinky": {"x": 0.5147640705108643, "y": 0.45851024985313416, "z": 0.12436413019895554, "x_normalized": 31.648311228545182, "y_normalized": 28.144577862028594, "z_normalized": 0.12436413019895554}, "left_index": {"x": 0.5344482064247131, "y": 0.476754754781723, "z": 0.10030200332403183, "x_normalized": 32.878484049206136, "y_normalized": 29.28478001201346, "z_normalized": 0.10030200332403183}, "right_index": {"x": 0.5159121751785278, "y": 0.45793581008911133, "z": 0.1258193403482437, "x_normalized": 31.720062773221322, "y_normalized": 28.108677876989848, "z_normalized": 0.1258193403482437}, "left_thumb": {"x": 0.5345267653465271, "y": 0.4746454954147339, "z": 0.10369271785020828, "x_normalized": 32.88339363989678, "y_normalized": 29.152960481994413, "z_normalized": 0.10369271785020828}, "right_thumb": {"x": 0.5148525238037109, "y": 0.4570913314819336, "z": 0.12231124937534332, "x_normalized": 31.653839174360748, "y_normalized": 28.05590163958088, "z_normalized": 0.12231124937534332}, "left_hip": {"x": 0.5301882028579712, "y": 0.5098265409469604, "z": -0.002793842228129506, "x_normalized": 32.612252367680426, "y_normalized": 31.351622704486566, "z_normalized": -0.002793842228129506}, "right_hip": {"x": 0.51421719789505, "y": 0.5108076930046082, "z": 0.0028869432862848043, "x_normalized": 31.61413407028521, "y_normalized": 31.41294043768737, "z_normalized": 0.0028869432862848043}, "left_knee": {"x": 0.5304492115974426, "y": 0.5645095705986023, "z": -0.014646658673882484, "x_normalized": 32.62856427787339, "y_normalized": 34.76907405329172, "z_normalized": -0.014646658673882484}, "right_knee": {"x": 0.5164316892623901, "y": 0.5694313049316406, "z": -0.015613477677106857, "x_normalized": 31.752530142310576, "y_normalized": 35.07666102756971, "z_normalized": -0.015613477677106857}, "left_ankle": {"x": 0.5344645977020264, "y": 0.6057435870170593, "z": 0.04737813025712967, "x_normalized": 32.87950843269622, "y_normalized": 37.34602061100093, "z_normalized": 0.04737813025712967}, "right_ankle": {"x": 0.5203819870948792, "y": 0.6181197166442871, "z": 0.03328471630811691, "x_normalized": 31.999406563420074, "y_normalized": 38.11947484638248, "z_normalized": 0.03328471630811691}, "left_heel": {"x": 0.5336138010025024, "y": 0.6110530495643616, "z": 0.05154814571142197, "x_normalized": 32.82633734201471, "y_normalized": 37.67783891110793, "z_normalized": 0.05154814571142197}, "right_heel": {"x": 0.522212564945221, "y": 0.6247110962867737, "z": 0.036002591252326965, "x_normalized": 32.1138097115923, "y_normalized": 38.531407385475546, "z_normalized": 0.036002591252326965}, "left_foot_index": {"x": 0.5358132719993591, "y": 0.6240804195404053, "z": 0.017620839178562164, "x_normalized": 32.963794706260074, "y_normalized": 38.49199283380811, "z_normalized": 0.017620839178562164}, "right_foot_index": {"x": 0.5167568325996399, "y": 0.6358533501625061, "z": -6.857061816845089e-05, "x_normalized": 31.77285018572291, "y_normalized": 39.227749756754676, "z_normalized": -6.857061816845089e-05}}}