{"sequence_id": 1697925405990398000, "sequence_source": "mediapipe", "frame_number": 521, "image_dimensions": {"height": 1080, "width": 1920}, "joint_positions": {"nose": {"x": 0.5157440304756165, "y": 0.4231632351875305, "z": -0.08133590221405029, "x_normalized": 33.53032636531481, "y_normalized": 27.41775065471091, "z_normalized": -0.08133590221405029}, "left_eye_inner": {"x": 0.517029881477356, "y": 0.4194404184818268, "z": -0.07647442817687988, "x_normalized": 33.61521782670583, "y_normalized": 27.17197151683989, "z_normalized": -0.07647442817687988}, "left_eye": {"x": 0.5178910493850708, "y": 0.41947251558303833, "z": -0.07648833096027374, "x_normalized": 33.67207184952035, "y_normalized": 27.17409055693441, "z_normalized": -0.07648833096027374}, "left_eye_outer": {"x": 0.5187985897064209, "y": 0.4195125699043274, "z": -0.07650996744632721, "x_normalized": 33.731987363873465, "y_normalized": 27.176734930088575, "z_normalized": -0.07650996744632721}, "right_eye_inner": {"x": 0.514805257320404, "y": 0.4196639657020569, "z": -0.07641952484846115, "x_normalized": 33.468348869514095, "y_normalized": 27.186730030998657, "z_normalized": -0.07641952484846115}, "right_eye": {"x": 0.5141168236732483, "y": 0.41989436745643616, "z": -0.0764133632183075, "x_normalized": 33.42289870592691, "y_normalized": 27.201941079253743, "z_normalized": -0.0764133632183075}, "right_eye_outer": {"x": 0.5134223699569702, "y": 0.42012083530426025, "z": -0.07640471309423447, "x_normalized": 33.37705109935078, "y_normalized": 27.216892412288335, "z_normalized": -0.07640471309423447}, "left_ear": {"x": 0.5209168791770935, "y": 0.4224795699119568, "z": -0.044978950172662735, "x_normalized": 33.87183613995355, "y_normalized": 27.3726152974516, "z_normalized": -0.044978950172662735}, "right_ear": {"x": 0.5125421285629272, "y": 0.42331698536872864, "z": -0.04378528892993927, "x_normalized": 33.31893785122475, "y_normalized": 27.427901191245383, "z_normalized": -0.04378528892993927}, "mouth_left": {"x": 0.5178677439689636, "y": 0.4282761216163635, "z": -0.06941822171211243, "x_normalized": 33.67053323359285, "y_normalized": 27.75530173977661, "z_normalized": -0.06941822171211243}, "mouth_right": {"x": 0.5144050121307373, "y": 0.4287376403808594, "z": -0.06921466439962387, "x_normalized": 33.441924813367955, "y_normalized": 27.78577105723597, "z_normalized": -0.06921466439962387}, "left_shoulder": {"x": 0.5306433439254761, "y": 0.44641613960266113, "z": -0.02312556654214859, "x_normalized": 34.513974152477175, "y_normalized": 28.952899777522124, "z_normalized": -0.02312556654214859}, "right_shoulder": {"x": 0.5044198632240295, "y": 0.4485194981098175, "z": -0.014551634900271893, "x_normalized": 32.78270855755702, "y_normalized": 29.09176281628805, "z_normalized": -0.014551634900271893}, "left_elbow": {"x": 0.547692596912384, "y": 0.45818474888801575, "z": 0.01086451206356287, "x_normalized": 35.63956024272091, "y_normalized": 29.729859502577554, "z_normalized": 0.01086451206356287}, "right_elbow": {"x": 0.4994893968105316, "y": 0.46202224493026733, "z": 0.02936488762497902, "x_normalized": 32.45720078207216, "y_normalized": 29.983209732634005, "z_normalized": 0.02936488762497902}, "left_wrist": {"x": 0.5380927920341492, "y": 0.47776874899864197, "z": 0.026772521436214447, "x_normalized": 35.00578427328151, "y_normalized": 31.022788766562304, "z_normalized": 0.026772521436214447}, "right_wrist": {"x": 0.505912721157074, "y": 0.4853036403656006, "z": 0.051788024604320526, "x_normalized": 32.881266548656995, "y_normalized": 31.520239823254286, "z_normalized": 0.051788024604320526}, "left_pinky": {"x": 0.5355169177055359, "y": 0.485066682100296, "z": 0.027452237904071808, "x_normalized": 34.835725894962565, "y_normalized": 31.504595916298364, "z_normalized": 0.027452237904071808}, "right_pinky": {"x": 0.5077952742576599, "y": 0.4903441369533539, "z": 0.052446939051151276, "x_normalized": 33.00555208690268, "y_normalized": 31.85301175475491, "z_normalized": 0.052446939051151276}, "left_index": {"x": 0.5341415405273438, "y": 0.48389768600463867, "z": 0.02077394723892212, "x_normalized": 34.74492394476566, "y_normalized": 31.427419177479862, "z_normalized": 0.02077394723892212}, "right_index": {"x": 0.5100098848342896, "y": 0.4908871054649353, "z": 0.04676636680960655, "x_normalized": 33.15175995080588, "y_normalized": 31.888858357802306, "z_normalized": 0.04676636680960655}, "left_thumb": {"x": 0.5343663692474365, "y": 0.4811026155948639, "z": 0.02510029822587967, "x_normalized": 34.75976706312504, "y_normalized": 31.24288954577634, "z_normalized": 0.02510029822587967}, "right_thumb": {"x": 0.5096834301948547, "y": 0.4891670048236847, "z": 0.0500040166079998, "x_normalized": 33.130207522583625, "y_normalized": 31.775297877639467, "z_normalized": 0.0500040166079998}, "left_hip": {"x": 0.5264894962310791, "y": 0.5189706683158875, "z": -0.005354380700737238, "x_normalized": 34.23973849010566, "y_normalized": 33.74292596614803, "z_normalized": -0.005354380700737238}, "right_hip": {"x": 0.5113612413406372, "y": 0.5197240114212036, "z": 0.005332642234861851, "x_normalized": 33.240976064126116, "y_normalized": 33.79266143087343, "z_normalized": 0.005332642234861851}, "left_knee": {"x": 0.5274624824523926, "y": 0.573594331741333, "z": -0.015557331964373589, "x_normalized": 34.30397472130888, "y_normalized": 37.3491623095849, "z_normalized": -0.015557331964373589}, "right_knee": {"x": 0.5146051645278931, "y": 0.5760990977287292, "z": 0.02357294224202633, "x_normalized": 33.45513880898057, "y_normalized": 37.51452613853939, "z_normalized": 0.02357294224202633}, "left_ankle": {"x": 0.5294316411018372, "y": 0.6274544596672058, "z": 0.006984552834182978, "x_normalized": 34.43397792948463, "y_normalized": 40.90499028977053, "z_normalized": 0.006984552834182978}, "right_ankle": {"x": 0.5215104222297668, "y": 0.6209657192230225, "z": 0.07950994372367859, "x_normalized": 33.911021657616, "y_normalized": 40.476605773875136, "z_normalized": 0.07950994372367859}, "left_heel": {"x": 0.529380202293396, "y": 0.6359785795211792, "z": 0.00699235824868083, "x_normalized": 34.43058195622266, "y_normalized": 41.467749886720064, "z_normalized": 0.00699235824868083}, "right_heel": {"x": 0.5233200788497925, "y": 0.6270694732666016, "z": 0.08270302414894104, "x_normalized": 34.03049459412427, "y_normalized": 40.879573613873596, "z_normalized": 0.08270302414894104}, "left_foot_index": {"x": 0.529508113861084, "y": 0.6415610313415527, "z": -0.03590621426701546, "x_normalized": 34.43902663596795, "y_normalized": 41.836301524923414, "z_normalized": -0.03590621426701546}, "right_foot_index": {"x": 0.5162205100059509, "y": 0.6368743777275085, "z": 0.048673905432224274, "x_normalized": 33.56178338762788, "y_normalized": 41.52689019049078, "z_normalized": 0.048673905432224274}}}