{"sequence_id": 1697925405990398000, "sequence_source": "mediapipe", "frame_number": 610, "image_dimensions": {"height": 1080, "width": 1920}, "joint_positions": {"nose": {"x": 0.5307157039642334, "y": 0.4160962998867035, "z": -0.0650247111916542, "x_normalized": 34.954235960988235, "y_normalized": 27.316554181300624, "z_normalized": -0.0650247111916542}, "left_eye_inner": {"x": 0.531902551651001, "y": 0.4127134680747986, "z": -0.06081271171569824, "x_normalized": 35.033593145185236, "y_normalized": 27.09036508374596, "z_normalized": -0.06081271171569824}, "left_eye": {"x": 0.5327535271644592, "y": 0.41278234124183655, "z": -0.060795027762651443, "x_normalized": 35.090492628852395, "y_normalized": 27.094970207607936, "z_normalized": -0.060795027762651443}, "left_eye_outer": {"x": 0.533639132976532, "y": 0.41287925839424133, "z": -0.06082352623343468, "x_normalized": 35.149707626984124, "y_normalized": 27.101450459792765, "z_normalized": -0.06082352623343468}, "right_eye_inner": {"x": 0.5297338962554932, "y": 0.4126017987728119, "z": -0.06072111055254936, "x_normalized": 34.88858853541105, "y_normalized": 27.0828984463116, "z_normalized": -0.06072111055254936}, "right_eye": {"x": 0.5290578603744507, "y": 0.4126589894294739, "z": -0.06073639541864395, "x_normalized": 34.84338618591516, "y_normalized": 27.08672243276384, "z_normalized": -0.06073639541864395}, "right_eye_outer": {"x": 0.5284036993980408, "y": 0.4127212166786194, "z": -0.06070636957883835, "x_normalized": 34.799646476365034, "y_normalized": 27.090883185089154, "z_normalized": -0.06070636957883835}, "left_ear": {"x": 0.5352722406387329, "y": 0.4159208834171295, "z": -0.031434305012226105, "x_normalized": 35.25890346315394, "y_normalized": 27.30482516396978, "z_normalized": -0.031434305012226105}, "right_ear": {"x": 0.5272421836853027, "y": 0.41564124822616577, "z": -0.031556859612464905, "x_normalized": 34.721983085020774, "y_normalized": 27.286127683573024, "z_normalized": -0.031556859612464905}, "mouth_left": {"x": 0.5327149033546448, "y": 0.4207704961299896, "z": -0.05425149202346802, "x_normalized": 35.087910092926336, "y_normalized": 27.62908885309293, "z_normalized": -0.05425149202346802}, "mouth_right": {"x": 0.5292518138885498, "y": 0.4207337200641632, "z": -0.05418974533677101, "x_normalized": 34.85635466107471, "y_normalized": 27.626629864410248, "z_normalized": -0.05418974533677101}, "left_shoulder": {"x": 0.5443347692489624, "y": 0.44031062722206116, "z": -0.005856120493263006, "x_normalized": 35.864858852569775, "y_normalized": 28.93561689337602, "z_normalized": -0.005856120493263006}, "right_shoulder": {"x": 0.5197043418884277, "y": 0.4394451975822449, "z": 0.000395394949009642, "x_normalized": 34.21797409836505, "y_normalized": 28.877750951434063, "z_normalized": 0.000395394949009642}, "left_elbow": {"x": 0.5563594698905945, "y": 0.45126140117645264, "z": 0.04316871613264084, "x_normalized": 36.66887641469744, "y_normalized": 29.667827602034958, "z_normalized": 0.04316871613264084}, "right_elbow": {"x": 0.5114862322807312, "y": 0.45003312826156616, "z": 0.053019169718027115, "x_normalized": 33.66847979917214, "y_normalized": 29.585700568349367, "z_normalized": 0.053019169718027115}, "left_wrist": {"x": 0.5505304932594299, "y": 0.4677894711494446, "z": 0.08406742662191391, "x_normalized": 36.27912870118996, "y_normalized": 30.772957694035053, "z_normalized": 0.08406742662191391}, "right_wrist": {"x": 0.5158655643463135, "y": 0.4610547721385956, "z": 0.09580979496240616, "x_normalized": 33.961298722158574, "y_normalized": 30.322649911601022, "z_normalized": 0.09580979496240616}, "left_pinky": {"x": 0.5485389232635498, "y": 0.4747315049171448, "z": 0.08940445631742477, "x_normalized": 36.145964699805155, "y_normalized": 31.23712867279438, "z_normalized": 0.08940445631742477}, "right_pinky": {"x": 0.5190006494522095, "y": 0.4668165445327759, "z": 0.10046885907649994, "x_normalized": 34.170922525613456, "y_normalized": 30.707904092305064, "z_normalized": 0.10046885907649994}, "left_index": {"x": 0.5470119118690491, "y": 0.473843514919281, "z": 0.08317288011312485, "x_normalized": 36.043862866642094, "y_normalized": 31.17775425886475, "z_normalized": 0.08317288011312485}, "right_index": {"x": 0.5201855897903442, "y": 0.46552616357803345, "z": 0.09723222255706787, "x_normalized": 34.250152177172126, "y_normalized": 30.621624277084052, "z_normalized": 0.09723222255706787}, "left_thumb": {"x": 0.5455705523490906, "y": 0.4669337570667267, "z": 0.08298318833112717, "x_normalized": 35.94748804601877, "y_normalized": 30.71574137146956, "z_normalized": 0.08298318833112717}, "right_thumb": {"x": 0.5198349356651306, "y": 0.464473158121109, "z": 0.09540484845638275, "x_normalized": 34.22670609869528, "y_normalized": 30.551216297241936, "z_normalized": 0.09540484845638275}, "left_hip": {"x": 0.5388996601104736, "y": 0.5058838725090027, "z": -0.0041958363726735115, "x_normalized": 35.50144662887616, "y_normalized": 33.32009534216761, "z_normalized": -0.0041958363726735115}, "right_hip": {"x": 0.5239996314048767, "y": 0.5045938491821289, "z": 0.004178126808255911, "x_normalized": 34.50517361447534, "y_normalized": 33.23383943931629, "z_normalized": 0.004178126808255911}, "left_knee": {"x": 0.5365477800369263, "y": 0.5607975721359253, "z": -0.016113780438899994, "x_normalized": 35.344190915032996, "y_normalized": 36.991835722014336, "z_normalized": -0.016113780438899994}, "right_knee": {"x": 0.5246294140815735, "y": 0.5594408512115479, "z": -0.003909854684025049, "x_normalized": 34.54728329749188, "y_normalized": 36.90112016221663, "z_normalized": -0.003909854684025049}, "left_ankle": {"x": 0.533778190612793, "y": 0.606916069984436, "z": 0.029923349618911743, "x_normalized": 35.159005553396916, "y_normalized": 40.075495208785306, "z_normalized": 0.029923349618911743}, "right_ankle": {"x": 0.5277711749076843, "y": 0.6072656512260437, "z": 0.03749198839068413, "x_normalized": 34.7573534651809, "y_normalized": 40.09886955015309, "z_normalized": 0.03749198839068413}, "left_heel": {"x": 0.5333279967308044, "y": 0.6126071214675903, "z": 0.032683033496141434, "x_normalized": 35.12890386535755, "y_normalized": 40.456020718383996, "z_normalized": 0.032683033496141434}, "right_heel": {"x": 0.5293006300926208, "y": 0.6131956577301025, "z": 0.03971491754055023, "x_normalized": 34.85961869953681, "y_normalized": 40.495372508096786, "z_normalized": 0.03971491754055023}, "left_foot_index": {"x": 0.5340048670768738, "y": 0.620513379573822, "z": -0.001984610455110669, "x_normalized": 35.174162010382716, "y_normalized": 40.98466343121096, "z_normalized": -0.001984610455110669}, "right_foot_index": {"x": 0.5242134928703308, "y": 0.6216163635253906, "z": 0.007363630458712578, "x_normalized": 34.51947321154739, "y_normalized": 41.058413164716654, "z_normalized": 0.007363630458712578}}}