{"sequence_id": 1697925405990398000, "sequence_source": "mediapipe", "frame_number": 375, "image_dimensions": {"height": 1080, "width": 1920}, "joint_positions": {"nose": {"x": 0.5151081681251526, "y": 0.4306647777557373, "z": -0.11875458061695099, "x_normalized": 27.230667230478502, "y_normalized": 22.657714683489747, "z_normalized": -0.11875458061695099}, "left_eye_inner": {"x": 0.5169230103492737, "y": 0.42609453201293945, "z": -0.11318429559469223, "x_normalized": 27.328428422945155, "y_normalized": 22.41152652027466, "z_normalized": -0.11318429559469223}, "left_eye": {"x": 0.5181203484535217, "y": 0.4262291491031647, "z": -0.11316726356744766, "x_normalized": 27.392926151343413, "y_normalized": 22.41877801965675, "z_normalized": -0.11316726356744766}, "left_eye_outer": {"x": 0.519252359867096, "y": 0.4263567328453064, "z": -0.11318669468164444, "x_normalized": 27.45390488779003, "y_normalized": 22.425650649467407, "z_normalized": -0.11318669468164444}, "right_eye_inner": {"x": 0.5137244462966919, "y": 0.4259625971317291, "z": -0.112999327480793, "x_normalized": 27.15612945843721, "y_normalized": 22.404419505051166, "z_normalized": -0.112999327480793}, "right_eye": {"x": 0.5126228928565979, "y": 0.426052987575531, "z": -0.11302848160266876, "x_normalized": 27.09679141988045, "y_normalized": 22.409288621195927, "z_normalized": -0.11302848160266876}, "right_eye_outer": {"x": 0.5115061402320862, "y": 0.4261258542537689, "z": -0.11301399767398834, "x_normalized": 27.0366346377583, "y_normalized": 22.413213774171176, "z_normalized": -0.11301399767398834}, "left_ear": {"x": 0.5214481949806213, "y": 0.42882370948791504, "z": -0.07240975648164749, "x_normalized": 27.572189252295797, "y_normalized": 22.558540757027913, "z_normalized": -0.07240975648164749}, "right_ear": {"x": 0.5093603730201721, "y": 0.4291519820690155, "z": -0.07195770740509033, "x_normalized": 26.921047310879704, "y_normalized": 22.5762240126608, "z_normalized": -0.07195770740509033}, "mouth_left": {"x": 0.5176718831062317, "y": 0.4363701641559601, "z": -0.10319530218839645, "x_normalized": 27.368768400025786, "y_normalized": 22.965050148003154, "z_normalized": -0.10319530218839645}, "mouth_right": {"x": 0.5131270885467529, "y": 0.43747076392173767, "z": -0.1031385287642479, "x_normalized": 27.12395123093784, "y_normalized": 23.024336814414635, "z_normalized": -0.1031385287642479}, "left_shoulder": {"x": 0.5315461158752441, "y": 0.45496493577957153, "z": -0.03935554251074791, "x_normalized": 28.11614000182739, "y_normalized": 23.96670584203997, "z_normalized": -0.03935554251074791}, "right_shoulder": {"x": 0.5001173615455627, "y": 0.455946147441864, "z": -0.026018928736448288, "x_normalized": 26.42314847883199, "y_normalized": 24.01956135801429, "z_normalized": -0.026018928736448288}, "left_elbow": {"x": 0.5500900745391846, "y": 0.46589720249176025, "z": 0.012399409897625446, "x_normalized": 29.115058523748537, "y_normalized": 24.555600797172858, "z_normalized": 0.012399409897625446}, "right_elbow": {"x": 0.4897461533546448, "y": 0.4625035524368286, "z": 0.04444039613008499, "x_normalized": 25.864476398918775, "y_normalized": 24.372793018196198, "z_normalized": 0.04444039613008499}, "left_wrist": {"x": 0.5412539839744568, "y": 0.48133963346481323, "z": 0.03655185177922249, "x_normalized": 28.63907954393972, "y_normalized": 25.387447470368237, "z_normalized": 0.03655185177922249}, "right_wrist": {"x": 0.4829767048358917, "y": 0.47214898467063904, "z": 0.09022213518619537, "x_normalized": 25.499822463309904, "y_normalized": 24.89236929017227, "z_normalized": 0.09022213518619537}, "left_pinky": {"x": 0.5391317009925842, "y": 0.48728156089782715, "z": 0.040115486830472946, "x_normalized": 28.524757256138628, "y_normalized": 25.707524832290467, "z_normalized": 0.040115486830472946}, "right_pinky": {"x": 0.4803200662136078, "y": 0.4735965430736542, "z": 0.09543009102344513, "x_normalized": 25.356715720356963, "y_normalized": 24.9703457851882, "z_normalized": 0.09543009102344513}, "left_index": {"x": 0.5375112295150757, "y": 0.4842069745063782, "z": 0.03203638270497322, "x_normalized": 28.437466349031727, "y_normalized": 25.54190424666884, "z_normalized": 0.03203638270497322}, "right_index": {"x": 0.4820793867111206, "y": 0.4699382781982422, "z": 0.08919109404087067, "x_normalized": 25.45148609074063, "y_normalized": 24.773283841276054, "z_normalized": 0.08919109404087067}, "left_thumb": {"x": 0.5377949476242065, "y": 0.48246967792510986, "z": 0.03442675620317459, "x_normalized": 28.45274956225234, "y_normalized": 25.448320251765217, "z_normalized": 0.03442675620317459}, "right_thumb": {"x": 0.4831942617893219, "y": 0.4715978801250458, "z": 0.08852856606245041, "x_normalized": 25.511541733951763, "y_normalized": 24.86268261171895, "z_normalized": 0.08852856606245041}, "left_hip": {"x": 0.526254415512085, "y": 0.5412501692771912, "z": -0.005071431864053011, "x_normalized": 27.83108881070845, "y_normalized": 28.614684165927603, "z_normalized": -0.005071431864053011}, "right_hip": {"x": 0.5076912045478821, "y": 0.5410752296447754, "z": 0.005039030686020851, "x_normalized": 26.831133213604478, "y_normalized": 28.605260588027917, "z_normalized": 0.005039030686020851}, "left_knee": {"x": 0.5269373059272766, "y": 0.6040025949478149, "z": -0.022940339520573616, "x_normalized": 27.867874477487565, "y_normalized": 31.995006643660425, "z_normalized": -0.022940339520573616}, "right_knee": {"x": 0.510750949382782, "y": 0.6063089370727539, "z": 0.0006432431982830167, "x_normalized": 26.995954320215194, "y_normalized": 32.11924375550044, "z_normalized": 0.0006432431982830167}, "left_ankle": {"x": 0.5244914293289185, "y": 0.6649707555770874, "z": 0.04004408419132233, "x_normalized": 27.736120978641363, "y_normalized": 35.27921504833462, "z_normalized": 0.04004408419132233}, "right_ankle": {"x": 0.5147483944892883, "y": 0.6529721617698669, "z": 0.09250307083129883, "x_normalized": 27.21128708867186, "y_normalized": 34.63287961326123, "z_normalized": 0.09250307083129883}, "left_heel": {"x": 0.5221201777458191, "y": 0.6708440780639648, "z": 0.04401034116744995, "x_normalized": 27.608387350163277, "y_normalized": 35.59559682655582, "z_normalized": 0.04401034116744995}, "right_heel": {"x": 0.5160148739814758, "y": 0.6593855619430542, "z": 0.09936506301164627, "x_normalized": 27.27950929760287, "y_normalized": 34.978354079505955, "z_normalized": 0.09936506301164627}, "left_foot_index": {"x": 0.5263175368309021, "y": 0.6893391609191895, "z": -5.936034995102091e-06, "x_normalized": 27.83448900457413, "y_normalized": 36.5918825260314, "z_normalized": -5.936034995102091e-06}, "right_foot_index": {"x": 0.5103668570518494, "y": 0.6724998950958252, "z": 0.06171953305602074, "x_normalized": 26.975264188703925, "y_normalized": 35.68479171379713, "z_normalized": 0.06171953305602074}}}