{"sequence_id": 1697925405990398000, "sequence_source": "mediapipe", "frame_number": 316, "image_dimensions": {"height": 1080, "width": 1920}, "joint_positions": {"nose": {"x": 0.521138608455658, "y": 0.4243624806404114, "z": -0.12146501243114471, "x_normalized": 23.753138250855375, "y_normalized": 19.220461354196306, "z_normalized": -0.12146501243114471}, "left_eye_inner": {"x": 0.5229701399803162, "y": 0.4206694960594177, "z": -0.11390317976474762, "x_normalized": 23.838448547208, "y_normalized": 19.0484470564413, "z_normalized": -0.11390317976474762}, "left_eye": {"x": 0.5243210196495056, "y": 0.4210261106491089, "z": -0.11385254561901093, "x_normalized": 23.901370721008306, "y_normalized": 19.06505768853834, "z_normalized": -0.11385254561901093}, "left_eye_outer": {"x": 0.5257204174995422, "y": 0.42134207487106323, "z": -0.11386939883232117, "x_normalized": 23.966552806980932, "y_normalized": 19.079774880707216, "z_normalized": -0.11386939883232117}, "right_eye_inner": {"x": 0.5193610787391663, "y": 0.4199272096157074, "z": -0.11541204154491425, "x_normalized": 23.67034328672403, "y_normalized": 19.013872343618228, "z_normalized": -0.11541204154491425}, "right_eye": {"x": 0.5180590152740479, "y": 0.4198872745037079, "z": -0.11546647548675537, "x_normalized": 23.609694906620444, "y_normalized": 19.01201221934863, "z_normalized": -0.11546647548675537}, "right_eye_outer": {"x": 0.5167246460914612, "y": 0.4199027419090271, "z": -0.11545726656913757, "x_normalized": 23.547541769271895, "y_normalized": 19.012732670464988, "z_normalized": -0.11545726656913757}, "left_ear": {"x": 0.5285868048667908, "y": 0.42415472865104675, "z": -0.06682374328374863, "x_normalized": 24.100065308660106, "y_normalized": 19.21078454353707, "z_normalized": -0.06682374328374863}, "right_ear": {"x": 0.5143638253211975, "y": 0.42451211810112, "z": -0.07491549849510193, "x_normalized": 23.43757788558488, "y_normalized": 19.227431267597545, "z_normalized": -0.07491549849510193}, "mouth_left": {"x": 0.5236608386039734, "y": 0.4312826991081238, "z": -0.10422883927822113, "x_normalized": 23.870620368157432, "y_normalized": 19.542795903374003, "z_normalized": -0.10422883927822113}, "mouth_right": {"x": 0.5193504691123962, "y": 0.43128103017807007, "z": -0.10659103095531464, "x_normalized": 23.66984910445539, "y_normalized": 19.542718166837364, "z_normalized": -0.10659103095531464}, "left_shoulder": {"x": 0.5390084385871887, "y": 0.4536643624305725, "z": -0.027149897068738937, "x_normalized": 24.58549111170849, "y_normalized": 20.585303938423554, "z_normalized": -0.027149897068738937}, "right_shoulder": {"x": 0.5030053853988647, "y": 0.4559461176395416, "z": -0.030868327245116234, "x_normalized": 22.908516898737545, "y_normalized": 20.691585053687252, "z_normalized": -0.030868327245116234}, "left_elbow": {"x": 0.5548654794692993, "y": 0.4649833142757416, "z": 0.036056116223335266, "x_normalized": 25.3240909330689, "y_normalized": 21.112525623287887, "z_normalized": 0.036056116223335266}, "right_elbow": {"x": 0.4890953302383423, "y": 0.4618276357650757, "z": 0.02987103909254074, "x_normalized": 22.260605076282314, "y_normalized": 20.965538325873638, "z_normalized": 0.02987103909254074}, "left_wrist": {"x": 0.5499299764633179, "y": 0.47847697138786316, "z": 0.08749910444021225, "x_normalized": 25.094201783785426, "y_normalized": 21.74104217985144, "z_normalized": 0.08749910444021225}, "right_wrist": {"x": 0.5022609233856201, "y": 0.4650629758834839, "z": 0.08833526074886322, "x_normalized": 22.87384085078635, "y_normalized": 21.116236154760006, "z_normalized": 0.08833526074886322}, "left_pinky": {"x": 0.5485135316848755, "y": 0.4848635196685791, "z": 0.09403949230909348, "x_normalized": 25.02822567461712, "y_normalized": 22.03851908328606, "z_normalized": 0.09403949230909348}, "right_pinky": {"x": 0.5056921243667603, "y": 0.4694769084453583, "z": 0.09300729632377625, "x_normalized": 23.0336616175084, "y_normalized": 21.321831248191046, "z_normalized": 0.09300729632377625}, "left_index": {"x": 0.5463734865188599, "y": 0.4855321943759918, "z": 0.08593801409006119, "x_normalized": 24.92854522420562, "y_normalized": 22.069665059582334, "z_normalized": 0.08593801409006119}, "right_index": {"x": 0.5082506537437439, "y": 0.470298707485199, "z": 0.09927788376808167, "x_normalized": 23.152834504482374, "y_normalized": 21.360109551724037, "z_normalized": 0.09927788376808167}, "left_thumb": {"x": 0.5465152859687805, "y": 0.48406246304512024, "z": 0.08544405549764633, "x_normalized": 24.935150053515137, "y_normalized": 22.00120693385131, "z_normalized": 0.08544405549764633}, "right_thumb": {"x": 0.5068894624710083, "y": 0.4686605930328369, "z": 0.09237001836299896, "x_normalized": 23.08943202993783, "y_normalized": 21.283808364707014, "z_normalized": 0.09237001836299896}, "left_hip": {"x": 0.5315335988998413, "y": 0.5460774898529053, "z": -0.0005889312596991658, "x_normalized": 24.237323045622396, "y_normalized": 24.88978419504549, "z_normalized": -0.0005889312596991658}, "right_hip": {"x": 0.5100729465484619, "y": 0.5454768538475037, "z": 0.0005922800046391785, "x_normalized": 23.2377144735786, "y_normalized": 24.861807370769736, "z_normalized": 0.0005922800046391785}, "left_knee": {"x": 0.5300148129463196, "y": 0.6197718381881714, "z": -0.0010207125451415777, "x_normalized": 24.166580020975132, "y_normalized": 28.32236868040848, "z_normalized": -0.0010207125451415777}, "right_knee": {"x": 0.511108934879303, "y": 0.6205362677574158, "z": -0.025779426097869873, "x_normalized": 23.285969428697868, "y_normalized": 28.357974790494474, "z_normalized": -0.025779426097869873}, "left_ankle": {"x": 0.5236746072769165, "y": 0.6695281863212585, "z": 0.083826944231987, "x_normalized": 23.87126169458471, "y_normalized": 30.639953034000253, "z_normalized": 0.083826944231987}, "right_ankle": {"x": 0.5120536088943481, "y": 0.6876156330108643, "z": 0.02642088569700718, "x_normalized": 23.32997108474098, "y_normalized": 31.482442183970242, "z_normalized": 0.02642088569700718}, "left_heel": {"x": 0.5221228003501892, "y": 0.6750832796096802, "z": 0.0896492451429367, "x_normalized": 23.798980597033925, "y_normalized": 30.898701872511324, "z_normalized": 0.0896492451429367}, "right_heel": {"x": 0.5135830044746399, "y": 0.6954116821289062, "z": 0.028409145772457123, "x_normalized": 23.401208291656886, "y_normalized": 31.84557175705465, "z_normalized": 0.028409145772457123}, "left_foot_index": {"x": 0.5275672674179077, "y": 0.6907201409339905, "z": 0.04495902359485626, "x_normalized": 24.052576613687716, "y_normalized": 31.627046023645015, "z_normalized": 0.04495902359485626}, "right_foot_index": {"x": 0.5100899934768677, "y": 0.7123642563819885, "z": -0.027439413592219353, "x_normalized": 23.23850849677428, "y_normalized": 32.635200062109455, "z_normalized": -0.027439413592219353}}}