{"sequence_id": 1697925405990398000, "sequence_source": "mediapipe", "frame_number": 258, "image_dimensions": {"height": 1080, "width": 1920}, "joint_positions": {"nose": {"x": 0.5093119144439697, "y": 0.4130711555480957, "z": -0.13716571033000946, "x_normalized": 22.293709266655597, "y_normalized": 17.9393304214139, "z_normalized": -0.13716571033000946}, "left_eye_inner": {"x": 0.511410653591156, "y": 0.40856626629829407, "z": -0.12911053001880646, "x_normalized": 22.387682095480926, "y_normalized": 17.73762017699585, "z_normalized": -0.12911053001880646}, "left_eye": {"x": 0.5129277110099792, "y": 0.40881776809692383, "z": -0.1290910542011261, "x_normalized": 22.45560963060524, "y_normalized": 17.74888138375591, "z_normalized": -0.1290910542011261}, "left_eye_outer": {"x": 0.5143954157829285, "y": 0.40903574228286743, "z": -0.12911854684352875, "x_normalized": 22.521327359070632, "y_normalized": 17.75864136316616, "z_normalized": -0.12911854684352875}, "right_eye_inner": {"x": 0.5075076222419739, "y": 0.40856921672821045, "z": -0.12933245301246643, "x_normalized": 22.2129205500224, "y_normalized": 17.737752285002635, "z_normalized": -0.12933245301246643}, "right_eye": {"x": 0.5061672925949097, "y": 0.4089090824127197, "z": -0.12935057282447815, "x_normalized": 22.152906151061988, "y_normalized": 17.752970059844642, "z_normalized": -0.12935057282447815}, "right_eye_outer": {"x": 0.5048763751983643, "y": 0.40922030806541443, "z": -0.12931135296821594, "x_normalized": 22.095104227609117, "y_normalized": 17.766905452923837, "z_normalized": -0.12931135296821594}, "left_ear": {"x": 0.5173909068107605, "y": 0.41432908177375793, "z": -0.07805327326059341, "x_normalized": 22.655453015412277, "y_normalized": 17.99565513715455, "z_normalized": -0.07805327326059341}, "right_ear": {"x": 0.5023255944252014, "y": 0.41456976532936096, "z": -0.0790942907333374, "x_normalized": 21.980890850835387, "y_normalized": 18.006431947889737, "z_normalized": -0.0790942907333374}, "mouth_left": {"x": 0.512798011302948, "y": 0.42152851819992065, "z": -0.11812786012887955, "x_normalized": 22.44980221600401, "y_normalized": 18.318016021222327, "z_normalized": -0.11812786012887955}, "mouth_right": {"x": 0.5066958069801331, "y": 0.4215063452720642, "z": -0.11847797781229019, "x_normalized": 22.176570831792276, "y_normalized": 18.317023209534984, "z_normalized": -0.11847797781229019}, "left_shoulder": {"x": 0.5299170017242432, "y": 0.4481660723686218, "z": -0.03587070479989052, "x_normalized": 23.21631955984808, "y_normalized": 19.510735145738938, "z_normalized": -0.03587070479989052}, "right_shoulder": {"x": 0.4918433427810669, "y": 0.4510382115840912, "z": -0.024059737101197243, "x_normalized": 21.51153912564415, "y_normalized": 19.639337619857585, "z_normalized": -0.024059737101197243}, "left_elbow": {"x": 0.5487409234046936, "y": 0.4647045135498047, "z": 0.05220921337604523, "x_normalized": 24.05917664967266, "y_normalized": 20.25125790400581, "z_normalized": 0.05220921337604523}, "right_elbow": {"x": 0.4825016260147095, "y": 0.4664042890071869, "z": 0.06683922559022903, "x_normalized": 21.093255818832752, "y_normalized": 20.327366794580527, "z_normalized": 0.06683922559022903}, "left_wrist": {"x": 0.54217529296875, "y": 0.4862641394138336, "z": 0.11723451316356659, "x_normalized": 23.765194967425742, "y_normalized": 21.216608473453537, "z_normalized": 0.11723451316356659}, "right_wrist": {"x": 0.48061972856521606, "y": 0.4770677983760834, "z": 0.12857036292552948, "x_normalized": 21.00899226129386, "y_normalized": 20.804834488430927, "z_normalized": 0.12857036292552948}, "left_pinky": {"x": 0.5379897952079773, "y": 0.4963170289993286, "z": 0.12975969910621643, "x_normalized": 23.577785748348084, "y_normalized": 21.666735147597, "z_normalized": 0.12975969910621643}, "right_pinky": {"x": 0.47958725690841675, "y": 0.47867074608802795, "z": 0.1378060281276703, "x_normalized": 20.9627624654655, "y_normalized": 20.876607834419385, "z_normalized": 0.1378060281276703}, "left_index": {"x": 0.5364208817481995, "y": 0.4920538365840912, "z": 0.11662402004003525, "x_normalized": 23.507536314922728, "y_normalized": 21.47584708434071, "z_normalized": 0.11662402004003525}, "right_index": {"x": 0.481646865606308, "y": 0.4779027998447418, "z": 0.1291569620370865, "x_normalized": 21.054983195170557, "y_normalized": 20.84222238877497, "z_normalized": 0.1291569620370865}, "left_thumb": {"x": 0.5367505550384521, "y": 0.4886811375617981, "z": 0.1146053820848465, "x_normalized": 23.522297716650396, "y_normalized": 21.32483161949544, "z_normalized": 0.1146053820848465}, "right_thumb": {"x": 0.48261600732803345, "y": 0.47770583629608154, "z": 0.12698228657245636, "x_normalized": 21.098377339338157, "y_normalized": 20.83340317850394, "z_normalized": 0.12698228657245636}, "left_hip": {"x": 0.5223208069801331, "y": 0.5557987689971924, "z": -0.009585093706846237, "x_normalized": 22.876193484928702, "y_normalized": 24.330080603627504, "z_normalized": -0.009585093706846237}, "right_hip": {"x": 0.500008225440979, "y": 0.5567644238471985, "z": 0.00951142143458128, "x_normalized": 21.877128685264967, "y_normalized": 24.373318620150723, "z_normalized": 0.00951142143458128}, "left_knee": {"x": 0.5223944187164307, "y": 0.636675238609314, "z": -0.029018612578511238, "x_normalized": 22.879489512976736, "y_normalized": 27.951393259393278, "z_normalized": -0.029018612578511238}, "right_knee": {"x": 0.5032779574394226, "y": 0.6375821828842163, "z": 0.017183398827910423, "x_normalized": 22.023533714115924, "y_normalized": 27.992002460023937, "z_normalized": 0.017183398827910423}, "left_ankle": {"x": 0.5239397883415222, "y": 0.7075473070144653, "z": 0.04147970676422119, "x_normalized": 22.94868475119645, "y_normalized": 31.124750349369496, "z_normalized": 0.04147970676422119}, "right_ankle": {"x": 0.5127732753753662, "y": 0.6927196383476257, "z": 0.12518002092838287, "x_normalized": 22.448694643825927, "y_normalized": 30.460828884248077, "z_normalized": 0.12518002092838287}, "left_heel": {"x": 0.5228230953216553, "y": 0.7153853178024292, "z": 0.04500370845198631, "x_normalized": 22.89868387226536, "y_normalized": 31.475703943147877, "z_normalized": 0.04500370845198631}, "right_heel": {"x": 0.5152984857559204, "y": 0.6991803050041199, "z": 0.13292068243026733, "x_normalized": 22.561763084540868, "y_normalized": 30.75011072407185, "z_normalized": 0.13292068243026733}, "left_foot_index": {"x": 0.5238223671913147, "y": 0.7329242825508118, "z": -0.010549423284828663, "x_normalized": 22.943427119411325, "y_normalized": 32.26102599438178, "z_normalized": -0.010549423284828663}, "right_foot_index": {"x": 0.506786584854126, "y": 0.7155647873878479, "z": 0.09189974516630173, "x_normalized": 22.18063548824341, "y_normalized": 31.483739846348385, "z_normalized": 0.09189974516630173}}}