{"sequence_id": 1697925405990398000, "sequence_source": "mediapipe", "frame_number": 332, "image_dimensions": {"height": 1080, "width": 1920}, "joint_positions": {"nose": {"x": 0.5229101777076721, "y": 0.4073140025138855, "z": -0.13214446604251862, "x_normalized": 24.35049056870527, "y_normalized": 18.84209862734653, "z_normalized": -0.13214446604251862}, "left_eye_inner": {"x": 0.5243889689445496, "y": 0.4032919704914093, "z": -0.12621235847473145, "x_normalized": 24.420834997323738, "y_normalized": 18.650775107534706, "z_normalized": -0.12621235847473145}, "left_eye": {"x": 0.5255466103553772, "y": 0.4035491943359375, "z": -0.12618103623390198, "x_normalized": 24.475902691504626, "y_normalized": 18.663010955245426, "z_normalized": -0.12618103623390198}, "left_eye_outer": {"x": 0.5268162488937378, "y": 0.4038376212120056, "z": -0.12621499598026276, "x_normalized": 24.536297962524458, "y_normalized": 18.67673109591793, "z_normalized": -0.12621499598026276}, "right_eye_inner": {"x": 0.5213245749473572, "y": 0.4033820331096649, "z": -0.12624219059944153, "x_normalized": 24.27506523657675, "y_normalized": 18.65505928454569, "z_normalized": -0.12624219059944153}, "right_eye": {"x": 0.5202935934066772, "y": 0.4038054049015045, "z": -0.12626264989376068, "x_normalized": 24.226022609337182, "y_normalized": 18.67519860242062, "z_normalized": -0.12626264989376068}, "right_eye_outer": {"x": 0.5192382335662842, "y": 0.40423938632011414, "z": -0.12623290717601776, "x_normalized": 24.175820333919262, "y_normalized": 18.69584260825581, "z_normalized": -0.12623290717601776}, "left_ear": {"x": 0.5299897193908691, "y": 0.40854373574256897, "z": -0.08411924540996552, "x_normalized": 24.68725636915503, "y_normalized": 18.90059564786414, "z_normalized": -0.08411924540996552}, "right_ear": {"x": 0.5170573592185974, "y": 0.4096583127975464, "z": -0.08418125659227371, "x_normalized": 24.072078604829333, "y_normalized": 18.95361481928498, "z_normalized": -0.08418125659227371}, "mouth_left": {"x": 0.5256913900375366, "y": 0.41486668586730957, "z": -0.11600662767887115, "x_normalized": 24.482789697434264, "y_normalized": 19.20137124256346, "z_normalized": -0.11600662767887115}, "mouth_right": {"x": 0.521520733833313, "y": 0.41546395421028137, "z": -0.11614696681499481, "x_normalized": 24.284396293190348, "y_normalized": 19.229782622933122, "z_normalized": -0.11614696681499481}, "left_shoulder": {"x": 0.5415841341018677, "y": 0.4393727779388428, "z": -0.04261383041739464, "x_normalized": 25.238789579301013, "y_normalized": 20.36709835904519, "z_normalized": -0.04261383041739464}, "right_shoulder": {"x": 0.5067813992500305, "y": 0.4424630403518677, "z": -0.03832884132862091, "x_normalized": 23.58326279738551, "y_normalized": 20.514098651111016, "z_normalized": -0.03832884132862091}, "left_elbow": {"x": 0.5570697784423828, "y": 0.4528825879096985, "z": 0.03997999057173729, "x_normalized": 25.975424187186942, "y_normalized": 21.00974475797209, "z_normalized": 0.03997999057173729}, "right_elbow": {"x": 0.4939969778060913, "y": 0.45501065254211426, "z": 0.035254549235105515, "x_normalized": 22.975122311247276, "y_normalized": 21.11097438856319, "z_normalized": 0.035254549235105515}, "left_wrist": {"x": 0.5570780038833618, "y": 0.470103919506073, "z": 0.10852769017219543, "x_normalized": 25.975815462122426, "y_normalized": 21.828944047896304, "z_normalized": 0.10852769017219543}, "right_wrist": {"x": 0.5028241872787476, "y": 0.4733356237411499, "z": 0.09070757776498795, "x_normalized": 23.39502269418483, "y_normalized": 21.982672567657076, "z_normalized": 0.09070757776498795}, "left_pinky": {"x": 0.5601952075958252, "y": 0.47578996419906616, "z": 0.12028498202562332, "x_normalized": 26.124097321368243, "y_normalized": 22.099422770689024, "z_normalized": 0.12028498202562332}, "right_pinky": {"x": 0.5036739110946655, "y": 0.48044225573539734, "z": 0.10021800547838211, "x_normalized": 23.435443096215664, "y_normalized": 22.320727023600877, "z_normalized": 0.10021800547838211}, "left_index": {"x": 0.5549799203872681, "y": 0.4754199683666229, "z": 0.11032803356647491, "x_normalized": 25.876012000317907, "y_normalized": 22.08182248690631, "z_normalized": 0.11032803356647491}, "right_index": {"x": 0.5074781179428101, "y": 0.47889426350593567, "z": 0.09305711090564728, "x_normalized": 23.61640491855122, "y_normalized": 22.24709078193823, "z_normalized": 0.09305711090564728}, "left_thumb": {"x": 0.5573053956031799, "y": 0.475636750459671, "z": 0.10693559050559998, "x_normalized": 25.986632229360616, "y_normalized": 22.09213456618424, "z_normalized": 0.10693559050559998}, "right_thumb": {"x": 0.506614089012146, "y": 0.4765532910823822, "z": 0.08996140211820602, "x_normalized": 23.575304038371723, "y_normalized": 22.13573336823447, "z_normalized": 0.08996140211820602}, "left_hip": {"x": 0.5342353582382202, "y": 0.5341827273368835, "z": -0.002697213552892208, "x_normalized": 24.889216613028207, "y_normalized": 24.87710054964099, "z_normalized": -0.002697213552892208}, "right_hip": {"x": 0.5132763981819153, "y": 0.5325539708137512, "z": 0.0026008645072579384, "x_normalized": 23.89222255948536, "y_normalized": 24.79962244176399, "z_normalized": 0.0026008645072579384}, "left_knee": {"x": 0.5306103229522705, "y": 0.6118018627166748, "z": -0.007536659948527813, "x_normalized": 24.71677777950471, "y_normalized": 28.569355137029728, "z_normalized": -0.007536659948527813}, "right_knee": {"x": 0.5160331130027771, "y": 0.6074895858764648, "z": -0.0046548303216695786, "x_normalized": 24.023356369384764, "y_normalized": 28.364224999114008, "z_normalized": -0.0046548303216695786}, "left_ankle": {"x": 0.5238085985183716, "y": 0.6693862676620483, "z": 0.06761658191680908, "x_normalized": 24.393227431767183, "y_normalized": 31.308580229930755, "z_normalized": 0.06761658191680908}, "right_ankle": {"x": 0.517009973526001, "y": 0.6686591506004333, "z": 0.06718120723962784, "x_normalized": 24.069824520961873, "y_normalized": 31.273992092699128, "z_normalized": 0.06718120723962784}, "left_heel": {"x": 0.5222818851470947, "y": 0.675445020198822, "z": 0.07253684848546982, "x_normalized": 24.32060340135068, "y_normalized": 31.596788243821877, "z_normalized": 0.07253684848546982}, "right_heel": {"x": 0.5172073245048523, "y": 0.675870418548584, "z": 0.07166910171508789, "x_normalized": 24.07921228408786, "y_normalized": 31.617023962767867, "z_normalized": 0.07166910171508789}, "left_foot_index": {"x": 0.5266936421394348, "y": 0.6920350790023804, "z": 0.025111405178904533, "x_normalized": 24.530465697725255, "y_normalized": 32.385958600110534, "z_normalized": 0.025111405178904533}, "right_foot_index": {"x": 0.5153113603591919, "y": 0.6939470767974854, "z": 0.024928933009505272, "x_normalized": 23.989023411458884, "y_normalized": 32.47691017533114, "z_normalized": 0.024928933009505272}}}