{"sequence_id": 1697925405990398000, "sequence_source": "mediapipe", "frame_number": 494, "image_dimensions": {"height": 1080, "width": 1920}, "joint_positions": {"nose": {"x": 0.5214690566062927, "y": 0.4218033254146576, "z": -0.07969655096530914, "x_normalized": 31.591272286631344, "y_normalized": 25.459420325630216, "z_normalized": -0.07969655096530914}, "left_eye_inner": {"x": 0.5229977369308472, "y": 0.4173012375831604, "z": -0.07499556988477707, "x_normalized": 31.68542513570931, "y_normalized": 25.182132530840132, "z_normalized": -0.07499556988477707}, "left_eye": {"x": 0.5240317583084106, "y": 0.4173455238342285, "z": -0.07496945559978485, "x_normalized": 31.749111478197882, "y_normalized": 25.18486016240971, "z_normalized": -0.07496945559978485}, "left_eye_outer": {"x": 0.5250595211982727, "y": 0.41743922233581543, "z": -0.07498940080404282, "x_normalized": 31.81241235458309, "y_normalized": 25.190631140643053, "z_normalized": -0.07498940080404282}, "right_eye_inner": {"x": 0.5203462839126587, "y": 0.41735827922821045, "z": -0.07467461377382278, "x_normalized": 31.522119667686376, "y_normalized": 25.18564577903944, "z_normalized": -0.07467461377382278}, "right_eye": {"x": 0.519471287727356, "y": 0.4174269735813141, "z": -0.07468917220830917, "x_normalized": 31.468227835329202, "y_normalized": 25.189876728412166, "z_normalized": -0.07468917220830917}, "right_eye_outer": {"x": 0.5186491012573242, "y": 0.41748490929603577, "z": -0.07466135174036026, "x_normalized": 31.417588602663336, "y_normalized": 25.19344504319767, "z_normalized": -0.07466135174036026}, "left_ear": {"x": 0.5274901986122131, "y": 0.41950443387031555, "z": -0.0410953126847744, "x_normalized": 31.96212004692135, "y_normalized": 25.31782944809725, "z_normalized": -0.0410953126847744}, "right_ear": {"x": 0.5175779461860657, "y": 0.42009738087654114, "z": -0.040344007313251495, "x_normalized": 31.351615161294752, "y_normalized": 25.354349608062453, "z_normalized": -0.040344007313251495}, "mouth_left": {"x": 0.5237463712692261, "y": 0.42674756050109863, "z": -0.06684794276952744, "x_normalized": 31.73153422388411, "y_normalized": 25.763940382847107, "z_normalized": -0.06684794276952744}, "mouth_right": {"x": 0.5199251770973206, "y": 0.4273677468299866, "z": -0.06658678501844406, "x_normalized": 31.496183305588048, "y_normalized": 25.802138238138415, "z_normalized": -0.06658678501844406}, "left_shoulder": {"x": 0.5382495522499084, "y": 0.4413192570209503, "z": -0.013734837993979454, "x_normalized": 32.624798687415804, "y_normalized": 26.66142478243429, "z_normalized": -0.013734837993979454}, "right_shoulder": {"x": 0.5105088353157043, "y": 0.4442049264907837, "z": -0.004049834329634905, "x_normalized": 30.916222019771514, "y_normalized": 26.839155860487704, "z_normalized": -0.004049834329634905}, "left_elbow": {"x": 0.555026650428772, "y": 0.4523741900920868, "z": 0.040625084191560745, "x_normalized": 33.65811583517272, "y_normalized": 27.34230843632515, "z_normalized": 0.040625084191560745}, "right_elbow": {"x": 0.5035275816917419, "y": 0.4574100077152252, "z": 0.05688535422086716, "x_normalized": 30.486240088118475, "y_normalized": 27.652469147521387, "z_normalized": 0.05688535422086716}, "left_wrist": {"x": 0.5480876564979553, "y": 0.4722450077533722, "z": 0.08314034342765808, "x_normalized": 33.230736717493876, "y_normalized": 28.566170656743296, "z_normalized": 0.08314034342765808}, "right_wrist": {"x": 0.5096738338470459, "y": 0.47924697399139404, "z": 0.10153433680534363, "x_normalized": 30.864793499370172, "y_normalized": 28.99742829764321, "z_normalized": 0.10153433680534363}, "left_pinky": {"x": 0.5448030829429626, "y": 0.48008179664611816, "z": 0.09064434468746185, "x_normalized": 33.028436764232666, "y_normalized": 29.048845804727314, "z_normalized": 0.09064434468746185}, "right_pinky": {"x": 0.5112558007240295, "y": 0.4850710928440094, "z": 0.10723058134317398, "x_normalized": 30.96222831698542, "y_normalized": 29.356141217888485, "z_normalized": 0.10723058134317398}, "left_index": {"x": 0.5430890321731567, "y": 0.4792744815349579, "z": 0.08334057033061981, "x_normalized": 32.92286677628339, "y_normalized": 28.999122512945178, "z_normalized": 0.08334057033061981}, "right_index": {"x": 0.5129021406173706, "y": 0.4840281307697296, "z": 0.10245044529438019, "x_normalized": 31.06362792880678, "y_normalized": 29.291904209537947, "z_normalized": 0.10245044529438019}, "left_thumb": {"x": 0.5434661507606506, "y": 0.4765886664390564, "z": 0.08204473555088043, "x_normalized": 32.94609386234088, "y_normalized": 28.833700652459445, "z_normalized": 0.08204473555088043}, "right_thumb": {"x": 0.5127860307693481, "y": 0.4818171262741089, "z": 0.10092294216156006, "x_normalized": 31.05647661481279, "y_normalized": 29.155726377428053, "z_normalized": 0.10092294216156006}, "left_hip": {"x": 0.5346115231513977, "y": 0.5197458863258362, "z": -0.004257293418049812, "x_normalized": 32.40072907707843, "y_normalized": 31.491794136987536, "z_normalized": -0.004257293418049812}, "right_hip": {"x": 0.5183764696121216, "y": 0.5199350714683533, "z": 0.004205953795462847, "x_normalized": 31.400796964979296, "y_normalized": 31.503446226626615, "z_normalized": 0.004205953795462847}, "left_knee": {"x": 0.5321753621101379, "y": 0.5792492628097534, "z": -0.021311679854989052, "x_normalized": 32.250683643011506, "y_normalized": 35.156662674726064, "z_normalized": -0.021311679854989052}, "right_knee": {"x": 0.5176608562469482, "y": 0.5767357349395752, "z": -0.0051184892654418945, "x_normalized": 31.356721669387998, "y_normalized": 35.001852145400306, "z_normalized": -0.0051184892654418945}, "left_ankle": {"x": 0.5287842154502869, "y": 0.6306851506233215, "z": 0.039381932467222214, "x_normalized": 32.04181975267573, "y_normalized": 38.32464704968912, "z_normalized": 0.039381932467222214}, "right_ankle": {"x": 0.5186132192611694, "y": 0.6163332462310791, "z": 0.08793210983276367, "x_normalized": 31.415378597004, "y_normalized": 37.4406998525418, "z_normalized": 0.08793210983276367}, "left_heel": {"x": 0.5268361568450928, "y": 0.6349008083343506, "z": 0.04338388890028, "x_normalized": 31.921837003566083, "y_normalized": 38.58429334581487, "z_normalized": 0.04338388890028}, "right_heel": {"x": 0.5198932886123657, "y": 0.619591236114502, "z": 0.09547053277492523, "x_normalized": 31.494219264013722, "y_normalized": 37.64136249264011, "z_normalized": 0.09547053277492523}, "left_foot_index": {"x": 0.5295159220695496, "y": 0.6512904763221741, "z": 0.007576748263090849, "x_normalized": 32.08688624681856, "y_normalized": 39.59374830622018, "z_normalized": 0.007576748263090849}, "right_foot_index": {"x": 0.5153368711471558, "y": 0.6365042328834534, "z": 0.06954705715179443, "x_normalized": 31.213585256335797, "y_normalized": 38.68304976149882, "z_normalized": 0.06954705715179443}}}