{"sequence_id": 1697925405990398000, "sequence_source": "mediapipe", "frame_number": 40, "image_dimensions": {"height": 1080, "width": 1920}, "joint_positions": {"nose": {"x": 0.5292322635650635, "y": 0.3973943591117859, "z": -0.1277979612350464, "x_normalized": 14.512022876370187, "y_normalized": 10.697486728006593, "z_normalized": -0.1277979612350464}, "left_eye_inner": {"x": 0.5325843691825867, "y": 0.3877865970134735, "z": -0.11699390411376953, "x_normalized": 14.607245888451759, "y_normalized": 10.42455975291908, "z_normalized": -0.11699390411376953}, "left_eye": {"x": 0.5344551801681519, "y": 0.38768649101257324, "z": -0.1169641762971878, "x_normalized": 14.660389875368388, "y_normalized": 10.421716049282972, "z_normalized": -0.1169641762971878}, "left_eye_outer": {"x": 0.536344587802887, "y": 0.3876890242099762, "z": -0.11705587059259415, "x_normalized": 14.71406213589887, "y_normalized": 10.421788009631014, "z_normalized": -0.11705587059259415}, "right_eye_inner": {"x": 0.5261250734329224, "y": 0.38822102546691895, "z": -0.11794612556695938, "x_normalized": 14.423757160055667, "y_normalized": 10.436900529311913, "z_normalized": -0.11794612556695938}, "right_eye": {"x": 0.5238374471664429, "y": 0.38846108317375183, "z": -0.11799315363168716, "x_normalized": 14.35877273281317, "y_normalized": 10.443719830529192, "z_normalized": -0.11799315363168716}, "right_eye_outer": {"x": 0.5216196775436401, "y": 0.3888012170791626, "z": -0.11787953227758408, "x_normalized": 14.295772717991941, "y_normalized": 10.453381988790246, "z_normalized": -0.11787953227758408}, "left_ear": {"x": 0.5406116843223572, "y": 0.39342811703681946, "z": -0.04499272257089615, "x_normalized": 14.835277225692778, "y_normalized": 10.584817987782941, "z_normalized": -0.04499272257089615}, "right_ear": {"x": 0.5173764824867249, "y": 0.39461350440979004, "z": -0.05121735483407974, "x_normalized": 14.175236595246604, "y_normalized": 10.618491197704389, "z_normalized": -0.05121735483407974}, "mouth_left": {"x": 0.53352952003479, "y": 0.40959033370018005, "z": -0.10087285190820694, "x_normalized": 14.634094717601947, "y_normalized": 11.04393686057589, "z_normalized": -0.10087285190820694}, "mouth_right": {"x": 0.5244081616401672, "y": 0.4093834161758423, "z": -0.10252588242292404, "x_normalized": 14.374984975930598, "y_normalized": 11.038058970029452, "z_normalized": -0.10252588242292404}, "left_shoulder": {"x": 0.557231068611145, "y": 0.4412708282470703, "z": 0.005947323981672525, "x_normalized": 15.30738282482627, "y_normalized": 11.943882285689819, "z_normalized": 0.005947323981672525}, "right_shoulder": {"x": 0.49926602840423584, "y": 0.4400175213813782, "z": 0.032723091542720795, "x_normalized": 13.660774288663966, "y_normalized": 11.908279691848549, "z_normalized": 0.032723091542720795}, "left_elbow": {"x": 0.5859622955322266, "y": 0.4678787291049957, "z": 0.12008509784936905, "x_normalized": 16.123548626381773, "y_normalized": 12.69973092351752, "z_normalized": 0.12008509784936905}, "right_elbow": {"x": 0.4804191291332245, "y": 0.45375606417655945, "z": 0.1764724850654602, "x_normalized": 13.125391839017372, "y_normalized": 12.298549443413046, "z_normalized": 0.1764724850654602}, "left_wrist": {"x": 0.5688970685005188, "y": 0.5082143545150757, "z": 0.2356967031955719, "x_normalized": 15.6387780059931, "y_normalized": 13.84554199989397, "z_normalized": 0.2356967031955719}, "right_wrist": {"x": 0.48963749408721924, "y": 0.4961622357368469, "z": 0.2998848557472229, "x_normalized": 13.387257238722517, "y_normalized": 13.50317836850106, "z_normalized": 0.2998848557472229}, "left_pinky": {"x": 0.5628615617752075, "y": 0.5202528238296509, "z": 0.24871604144573212, "x_normalized": 15.46732782052807, "y_normalized": 14.18751789199979, "z_normalized": 0.24871604144573212}, "right_pinky": {"x": 0.4932011067867279, "y": 0.5090810060501099, "z": 0.3141920864582062, "x_normalized": 13.488488516569332, "y_normalized": 13.870160904847223, "z_normalized": 0.3141920864582062}, "left_index": {"x": 0.5592090487480164, "y": 0.5184116959571838, "z": 0.23679299652576447, "x_normalized": 15.36357115776119, "y_normalized": 14.135217111043733, "z_normalized": 0.23679299652576447}, "right_index": {"x": 0.49589231610298157, "y": 0.5065411329269409, "z": 0.3083224594593048, "x_normalized": 13.564937497143223, "y_normalized": 13.798010920124524, "z_normalized": 0.3083224594593048}, "left_thumb": {"x": 0.5603700280189514, "y": 0.5118952989578247, "z": 0.23402687907218933, "x_normalized": 15.396551008564455, "y_normalized": 13.950106311743568, "z_normalized": 0.23402687907218933}, "right_thumb": {"x": 0.49553829431533813, "y": 0.5003859996795654, "z": 0.29968127608299255, "x_normalized": 13.554880826856438, "y_normalized": 13.623162513047307, "z_normalized": 0.29968127608299255}, "left_hip": {"x": 0.5394240617752075, "y": 0.5920034050941467, "z": -0.007014209870249033, "x_normalized": 14.80154052134659, "y_normalized": 16.22573125583083, "z_normalized": -0.007014209870249033}, "right_hip": {"x": 0.5042523741722107, "y": 0.5905264616012573, "z": 0.007074488792568445, "x_normalized": 13.802421037747486, "y_normalized": 16.18377583314605, "z_normalized": 0.007074488792568445}, "left_knee": {"x": 0.532418429851532, "y": 0.7116397023200989, "z": -0.03633001819252968, "x_normalized": 14.60253206235892, "y_normalized": 19.624230550300783, "z_normalized": -0.03633001819252968}, "right_knee": {"x": 0.5039077997207642, "y": 0.714653730392456, "z": -0.03468605503439903, "x_normalized": 13.792632737229276, "y_normalized": 19.709849818992062, "z_normalized": -0.03468605503439903}, "left_ankle": {"x": 0.524941086769104, "y": 0.8051599860191345, "z": 0.11814574897289276, "x_normalized": 14.390123739973724, "y_normalized": 22.2808542133479, "z_normalized": 0.11814574897289276}, "right_ankle": {"x": 0.5066594481468201, "y": 0.8072741031646729, "z": 0.11386703699827194, "x_normalized": 13.870798607048187, "y_normalized": 22.340909780045767, "z_normalized": 0.11386703699827194}, "left_heel": {"x": 0.5222130417823792, "y": 0.8134168386459351, "z": 0.13098551332950592, "x_normalized": 14.312628371280088, "y_normalized": 22.515406004713746, "z_normalized": 0.13098551332950592}, "right_heel": {"x": 0.5081661939620972, "y": 0.8165926933288574, "z": 0.12488057464361191, "x_normalized": 13.913600622062857, "y_normalized": 22.60562226975634, "z_normalized": 0.12488057464361191}, "left_foot_index": {"x": 0.5227602124214172, "y": 0.8425332903862, "z": 0.060371704399585724, "x_normalized": 14.3281718064569, "y_normalized": 23.342514858725433, "z_normalized": 0.060371704399585724}, "right_foot_index": {"x": 0.5037543773651123, "y": 0.8442057371139526, "z": 0.051724281162023544, "x_normalized": 13.788274479914993, "y_normalized": 23.3900239270943, "z_normalized": 0.051724281162023544}}}