{"sequence_id": 1697925405990398000, "sequence_source": "mediapipe", "frame_number": 642, "image_dimensions": {"height": 1080, "width": 1920}, "joint_positions": {"nose": {"x": 0.5263639092445374, "y": 0.42354580760002136, "z": -0.07549650967121124, "x_normalized": 40.71586445803748, "y_normalized": 32.67827711147954, "z_normalized": -0.07549650967121124}, "left_eye_inner": {"x": 0.527064859867096, "y": 0.42120373249053955, "z": -0.07185231894254684, "x_normalized": 40.77079121985195, "y_normalized": 32.49475120030972, "z_normalized": -0.07185231894254684}, "left_eye": {"x": 0.5276299715042114, "y": 0.42124879360198975, "z": -0.07184953987598419, "x_normalized": 40.815073586243365, "y_normalized": 32.49828220642637, "z_normalized": -0.07184953987598419}, "left_eye_outer": {"x": 0.5282680988311768, "y": 0.42126068472862244, "z": -0.07187025249004364, "x_normalized": 40.865077490323785, "y_normalized": 32.49921399970715, "z_normalized": -0.07187025249004364}, "right_eye_inner": {"x": 0.5256441235542297, "y": 0.4211714267730713, "z": -0.07229344546794891, "x_normalized": 40.65946177303139, "y_normalized": 32.492219711797524, "z_normalized": -0.07229344546794891}, "right_eye": {"x": 0.5251700282096863, "y": 0.42130035161972046, "z": -0.07230260968208313, "x_normalized": 40.622311478518434, "y_normalized": 32.50232231263126, "z_normalized": -0.07230260968208313}, "right_eye_outer": {"x": 0.5246732234954834, "y": 0.4213888347148895, "z": -0.07229982316493988, "x_normalized": 40.583381669018124, "y_normalized": 32.50925588218173, "z_normalized": -0.07229982316493988}, "left_ear": {"x": 0.529987096786499, "y": 0.4237481653690338, "z": -0.04490403085947037, "x_normalized": 40.999778834773565, "y_normalized": 32.69413394450336, "z_normalized": -0.04490403085947037}, "right_ear": {"x": 0.5233887434005737, "y": 0.4245968759059906, "z": -0.046540722250938416, "x_normalized": 40.482729312121705, "y_normalized": 32.76063923034318, "z_normalized": -0.046540722250938416}, "mouth_left": {"x": 0.5278161764144897, "y": 0.4274439513683319, "z": -0.06484416127204895, "x_normalized": 40.82966467501109, "y_normalized": 32.983737164427374, "z_normalized": -0.06484416127204895}, "mouth_right": {"x": 0.5255088210105896, "y": 0.42839667201042175, "z": -0.06535616517066956, "x_normalized": 40.648859413395435, "y_normalized": 33.058392722322154, "z_normalized": -0.06535616517066956}, "left_shoulder": {"x": 0.538490891456604, "y": 0.4455767869949341, "z": -0.022581156343221664, "x_normalized": 41.666139473214976, "y_normalized": 34.40463317540157, "z_normalized": -0.022581156343221664}, "right_shoulder": {"x": 0.5158413648605347, "y": 0.44875526428222656, "z": -0.019466256722807884, "x_normalized": 39.891313811441776, "y_normalized": 34.65369988462935, "z_normalized": -0.019466256722807884}, "left_elbow": {"x": 0.5531976222991943, "y": 0.45647233724594116, "z": 0.016209306195378304, "x_normalized": 42.81856458857039, "y_normalized": 35.258412705962826, "z_normalized": 0.016209306195378304}, "right_elbow": {"x": 0.5123609304428101, "y": 0.4630827307701111, "z": 0.023576699197292328, "x_normalized": 39.61858562471807, "y_normalized": 35.776405698503, "z_normalized": 0.023576699197292328}, "left_wrist": {"x": 0.5447406768798828, "y": 0.4718579351902008, "z": 0.03729843720793724, "x_normalized": 42.15587507553597, "y_normalized": 36.46403410989698, "z_normalized": 0.03729843720793724}, "right_wrist": {"x": 0.5185724496841431, "y": 0.4813768267631531, "z": 0.047213125973939896, "x_normalized": 40.105322674225725, "y_normalized": 37.20993813414463, "z_normalized": 0.047213125973939896}, "left_pinky": {"x": 0.5426350831985474, "y": 0.47799259424209595, "z": 0.040485724806785583, "x_normalized": 41.99087994051402, "y_normalized": 36.94474836524138, "z_normalized": 0.040485724806785583}, "right_pinky": {"x": 0.5211412310600281, "y": 0.4885728061199188, "z": 0.04968448728322983, "x_normalized": 40.30661337608953, "y_normalized": 37.77381785895064, "z_normalized": 0.04968448728322983}, "left_index": {"x": 0.5415281057357788, "y": 0.47734421491622925, "z": 0.03524676710367203, "x_normalized": 41.90413675850565, "y_normalized": 36.89394111056299, "z_normalized": 0.03524676710367203}, "right_index": {"x": 0.5219349265098572, "y": 0.48693379759788513, "z": 0.04480532184243202, "x_normalized": 40.3688076584298, "y_normalized": 37.64538451742221, "z_normalized": 0.04480532184243202}, "left_thumb": {"x": 0.5420726537704468, "y": 0.4748053550720215, "z": 0.03643301501870155, "x_normalized": 41.946807753058124, "y_normalized": 36.69499507149092, "z_normalized": 0.03643301501870155}, "right_thumb": {"x": 0.5216924548149109, "y": 0.4841024875640869, "z": 0.04634471610188484, "x_normalized": 40.34980748265928, "y_normalized": 37.42352196841453, "z_normalized": 0.04634471610188484}, "left_hip": {"x": 0.5365336537361145, "y": 0.510047972202301, "z": -0.004080507438629866, "x_normalized": 41.512769568648494, "y_normalized": 39.45662017679104, "z_normalized": -0.004080507438629866}, "right_hip": {"x": 0.523896336555481, "y": 0.5118243098258972, "z": 0.004073648247867823, "x_normalized": 40.52250450800709, "y_normalized": 39.59581467981783, "z_normalized": 0.004073648247867823}, "left_knee": {"x": 0.5350679755210876, "y": 0.557252049446106, "z": -0.026539450511336327, "x_normalized": 41.39791845699731, "y_normalized": 43.15554992162591, "z_normalized": -0.026539450511336327}, "right_knee": {"x": 0.5235952734947205, "y": 0.5580304861068726, "z": 0.022042162716388702, "x_normalized": 40.49891309015633, "y_normalized": 43.21654851935525, "z_normalized": 0.022042162716388702}, "left_ankle": {"x": 0.5334228873252869, "y": 0.6061088442802429, "z": 0.008170615881681442, "x_normalized": 41.2690087098817, "y_normalized": 46.98398725588184, "z_normalized": 0.008170615881681442}, "right_ankle": {"x": 0.5267395377159119, "y": 0.5968524217605591, "z": 0.09288559854030609, "x_normalized": 40.74529885029554, "y_normalized": 46.25865040813504, "z_normalized": 0.09288559854030609}, "left_heel": {"x": 0.5327343940734863, "y": 0.611362636089325, "z": 0.009613508358597755, "x_normalized": 41.215058112456624, "y_normalized": 47.39567641348175, "z_normalized": 0.009613508358597755}, "right_heel": {"x": 0.5286462903022766, "y": 0.6023185849189758, "z": 0.0981331616640091, "x_normalized": 40.89471272023134, "y_normalized": 46.686981066784696, "z_normalized": 0.0981331616640091}, "left_foot_index": {"x": 0.5342690944671631, "y": 0.6214483976364136, "z": -0.02701142244040966, "x_normalized": 41.33531782871505, "y_normalized": 48.186000588089655, "z_normalized": -0.02701142244040966}, "right_foot_index": {"x": 0.5220749378204346, "y": 0.6118502020835876, "z": 0.06984357535839081, "x_normalized": 40.37977899886366, "y_normalized": 47.43388227331529, "z_normalized": 0.06984357535839081}}}