{"sequence_id": 1697925405990398000, "sequence_source": "mediapipe", "frame_number": 329, "image_dimensions": {"height": 1080, "width": 1920}, "joint_positions": {"nose": {"x": 0.5225978493690491, "y": 0.4083903133869171, "z": -0.14183661341667175, "x_normalized": 24.3784126542597, "y_normalized": 18.925222059697006, "z_normalized": -0.14183661341667175}, "left_eye_inner": {"x": 0.5241581201553345, "y": 0.4043264389038086, "z": -0.13656216859817505, "x_normalized": 24.452760877265494, "y_normalized": 18.7315750024083, "z_normalized": -0.13656216859817505}, "left_eye": {"x": 0.5253815650939941, "y": 0.4046306312084198, "z": -0.1365252584218979, "x_normalized": 24.511059063666416, "y_normalized": 18.7460700230795, "z_normalized": -0.1365252584218979}, "left_eye_outer": {"x": 0.5266954302787781, "y": 0.40494415163993835, "z": -0.1365479677915573, "x_normalized": 24.573665851293597, "y_normalized": 18.761009536889734, "z_normalized": -0.1365479677915573}, "right_eye_inner": {"x": 0.521075963973999, "y": 0.4043026566505432, "z": -0.13681462407112122, "x_normalized": 24.305893527621546, "y_normalized": 18.73044175791965, "z_normalized": -0.13681462407112122}, "right_eye": {"x": 0.5201022028923035, "y": 0.40470337867736816, "z": -0.13686034083366394, "x_normalized": 24.259492988245544, "y_normalized": 18.74953650152159, "z_normalized": -0.13686034083366394}, "right_eye_outer": {"x": 0.5191319584846497, "y": 0.4050850570201874, "z": -0.13685373961925507, "x_normalized": 24.213260021362846, "y_normalized": 18.767723797469085, "z_normalized": -0.13685373961925507}, "left_ear": {"x": 0.5299345850944519, "y": 0.409532755613327, "z": -0.0940047949552536, "x_normalized": 24.728014318689667, "y_normalized": 18.979660398328328, "z_normalized": -0.0940047949552536}, "right_ear": {"x": 0.5169912576675415, "y": 0.4105992615222931, "z": -0.09706870466470718, "x_normalized": 24.111253816325863, "y_normalized": 19.03048030718888, "z_normalized": -0.09706870466470718}, "mouth_left": {"x": 0.5254204273223877, "y": 0.41607600450515747, "z": -0.12541644275188446, "x_normalized": 24.512910881728065, "y_normalized": 19.291451743823174, "z_normalized": -0.12541644275188446}, "mouth_right": {"x": 0.5213291049003601, "y": 0.4166629910469055, "z": -0.1259203553199768, "x_normalized": 24.317955906928024, "y_normalized": 19.31942214914697, "z_normalized": -0.1259203553199768}, "left_shoulder": {"x": 0.5413339734077454, "y": 0.43985509872436523, "z": -0.050943031907081604, "x_normalized": 25.271204816067446, "y_normalized": 20.424545701247343, "z_normalized": -0.050943031907081604}, "right_shoulder": {"x": 0.5067374110221863, "y": 0.4433785676956177, "z": -0.04657091200351715, "x_normalized": 23.622649348590457, "y_normalized": 20.592441978695657, "z_normalized": -0.04657091200351715}, "left_elbow": {"x": 0.5570210218429565, "y": 0.4537839889526367, "z": 0.035665225237607956, "x_normalized": 26.018705945753045, "y_normalized": 21.088269104913845, "z_normalized": 0.035665225237607956}, "right_elbow": {"x": 0.49393683671951294, "y": 0.45515456795692444, "z": 0.03228858858346939, "x_normalized": 23.012691153370287, "y_normalized": 21.1535783540221, "z_normalized": 0.03228858858346939}, "left_wrist": {"x": 0.5575697422027588, "y": 0.46991223096847534, "z": 0.10559085011482239, "x_normalized": 26.044852935132702, "y_normalized": 21.85679348198031, "z_normalized": 0.10559085011482239}, "right_wrist": {"x": 0.5034522414207458, "y": 0.46954312920570374, "z": 0.09262906759977341, "x_normalized": 23.46610823772262, "y_normalized": 21.839205470712272, "z_normalized": 0.09262906759977341}, "left_pinky": {"x": 0.5607864260673523, "y": 0.47576281428337097, "z": 0.11737832427024841, "x_normalized": 26.198130642698647, "y_normalized": 22.135578726716844, "z_normalized": 0.11737832427024841}, "right_pinky": {"x": 0.5041652917861938, "y": 0.47419220209121704, "z": 0.10212100297212601, "x_normalized": 23.500085690899773, "y_normalized": 22.060737726972253, "z_normalized": 0.10212100297212601}, "left_index": {"x": 0.5576532483100891, "y": 0.4751383364200592, "z": 0.10677159577608109, "x_normalized": 26.048832071795847, "y_normalized": 22.10582182820167, "z_normalized": 0.10677159577608109}, "right_index": {"x": 0.5074995160102844, "y": 0.4731941819190979, "z": 0.09655094891786575, "x_normalized": 23.65896429603868, "y_normalized": 22.013181221413593, "z_normalized": 0.09655094891786575}, "left_thumb": {"x": 0.5579354166984558, "y": 0.4735136032104492, "z": 0.10362867265939713, "x_normalized": 26.062277634225058, "y_normalized": 22.028401916187175, "z_normalized": 0.10362867265939713}, "right_thumb": {"x": 0.5071084499359131, "y": 0.473987877368927, "z": 0.09256250411272049, "x_normalized": 23.6403296667404, "y_normalized": 22.05100148108984, "z_normalized": 0.09256250411272049}, "left_hip": {"x": 0.5342994332313538, "y": 0.5353925824165344, "z": -0.002237522741779685, "x_normalized": 24.936003025215022, "y_normalized": 24.976987626964814, "z_normalized": -0.002237522741779685}, "right_hip": {"x": 0.5133345723152161, "y": 0.5344511866569519, "z": 0.0021597950253635645, "x_normalized": 23.937009665614077, "y_normalized": 24.932129322569597, "z_normalized": 0.0021597950253635645}, "left_knee": {"x": 0.5307459235191345, "y": 0.612332284450531, "z": -0.00714518828317523, "x_normalized": 24.766675281044208, "y_normalized": 28.643229522348594, "z_normalized": -0.00714518828317523}, "right_knee": {"x": 0.5148168206214905, "y": 0.609215259552002, "z": -0.010075469501316547, "x_normalized": 24.007640051437818, "y_normalized": 28.494700648830314, "z_normalized": -0.010075469501316547}, "left_ankle": {"x": 0.5237581133842468, "y": 0.6708179712295532, "z": 0.06629792600870132, "x_normalized": 24.433700216204567, "y_normalized": 31.43012197814209, "z_normalized": 0.06629792600870132}, "right_ankle": {"x": 0.5151275992393494, "y": 0.6738232374191284, "z": 0.06241362541913986, "x_normalized": 24.022448915507507, "y_normalized": 31.573325454627252, "z_normalized": 0.06241362541913986}, "left_heel": {"x": 0.5218972563743591, "y": 0.6776183247566223, "z": 0.07190580666065216, "x_normalized": 24.345028805338504, "y_normalized": 31.754164577024852, "z_normalized": 0.07190580666065216}, "right_heel": {"x": 0.5155729651451111, "y": 0.6804932951927185, "z": 0.06687021255493164, "x_normalized": 24.04367097771094, "y_normalized": 31.891159350622345, "z_normalized": 0.06687021255493164}, "left_foot_index": {"x": 0.528211772441864, "y": 0.6920549273490906, "z": 0.023470165207982063, "x_normalized": 24.645920838238908, "y_normalized": 32.44208090438633, "z_normalized": 0.023470165207982063}, "right_foot_index": {"x": 0.5144587159156799, "y": 0.6992391347885132, "z": 0.01687745563685894, "x_normalized": 23.990576059237842, "y_normalized": 32.7844144669455, "z_normalized": 0.01687745563685894}}}