{"sequence_id": 1697925405990398000, "sequence_source": "mediapipe", "frame_number": 378, "image_dimensions": {"height": 1080, "width": 1920}, "joint_positions": {"nose": {"x": 0.5151560306549072, "y": 0.42930087447166443, "z": -0.09463807940483093, "x_normalized": 27.076774807505018, "y_normalized": 22.453821250410115, "z_normalized": -0.09463807940483093}, "left_eye_inner": {"x": 0.5169323086738586, "y": 0.4251313805580139, "z": -0.08914563804864883, "x_normalized": 27.17191629500456, "y_normalized": 22.23049368072078, "z_normalized": -0.08914563804864883}, "left_eye": {"x": 0.5180560350418091, "y": 0.4252234101295471, "z": -0.08912375569343567, "x_normalized": 27.232105633074724, "y_normalized": 22.23542299372032, "z_normalized": -0.08912375569343567}, "left_eye_outer": {"x": 0.5191126465797424, "y": 0.42527538537979126, "z": -0.08914711326360703, "x_normalized": 27.288700148322683, "y_normalized": 22.238206906243377, "z_normalized": -0.08914711326360703}, "right_eye_inner": {"x": 0.5138455033302307, "y": 0.4250424802303314, "z": -0.09024903923273087, "x_normalized": 27.006579985665063, "y_normalized": 22.225731977133464, "z_normalized": -0.09024903923273087}, "right_eye": {"x": 0.5127370953559875, "y": 0.42517662048339844, "z": -0.09027699381113052, "x_normalized": 26.947211135574747, "y_normalized": 22.232916833937523, "z_normalized": -0.09027699381113052}, "right_eye_outer": {"x": 0.5117056369781494, "y": 0.42526212334632874, "z": -0.09027557075023651, "x_normalized": 26.891963880745056, "y_normalized": 22.237496561591563, "z_normalized": -0.09027557075023651}, "left_ear": {"x": 0.5214199423789978, "y": 0.4281233847141266, "z": -0.054183293133974075, "x_normalized": 27.412284154936803, "y_normalized": 22.39075222300991, "z_normalized": -0.054183293133974075}, "right_ear": {"x": 0.5095551013946533, "y": 0.42913031578063965, "z": -0.05852292478084564, "x_normalized": 26.77677630754337, "y_normalized": 22.44468573930378, "z_normalized": -0.05852292478084564}, "mouth_left": {"x": 0.5177556872367859, "y": 0.4351169466972351, "z": -0.08153050392866135, "x_normalized": 27.216018322061327, "y_normalized": 22.765343296532283, "z_normalized": -0.08153050392866135}, "mouth_right": {"x": 0.5132148861885071, "y": 0.43621954321861267, "z": -0.08298233896493912, "x_normalized": 26.972802698401374, "y_normalized": 22.824400871999895, "z_normalized": -0.08298233896493912}, "left_shoulder": {"x": 0.531568706035614, "y": 0.45525819063186646, "z": -0.023516245186328888, "x_normalized": 27.955875000665884, "y_normalized": 23.84415409505988, "z_normalized": -0.023516245186328888}, "right_shoulder": {"x": 0.5001636147499084, "y": 0.4556315541267395, "z": -0.021769724786281586, "x_normalized": 26.273746939572806, "y_normalized": 23.864152292358533, "z_normalized": -0.021769724786281586}, "left_elbow": {"x": 0.5497533082962036, "y": 0.4668175280094147, "z": 0.03105095773935318, "x_normalized": 28.929883624429294, "y_normalized": 24.463298474979776, "z_normalized": 0.03105095773935318}, "right_elbow": {"x": 0.4907187819480896, "y": 0.4589158594608307, "z": 0.034574318677186966, "x_normalized": 25.767860230193833, "y_normalized": 24.040067150029625, "z_normalized": 0.034574318677186966}, "left_wrist": {"x": 0.5414742231369019, "y": 0.48017826676368713, "z": 0.06716344505548477, "x_normalized": 28.486437008084653, "y_normalized": 25.17893000653737, "z_normalized": 0.06716344505548477}, "right_wrist": {"x": 0.49156150221824646, "y": 0.452250212430954, "z": 0.0750296413898468, "x_normalized": 25.812998243046163, "y_normalized": 23.683039946628345, "z_normalized": 0.0750296413898468}, "left_pinky": {"x": 0.5383259057998657, "y": 0.48799461126327515, "z": 0.07297723740339279, "x_normalized": 28.31780597658484, "y_normalized": 25.597591181514183, "z_normalized": 0.07297723740339279}, "right_pinky": {"x": 0.4918757677078247, "y": 0.4514312148094177, "z": 0.07527387887239456, "x_normalized": 25.829831016873932, "y_normalized": 23.63917257274869, "z_normalized": 0.07527387887239456}, "left_index": {"x": 0.5368186831474304, "y": 0.48630931973457336, "z": 0.06456185132265091, "x_normalized": 28.237075705976437, "y_normalized": 25.507323137210104, "z_normalized": 0.06456185132265091}, "right_index": {"x": 0.4931907653808594, "y": 0.45231351256370544, "z": 0.07417349517345428, "x_normalized": 25.900265280731354, "y_normalized": 23.686430445595644, "z_normalized": 0.07417349517345428}, "left_thumb": {"x": 0.5367686748504639, "y": 0.4774768352508545, "z": 0.06534506380558014, "x_normalized": 28.234397147941067, "y_normalized": 25.034235195383445, "z_normalized": 0.06534506380558014}, "right_thumb": {"x": 0.4934743642807007, "y": 0.4526219666004181, "z": 0.07441580295562744, "x_normalized": 25.915455482319313, "y_normalized": 23.70295194480071, "z_normalized": 0.07441580295562744}, "left_hip": {"x": 0.5254862308502197, "y": 0.5406845211982727, "z": -0.005451423581689596, "x_normalized": 27.630083806582935, "y_normalized": 28.419782501762562, "z_normalized": -0.005451423581689596}, "right_hip": {"x": 0.5068196654319763, "y": 0.5403339266777039, "z": 0.00542939268052578, "x_normalized": 26.630260140776596, "y_normalized": 28.401003862472866, "z_normalized": 0.00542939268052578}, "left_knee": {"x": 0.5262938141822815, "y": 0.6035924553871155, "z": -0.02770652435719967, "x_normalized": 27.673339805177992, "y_normalized": 31.789274422730614, "z_normalized": -0.02770652435719967}, "right_knee": {"x": 0.5108246207237244, "y": 0.6056638360023499, "z": 0.002797303255647421, "x_normalized": 26.84477464794311, "y_normalized": 31.900222275943058, "z_normalized": 0.002797303255647421}, "left_ankle": {"x": 0.5247399210929871, "y": 0.6643975377082825, "z": 0.023084677755832672, "x_normalized": 27.59010975990726, "y_normalized": 35.04613281868326, "z_normalized": 0.023084677755832672}, "right_ankle": {"x": 0.5153089761734009, "y": 0.6525627970695496, "z": 0.08688441663980484, "x_normalized": 27.084966917062545, "y_normalized": 34.41223721420742, "z_normalized": 0.08688441663980484}, "left_heel": {"x": 0.5231447815895081, "y": 0.66977858543396, "z": 0.025615256279706955, "x_normalized": 27.504670462955385, "y_normalized": 35.33435396394589, "z_normalized": 0.025615256279706955}, "right_heel": {"x": 0.5164958238601685, "y": 0.6584883332252502, "z": 0.09298625588417053, "x_normalized": 27.148537176419307, "y_normalized": 34.72962239719725, "z_normalized": 0.09298625588417053}, "left_foot_index": {"x": 0.5262826681137085, "y": 0.6891146302223206, "z": -0.022273052483797073, "x_normalized": 27.672742796414447, "y_normalized": 36.370036466287736, "z_normalized": -0.022273052483797073}, "right_foot_index": {"x": 0.510902464389801, "y": 0.6722153425216675, "z": 0.056696150451898575, "x_normalized": 26.84894413160723, "y_normalized": 35.46487221138578, "z_normalized": 0.056696150451898575}}}