{"sequence_id": 1697925405990398000, "sequence_source": "mediapipe", "frame_number": 54, "image_dimensions": {"height": 1080, "width": 1920}, "joint_positions": {"nose": {"x": 0.5216553807258606, "y": 0.392760306596756, "z": -0.11306921392679214, "x_normalized": 15.19341727731165, "y_normalized": 11.242419316815733, "z_normalized": -0.11306921392679214}, "left_eye_inner": {"x": 0.5232548117637634, "y": 0.38399738073349, "z": -0.10374578833580017, "x_normalized": 15.241597207050411, "y_normalized": 10.978452229524665, "z_normalized": -0.10374578833580017}, "left_eye": {"x": 0.5248824954032898, "y": 0.3838592767715454, "z": -0.10372002422809601, "x_normalized": 15.29062819465219, "y_normalized": 10.97429210068794, "z_normalized": -0.10372002422809601}, "left_eye_outer": {"x": 0.5266204476356506, "y": 0.3837094306945801, "z": -0.10381727665662766, "x_normalized": 15.342980821592745, "y_normalized": 10.969778262148651, "z_normalized": -0.10381727665662766}, "right_eye_inner": {"x": 0.5187544226646423, "y": 0.38486334681510925, "z": -0.1034701019525528, "x_normalized": 15.10603123049099, "y_normalized": 11.004537871218398, "z_normalized": -0.1034701019525528}, "right_eye": {"x": 0.51711505651474, "y": 0.3854528069496155, "z": -0.10351680964231491, "x_normalized": 15.056648328667373, "y_normalized": 11.022294277835059, "z_normalized": -0.10351680964231491}, "right_eye_outer": {"x": 0.5154339075088501, "y": 0.3861227333545685, "z": -0.1034196987748146, "x_normalized": 15.00600679485647, "y_normalized": 11.042474583428666, "z_normalized": -0.1034196987748146}, "left_ear": {"x": 0.5302682518959045, "y": 0.38959601521492004, "z": -0.03976426646113396, "x_normalized": 15.452864241880896, "y_normalized": 11.147100836157932, "z_normalized": -0.03976426646113396}, "right_ear": {"x": 0.5116099119186401, "y": 0.3931678533554077, "z": -0.03930552303791046, "x_normalized": 14.89081593354917, "y_normalized": 11.254695916263776, "z_normalized": -0.03930552303791046}, "mouth_left": {"x": 0.525680422782898, "y": 0.4043392241001129, "z": -0.08903815597295761, "x_normalized": 15.314664295099861, "y_normalized": 11.59121299315588, "z_normalized": -0.08903815597295761}, "mouth_right": {"x": 0.5184186100959778, "y": 0.4055747091770172, "z": -0.0888795554637909, "x_normalized": 15.095915492093875, "y_normalized": 11.628429717595958, "z_normalized": -0.0888795554637909}, "left_shoulder": {"x": 0.5499045848846436, "y": 0.43426814675331116, "z": 0.005817635916173458, "x_normalized": 16.044372797926478, "y_normalized": 12.492766956044244, "z_normalized": 0.005817635916173458}, "right_shoulder": {"x": 0.49559056758880615, "y": 0.44140979647636414, "z": 0.039301980286836624, "x_normalized": 14.408262534257608, "y_normalized": 12.707896069911326, "z_normalized": 0.039301980286836624}, "left_elbow": {"x": 0.5756732821464539, "y": 0.45892399549484253, "z": 0.11682046204805374, "x_normalized": 16.820607592745365, "y_normalized": 13.235479228011986, "z_normalized": 0.11682046204805374}, "right_elbow": {"x": 0.47914189100265503, "y": 0.4543765187263489, "z": 0.18272848427295685, "x_normalized": 13.912776287313504, "y_normalized": 13.098494821680871, "z_normalized": 0.18272848427295685}, "left_wrist": {"x": 0.5560409426689148, "y": 0.4916228652000427, "z": 0.24457794427871704, "x_normalized": 16.22921933390827, "y_normalized": 14.2204727710904, "z_normalized": 0.24457794427871704}, "right_wrist": {"x": 0.4908188283443451, "y": 0.4777885675430298, "z": 0.31540581583976746, "x_normalized": 14.264522631703713, "y_normalized": 13.803739899647583, "z_normalized": 0.31540581583976746}, "left_pinky": {"x": 0.550790011882782, "y": 0.5061250329017639, "z": 0.2573595941066742, "x_normalized": 16.071044664076485, "y_normalized": 14.657324004041854, "z_normalized": 0.2573595941066742}, "right_pinky": {"x": 0.49402016401290894, "y": 0.4869941473007202, "z": 0.32957375049591064, "x_normalized": 14.360957003631269, "y_normalized": 14.081041124532932, "z_normalized": 0.32957375049591064}, "left_index": {"x": 0.5476831197738647, "y": 0.5055652260780334, "z": 0.24768862128257751, "x_normalized": 15.977455231355574, "y_normalized": 14.640460849085216, "z_normalized": 0.24768862128257751}, "right_index": {"x": 0.4966455399990082, "y": 0.48754221200942993, "z": 0.32432299852371216, "x_normalized": 14.440041645326074, "y_normalized": 14.09755056978701, "z_normalized": 0.32432299852371216}, "left_thumb": {"x": 0.5488881468772888, "y": 0.4987678825855255, "z": 0.2440243810415268, "x_normalized": 16.01375446514586, "y_normalized": 14.43570332961837, "z_normalized": 0.2440243810415268}, "right_thumb": {"x": 0.4962154030799866, "y": 0.48483458161354065, "z": 0.3149515390396118, "x_normalized": 14.427084558683763, "y_normalized": 14.015988164693551, "z_normalized": 0.3149515390396118}, "left_hip": {"x": 0.5370755791664124, "y": 0.5895444750785828, "z": -0.008050452917814255, "x_normalized": 15.657922504368955, "y_normalized": 17.170181868920967, "z_normalized": -0.008050452917814255}, "right_hip": {"x": 0.5039151310920715, "y": 0.5879862308502197, "z": 0.008110109716653824, "x_normalized": 14.659024758566499, "y_normalized": 17.123242616362255, "z_normalized": 0.008110109716653824}, "left_knee": {"x": 0.5314222574234009, "y": 0.712474524974823, "z": -0.03624157980084419, "x_normalized": 15.487626544171729, "y_normalized": 20.873224404940103, "z_normalized": -0.03624157980084419}, "right_knee": {"x": 0.5050424933433533, "y": 0.7121114730834961, "z": -0.024808501824736595, "x_normalized": 14.692984480973854, "y_normalized": 20.862288131852274, "z_normalized": -0.024808501824736595}, "left_ankle": {"x": 0.5237821340560913, "y": 0.8060190677642822, "z": 0.11663564294576645, "x_normalized": 15.257481825012654, "y_normalized": 23.691082375828504, "z_normalized": 0.11663564294576645}, "right_ankle": {"x": 0.5083004832267761, "y": 0.8070916533470154, "z": 0.11849243938922882, "x_normalized": 14.791125457329253, "y_normalized": 23.723392051450812, "z_normalized": 0.11849243938922882}, "left_heel": {"x": 0.5218653082847595, "y": 0.8147803544998169, "z": 0.1297505497932434, "x_normalized": 15.199740960420389, "y_normalized": 23.95500008739967, "z_normalized": 0.1297505497932434}, "right_heel": {"x": 0.5098634362220764, "y": 0.8170392513275146, "z": 0.12989792227745056, "x_normalized": 14.838206552865133, "y_normalized": 24.02304521586504, "z_normalized": 0.12989792227745056}, "left_foot_index": {"x": 0.5227568745613098, "y": 0.8421233296394348, "z": 0.06076066195964813, "x_normalized": 15.226597761084934, "y_normalized": 24.778657119091935, "z_normalized": 0.06076066195964813}, "right_foot_index": {"x": 0.504027247428894, "y": 0.8433852195739746, "z": 0.058568838983774185, "x_normalized": 14.662402057807709, "y_normalized": 24.816669241492594, "z_normalized": 0.058568838983774185}}}