{"sequence_id": 1697925405990398000, "sequence_source": "mediapipe", "frame_number": 118, "image_dimensions": {"height": 1080, "width": 1920}, "joint_positions": {"nose": {"x": 0.5132297277450562, "y": 0.4018499255180359, "z": -0.15387488901615143, "x_normalized": 16.670804153178278, "y_normalized": 12.87067453228146, "z_normalized": -0.15387488901615143}, "left_eye_inner": {"x": 0.5154933333396912, "y": 0.39566919207572937, "z": -0.14540675282478333, "x_normalized": 16.746586953322105, "y_normalized": 12.663750990339906, "z_normalized": -0.14540675282478333}, "left_eye": {"x": 0.5171881914138794, "y": 0.39572423696517944, "z": -0.1453646719455719, "x_normalized": 16.8033287686864, "y_normalized": 12.665593827213089, "z_normalized": -0.1453646719455719}, "left_eye_outer": {"x": 0.5188881158828735, "y": 0.3957129418849945, "z": -0.14540213346481323, "x_normalized": 16.860240200871722, "y_normalized": 12.665215681476793, "z_normalized": -0.14540213346481323}, "right_eye_inner": {"x": 0.5106472373008728, "y": 0.3952735960483551, "z": -0.14956627786159515, "x_normalized": 16.58434547076967, "y_normalized": 12.650506909855544, "z_normalized": -0.14956627786159515}, "right_eye": {"x": 0.5089328289031982, "y": 0.3951766788959503, "z": -0.14961345493793488, "x_normalized": 16.526949134025404, "y_normalized": 12.647262239843856, "z_normalized": -0.14961345493793488}, "right_eye_outer": {"x": 0.507175087928772, "y": 0.3950108289718628, "z": -0.14962002635002136, "x_normalized": 16.468102074588337, "y_normalized": 12.641709783320167, "z_normalized": -0.14962002635002136}, "left_ear": {"x": 0.5221973061561584, "y": 0.40062448382377625, "z": -0.08841409534215927, "x_normalized": 16.971027921891952, "y_normalized": 12.829648214258524, "z_normalized": -0.08841409534215927}, "right_ear": {"x": 0.5028140544891357, "y": 0.4009436368942261, "z": -0.10598652064800262, "x_normalized": 16.322099906030434, "y_normalized": 12.840333076237357, "z_normalized": -0.10598652064800262}, "mouth_left": {"x": 0.5169827342033386, "y": 0.41105329990386963, "z": -0.13194553554058075, "x_normalized": 16.79645030772066, "y_normalized": 13.178792467395036, "z_normalized": -0.13194553554058075}, "mouth_right": {"x": 0.5096924901008606, "y": 0.4113270342350006, "z": -0.137398824095726, "x_normalized": 16.552381679719723, "y_normalized": 13.187956764460642, "z_normalized": -0.137398824095726}, "left_shoulder": {"x": 0.5374359488487244, "y": 0.4511464536190033, "z": -0.03544560819864273, "x_normalized": 17.48119940069153, "y_normalized": 14.521063162577564, "z_normalized": -0.03544560819864273}, "right_shoulder": {"x": 0.4866114556789398, "y": 0.44868266582489014, "z": -0.054002054035663605, "x_normalized": 15.779656332665038, "y_normalized": 14.43857850251107, "z_normalized": -0.054002054035663605}, "left_elbow": {"x": 0.5618851184844971, "y": 0.4702624976634979, "z": 0.0682571604847908, "x_normalized": 18.29972827364614, "y_normalized": 15.1610453877488, "z_normalized": 0.0682571604847908}, "right_elbow": {"x": 0.4755499064922333, "y": 0.4653274416923523, "z": 0.027860773727297783, "x_normalized": 15.409328934073992, "y_normalized": 14.995825633368291, "z_normalized": 0.027860773727297783}, "left_wrist": {"x": 0.551519513130188, "y": 0.49607110023498535, "z": 0.14206185936927795, "x_normalized": 17.952700239788467, "y_normalized": 16.025086444769563, "z_normalized": 0.14206185936927795}, "right_wrist": {"x": 0.4918749928474426, "y": 0.46927759051322937, "z": 0.10375989228487015, "x_normalized": 15.955873243524273, "y_normalized": 15.128071877740725, "z_normalized": 0.10375989228487015}, "left_pinky": {"x": 0.546573281288147, "y": 0.507043719291687, "z": 0.15272916853427887, "x_normalized": 17.78710633065569, "y_normalized": 16.39243656927854, "z_normalized": 0.15272916853427887}, "right_pinky": {"x": 0.49420198798179626, "y": 0.4724833369255066, "z": 0.10581430792808533, "x_normalized": 16.03377824942298, "y_normalized": 15.235396422373942, "z_normalized": 0.10581430792808533}, "left_index": {"x": 0.5455698370933533, "y": 0.504878580570221, "z": 0.1379425972700119, "x_normalized": 17.75351222263185, "y_normalized": 16.319950321938716, "z_normalized": 0.1379425972700119}, "right_index": {"x": 0.49462762475013733, "y": 0.4731202721595764, "z": 0.10155537724494934, "x_normalized": 16.048028057881442, "y_normalized": 15.256720250015329, "z_normalized": 0.10155537724494934}, "left_thumb": {"x": 0.545034646987915, "y": 0.498727023601532, "z": 0.13868337869644165, "x_normalized": 17.73559469985513, "y_normalized": 16.114003573337087, "z_normalized": 0.13868337869644165}, "right_thumb": {"x": 0.49445047974586487, "y": 0.47258099913597107, "z": 0.10299333930015564, "x_normalized": 16.04209745562146, "y_normalized": 15.23866603603578, "z_normalized": 0.10299333930015564}, "left_hip": {"x": 0.5263859033584595, "y": 0.5814366936683655, "z": -0.005566917825490236, "x_normalized": 17.111257132058824, "y_normalized": 18.88302411803474, "z_normalized": -0.005566917825490236}, "right_hip": {"x": 0.49663713574409485, "y": 0.5841212272644043, "z": 0.005539509002119303, "x_normalized": 16.115304075577654, "y_normalized": 18.972899082768077, "z_normalized": 0.005539509002119303}, "left_knee": {"x": 0.5256508588790894, "y": 0.6839036345481873, "z": -0.03471042960882187, "x_normalized": 17.086648724565507, "y_normalized": 22.31349439096989, "z_normalized": -0.03471042960882187}, "right_knee": {"x": 0.50136399269104, "y": 0.6932567358016968, "z": 0.008757992647588253, "x_normalized": 16.27355357635987, "y_normalized": 22.626625002017878, "z_normalized": 0.008757992647588253}, "left_ankle": {"x": 0.5257439017295837, "y": 0.7802040576934814, "z": 0.06482477486133575, "x_normalized": 17.089763687596406, "y_normalized": 25.537517046808368, "z_normalized": 0.06482477486133575}, "right_ankle": {"x": 0.5112676024436951, "y": 0.7639962434768677, "z": 0.15681332349777222, "x_normalized": 16.60511455163169, "y_normalized": 24.994898867891912, "z_normalized": 0.15681332349777222}, "left_heel": {"x": 0.5242940783500671, "y": 0.7878859639167786, "z": 0.07093381881713867, "x_normalized": 17.04122533989389, "y_normalized": 25.794698052820873, "z_normalized": 0.07093381881713867}, "right_heel": {"x": 0.5143380761146545, "y": 0.7715964317321777, "z": 0.16843919456005096, "x_normalized": 16.707910327143427, "y_normalized": 25.249344054355813, "z_normalized": 0.16843919456005096}, "left_foot_index": {"x": 0.523183286190033, "y": 0.8169777989387512, "z": -0.006984687875956297, "x_normalized": 17.004037350756242, "y_normalized": 26.76865779409059, "z_normalized": -0.006984687875956297}, "right_foot_index": {"x": 0.5041795372962952, "y": 0.795888364315033, "z": 0.1092190071940422, "x_normalized": 16.36781463253582, "y_normalized": 26.06260881938248, "z_normalized": 0.1092190071940422}}}