{"sequence_id": 1697925405990398000, "sequence_source": "mediapipe", "frame_number": 196, "image_dimensions": {"height": 1080, "width": 1920}, "joint_positions": {"nose": {"x": 0.5116411447525024, "y": 0.39702263474464417, "z": -0.13830514252185822, "x_normalized": 20.115139147719, "y_normalized": 15.455644991787647, "z_normalized": -0.13830514252185822}, "left_eye_inner": {"x": 0.5132612586021423, "y": 0.3933500349521637, "z": -0.1317300647497177, "x_normalized": 20.180468676763933, "y_normalized": 15.30755094588673, "z_normalized": -0.1317300647497177}, "left_eye": {"x": 0.5145857334136963, "y": 0.3936757743358612, "z": -0.1316973865032196, "x_normalized": 20.233876846621833, "y_normalized": 15.320686072490998, "z_normalized": -0.1316973865032196}, "left_eye_outer": {"x": 0.5158646106719971, "y": 0.39400118589401245, "z": -0.1317414939403534, "x_normalized": 20.285446339105118, "y_normalized": 15.333807979846165, "z_normalized": -0.1317414939403534}, "right_eye_inner": {"x": 0.5095468759536743, "y": 0.39359328150749207, "z": -0.13240888714790344, "x_normalized": 20.030689777477914, "y_normalized": 15.31735962871784, "z_normalized": -0.13240888714790344}, "right_eye": {"x": 0.5082353949546814, "y": 0.394171804189682, "z": -0.13244818150997162, "x_normalized": 19.977805570584284, "y_normalized": 15.340687998126992, "z_normalized": -0.13244818150997162}, "right_eye_outer": {"x": 0.5069195628166199, "y": 0.39470210671424866, "z": -0.13243354856967926, "x_normalized": 19.92474590820262, "y_normalized": 15.362071936168741, "z_normalized": -0.13243354856967926}, "left_ear": {"x": 0.5189209580421448, "y": 0.40007293224334717, "z": -0.08559966087341309, "x_normalized": 20.408690600200632, "y_normalized": 15.5786452976498, "z_normalized": -0.08559966087341309}, "right_ear": {"x": 0.5040311217308044, "y": 0.40092793107032776, "z": -0.088771291077137, "x_normalized": 19.80827230614539, "y_normalized": 15.613122301048683, "z_normalized": -0.088771291077137}, "mouth_left": {"x": 0.5155379772186279, "y": 0.4059655964374542, "z": -0.12072305381298065, "x_normalized": 20.272275160003307, "y_normalized": 15.81626130019588, "z_normalized": -0.12072305381298065}, "mouth_right": {"x": 0.5097382664680481, "y": 0.4069910943508148, "z": -0.12173764407634735, "x_normalized": 20.03840741545162, "y_normalized": 15.857613514875919, "z_normalized": -0.12173764407634735}, "left_shoulder": {"x": 0.5349076390266418, "y": 0.437826007604599, "z": -0.04168618842959404, "x_normalized": 21.05333809823972, "y_normalized": 17.101001664084652, "z_normalized": -0.04168618842959404}, "right_shoulder": {"x": 0.493251234292984, "y": 0.4444412589073181, "z": -0.03468339145183563, "x_normalized": 19.37358373803842, "y_normalized": 17.36775529514373, "z_normalized": -0.03468339145183563}, "left_elbow": {"x": 0.5527477860450745, "y": 0.45288270711898804, "z": 0.054731231182813644, "x_normalized": 21.772724827182063, "y_normalized": 17.708148555931047, "z_normalized": 0.054731231182813644}, "right_elbow": {"x": 0.48004311323165894, "y": 0.4633834958076477, "z": 0.058276236057281494, "x_normalized": 18.84097899010872, "y_normalized": 18.131582736055496, "z_normalized": 0.058276236057281494}, "left_wrist": {"x": 0.5460734963417053, "y": 0.47052064538002014, "z": 0.1416432112455368, "x_normalized": 21.50359052953533, "y_normalized": 18.41938141167943, "z_normalized": 0.1416432112455368}, "right_wrist": {"x": 0.4889972507953644, "y": 0.4752817153930664, "z": 0.13893209397792816, "x_normalized": 19.20204595473622, "y_normalized": 18.611366969837224, "z_normalized": 0.13893209397792816}, "left_pinky": {"x": 0.5450847744941711, "y": 0.47978001832962036, "z": 0.1556762158870697, "x_normalized": 21.463721274254166, "y_normalized": 18.792756698967583, "z_normalized": 0.1556762158870697}, "right_pinky": {"x": 0.4922889769077301, "y": 0.47853875160217285, "z": 0.15007534623146057, "x_normalized": 19.33478163668448, "y_normalized": 18.742703814880873, "z_normalized": 0.15007534623146057}, "left_index": {"x": 0.541388750076294, "y": 0.47826045751571655, "z": 0.14624038338661194, "x_normalized": 21.314682652917664, "y_normalized": 18.73148187414614, "z_normalized": 0.14624038338661194}, "right_index": {"x": 0.4940899908542633, "y": 0.47805508971214294, "z": 0.14469744265079498, "x_normalized": 19.407405787731967, "y_normalized": 18.72320061546087, "z_normalized": 0.14469744265079498}, "left_thumb": {"x": 0.5418119430541992, "y": 0.4751608371734619, "z": 0.1408388465642929, "x_normalized": 21.33174750175395, "y_normalized": 18.60649267216962, "z_normalized": 0.1408388465642929}, "right_thumb": {"x": 0.49287861585617065, "y": 0.47587189078330994, "z": 0.13896049559116364, "x_normalized": 19.358558258813066, "y_normalized": 18.63516522346433, "z_normalized": 0.13896049559116364}, "left_hip": {"x": 0.5286844968795776, "y": 0.5544508099555969, "z": -0.0033233158756047487, "x_normalized": 20.802395890852402, "y_normalized": 21.8037843816344, "z_normalized": -0.0033233158756047487}, "right_hip": {"x": 0.5039089918136597, "y": 0.5533691644668579, "z": 0.003247724147513509, "x_normalized": 19.803347534981228, "y_normalized": 21.760168070108758, "z_normalized": 0.003247724147513509}, "left_knee": {"x": 0.5255220532417297, "y": 0.6477879881858826, "z": -0.009404528886079788, "x_normalized": 20.674873400048636, "y_normalized": 25.567516107971528, "z_normalized": -0.009404528886079788}, "right_knee": {"x": 0.5080123543739319, "y": 0.6452818512916565, "z": -0.004146468825638294, "x_normalized": 19.968811674197614, "y_normalized": 25.46645855386302, "z_normalized": -0.004146468825638294}, "left_ankle": {"x": 0.5179998874664307, "y": 0.7237587571144104, "z": 0.07031157612800598, "x_normalized": 20.371549317233434, "y_normalized": 28.63096412206361, "z_normalized": 0.07031157612800598}, "right_ankle": {"x": 0.5121839046478271, "y": 0.7217612266540527, "z": 0.07971320301294327, "x_normalized": 20.137025417226493, "y_normalized": 28.55041563205651, "z_normalized": 0.07971320301294327}, "left_heel": {"x": 0.5162025094032288, "y": 0.7328875660896301, "z": 0.07513851672410965, "x_normalized": 20.29907177967595, "y_normalized": 28.99907454296079, "z_normalized": 0.07513851672410965}, "right_heel": {"x": 0.5130417943000793, "y": 0.7300214171409607, "z": 0.0845954567193985, "x_normalized": 20.171618990367428, "y_normalized": 28.88349984984226, "z_normalized": 0.0845954567193985}, "left_foot_index": {"x": 0.5220962166786194, "y": 0.7491190433502197, "z": 0.01676924340426922, "x_normalized": 20.53672984346916, "y_normalized": 29.653593214826728, "z_normalized": 0.01676924340426922}, "right_foot_index": {"x": 0.5114943385124207, "y": 0.747302234172821, "z": 0.026097552850842476, "x_normalized": 20.109219327622693, "y_normalized": 29.58033213632267, "z_normalized": 0.026097552850842476}}}