{"sequence_id": 1697925405990398000, "sequence_source": "mediapipe", "frame_number": 170, "image_dimensions": {"height": 1080, "width": 1920}, "joint_positions": {"nose": {"x": 0.5141966342926025, "y": 0.42410391569137573, "z": -0.18539580702781677, "x_normalized": 19.261939076515848, "y_normalized": 15.739469056082275, "z_normalized": -0.18539580702781677}, "left_eye_inner": {"x": 0.5162708163261414, "y": 0.4188106954097748, "z": -0.18045133352279663, "x_normalized": 19.34172790003831, "y_normalized": 15.535851527781915, "z_normalized": -0.18045133352279663}, "left_eye": {"x": 0.5178830027580261, "y": 0.41889944672584534, "z": -0.18038316071033478, "x_normalized": 19.403744857382936, "y_normalized": 15.539265578709383, "z_normalized": -0.18038316071033478}, "left_eye_outer": {"x": 0.5195096731185913, "y": 0.4188780188560486, "z": -0.18043826520442963, "x_normalized": 19.466318976833254, "y_normalized": 15.538441299791703, "z_normalized": -0.18043826520442963}, "right_eye_inner": {"x": 0.5118099451065063, "y": 0.41874170303344727, "z": -0.18058732151985168, "x_normalized": 19.17012885002984, "y_normalized": 15.533197556023321, "z_normalized": -0.18058732151985168}, "right_eye": {"x": 0.5101351737976074, "y": 0.4190201759338379, "z": -0.18064440786838531, "x_normalized": 19.105704402105065, "y_normalized": 15.543909742680896, "z_normalized": -0.18064440786838531}, "right_eye_outer": {"x": 0.5084436535835266, "y": 0.4192987382411957, "z": -0.1805395483970642, "x_normalized": 19.040635663844082, "y_normalized": 15.55462536861073, "z_normalized": -0.1805395483970642}, "left_ear": {"x": 0.5227184891700745, "y": 0.4220009744167328, "z": -0.12116982042789459, "x_normalized": 19.589754458149724, "y_normalized": 15.658573933317026, "z_normalized": -0.12116982042789459}, "right_ear": {"x": 0.504267156124115, "y": 0.4252081513404846, "z": -0.13158847391605377, "x_normalized": 18.879975792462172, "y_normalized": 15.78194636130878, "z_normalized": -0.13158847391605377}, "mouth_left": {"x": 0.5172469019889832, "y": 0.43270376324653625, "z": -0.1650545746088028, "x_normalized": 19.379275581695943, "y_normalized": 16.070284629548652, "z_normalized": -0.1650545746088028}, "mouth_right": {"x": 0.5112838745117188, "y": 0.4344070851802826, "z": -0.16687297821044922, "x_normalized": 19.149892172067563, "y_normalized": 16.13580735174761, "z_normalized": -0.16687297821044922}, "left_shoulder": {"x": 0.5355669856071472, "y": 0.4547560214996338, "z": -0.028781039640307426, "x_normalized": 20.0840053957097, "y_normalized": 16.91858227824935, "z_normalized": -0.028781039640307426}, "right_shoulder": {"x": 0.4917076528072357, "y": 0.4646279513835907, "z": -0.07785607874393463, "x_normalized": 18.396841729262057, "y_normalized": 17.298331817393375, "z_normalized": -0.07785607874393463}, "left_elbow": {"x": 0.5549984574317932, "y": 0.46530330181121826, "z": 0.04541536793112755, "x_normalized": 20.83148765673055, "y_normalized": 17.32431093360135, "z_normalized": 0.04541536793112755}, "right_elbow": {"x": 0.47530218958854675, "y": 0.4749429225921631, "z": 0.012558192014694214, "x_normalized": 17.76576278421547, "y_normalized": 17.69512409699668, "z_normalized": 0.012558192014694214}, "left_wrist": {"x": 0.5578944683074951, "y": 0.47229892015457153, "z": 0.12466689944267273, "x_normalized": 20.94289027084262, "y_normalized": 17.593415644954003, "z_normalized": 0.12466689944267273}, "right_wrist": {"x": 0.4913943409919739, "y": 0.47976142168045044, "z": 0.0935111939907074, "x_normalized": 18.384789372848196, "y_normalized": 17.88048023603457, "z_normalized": 0.0935111939907074}, "left_pinky": {"x": 0.5596948266029358, "y": 0.47813132405281067, "z": 0.13865146040916443, "x_normalized": 21.012145749864892, "y_normalized": 17.817774277814387, "z_normalized": 0.13865146040916443}, "right_pinky": {"x": 0.49437206983566284, "y": 0.485470175743103, "z": 0.10553430020809174, "x_normalized": 18.49933548180349, "y_normalized": 18.10008235536303, "z_normalized": 0.10553430020809174}, "left_index": {"x": 0.5581250786781311, "y": 0.47826409339904785, "z": 0.12486603111028671, "x_normalized": 20.951761300418426, "y_normalized": 17.82288159711656, "z_normalized": 0.12486603111028671}, "right_index": {"x": 0.4980079233646393, "y": 0.48418867588043213, "z": 0.10080022364854813, "x_normalized": 18.639198073845176, "y_normalized": 18.050786119674274, "z_normalized": 0.10080022364854813}, "left_thumb": {"x": 0.5570811629295349, "y": 0.47810274362564087, "z": 0.12170436978340149, "x_normalized": 20.91160435754155, "y_normalized": 17.81667485711612, "z_normalized": 0.12170436978340149}, "right_thumb": {"x": 0.49713870882987976, "y": 0.48206934332847595, "z": 0.09473877400159836, "x_normalized": 18.60576146895917, "y_normalized": 17.969260463661847, "z_normalized": 0.09473877400159836}, "left_hip": {"x": 0.5309433937072754, "y": 0.5739036202430725, "z": 0.003774839686229825, "x_normalized": 19.906146870192842, "y_normalized": 21.501905523531782, "z_normalized": 0.003774839686229825}, "right_hip": {"x": 0.5050086379051208, "y": 0.5756855010986328, "z": -0.0037999770138412714, "x_normalized": 18.908498823716503, "y_normalized": 21.570450219620867, "z_normalized": -0.0037999770138412714}, "left_knee": {"x": 0.5274115800857544, "y": 0.6609475612640381, "z": 0.038424115628004074, "x_normalized": 19.770286444634632, "y_normalized": 24.850277815124894, "z_normalized": 0.038424115628004074}, "right_knee": {"x": 0.5049644708633423, "y": 0.6650250554084778, "z": -0.06096827983856201, "x_normalized": 18.90679982322137, "y_normalized": 25.007129265693827, "z_normalized": -0.06096827983856201}, "left_ankle": {"x": 0.5195635557174683, "y": 0.7224242687225342, "z": 0.16931892931461334, "x_normalized": 19.468391711580352, "y_normalized": 27.215139762067565, "z_normalized": 0.16931892931461334}, "right_ankle": {"x": 0.5069149732589722, "y": 0.7565169334411621, "z": -0.018546191975474358, "x_normalized": 18.981830986787827, "y_normalized": 28.526603059242177, "z_normalized": -0.018546191975474358}, "left_heel": {"x": 0.5168768763542175, "y": 0.7309160232543945, "z": 0.18035759031772614, "x_normalized": 19.365041580246835, "y_normalized": 27.541797255374803, "z_normalized": 0.18035759031772614}, "right_heel": {"x": 0.5096642374992371, "y": 0.7671251893043518, "z": -0.018380142748355865, "x_normalized": 19.08758860870149, "y_normalized": 28.93467729827369, "z_normalized": -0.018380142748355865}, "left_foot_index": {"x": 0.5270618200302124, "y": 0.7491185665130615, "z": 0.13213065266609192, "x_normalized": 19.75683201156386, "y_normalized": 28.242005572794223, "z_normalized": 0.13213065266609192}, "right_foot_index": {"x": 0.5055332779884338, "y": 0.7905702590942383, "z": -0.09413539618253708, "x_normalized": 18.92868047332266, "y_normalized": 29.836553076623552, "z_normalized": -0.09413539618253708}}}