{"sequence_id": 1697925405990398000, "sequence_source": "mediapipe", "frame_number": 401, "image_dimensions": {"height": 1080, "width": 1920}, "joint_positions": {"nose": {"x": 0.5116316676139832, "y": 0.40896308422088623, "z": -0.08234791457653046, "x_normalized": 26.39073241036042, "y_normalized": 20.983742691778296, "z_normalized": -0.08234791457653046}, "left_eye_inner": {"x": 0.5133043527603149, "y": 0.4052489101886749, "z": -0.07566181570291519, "x_normalized": 26.4787016106987, "y_normalized": 20.788408309663794, "z_normalized": -0.07566181570291519}, "left_eye": {"x": 0.5145003795623779, "y": 0.40537717938423157, "z": -0.0756496861577034, "x_normalized": 26.541602582582957, "y_normalized": 20.79515419282411, "z_normalized": -0.0756496861577034}, "left_eye_outer": {"x": 0.515702486038208, "y": 0.40552589297294617, "z": -0.07568421214818954, "x_normalized": 26.604823294282433, "y_normalized": 20.802975279480705, "z_normalized": -0.07568421214818954}, "right_eye_inner": {"x": 0.5099133253097534, "y": 0.4054964780807495, "z": -0.07615019381046295, "x_normalized": 26.300362026703926, "y_normalized": 20.801428303021776, "z_normalized": -0.07615019381046295}, "right_eye": {"x": 0.5087793469429016, "y": 0.4058958888053894, "z": -0.07616940885782242, "x_normalized": 26.240724281757352, "y_normalized": 20.82243395500007, "z_normalized": -0.07616940885782242}, "right_eye_outer": {"x": 0.5077606439590454, "y": 0.4062991142272949, "z": -0.07613648474216461, "x_normalized": 26.187149054483662, "y_normalized": 20.84364022803889, "z_normalized": -0.07613648474216461}, "left_ear": {"x": 0.5183514356613159, "y": 0.40926212072372437, "z": -0.03689061477780342, "x_normalized": 26.744135812596003, "y_normalized": 20.999469502101398, "z_normalized": -0.03689061477780342}, "right_ear": {"x": 0.5059164762496948, "y": 0.41066795587539673, "z": -0.03945296257734299, "x_normalized": 26.09016131053375, "y_normalized": 21.073404632314798, "z_normalized": -0.03945296257734299}, "mouth_left": {"x": 0.5145344138145447, "y": 0.4155478775501251, "z": -0.06837119907140732, "x_normalized": 26.54339249860737, "y_normalized": 21.3300475566456, "z_normalized": -0.06837119907140732}, "mouth_right": {"x": 0.5099284052848816, "y": 0.415978342294693, "z": -0.06912953406572342, "x_normalized": 26.301155106833836, "y_normalized": 21.352686389444766, "z_normalized": -0.06912953406572342}, "left_shoulder": {"x": 0.5285056233406067, "y": 0.4362568259239197, "z": -0.010390526615083218, "x_normalized": 27.27816086338989, "y_normalized": 22.41916443694104, "z_normalized": -0.010390526615083218}, "right_shoulder": {"x": 0.4974943995475769, "y": 0.444839745759964, "z": 0.006310821510851383, "x_normalized": 25.647230760036717, "y_normalized": 22.870553986373075, "z_normalized": 0.006310821510851383}, "left_elbow": {"x": 0.5475688576698303, "y": 0.4504081606864929, "z": 0.05516861751675606, "x_normalized": 28.280726996939077, "y_normalized": 23.16340587742545, "z_normalized": 0.05516861751675606}, "right_elbow": {"x": 0.48971685767173767, "y": 0.45792433619499207, "z": 0.09094428271055222, "x_normalized": 25.238197332009047, "y_normalized": 23.55869362810275, "z_normalized": 0.09094428271055222}, "left_wrist": {"x": 0.5378393530845642, "y": 0.47430944442749023, "z": 0.1120012030005455, "x_normalized": 27.769036712649495, "y_normalized": 24.42041280569572, "z_normalized": 0.1120012030005455}, "right_wrist": {"x": 0.4945615828037262, "y": 0.47640877962112427, "z": 0.16000188887119293, "x_normalized": 25.492989213586057, "y_normalized": 24.530820217772636, "z_normalized": 0.16000188887119293}, "left_pinky": {"x": 0.5354510545730591, "y": 0.4833441972732544, "z": 0.12003739923238754, "x_normalized": 27.64343225523744, "y_normalized": 24.895564979336296, "z_normalized": 0.12003739923238754}, "right_pinky": {"x": 0.4971095323562622, "y": 0.48039427399635315, "z": 0.16957736015319824, "x_normalized": 25.626989975851693, "y_normalized": 24.740423772817323, "z_normalized": 0.16957736015319824}, "left_index": {"x": 0.5332869291305542, "y": 0.4818251430988312, "z": 0.1110863983631134, "x_normalized": 27.52961741983559, "y_normalized": 24.815675478740452, "z_normalized": 0.1110863983631134}, "right_index": {"x": 0.4974321722984314, "y": 0.4792730212211609, "z": 0.16397719085216522, "x_normalized": 25.64395812898682, "y_normalized": 24.68145528718986, "z_normalized": 0.16397719085216522}, "left_thumb": {"x": 0.533494770526886, "y": 0.4783436059951782, "z": 0.11039182543754578, "x_normalized": 27.540548132930393, "y_normalized": 24.6325758466142, "z_normalized": 0.11039182543754578}, "right_thumb": {"x": 0.4969020187854767, "y": 0.4783632159233093, "z": 0.15927204489707947, "x_normalized": 25.616076503629277, "y_normalized": 24.633607164253487, "z_normalized": 0.15927204489707947}, "left_hip": {"x": 0.5262824296951294, "y": 0.5236064195632935, "z": -0.005711027421057224, "x_normalized": 27.16123953625389, "y_normalized": 27.013019962698834, "z_normalized": -0.005711027421057224}, "right_hip": {"x": 0.5073162317276001, "y": 0.5249600410461426, "z": 0.005695354659110308, "x_normalized": 26.163776700931933, "y_normalized": 27.08420909214623, "z_normalized": 0.005695354659110308}, "left_knee": {"x": 0.5227522253990173, "y": 0.5942458510398865, "z": -0.01840180717408657, "x_normalized": 26.97558041825385, "y_normalized": 30.728061202213667, "z_normalized": -0.01840180717408657}, "right_knee": {"x": 0.5098599195480347, "y": 0.5974069237709045, "z": -0.013094018213450909, "x_normalized": 26.29755333185651, "y_normalized": 30.894307097903372, "z_normalized": -0.013094018213450909}, "left_ankle": {"x": 0.5213093161582947, "y": 0.6504762172698975, "z": 0.04964639991521835, "x_normalized": 26.899695502108425, "y_normalized": 33.685306540842035, "z_normalized": 0.04964639991521835}, "right_ankle": {"x": 0.5151628851890564, "y": 0.6487792134284973, "z": 0.05714526027441025, "x_normalized": 26.57644481832967, "y_normalized": 33.59605838124288, "z_normalized": 0.05714526027441025}, "left_heel": {"x": 0.5212924480438232, "y": 0.6567803025245667, "z": 0.05392676591873169, "x_normalized": 26.898808380856394, "y_normalized": 34.016848516888004, "z_normalized": 0.05392676591873169}, "right_heel": {"x": 0.5167931318283081, "y": 0.6550737023353577, "z": 0.061365000903606415, "x_normalized": 26.662182109369553, "y_normalized": 33.92709566993345, "z_normalized": 0.061365000903606415}, "left_foot_index": {"x": 0.5211887359619141, "y": 0.6699343919754028, "z": 0.01100203488022089, "x_normalized": 26.89335399577324, "y_normalized": 34.70864322356421, "z_normalized": 0.01100203488022089}, "right_foot_index": {"x": 0.5111004710197449, "y": 0.6701780557632446, "z": 0.02172868512570858, "x_normalized": 26.36279592768164, "y_normalized": 34.72145789380555, "z_normalized": 0.02172868512570858}}}