{"sequence_id": 1697925405990398000, "sequence_source": "mediapipe", "frame_number": 675, "image_dimensions": {"height": 1080, "width": 1920}, "joint_positions": {"nose": {"x": 0.5243788957595825, "y": 0.4201275706291199, "z": -0.055415697395801544, "x_normalized": 39.935563092455546, "y_normalized": 31.914825388874647, "z_normalized": -0.055415697395801544}, "left_eye_inner": {"x": 0.525493860244751, "y": 0.41745635867118835, "z": -0.05098286643624306, "x_normalized": 40.02159709687882, "y_normalized": 31.708706660914025, "z_normalized": -0.05098286643624306}, "left_eye": {"x": 0.5262947678565979, "y": 0.41757121682167053, "z": -0.050972308963537216, "x_normalized": 40.08339753082705, "y_normalized": 31.717569460364665, "z_normalized": -0.050972308963537216}, "left_eye_outer": {"x": 0.5270473957061768, "y": 0.41773369908332825, "z": -0.05099371448159218, "x_normalized": 40.141472553485706, "y_normalized": 31.730107079099717, "z_normalized": -0.05099371448159218}, "right_eye_inner": {"x": 0.5232422947883606, "y": 0.4175868630409241, "z": -0.051245711743831635, "x_normalized": 39.84785955186175, "y_normalized": 31.71877676957888, "z_normalized": -0.051245711743831635}, "right_eye": {"x": 0.5226994156837463, "y": 0.4178244471549988, "z": -0.051260244101285934, "x_normalized": 39.80596937158338, "y_normalized": 31.737109472542166, "z_normalized": -0.051260244101285934}, "right_eye_outer": {"x": 0.5221272706985474, "y": 0.4180740714073181, "z": -0.051238205283880234, "x_normalized": 39.76182094816528, "y_normalized": 31.756371228691243, "z_normalized": -0.051238205283880234}, "left_ear": {"x": 0.5288906097412109, "y": 0.4208148419857025, "z": -0.02270660176873207, "x_normalized": 40.28370047783005, "y_normalized": 31.96785730847278, "z_normalized": -0.02270660176873207}, "right_ear": {"x": 0.5204948782920837, "y": 0.42154353857040405, "z": -0.023975608870387077, "x_normalized": 39.635860653118755, "y_normalized": 32.02408572294283, "z_normalized": -0.023975608870387077}, "mouth_left": {"x": 0.5263811945915222, "y": 0.42480596899986267, "z": -0.04489326849579811, "x_normalized": 40.09006647696272, "y_normalized": 32.2758246417446, "z_normalized": -0.04489326849579811}, "mouth_right": {"x": 0.5231883525848389, "y": 0.4251610338687897, "z": -0.045256659388542175, "x_normalized": 39.84369720961846, "y_normalized": 32.30322251217919, "z_normalized": -0.045256659388542175}, "left_shoulder": {"x": 0.5367953181266785, "y": 0.44068604707717896, "z": -0.0022849037777632475, "x_normalized": 40.89365148994438, "y_normalized": 33.50117910434831, "z_normalized": -0.0022849037777632475}, "right_shoulder": {"x": 0.5139485597610474, "y": 0.4441858232021332, "z": 0.006242602132260799, "x_normalized": 39.130727077164295, "y_normalized": 33.77123232902058, "z_normalized": 0.006242602132260799}, "left_elbow": {"x": 0.5487724542617798, "y": 0.4496996998786926, "z": 0.03680509701371193, "x_normalized": 41.817843243971254, "y_normalized": 34.19669959429302, "z_normalized": 0.03680509701371193}, "right_elbow": {"x": 0.5064070224761963, "y": 0.45481961965560913, "z": 0.04934883490204811, "x_normalized": 38.54879943663935, "y_normalized": 34.591767963369826, "z_normalized": 0.04934883490204811}, "left_wrist": {"x": 0.5418097376823425, "y": 0.4662756323814392, "z": 0.06620519608259201, "x_normalized": 41.28057914546248, "y_normalized": 35.47574827183523, "z_normalized": 0.06620519608259201}, "right_wrist": {"x": 0.5118754506111145, "y": 0.4687419533729553, "z": 0.07764921337366104, "x_normalized": 38.97075975609907, "y_normalized": 35.66605699818113, "z_normalized": 0.07764921337366104}, "left_pinky": {"x": 0.5400664210319519, "y": 0.47328105568885803, "z": 0.06905923038721085, "x_normalized": 41.14605960299632, "y_normalized": 36.016307749589664, "z_normalized": 0.06905923038721085}, "right_pinky": {"x": 0.5146310329437256, "y": 0.47394025325775146, "z": 0.07970511168241501, "x_normalized": 39.18338875527006, "y_normalized": 36.067173411512, "z_normalized": 0.07970511168241501}, "left_index": {"x": 0.538631796836853, "y": 0.47293293476104736, "z": 0.06314056366682053, "x_normalized": 41.03535969641747, "y_normalized": 35.98944569448253, "z_normalized": 0.06314056366682053}, "right_index": {"x": 0.5160965919494629, "y": 0.4733118712902069, "z": 0.07668798416852951, "x_normalized": 39.29647568463815, "y_normalized": 36.01868557383252, "z_normalized": 0.07668798416852951}, "left_thumb": {"x": 0.5385631918907166, "y": 0.4703349769115448, "z": 0.06470280140638351, "x_normalized": 41.030065932967716, "y_normalized": 35.78897947328103, "z_normalized": 0.06470280140638351}, "right_thumb": {"x": 0.5153639912605286, "y": 0.47142040729522705, "z": 0.07707460224628448, "x_normalized": 39.2399460177737, "y_normalized": 35.87273453783519, "z_normalized": 0.07707460224628448}, "left_hip": {"x": 0.533491849899292, "y": 0.5025050044059753, "z": -0.005614571273326874, "x_normalized": 40.63874597154647, "y_normalized": 38.2713153006277, "z_normalized": -0.005614571273326874}, "right_hip": {"x": 0.5206792950630188, "y": 0.50445157289505, "z": 0.005634059198200703, "x_normalized": 39.6500908043903, "y_normalized": 38.42151836469567, "z_normalized": 0.005634059198200703}, "left_knee": {"x": 0.531873881816864, "y": 0.5531973838806152, "z": -0.010783210396766663, "x_normalized": 40.51389870061362, "y_normalized": 42.18289137140156, "z_normalized": -0.010783210396766663}, "right_knee": {"x": 0.5222411155700684, "y": 0.5566645860671997, "z": -0.004138197749853134, "x_normalized": 39.77060555997157, "y_normalized": 42.45043109327166, "z_normalized": -0.004138197749853134}, "left_ankle": {"x": 0.532468855381012, "y": 0.5986948013305664, "z": 0.023909684270620346, "x_normalized": 40.55980864566618, "y_normalized": 45.693608588143576, "z_normalized": 0.023909684270620346}, "right_ankle": {"x": 0.5279233455657959, "y": 0.5988219380378723, "z": 0.02904120832681656, "x_normalized": 40.20906347238897, "y_normalized": 45.7034188378728, "z_normalized": 0.02904120832681656}, "left_heel": {"x": 0.5331832766532898, "y": 0.6046645045280457, "z": 0.025284061208367348, "x_normalized": 40.61493553420555, "y_normalized": 46.15424879519016, "z_normalized": 0.025284061208367348}, "right_heel": {"x": 0.5300893783569336, "y": 0.605316698551178, "z": 0.030094821006059647, "x_normalized": 40.37620106036833, "y_normalized": 46.20457404251185, "z_normalized": 0.030094821006059647}, "left_foot_index": {"x": 0.5299710631370544, "y": 0.6098400950431824, "z": -0.00894302036613226, "x_normalized": 40.36707150307226, "y_normalized": 46.55361288543297, "z_normalized": -0.00894302036613226}, "right_foot_index": {"x": 0.5228606462478638, "y": 0.6119738817214966, "z": -0.0018536567222326994, "x_normalized": 39.8184104055813, "y_normalized": 46.71826226661275, "z_normalized": -0.0018536567222326994}}}