{"sequence_id": 1697925405990398000, "sequence_source": "mediapipe", "frame_number": 182, "image_dimensions": {"height": 1080, "width": 1920}, "joint_positions": {"nose": {"x": 0.5141004323959351, "y": 0.4059644937515259, "z": -0.15959596633911133, "x_normalized": 19.33087076189743, "y_normalized": 15.115640835451877, "z_normalized": -0.15959596633911133}, "left_eye_inner": {"x": 0.5161459445953369, "y": 0.4006896913051605, "z": -0.15139254927635193, "x_normalized": 19.409850860492813, "y_normalized": 14.911973305428377, "z_normalized": -0.15139254927635193}, "left_eye": {"x": 0.5175262689590454, "y": 0.4008263051509857, "z": -0.15134526789188385, "x_normalized": 19.46314712260809, "y_normalized": 14.917248157866766, "z_normalized": -0.15134526789188385}, "left_eye_outer": {"x": 0.5188556909561157, "y": 0.4008942246437073, "z": -0.15138807892799377, "x_normalized": 19.51447797286368, "y_normalized": 14.919870624862204, "z_normalized": -0.15138807892799377}, "right_eye_inner": {"x": 0.5119895339012146, "y": 0.40066710114479065, "z": -0.15241745114326477, "x_normalized": 19.249366006615784, "y_normalized": 14.91110106761243, "z_normalized": -0.15241745114326477}, "right_eye": {"x": 0.5104182362556458, "y": 0.4010368287563324, "z": -0.15245938301086426, "x_normalized": 19.188695997898154, "y_normalized": 14.925376769914056, "z_normalized": -0.15245938301086426}, "right_eye_outer": {"x": 0.5088188052177429, "y": 0.40141168236732483, "z": -0.15242768824100494, "x_normalized": 19.126939719393913, "y_normalized": 14.939850394253073, "z_normalized": -0.15242768824100494}, "left_ear": {"x": 0.522488534450531, "y": 0.4054148495197296, "z": -0.09598644077777863, "x_normalized": 19.654747161898303, "y_normalized": 15.094418299779713, "z_normalized": -0.09598644077777863}, "right_ear": {"x": 0.5054412484169006, "y": 0.4079310894012451, "z": -0.10150028765201569, "x_normalized": 18.9965275081052, "y_normalized": 15.191573855239048, "z_normalized": -0.10150028765201569}, "mouth_left": {"x": 0.5174111127853394, "y": 0.4152231216430664, "z": -0.13853879272937775, "x_normalized": 19.458700781023897, "y_normalized": 15.473129460523719, "z_normalized": -0.13853879272937775}, "mouth_right": {"x": 0.5120135545730591, "y": 0.4162539541721344, "z": -0.14024774730205536, "x_normalized": 19.250293478488675, "y_normalized": 15.512931352101255, "z_normalized": -0.14024774730205536}, "left_shoulder": {"x": 0.5361667275428772, "y": 0.4431253969669342, "z": -0.042730581015348434, "x_normalized": 20.18288140590629, "y_normalized": 16.550475494812375, "z_normalized": -0.042730581015348434}, "right_shoulder": {"x": 0.49385783076286316, "y": 0.45072636008262634, "z": -0.04264054819941521, "x_normalized": 18.549275485528693, "y_normalized": 16.84395935497845, "z_normalized": -0.04264054819941521}, "left_elbow": {"x": 0.5558508634567261, "y": 0.4565735459327698, "z": 0.06181859225034714, "x_normalized": 20.942913536585024, "y_normalized": 17.069727412037658, "z_normalized": 0.06181859225034714}, "right_elbow": {"x": 0.47839897871017456, "y": 0.4671923816204071, "z": 0.05482504516839981, "x_normalized": 17.952387498427058, "y_normalized": 17.479735570298963, "z_normalized": 0.05482504516839981}, "left_wrist": {"x": 0.5502923130989075, "y": 0.4750330150127411, "z": 0.15061956644058228, "x_normalized": 20.72829010122429, "y_normalized": 17.78247343642261, "z_normalized": 0.15061956644058228}, "right_wrist": {"x": 0.4860715866088867, "y": 0.48091328144073486, "z": 0.1317690908908844, "x_normalized": 18.24863766427853, "y_normalized": 18.00951878104871, "z_normalized": 0.1317690908908844}, "left_pinky": {"x": 0.549981415271759, "y": 0.4837527871131897, "z": 0.1648956835269928, "x_normalized": 20.716285899514588, "y_normalized": 18.119156082668425, "z_normalized": 0.1648956835269928}, "right_pinky": {"x": 0.48934805393218994, "y": 0.49367189407348633, "z": 0.1431947648525238, "x_normalized": 18.37514666887636, "y_normalized": 18.502146732116266, "z_normalized": 0.1431947648525238}, "left_index": {"x": 0.5465694665908813, "y": 0.48337680101394653, "z": 0.15438508987426758, "x_normalized": 20.58454576944012, "y_normalized": 18.10463873136766, "z_normalized": 0.15438508987426758}, "right_index": {"x": 0.4916653633117676, "y": 0.4926523268222809, "z": 0.13719061017036438, "x_normalized": 18.464621238291578, "y_normalized": 18.462779808737185, "z_normalized": 0.13719061017036438}, "left_thumb": {"x": 0.5465216040611267, "y": 0.480949342250824, "z": 0.14921018481254578, "x_normalized": 20.58269772995145, "y_normalized": 18.010911139567565, "z_normalized": 0.14921018481254578}, "right_thumb": {"x": 0.49190372228622437, "y": 0.4932478666305542, "z": 0.1320856213569641, "x_normalized": 18.473824613030285, "y_normalized": 18.485774437069715, "z_normalized": 0.1320856213569641}, "left_hip": {"x": 0.5322181582450867, "y": 0.5593041181564331, "z": -0.0012175709707662463, "x_normalized": 20.03042160021977, "y_normalized": 21.03629907333492, "z_normalized": -0.0012175709707662463}, "right_hip": {"x": 0.5063196420669556, "y": 0.5591326355934143, "z": 0.0011749651748687029, "x_normalized": 19.030443520489378, "y_normalized": 21.029677890758464, "z_normalized": 0.0011749651748687029}, "left_knee": {"x": 0.5280388593673706, "y": 0.6527668237686157, "z": -0.010985246859490871, "x_normalized": 19.8690530014316, "y_normalized": 24.64502538960923, "z_normalized": -0.010985246859490871}, "right_knee": {"x": 0.5087321996688843, "y": 0.6491345763206482, "z": -0.023693758994340897, "x_normalized": 19.123595757529614, "y_normalized": 24.504779214765005, "z_normalized": -0.023693758994340897}, "left_ankle": {"x": 0.5197940468788147, "y": 0.722562313079834, "z": 0.10131677240133286, "x_normalized": 19.550709212801532, "y_normalized": 27.33992724789445, "z_normalized": 0.10131677240133286}, "right_ankle": {"x": 0.5044880509376526, "y": 0.7257259488105774, "z": 0.07891564071178436, "x_normalized": 18.959723214826532, "y_normalized": 27.462079666250627, "z_normalized": 0.07891564071178436}, "left_heel": {"x": 0.5158165693283081, "y": 0.7310103178024292, "z": 0.10948649793863297, "x_normalized": 19.39713321888089, "y_normalized": 27.666116574029957, "z_normalized": 0.10948649793863297}, "right_heel": {"x": 0.5048815608024597, "y": 0.7318181395530701, "z": 0.08596261590719223, "x_normalized": 18.97491718332489, "y_normalized": 27.69730770627144, "z_normalized": 0.08596261590719223}, "left_foot_index": {"x": 0.5250964760780334, "y": 0.7493864893913269, "z": 0.05342566594481468, "x_normalized": 19.75544345054981, "y_normalized": 28.375646365307297, "z_normalized": 0.05342566594481468}, "right_foot_index": {"x": 0.5032423138618469, "y": 0.7575212121009827, "z": 0.022886604070663452, "x_normalized": 18.911623556902306, "y_normalized": 28.689739432971525, "z_normalized": 0.022886604070663452}}}