{"sequence_id": 1697925405990398000, "sequence_source": "mediapipe", "frame_number": 190, "image_dimensions": {"height": 1080, "width": 1920}, "joint_positions": {"nose": {"x": 0.5135020017623901, "y": 0.4012162685394287, "z": -0.1625552773475647, "x_normalized": 20.062683227678534, "y_normalized": 15.524034583916066, "z_normalized": -0.1625552773475647}, "left_eye_inner": {"x": 0.5154255628585815, "y": 0.3958289623260498, "z": -0.15414276719093323, "x_normalized": 20.139774680006774, "y_normalized": 15.308125008208464, "z_normalized": -0.15414276719093323}, "left_eye": {"x": 0.5169225931167603, "y": 0.39610111713409424, "z": -0.15410152077674866, "x_normalized": 20.199771857642993, "y_normalized": 15.319032282977018, "z_normalized": -0.15410152077674866}, "left_eye_outer": {"x": 0.518506646156311, "y": 0.39633888006210327, "z": -0.15414318442344666, "x_normalized": 20.263256687745727, "y_normalized": 15.328561218380381, "z_normalized": -0.15414318442344666}, "right_eye_inner": {"x": 0.5109941959381104, "y": 0.3955765962600708, "z": -0.15504465997219086, "x_normalized": 19.962176727763485, "y_normalized": 15.298010816055584, "z_normalized": -0.15504465997219086}, "right_eye": {"x": 0.5093385577201843, "y": 0.3958609700202942, "z": -0.15508463978767395, "x_normalized": 19.89582294518659, "y_normalized": 15.309407795451284, "z_normalized": -0.15508463978767395}, "right_eye_outer": {"x": 0.5076940059661865, "y": 0.3961390256881714, "z": -0.15505146980285645, "x_normalized": 19.829913479978714, "y_normalized": 15.320551561722702, "z_normalized": -0.15505146980285645}, "left_ear": {"x": 0.5222861766815186, "y": 0.40102556347846985, "z": -0.09749774634838104, "x_normalized": 20.414730689733016, "y_normalized": 15.516391608527986, "z_normalized": -0.09749774634838104}, "right_ear": {"x": 0.5043522119522095, "y": 0.40195921063423157, "z": -0.10206537693738937, "x_normalized": 19.695982847658588, "y_normalized": 15.553809819648137, "z_normalized": -0.10206537693738937}, "mouth_left": {"x": 0.5170619487762451, "y": 0.4100658595561981, "z": -0.1411847025156021, "x_normalized": 20.20535687919553, "y_normalized": 15.87870375732808, "z_normalized": -0.1411847025156021}, "mouth_right": {"x": 0.5111797451972961, "y": 0.410467267036438, "z": -0.14269766211509705, "x_normalized": 19.969613071686943, "y_normalized": 15.894791151530626, "z_normalized": -0.14269766211509705}, "left_shoulder": {"x": 0.5361517667770386, "y": 0.4387267827987671, "z": -0.04333096370100975, "x_normalized": 20.97042839019501, "y_normalized": 17.027360902771843, "z_normalized": -0.04333096370100975}, "right_shoulder": {"x": 0.4937172532081604, "y": 0.44471606612205505, "z": -0.04212586209177971, "x_normalized": 19.269760661811212, "y_normalized": 17.267396194976378, "z_normalized": -0.04212586209177971}, "left_elbow": {"x": 0.5543619990348816, "y": 0.45346373319625854, "z": 0.060909759253263474, "x_normalized": 21.70024833444908, "y_normalized": 17.61798051515707, "z_normalized": 0.060909759253263474}, "right_elbow": {"x": 0.47996488213539124, "y": 0.46178290247917175, "z": 0.05876647308468819, "x_normalized": 18.71860049276027, "y_normalized": 17.95139173014478, "z_normalized": 0.05876647308468819}, "left_wrist": {"x": 0.5476138591766357, "y": 0.4716333746910095, "z": 0.14915533363819122, "x_normalized": 21.42979999609565, "y_normalized": 18.346173684527788, "z_normalized": 0.14915533363819122}, "right_wrist": {"x": 0.4864320456981659, "y": 0.4796173572540283, "z": 0.13643817603588104, "x_normalized": 18.977788013492376, "y_normalized": 18.666151465511785, "z_normalized": 0.13643817603588104}, "left_pinky": {"x": 0.5473143458366394, "y": 0.4796857535839081, "z": 0.16416814923286438, "x_normalized": 21.4177962607229, "y_normalized": 18.66889261702228, "z_normalized": 0.16416814923286438}, "right_pinky": {"x": 0.48967763781547546, "y": 0.489734947681427, "z": 0.14927414059638977, "x_normalized": 19.10786311767487, "y_normalized": 19.071638840804837, "z_normalized": 0.14927414059638977}, "left_index": {"x": 0.5453687906265259, "y": 0.48009300231933594, "z": 0.15309388935565948, "x_normalized": 21.339823340065795, "y_normalized": 18.68521411392463, "z_normalized": 0.15309388935565948}, "right_index": {"x": 0.49163225293159485, "y": 0.4891359210014343, "z": 0.14212772250175476, "x_normalized": 19.186199136396983, "y_normalized": 19.047631370059335, "z_normalized": 0.14212772250175476}, "left_thumb": {"x": 0.5423785448074341, "y": 0.4750417172908783, "z": 0.1476246416568756, "x_normalized": 21.219981868189144, "y_normalized": 18.48277141546357, "z_normalized": 0.1476246416568756}, "right_thumb": {"x": 0.4911141097545624, "y": 0.48701873421669006, "z": 0.13657106459140778, "x_normalized": 19.165433271402886, "y_normalized": 18.962779890993108, "z_normalized": 0.13657106459140778}, "left_hip": {"x": 0.5296335220336914, "y": 0.556357741355896, "z": -0.0010752076050266623, "x_normalized": 20.709193665241123, "y_normalized": 21.741711516270573, "z_normalized": -0.0010752076050266623}, "right_hip": {"x": 0.5047169327735901, "y": 0.5550349354743958, "z": 0.000978879164904356, "x_normalized": 19.710599933578163, "y_normalized": 21.688696809976552, "z_normalized": 0.000978879164904356}, "left_knee": {"x": 0.5266034007072449, "y": 0.6508419513702393, "z": -0.006917550228536129, "x_normalized": 20.587754084117833, "y_normalized": 25.528399127344766, "z_normalized": -0.006917550228536129}, "right_knee": {"x": 0.5094832181930542, "y": 0.6467379331588745, "z": -0.014095890335738659, "x_normalized": 19.9016205702114, "y_normalized": 25.3639204815029, "z_normalized": -0.014095890335738659}, "left_ankle": {"x": 0.5197070240974426, "y": 0.7232536673545837, "z": 0.08668768405914307, "x_normalized": 20.31136479255604, "y_normalized": 28.430477133531358, "z_normalized": 0.08668768405914307}, "right_ankle": {"x": 0.5069829225540161, "y": 0.7261111736297607, "z": 0.07418026030063629, "x_normalized": 19.801415059481815, "y_normalized": 28.544998740995048, "z_normalized": 0.07418026030063629}, "left_heel": {"x": 0.51619553565979, "y": 0.7315801978111267, "z": 0.09293582290410995, "x_normalized": 20.170633237926214, "y_normalized": 28.76418336569689, "z_normalized": 0.09293582290410995}, "right_heel": {"x": 0.5070687532424927, "y": 0.7343719601631165, "z": 0.0796886458992958, "x_normalized": 19.804854935887143, "y_normalized": 28.876070123386224, "z_normalized": 0.0796886458992958}, "left_foot_index": {"x": 0.5252015590667725, "y": 0.7491937279701233, "z": 0.03606008365750313, "x_normalized": 20.53157182496724, "y_normalized": 29.47008900252477, "z_normalized": 0.03606008365750313}, "right_foot_index": {"x": 0.5065558552742004, "y": 0.7545362114906311, "z": 0.01865125261247158, "x_normalized": 19.784299285562263, "y_normalized": 29.684202198331814, "z_normalized": 0.01865125261247158}}}