{"sequence_id": 1697925405990398000, "sequence_source": "mediapipe", "frame_number": 412, "image_dimensions": {"height": 1080, "width": 1920}, "joint_positions": {"nose": {"x": 0.5130879282951355, "y": 0.40782248973846436, "z": -0.06337984651327133, "x_normalized": 26.62536794553077, "y_normalized": 21.051334203091155, "z_normalized": -0.06337984651327133}, "left_eye_inner": {"x": 0.5147580504417419, "y": 0.4048881530761719, "z": -0.057494327425956726, "x_normalized": 26.71371800966007, "y_normalized": 20.8961067349582, "z_normalized": -0.057494327425956726}, "left_eye": {"x": 0.5158515572547913, "y": 0.40510475635528564, "z": -0.05747087299823761, "x_normalized": 26.771564914603545, "y_normalized": 20.90756512657297, "z_normalized": -0.05747087299823761}, "left_eye_outer": {"x": 0.51699298620224, "y": 0.40528011322021484, "z": -0.057493116706609726, "x_normalized": 26.831946917746873, "y_normalized": 20.916841567995824, "z_normalized": -0.057493116706609726}, "right_eye_inner": {"x": 0.5120362043380737, "y": 0.4046846628189087, "z": -0.05847702920436859, "x_normalized": 26.569731368744137, "y_normalized": 20.885342026930456, "z_normalized": -0.05847702920436859}, "right_eye": {"x": 0.5112166404724121, "y": 0.4049007296562195, "z": -0.058493830263614655, "x_normalized": 26.526376144555062, "y_normalized": 20.896772040580302, "z_normalized": -0.058493830263614655}, "right_eye_outer": {"x": 0.5104306936264038, "y": 0.4051450192928314, "z": -0.058463696390390396, "x_normalized": 26.484799272834543, "y_normalized": 20.90969505049586, "z_normalized": -0.058463696390390396}, "left_ear": {"x": 0.519768476486206, "y": 0.4089888036251068, "z": -0.02247600443661213, "x_normalized": 26.97877135515518, "y_normalized": 21.113032628496224, "z_normalized": -0.02247600443661213}, "right_ear": {"x": 0.5087215900421143, "y": 0.40997543931007385, "z": -0.02721744030714035, "x_normalized": 26.39438707658745, "y_normalized": 21.165226012205444, "z_normalized": -0.02721744030714035}, "mouth_left": {"x": 0.5158244967460632, "y": 0.4145548641681671, "z": -0.050633206963539124, "x_normalized": 26.7701334039285, "y_normalized": 21.407479239437922, "z_normalized": -0.050633206963539124}, "mouth_right": {"x": 0.5118871331214905, "y": 0.41482606530189514, "z": -0.05196376517415047, "x_normalized": 26.561845447602543, "y_normalized": 21.421825877260492, "z_normalized": -0.05196376517415047}, "left_shoulder": {"x": 0.5297014713287354, "y": 0.43658286333084106, "z": -0.0014087974559515715, "x_normalized": 27.50423036611234, "y_normalized": 22.572768342763016, "z_normalized": -0.0014087974559515715}, "right_shoulder": {"x": 0.49883848428726196, "y": 0.44357508420944214, "z": 0.009099716320633888, "x_normalized": 25.871567216368202, "y_normalized": 22.94265935000813, "z_normalized": 0.009099716320633888}, "left_elbow": {"x": 0.548285186290741, "y": 0.4502110183238983, "z": 0.05005531385540962, "x_normalized": 28.48731559253723, "y_normalized": 23.29370265888305, "z_normalized": 0.05005531385540962}, "right_elbow": {"x": 0.4898650348186493, "y": 0.456166535615921, "z": 0.06884954869747162, "x_normalized": 25.396868501891614, "y_normalized": 23.608751672359396, "z_normalized": 0.06884954869747162}, "left_wrist": {"x": 0.5382697582244873, "y": 0.47476235032081604, "z": 0.0918031707406044, "x_normalized": 27.957495834303455, "y_normalized": 24.592476979548678, "z_normalized": 0.0918031707406044}, "right_wrist": {"x": 0.4985418915748596, "y": 0.48075735569000244, "z": 0.11759042739868164, "x_normalized": 25.85587735487258, "y_normalized": 24.909614926554134, "z_normalized": 0.11759042739868164}, "left_pinky": {"x": 0.5356948971748352, "y": 0.4830024540424347, "z": 0.09496236592531204, "x_normalized": 27.82128475577663, "y_normalized": 25.02838143942088, "z_normalized": 0.09496236592531204}, "right_pinky": {"x": 0.5016689300537109, "y": 0.4841254949569702, "z": 0.11976587772369385, "x_normalized": 26.021298818627592, "y_normalized": 25.087790708988766, "z_normalized": 0.11976587772369385}, "left_index": {"x": 0.5336595177650452, "y": 0.4821774661540985, "z": 0.08921733498573303, "x_normalized": 27.713612450641467, "y_normalized": 24.984739282475356, "z_normalized": 0.08921733498573303}, "right_index": {"x": 0.5031967759132385, "y": 0.4831736385822296, "z": 0.11920857429504395, "x_normalized": 26.102122415837666, "y_normalized": 25.037437163338772, "z_normalized": 0.11920857429504395}, "left_thumb": {"x": 0.5336695909500122, "y": 0.4789545238018036, "z": 0.09061814099550247, "x_normalized": 27.71414532576059, "y_normalized": 24.814244469213417, "z_normalized": 0.09061814099550247}, "right_thumb": {"x": 0.5026029944419861, "y": 0.4795653223991394, "z": 0.1176941841840744, "x_normalized": 26.07071116177428, "y_normalized": 24.84655593538633, "z_normalized": 0.1176941841840744}, "left_hip": {"x": 0.5266193151473999, "y": 0.5224853157997131, "z": -0.005338261369615793, "x_normalized": 27.34118319208928, "y_normalized": 27.117039071649632, "z_normalized": -0.005338261369615793}, "right_hip": {"x": 0.5077178478240967, "y": 0.5227599740028381, "z": 0.005333364941179752, "x_normalized": 26.341288751107886, "y_normalized": 27.1315685896906, "z_normalized": 0.005333364941179752}, "left_knee": {"x": 0.5240529179573059, "y": 0.5923471450805664, "z": -0.012848989106714725, "x_normalized": 27.205419854786808, "y_normalized": 30.81275504649326, "z_normalized": -0.012848989106714725}, "right_knee": {"x": 0.5106870532035828, "y": 0.5926992893218994, "z": -0.004819713532924652, "x_normalized": 26.498360786960884, "y_normalized": 30.831383603912098, "z_normalized": -0.004819713532924652}, "left_ankle": {"x": 0.5215224027633667, "y": 0.6497478485107422, "z": 0.04142172634601593, "x_normalized": 27.071554688027014, "y_normalized": 33.84927296790848, "z_normalized": 0.04142172634601593}, "right_ankle": {"x": 0.5149627327919006, "y": 0.650867760181427, "z": 0.047900233417749405, "x_normalized": 26.72454577983209, "y_normalized": 33.90851669934764, "z_normalized": 0.047900233417749405}, "left_heel": {"x": 0.5213171243667603, "y": 0.6562099456787109, "z": 0.04456112161278725, "x_normalized": 27.060695386782857, "y_normalized": 34.1911202395945, "z_normalized": 0.04456112161278725}, "right_heel": {"x": 0.5169296264648438, "y": 0.6577764749526978, "z": 0.050627488642930984, "x_normalized": 26.828595164778655, "y_normalized": 34.2739902033863, "z_normalized": 0.050627488642930984}, "left_foot_index": {"x": 0.5213684439659119, "y": 0.6695641875267029, "z": 0.00013707524340134114, "x_normalized": 27.063410212093896, "y_normalized": 34.89756445151374, "z_normalized": 0.00013707524340134114}, "right_foot_index": {"x": 0.5113863348960876, "y": 0.6718862056732178, "z": 0.009417252615094185, "x_normalized": 26.53535304079261, "y_normalized": 35.02040004923983, "z_normalized": 0.009417252615094185}}}