{"sequence_id": 1697925405990398000, "sequence_source": "mediapipe", "frame_number": 78, "image_dimensions": {"height": 1080, "width": 1920}, "joint_positions": {"nose": {"x": 0.5189849734306335, "y": 0.3957391083240509, "z": -0.10106398910284042, "x_normalized": 14.897751568408113, "y_normalized": 11.165532859925653, "z_normalized": -0.10106398910284042}, "left_eye_inner": {"x": 0.5206631422042847, "y": 0.38647839426994324, "z": -0.08875228464603424, "x_normalized": 14.94760678440251, "y_normalized": 10.890414584172381, "z_normalized": -0.08875228464603424}, "left_eye": {"x": 0.5223372578620911, "y": 0.38615453243255615, "z": -0.08869697898626328, "x_normalized": 14.997341590001323, "y_normalized": 10.880793262343024, "z_normalized": -0.08869697898626328}, "left_eye_outer": {"x": 0.5240017771720886, "y": 0.3858224153518677, "z": -0.08874516934156418, "x_normalized": 15.046791306281184, "y_normalized": 10.870926692869723, "z_normalized": -0.08874516934156418}, "right_eye_inner": {"x": 0.5159791111946106, "y": 0.38801756501197815, "z": -0.09172530472278595, "x_normalized": 14.808453094154963, "y_normalized": 10.936140431894751, "z_normalized": -0.09172530472278595}, "right_eye": {"x": 0.5143768191337585, "y": 0.3888073265552521, "z": -0.09177717566490173, "x_normalized": 14.760852031595512, "y_normalized": 10.95960275162218, "z_normalized": -0.09177717566490173}, "right_eye_outer": {"x": 0.5126909613609314, "y": 0.3895631432533264, "z": -0.09172867238521576, "x_normalized": 14.710768389997732, "y_normalized": 10.982056634286606, "z_normalized": -0.09172867238521576}, "left_ear": {"x": 0.5280163884162903, "y": 0.3911939859390259, "z": -0.01961291767656803, "x_normalized": 15.166057803105428, "y_normalized": 11.030505881838469, "z_normalized": -0.01961291767656803}, "right_ear": {"x": 0.5081178545951843, "y": 0.3960357904434204, "z": -0.03349502012133598, "x_normalized": 14.574910048958696, "y_normalized": 11.174346723808165, "z_normalized": -0.03349502012133598}, "mouth_left": {"x": 0.523016631603241, "y": 0.406321257352829, "z": -0.07566359639167786, "x_normalized": 15.017524497190246, "y_normalized": 11.47990846612097, "z_normalized": -0.07566359639167786}, "mouth_right": {"x": 0.5166890025138855, "y": 0.40900200605392456, "z": -0.07976146042346954, "x_normalized": 14.829542620792976, "y_normalized": 11.55954843298142, "z_normalized": -0.07976146042346954}, "left_shoulder": {"x": 0.5482718348503113, "y": 0.43785783648490906, "z": 0.027084272354841232, "x_normalized": 15.767808755027847, "y_normalized": 12.416800505253313, "z_normalized": 0.027084272354841232}, "right_shoulder": {"x": 0.4919053018093109, "y": 0.4440934956073761, "z": 0.01336298231035471, "x_normalized": 14.093265810517927, "y_normalized": 12.602050128115533, "z_normalized": 0.01336298231035471}, "left_elbow": {"x": 0.5763556361198425, "y": 0.45762965083122253, "z": 0.11107008159160614, "x_normalized": 16.602125303052986, "y_normalized": 13.00418366379699, "z_normalized": 0.11107008159160614}, "right_elbow": {"x": 0.47599488496780396, "y": 0.45485812425613403, "z": 0.11531651765108109, "x_normalized": 13.620597458771375, "y_normalized": 12.921846858223718, "z_normalized": 0.11531651765108109}, "left_wrist": {"x": 0.5606028437614441, "y": 0.48013216257095337, "z": 0.21214228868484497, "x_normalized": 16.134139676175803, "y_normalized": 13.672690670252555, "z_normalized": 0.21214228868484497}, "right_wrist": {"x": 0.49763837456703186, "y": 0.4448457360267639, "z": 0.22331777215003967, "x_normalized": 14.263584544327944, "y_normalized": 12.624397766313269, "z_normalized": 0.22331777215003967}, "left_pinky": {"x": 0.5562196373939514, "y": 0.4932912290096283, "z": 0.2215169221162796, "x_normalized": 16.00392291631802, "y_normalized": 14.063621612292083, "z_normalized": 0.2215169221162796}, "right_pinky": {"x": 0.5029082894325256, "y": 0.44459572434425354, "z": 0.22912143170833588, "x_normalized": 14.420143734331019, "y_normalized": 12.616970392721067, "z_normalized": 0.22912143170833588}, "left_index": {"x": 0.5528566837310791, "y": 0.49103742837905884, "z": 0.21426273882389069, "x_normalized": 15.90401593206585, "y_normalized": 13.996665464013336, "z_normalized": 0.21426273882389069}, "right_index": {"x": 0.5045990347862244, "y": 0.4460086524486542, "z": 0.2318739891052246, "x_normalized": 14.470372576699942, "y_normalized": 12.65894581076927, "z_normalized": 0.2318739891052246}, "left_thumb": {"x": 0.5533748269081116, "y": 0.48609262704849243, "z": 0.21114970743656158, "x_normalized": 15.919408984548156, "y_normalized": 13.84976478140296, "z_normalized": 0.21114970743656158}, "right_thumb": {"x": 0.502363383769989, "y": 0.4465518295764923, "z": 0.22491362690925598, "x_normalized": 14.403955619089649, "y_normalized": 12.675082574518406, "z_normalized": 0.22491362690925598}, "left_hip": {"x": 0.5371392965316772, "y": 0.5910410284996033, "z": -0.005612722598016262, "x_normalized": 15.437082125408903, "y_normalized": 16.967583027554817, "z_normalized": -0.005612722598016262}, "right_hip": {"x": 0.5034788846969604, "y": 0.5912120938301086, "z": 0.0056824334897100925, "x_normalized": 14.437095038991446, "y_normalized": 16.97266505454483, "z_normalized": 0.0056824334897100925}, "left_knee": {"x": 0.5314213633537292, "y": 0.7117771506309509, "z": -0.027918227016925812, "x_normalized": 15.267213159841209, "y_normalized": 20.55442455487519, "z_normalized": -0.027918227016925812}, "right_knee": {"x": 0.5033214688301086, "y": 0.7134676575660706, "z": -0.023897595703601837, "x_normalized": 14.432418511715964, "y_normalized": 20.60464631427967, "z_normalized": -0.023897595703601837}, "left_ankle": {"x": 0.5225973725318909, "y": 0.8067102432250977, "z": 0.11441625654697418, "x_normalized": 15.005069104211927, "y_normalized": 23.37470694280213, "z_normalized": 0.11441625654697418}, "right_ankle": {"x": 0.5077319145202637, "y": 0.809329092502594, "z": 0.10695523768663406, "x_normalized": 14.563444500261706, "y_normalized": 23.452507995018287, "z_normalized": 0.10695523768663406}, "left_heel": {"x": 0.5203591585159302, "y": 0.8167650699615479, "z": 0.124674953520298, "x_normalized": 14.938576004733838, "y_normalized": 23.673416802383972, "z_normalized": 0.124674953520298}, "right_heel": {"x": 0.509909987449646, "y": 0.8207128643989563, "z": 0.11639787256717682, "x_normalized": 14.628150921958287, "y_normalized": 23.79069829842222, "z_normalized": 0.11639787256717682}, "left_foot_index": {"x": 0.5243567228317261, "y": 0.8420065641403198, "z": 0.04998983442783356, "x_normalized": 15.057336069600192, "y_normalized": 24.42329378976593, "z_normalized": 0.04998983442783356}, "right_foot_index": {"x": 0.5061928033828735, "y": 0.8441615700721741, "z": 0.04556028172373772, "x_normalized": 14.51772042328045, "y_normalized": 24.487314934652357, "z_normalized": 0.04556028172373772}}}