{"sequence_id": 1697925405990398000, "sequence_source": "mediapipe", "frame_number": 227, "image_dimensions": {"height": 1080, "width": 1920}, "joint_positions": {"nose": {"x": 0.5173377990722656, "y": 0.4177936911582947, "z": -0.17695002257823944, "x_normalized": 21.181638259336534, "y_normalized": 16.969653645993734, "z_normalized": -0.17695002257823944}, "left_eye_inner": {"x": 0.5191895961761475, "y": 0.411670446395874, "z": -0.16896066069602966, "x_normalized": 21.259323242164992, "y_normalized": 16.712776603025073, "z_normalized": -0.16896066069602966}, "left_eye": {"x": 0.5206006765365601, "y": 0.411680668592453, "z": -0.16892188787460327, "x_normalized": 21.318519659169013, "y_normalized": 16.713205435732526, "z_normalized": -0.16892188787460327}, "left_eye_outer": {"x": 0.5220763087272644, "y": 0.411637544631958, "z": -0.16895531117916107, "x_normalized": 21.380424098459734, "y_normalized": 16.711396336818, "z_normalized": -0.16895531117916107}, "right_eye_inner": {"x": 0.5153198838233948, "y": 0.4118815064430237, "z": -0.17292015254497528, "x_normalized": 21.09698443245172, "y_normalized": 16.72163081070486, "z_normalized": -0.17292015254497528}, "right_eye": {"x": 0.5139089822769165, "y": 0.4121647775173187, "z": -0.17294736206531525, "x_normalized": 21.037795516894477, "y_normalized": 16.733514352641652, "z_normalized": -0.17294736206531525}, "right_eye_outer": {"x": 0.5124538540840149, "y": 0.41245925426483154, "z": -0.17291302978992462, "x_normalized": 20.976751243500917, "y_normalized": 16.74586798524317, "z_normalized": -0.17291302978992462}, "left_ear": {"x": 0.5252548456192017, "y": 0.4136809706687927, "z": -0.10991331934928894, "x_normalized": 21.51376731589546, "y_normalized": 16.79712037010975, "z_normalized": -0.10991331934928894}, "right_ear": {"x": 0.5092815160751343, "y": 0.41689983010292053, "z": -0.1285703480243683, "x_normalized": 20.843668076220144, "y_normalized": 16.93215516379382, "z_normalized": -0.1285703480243683}, "mouth_left": {"x": 0.5202715992927551, "y": 0.4248409569263458, "z": -0.15369603037834167, "x_normalized": 21.304714496616036, "y_normalized": 17.265294415185455, "z_normalized": -0.15369603037834167}, "mouth_right": {"x": 0.5153372883796692, "y": 0.4260888695716858, "z": -0.15899112820625305, "x_normalized": 21.097714573271404, "y_normalized": 17.31764576200495, "z_normalized": -0.15899112820625305}, "left_shoulder": {"x": 0.5383713841438293, "y": 0.44446584582328796, "z": -0.04476233571767807, "x_normalized": 22.06402094137015, "y_normalized": 18.088580699505417, "z_normalized": -0.04476233571767807}, "right_shoulder": {"x": 0.4979414939880371, "y": 0.4480288028717041, "z": -0.07208016514778137, "x_normalized": 20.36794132448056, "y_normalized": 18.238050777271777, "z_normalized": -0.07208016514778137}, "left_elbow": {"x": 0.559172511100769, "y": 0.46042099595069885, "z": 0.06785319000482559, "x_normalized": 22.93665174259293, "y_normalized": 18.75791729209168, "z_normalized": 0.06785319000482559}, "right_elbow": {"x": 0.489005446434021, "y": 0.46831998229026794, "z": -0.010262454859912395, "x_normalized": 19.993064023218555, "y_normalized": 19.089288702526073, "z_normalized": -0.010262454859912395}, "left_wrist": {"x": 0.5643846988677979, "y": 0.47298672795295715, "z": 0.14294737577438354, "x_normalized": 23.155308914229895, "y_normalized": 19.28506396100921, "z_normalized": 0.14294737577438354}, "right_wrist": {"x": 0.4847863018512726, "y": 0.4721553921699524, "z": 0.022815817967057228, "x_normalized": 19.81606613626079, "y_normalized": 19.250188484699184, "z_normalized": 0.022815817967057228}, "left_pinky": {"x": 0.5673546195030212, "y": 0.47497689723968506, "z": 0.16022710502147675, "x_normalized": 23.279900443758464, "y_normalized": 19.368553813402375, "z_normalized": 0.16022710502147675}, "right_pinky": {"x": 0.4847206473350525, "y": 0.4714110195636749, "z": 0.027455594390630722, "x_normalized": 19.813311855052294, "y_normalized": 19.21896121200531, "z_normalized": 0.027455594390630722}, "left_index": {"x": 0.5659510493278503, "y": 0.4722287356853485, "z": 0.14396046102046967, "x_normalized": 23.221019087519103, "y_normalized": 19.253265328119113, "z_normalized": 0.14396046102046967}, "right_index": {"x": 0.48463016748428345, "y": 0.4703458845615387, "z": 0.02144845575094223, "x_normalized": 19.809516122982846, "y_normalized": 19.17427759403362, "z_normalized": 0.02144845575094223}, "left_thumb": {"x": 0.5637505054473877, "y": 0.47225451469421387, "z": 0.13958129286766052, "x_normalized": 23.128703782992133, "y_normalized": 19.254346786696214, "z_normalized": 0.13958129286766052}, "right_thumb": {"x": 0.4865468740463257, "y": 0.469989150762558, "z": 0.022429436445236206, "x_normalized": 19.88992413099156, "y_normalized": 19.15931220771238, "z_normalized": 0.022429436445236206}, "left_hip": {"x": 0.5331695079803467, "y": 0.5566349029541016, "z": -0.0022732059005647898, "x_normalized": 21.845796353164022, "y_normalized": 22.7941995055966, "z_normalized": -0.0022732059005647898}, "right_hip": {"x": 0.5093654990196228, "y": 0.5578935146331787, "z": 0.0021565130446106195, "x_normalized": 20.84719125572334, "y_normalized": 22.846999688981615, "z_normalized": 0.0021565130446106195}, "left_knee": {"x": 0.5302932858467102, "y": 0.6423389315605164, "z": -0.04141373187303543, "x_normalized": 21.725135581746898, "y_normalized": 26.389580434026772, "z_normalized": -0.04141373187303543}, "right_knee": {"x": 0.5097758173942566, "y": 0.6411749720573425, "z": 0.028161263093352318, "x_normalized": 20.864404575595593, "y_normalized": 26.340751016469344, "z_normalized": 0.028161263093352318}, "left_ankle": {"x": 0.5243872404098511, "y": 0.7150155901908875, "z": 0.046974942088127136, "x_normalized": 21.47737029613072, "y_normalized": 29.438448458442004, "z_normalized": 0.046974942088127136}, "right_ankle": {"x": 0.5084599852561951, "y": 0.6828352212905884, "z": 0.2082173228263855, "x_normalized": 20.809203929241754, "y_normalized": 28.088445588153096, "z_normalized": 0.2082173228263855}, "left_heel": {"x": 0.5219131708145142, "y": 0.7202412486076355, "z": 0.05288400873541832, "x_normalized": 21.373580278516336, "y_normalized": 29.657670739069548, "z_normalized": 0.05288400873541832}, "right_heel": {"x": 0.5095153450965881, "y": 0.6865475177764893, "z": 0.22456024587154388, "x_normalized": 20.85347746812294, "y_normalized": 28.24418062421985, "z_normalized": 0.22456024587154388}, "left_foot_index": {"x": 0.5226776599884033, "y": 0.7457280158996582, "z": -0.00503494730219245, "x_normalized": 21.405651463972685, "y_normalized": 30.726869451651627, "z_normalized": -0.00503494730219245}, "right_foot_index": {"x": 0.5052492022514343, "y": 0.7168847322463989, "z": 0.1911626160144806, "x_normalized": 20.674507950903806, "y_normalized": 29.516861081607885, "z_normalized": 0.1911626160144806}}}