{"sequence_id": 1697925405990398000, "sequence_source": "mediapipe", "frame_number": 299, "image_dimensions": {"height": 1080, "width": 1920}, "joint_positions": {"nose": {"x": 0.5108575224876404, "y": 0.41981571912765503, "z": -0.12435423582792282, "x_normalized": 22.475564244935445, "y_normalized": 18.34735834855996, "z_normalized": -0.12435423582792282}, "left_eye_inner": {"x": 0.5127248764038086, "y": 0.414139062166214, "z": -0.11763004958629608, "x_normalized": 22.55959592916224, "y_normalized": 18.091906481017634, "z_normalized": -0.11763004958629608}, "left_eye": {"x": 0.5139379501342773, "y": 0.41410839557647705, "z": -0.11758517473936081, "x_normalized": 22.61418473944612, "y_normalized": 18.090526472031243, "z_normalized": -0.11758517473936081}, "left_eye_outer": {"x": 0.5151907801628113, "y": 0.4140661656856537, "z": -0.11763118207454681, "x_normalized": 22.670562599280874, "y_normalized": 18.088626109802167, "z_normalized": -0.11763118207454681}, "right_eye_inner": {"x": 0.5086778402328491, "y": 0.41419437527656555, "z": -0.11954762786626816, "x_normalized": 22.377477658689802, "y_normalized": 18.09439559343624, "z_normalized": -0.11954762786626816}, "right_eye": {"x": 0.5072468519210815, "y": 0.41433003544807434, "z": -0.11959335207939148, "x_normalized": 22.313082603791248, "y_normalized": 18.100500356221524, "z_normalized": -0.11959335207939148}, "right_eye_outer": {"x": 0.5058907866477966, "y": 0.4145841598510742, "z": -0.11955331265926361, "x_normalized": 22.252059116037287, "y_normalized": 18.111936057511095, "z_normalized": -0.11955331265926361}, "left_ear": {"x": 0.5175938010215759, "y": 0.41630035638809204, "z": -0.0709005743265152, "x_normalized": 22.77869951336327, "y_normalized": 18.18916559831808, "z_normalized": -0.0709005743265152}, "right_ear": {"x": 0.5028554797172546, "y": 0.41833364963531494, "z": -0.0799492597579956, "x_normalized": 22.115469072066357, "y_normalized": 18.28066461980069, "z_normalized": -0.0799492597579956}, "mouth_left": {"x": 0.5140444040298462, "y": 0.42689886689186096, "z": -0.1066107228398323, "x_normalized": 22.61897520795865, "y_normalized": 18.666102873151658, "z_normalized": -0.1066107228398323}, "mouth_right": {"x": 0.5084187388420105, "y": 0.4274357557296753, "z": -0.10947970300912857, "x_normalized": 22.365817990927223, "y_normalized": 18.69026308878806, "z_normalized": -0.10947970300912857}, "left_shoulder": {"x": 0.5293126106262207, "y": 0.44550949335098267, "z": -0.028888942673802376, "x_normalized": 23.306050702489827, "y_normalized": 19.503588618266765, "z_normalized": -0.028888942673802376}, "right_shoulder": {"x": 0.4920492470264435, "y": 0.4520680606365204, "z": -0.025440549477934837, "x_normalized": 21.629184214496963, "y_normalized": 19.79872680837986, "z_normalized": -0.025440549477934837}, "left_elbow": {"x": 0.548283040523529, "y": 0.45717713236808777, "z": 0.053948335349559784, "x_normalized": 24.159727748375307, "y_normalized": 20.02863711018279, "z_normalized": 0.053948335349559784}, "right_elbow": {"x": 0.48139211535453796, "y": 0.4620871841907501, "z": 0.05535057932138443, "x_normalized": 21.14960896330164, "y_normalized": 20.24959143529852, "z_normalized": 0.05535057932138443}, "left_wrist": {"x": 0.5388031005859375, "y": 0.4815772771835327, "z": 0.13367992639541626, "x_normalized": 23.733126603071625, "y_normalized": 21.126653531422797, "z_normalized": 0.13367992639541626}, "right_wrist": {"x": 0.4847240746021271, "y": 0.47288623452186584, "z": 0.1328006088733673, "x_normalized": 21.299548481957267, "y_normalized": 20.735553083766142, "z_normalized": 0.1328006088733673}, "left_pinky": {"x": 0.5360355973243713, "y": 0.492850124835968, "z": 0.14427296817302704, "x_normalized": 23.608587832911894, "y_normalized": 21.633936251674353, "z_normalized": 0.14427296817302704}, "right_pinky": {"x": 0.4870709180831909, "y": 0.4792374074459076, "z": 0.14076372981071472, "x_normalized": 21.405157391239516, "y_normalized": 21.021358443426077, "z_normalized": 0.14076372981071472}, "left_index": {"x": 0.5340563058853149, "y": 0.4921707808971405, "z": 0.13531892001628876, "x_normalized": 23.519518914717274, "y_normalized": 21.603365498666758, "z_normalized": 0.13531892001628876}, "right_index": {"x": 0.4910244047641754, "y": 0.47993937134742737, "z": 0.13686485588550568, "x_normalized": 21.583065896689323, "y_normalized": 21.052947103936756, "z_normalized": 0.13686485588550568}, "left_thumb": {"x": 0.5342797040939331, "y": 0.48883792757987976, "z": 0.13223761320114136, "x_normalized": 23.52957192478724, "y_normalized": 21.45338574651299, "z_normalized": 0.13223761320114136}, "right_thumb": {"x": 0.4907061457633972, "y": 0.47676199674606323, "z": 0.13255707919597626, "x_normalized": 21.568744112466113, "y_normalized": 20.909963957110495, "z_normalized": 0.13255707919597626}, "left_hip": {"x": 0.5242989659309387, "y": 0.5435351729393005, "z": -0.001803200808353722, "x_normalized": 23.080434656055633, "y_normalized": 23.914783990478394, "z_normalized": -0.001803200808353722}, "right_hip": {"x": 0.5021643042564392, "y": 0.5455036759376526, "z": 0.0018550395034253597, "x_normalized": 22.084365895766638, "y_normalized": 24.003367424462056, "z_normalized": 0.0018550395034253597}, "left_knee": {"x": 0.524328887462616, "y": 0.6201334595680237, "z": -0.002716547343879938, "x_normalized": 23.081781137126907, "y_normalized": 27.361737981667364, "z_normalized": -0.002716547343879938}, "right_knee": {"x": 0.5059609413146973, "y": 0.6261924505233765, "z": -0.028529586270451546, "x_normalized": 22.255216104525108, "y_normalized": 27.634395034133334, "z_normalized": -0.028529586270451546}, "left_ankle": {"x": 0.5257867574691772, "y": 0.6682918071746826, "z": 0.10616493225097656, "x_normalized": 23.14738587920304, "y_normalized": 29.52888317247887, "z_normalized": 0.10616493225097656}, "right_ankle": {"x": 0.511733889579773, "y": 0.6903666257858276, "z": 0.04112885519862175, "x_normalized": 22.51500111981771, "y_normalized": 30.52225897062533, "z_normalized": 0.04112885519862175}, "left_heel": {"x": 0.5249024033546448, "y": 0.6728038787841797, "z": 0.11484649777412415, "x_normalized": 23.10758958507067, "y_normalized": 29.731928226453412, "z_normalized": 0.11484649777412415}, "right_heel": {"x": 0.5139833688735962, "y": 0.698164701461792, "z": 0.04498371109366417, "x_normalized": 22.616228601151914, "y_normalized": 30.873175541450813, "z_normalized": 0.04498371109366417}, "left_foot_index": {"x": 0.5275450944900513, "y": 0.6929874420166016, "z": 0.07476894557476044, "x_normalized": 23.226511758889288, "y_normalized": 30.640196764855983, "z_normalized": 0.07476894557476044}, "right_foot_index": {"x": 0.5088117718696594, "y": 0.7155038714408875, "z": -0.009345262311398983, "x_normalized": 22.383504636712008, "y_normalized": 31.65344522885313, "z_normalized": -0.009345262311398983}}}