{"sequence_id": 1697925405990398000, "sequence_source": "mediapipe", "frame_number": 634, "image_dimensions": {"height": 1080, "width": 1920}, "joint_positions": {"nose": {"x": 0.5273593068122864, "y": 0.4171925187110901, "z": -0.05159199610352516, "x_normalized": 36.555594854702164, "y_normalized": 28.832652912390458, "z_normalized": -0.05159199610352516}, "left_eye_inner": {"x": 0.5283748507499695, "y": 0.4156852066516876, "z": -0.049079231917858124, "x_normalized": 36.62701438498721, "y_normalized": 28.726649109619398, "z_normalized": -0.049079231917858124}, "left_eye": {"x": 0.5291157364845276, "y": 0.4157377779483795, "z": -0.04906828701496124, "x_normalized": 36.67911819772598, "y_normalized": 28.73034625868099, "z_normalized": -0.04906828701496124}, "left_eye_outer": {"x": 0.5298947095870972, "y": 0.4157194197177887, "z": -0.049089666455984116, "x_normalized": 36.73390055723386, "y_normalized": 28.729055190754718, "z_normalized": -0.049089666455984116}, "right_eye_inner": {"x": 0.5265123248100281, "y": 0.4157423973083496, "z": -0.04789497330784798, "x_normalized": 36.49602967537651, "y_normalized": 28.73067112155205, "z_normalized": -0.04789497330784798}, "right_eye": {"x": 0.5259480476379395, "y": 0.4159635603427887, "z": -0.04789922758936882, "x_normalized": 36.45634610375963, "y_normalized": 28.74622471746252, "z_normalized": -0.04789922758936882}, "right_eye_outer": {"x": 0.5253778100013733, "y": 0.41613656282424927, "z": -0.0478854700922966, "x_normalized": 36.4162433542446, "y_normalized": 28.75839135595603, "z_normalized": -0.0478854700922966}, "left_ear": {"x": 0.5318383574485779, "y": 0.4189428985118866, "z": -0.030506549403071404, "x_normalized": 36.870590278038236, "y_normalized": 28.95575078984766, "z_normalized": -0.030506549403071404}, "right_ear": {"x": 0.5246394872665405, "y": 0.4200551211833954, "z": -0.02417703904211521, "x_normalized": 36.364319788002035, "y_normalized": 29.03396938564053, "z_normalized": -0.02417703904211521}, "mouth_left": {"x": 0.5293737649917603, "y": 0.42164433002471924, "z": -0.04440657049417496, "x_normalized": 36.69726440893645, "y_normalized": 29.145732692732032, "z_normalized": -0.04440657049417496}, "mouth_right": {"x": 0.5264697670936584, "y": 0.4225173890590668, "z": -0.04282212257385254, "x_normalized": 36.493036745183794, "y_normalized": 29.207131775362047, "z_normalized": -0.04282212257385254}, "left_shoulder": {"x": 0.5412624478340149, "y": 0.44191277027130127, "z": -0.01357958186417818, "x_normalized": 37.53335245278694, "y_normalized": 30.57113875179817, "z_normalized": -0.01357958186417818}, "right_shoulder": {"x": 0.5179616808891296, "y": 0.44532644748687744, "z": -1.1618658390943892e-05, "x_normalized": 35.8946938298212, "y_normalized": 30.81121031762075, "z_normalized": -1.1618658390943892e-05}, "left_elbow": {"x": 0.5563417673110962, "y": 0.45277169346809387, "z": 0.029371021315455437, "x_normalized": 38.59382642551162, "y_normalized": 31.334807526076556, "z_normalized": 0.029371021315455437}, "right_elbow": {"x": 0.5142566561698914, "y": 0.45799925923347473, "z": 0.0508611835539341, "x_normalized": 35.63413284833756, "y_normalized": 31.70244330986101, "z_normalized": 0.0508611835539341}, "left_wrist": {"x": 0.549055814743042, "y": 0.46981683373451233, "z": 0.06576415151357651, "x_normalized": 38.0814317463836, "y_normalized": 32.5335305613867, "z_normalized": 0.06576415151357651}, "right_wrist": {"x": 0.5217267870903015, "y": 0.4753941297531128, "z": 0.08710794150829315, "x_normalized": 36.1594801245181, "y_normalized": 32.9257616083445, "z_normalized": 0.08710794150829315}, "left_pinky": {"x": 0.5467723608016968, "y": 0.47572100162506104, "z": 0.07029043883085251, "x_normalized": 37.92084469360628, "y_normalized": 32.94874932427849, "z_normalized": 0.07029043883085251}, "right_pinky": {"x": 0.5233858227729797, "y": 0.4798720180988312, "z": 0.09171943366527557, "x_normalized": 36.276154100686306, "y_normalized": 33.240675291990435, "z_normalized": 0.09171943366527557}, "left_index": {"x": 0.5453768372535706, "y": 0.47497954964637756, "z": 0.06566579639911652, "x_normalized": 37.822702572314824, "y_normalized": 32.896605689639394, "z_normalized": 0.06566579639911652}, "right_index": {"x": 0.527168869972229, "y": 0.4804888069629669, "z": 0.08799353986978531, "x_normalized": 36.5422021208566, "y_normalized": 33.284051820889935, "z_normalized": 0.08799353986978531}, "left_thumb": {"x": 0.5456982851028442, "y": 0.472372442483902, "z": 0.0651116594672203, "x_normalized": 37.8453088363615, "y_normalized": 32.71325727699308, "z_normalized": 0.0651116594672203}, "right_thumb": {"x": 0.5262311100959778, "y": 0.47796884179115295, "z": 0.0866067036986351, "x_normalized": 36.47625286214228, "y_normalized": 33.10683178911442, "z_normalized": 0.0866067036986351}, "left_hip": {"x": 0.5387865900993347, "y": 0.5069963932037354, "z": -0.003573468653485179, "x_normalized": 37.359234337457664, "y_normalized": 35.14823444072331, "z_normalized": -0.003573468653485179}, "right_hip": {"x": 0.524567186832428, "y": 0.5069781541824341, "z": 0.0035485916305333376, "x_normalized": 36.3592351600976, "y_normalized": 35.146951756355, "z_normalized": 0.0035485916305333376}, "left_knee": {"x": 0.5364487767219543, "y": 0.5580099821090698, "z": -0.020275268703699112, "x_normalized": 37.19482438224931, "y_normalized": 38.735835550415764, "z_normalized": -0.020275268703699112}, "right_knee": {"x": 0.5241948962211609, "y": 0.5556979179382324, "z": 0.0037510166876018047, "x_normalized": 36.33305330857979, "y_normalized": 38.57323644372737, "z_normalized": 0.0037510166876018047}, "left_ankle": {"x": 0.533679723739624, "y": 0.606149435043335, "z": 0.023444199934601784, "x_normalized": 37.00008690611054, "y_normalized": 42.12130907762525, "z_normalized": 0.023444199934601784}, "right_ankle": {"x": 0.5246147513389587, "y": 0.5960149765014648, "z": 0.0670609250664711, "x_normalized": 36.36258019972475, "y_normalized": 41.40858928097625, "z_normalized": 0.0670609250664711}, "left_heel": {"x": 0.5325115323066711, "y": 0.6113855242729187, "z": 0.026091642677783966, "x_normalized": 36.91793222985414, "y_normalized": 42.489544285804044, "z_normalized": 0.026091642677783966}, "right_heel": {"x": 0.5263649821281433, "y": 0.6004636883735657, "z": 0.07172995060682297, "x_normalized": 36.4856675977345, "y_normalized": 41.721451088810795, "z_normalized": 0.07172995060682297}, "left_foot_index": {"x": 0.5347789525985718, "y": 0.6222426891326904, "z": -0.0056746830232441425, "x_normalized": 37.07739169408546, "y_normalized": 43.25308940260248, "z_normalized": -0.0056746830232441425}, "right_foot_index": {"x": 0.5210909247398376, "y": 0.6132758855819702, "z": 0.04677680507302284, "x_normalized": 36.11476222634455, "y_normalized": 42.62248655619906, "z_normalized": 0.04677680507302284}}}