{"sequence_id": 1697925405990398000, "sequence_source": "mediapipe", "frame_number": 164, "image_dimensions": {"height": 1080, "width": 1920}, "joint_positions": {"nose": {"x": 0.513621985912323, "y": 0.4282712936401367, "z": -0.22397255897521973, "x_normalized": 18.87921925833395, "y_normalized": 15.592247803164064, "z_normalized": -0.22397255897521973}, "left_eye_inner": {"x": 0.5159946084022522, "y": 0.421585351228714, "z": -0.21283195912837982, "x_normalized": 18.96880622003185, "y_normalized": 15.339795814165015, "z_normalized": -0.21283195912837982}, "left_eye": {"x": 0.5176891684532166, "y": 0.4215363562107086, "z": -0.21277782320976257, "x_normalized": 19.032790476703493, "y_normalized": 15.337945829677357, "z_normalized": -0.21277782320976257}, "left_eye_outer": {"x": 0.5194036960601807, "y": 0.4214448928833008, "z": -0.21277788281440735, "x_normalized": 19.09752868082448, "y_normalized": 15.334492300241457, "z_normalized": -0.21277788281440735}, "right_eye_inner": {"x": 0.5109555721282959, "y": 0.42150890827178955, "z": -0.21694280207157135, "x_normalized": 18.77853914147831, "y_normalized": 15.336909433258178, "z_normalized": -0.21694280207157135}, "right_eye": {"x": 0.508908212184906, "y": 0.42151889204978943, "z": -0.21699027717113495, "x_normalized": 18.701233646141898, "y_normalized": 15.337286406982852, "z_normalized": -0.21699027717113495}, "right_eye_outer": {"x": 0.5068352222442627, "y": 0.42157042026519775, "z": -0.21702204644680023, "x_normalized": 18.622960397363038, "y_normalized": 15.339232041520054, "z_normalized": -0.21702204644680023}, "left_ear": {"x": 0.5224852561950684, "y": 0.4240218997001648, "z": -0.1376601755619049, "x_normalized": 19.213884152858384, "y_normalized": 15.431796532995534, "z_normalized": -0.1376601755619049}, "right_ear": {"x": 0.5018481612205505, "y": 0.4253249764442444, "z": -0.15770918130874634, "x_normalized": 18.434655832767202, "y_normalized": 15.480998918481127, "z_normalized": -0.15770918130874634}, "mouth_left": {"x": 0.5167267918586731, "y": 0.4364891052246094, "z": -0.19471296668052673, "x_normalized": 18.99645246023426, "y_normalized": 15.90254106506461, "z_normalized": -0.19471296668052673}, "mouth_right": {"x": 0.5099971890449524, "y": 0.43722254037857056, "z": -0.2006593644618988, "x_normalized": 18.742351914498947, "y_normalized": 15.930234567644437, "z_normalized": -0.2006593644618988}, "left_shoulder": {"x": 0.5348275899887085, "y": 0.4593639373779297, "z": -0.07189543545246124, "x_normalized": 19.679913700132275, "y_normalized": 16.766263263039132, "z_normalized": -0.07189543545246124}, "right_shoulder": {"x": 0.4887308180332184, "y": 0.4660351276397705, "z": -0.13008812069892883, "x_normalized": 17.939362996806256, "y_normalized": 17.018158231161426, "z_normalized": -0.13008812069892883}, "left_elbow": {"x": 0.5553041100502014, "y": 0.4685801565647125, "z": -0.06503874808549881, "x_normalized": 20.453078932377046, "y_normalized": 17.11425502270184, "z_normalized": -0.06503874808549881}, "right_elbow": {"x": 0.47131386399269104, "y": 0.47532421350479126, "z": -0.23924894630908966, "x_normalized": 17.281722769106402, "y_normalized": 17.368901336366907, "z_normalized": -0.23924894630908966}, "left_wrist": {"x": 0.5496234893798828, "y": 0.4788552224636078, "z": -0.09241025894880295, "x_normalized": 20.238586509510682, "y_normalized": 17.50222737777937, "z_normalized": -0.09241025894880295}, "right_wrist": {"x": 0.49007919430732727, "y": 0.4579901099205017, "z": -0.353915274143219, "x_normalized": 17.99027583023664, "y_normalized": 16.714389427934503, "z_normalized": -0.353915274143219}, "left_pinky": {"x": 0.5486161708831787, "y": 0.4858074486255646, "z": -0.09835036844015121, "x_normalized": 20.20055154863306, "y_normalized": 17.76473387492758, "z_normalized": -0.09835036844015121}, "right_pinky": {"x": 0.4982715845108032, "y": 0.45508673787117004, "z": -0.37973901629447937, "x_normalized": 18.29960921575764, "y_normalized": 16.604762092915017, "z_normalized": -0.37973901629447937}, "left_index": {"x": 0.5452931523323059, "y": 0.4847496747970581, "z": -0.102382592856884, "x_normalized": 20.075078938935537, "y_normalized": 17.724793790121975, "z_normalized": -0.102382592856884}, "right_index": {"x": 0.5016842484474182, "y": 0.4518435001373291, "z": -0.3695670962333679, "x_normalized": 18.428466711914336, "y_normalized": 16.482301897130785, "z_normalized": -0.3695670962333679}, "left_thumb": {"x": 0.5456834435462952, "y": 0.4823366403579712, "z": -0.09453888237476349, "x_normalized": 20.089815798333564, "y_normalized": 17.63368092881017, "z_normalized": -0.09453888237476349}, "right_thumb": {"x": 0.4981284737586975, "y": 0.453747421503067, "z": -0.35238486528396606, "x_normalized": 18.29420555060574, "y_normalized": 16.55419134907359, "z_normalized": -0.35238486528396606}, "left_hip": {"x": 0.5276822447776794, "y": 0.5786125659942627, "z": 0.010949144139885902, "x_normalized": 19.41011529332469, "y_normalized": 21.268927454129013, "z_normalized": 0.010949144139885902}, "right_hip": {"x": 0.5011986494064331, "y": 0.5787617564201355, "z": -0.011022012680768967, "x_normalized": 18.410131160064044, "y_normalized": 21.274560679399823, "z_normalized": -0.011022012680768967}, "left_knee": {"x": 0.5257654190063477, "y": 0.6659724712371826, "z": 0.038096677511930466, "x_normalized": 19.33773858877656, "y_normalized": 24.5675173133035, "z_normalized": 0.038096677511930466}, "right_knee": {"x": 0.5029981136322021, "y": 0.6731197237968445, "z": -0.06316481530666351, "x_normalized": 18.478076454081517, "y_normalized": 24.83738773897192, "z_normalized": -0.06316481530666351}, "left_ankle": {"x": 0.5204960703849792, "y": 0.7196277976036072, "z": 0.1847340613603592, "x_normalized": 19.13877523277739, "y_normalized": 26.593468634459832, "z_normalized": 0.1847340613603592}, "right_ankle": {"x": 0.509509801864624, "y": 0.7611016631126404, "z": -0.005747899413108826, "x_normalized": 18.72394884496662, "y_normalized": 28.159464749135687, "z_normalized": -0.005747899413108826}, "left_heel": {"x": 0.5177196860313416, "y": 0.7240763902664185, "z": 0.1956176608800888, "x_normalized": 19.033942778476828, "y_normalized": 26.761441374406647, "z_normalized": 0.1956176608800888}, "right_heel": {"x": 0.5122082829475403, "y": 0.7727622389793396, "z": -0.004343440290540457, "x_normalized": 18.82583977892002, "y_normalized": 28.599752054840454, "z_normalized": -0.004343440290540457}, "left_foot_index": {"x": 0.5272778868675232, "y": 0.7487204074859619, "z": 0.14259904623031616, "x_normalized": 19.39484729482802, "y_normalized": 27.691965566982915, "z_normalized": 0.14259904623031616}, "right_foot_index": {"x": 0.505446195602417, "y": 0.7920070886611938, "z": -0.08495156466960907, "x_normalized": 18.57051266196114, "y_normalized": 29.326411107702082, "z_normalized": -0.08495156466960907}}}