{"sequence_id": 1697925405990398000, "sequence_source": "mediapipe", "frame_number": 166, "image_dimensions": {"height": 1080, "width": 1920}, "joint_positions": {"nose": {"x": 0.5137982964515686, "y": 0.4285888373851776, "z": -0.20627357065677643, "x_normalized": 18.92058600420724, "y_normalized": 15.63497105536095, "z_normalized": -0.20627357065677643}, "left_eye_inner": {"x": 0.5160570740699768, "y": 0.42179635167121887, "z": -0.19697432219982147, "x_normalized": 19.00603341087472, "y_normalized": 15.378017788092123, "z_normalized": -0.19697432219982147}, "left_eye": {"x": 0.5177510380744934, "y": 0.42155084013938904, "z": -0.19691409170627594, "x_normalized": 19.07011445630141, "y_normalized": 15.368730320600479, "z_normalized": -0.19691409170627594}, "left_eye_outer": {"x": 0.5194439888000488, "y": 0.421274334192276, "z": -0.19692406058311462, "x_normalized": 19.134157170349766, "y_normalized": 15.358270363889204, "z_normalized": -0.19692406058311462}, "right_eye_inner": {"x": 0.5111297965049744, "y": 0.4223388731479645, "z": -0.19997407495975494, "x_normalized": 18.81963919197104, "y_normalized": 15.398540859009566, "z_normalized": -0.19997407495975494}, "right_eye": {"x": 0.509154200553894, "y": 0.4226411283016205, "z": -0.20003029704093933, "x_normalized": 18.744904278154443, "y_normalized": 15.409974883687916, "z_normalized": -0.20003029704093933}, "right_eye_outer": {"x": 0.5071526765823364, "y": 0.4229883849620819, "z": -0.20010057091712952, "x_normalized": 18.66918853200989, "y_normalized": 15.423111272521691, "z_normalized": -0.20010057091712952}, "left_ear": {"x": 0.5226565003395081, "y": 0.42349979281425476, "z": -0.12963731586933136, "x_normalized": 19.25568342317743, "y_normalized": 15.442457344645582, "z_normalized": -0.12963731586933136}, "right_ear": {"x": 0.5023414492607117, "y": 0.4273328483104706, "z": -0.1440335363149643, "x_normalized": 18.487184383318937, "y_normalized": 15.587458184522415, "z_normalized": -0.1440335363149643}, "mouth_left": {"x": 0.5168745517730713, "y": 0.4364914298057556, "z": -0.17984914779663086, "x_normalized": 19.036957814042456, "y_normalized": 15.933918602381688, "z_normalized": -0.17984914779663086}, "mouth_right": {"x": 0.5104814767837524, "y": 0.43825194239616394, "z": -0.18428491055965424, "x_normalized": 18.795113874198126, "y_normalized": 16.00051711745014, "z_normalized": -0.18428491055965424}, "left_shoulder": {"x": 0.5353888273239136, "y": 0.4589911103248596, "z": -0.06344453245401382, "x_normalized": 19.73733523024046, "y_normalized": 16.785060093928397, "z_normalized": -0.06344453245401382}, "right_shoulder": {"x": 0.4905024766921997, "y": 0.4659477174282074, "z": -0.1161109060049057, "x_normalized": 18.03932732322477, "y_normalized": 17.048221917093862, "z_normalized": -0.1161109060049057}, "left_elbow": {"x": 0.5552331805229187, "y": 0.4678665101528168, "z": -0.015413391403853893, "x_normalized": 20.48802821746931, "y_normalized": 17.12080801893679, "z_normalized": -0.015413391403853893}, "right_elbow": {"x": 0.47260016202926636, "y": 0.47570767998695374, "z": -0.19041484594345093, "x_normalized": 17.362099804753573, "y_normalized": 17.417432007994396, "z_normalized": -0.19041484594345093}, "left_wrist": {"x": 0.5447797179222107, "y": 0.47056877613067627, "z": 0.027437010779976845, "x_normalized": 20.09258368027956, "y_normalized": 17.223032167986297, "z_normalized": 0.027437010779976845}, "right_wrist": {"x": 0.49610215425491333, "y": 0.4562820792198181, "z": -0.2618218958377838, "x_normalized": 18.25115779383354, "y_normalized": 16.682580026558835, "z_normalized": -0.2618218958377838}, "left_pinky": {"x": 0.5445839166641235, "y": 0.48187339305877686, "z": 0.0335356779396534, "x_normalized": 20.085176705113245, "y_normalized": 17.650675062976653, "z_normalized": 0.0335356779396534}, "right_pinky": {"x": 0.5048421025276184, "y": 0.45344895124435425, "z": -0.2801525890827179, "x_normalized": 18.58178171547345, "y_normalized": 16.575405492736827, "z_normalized": -0.2801525890827179}, "left_index": {"x": 0.5418605804443359, "y": 0.48206526041030884, "z": 0.029506683349609375, "x_normalized": 19.98215548887308, "y_normalized": 17.657933222203553, "z_normalized": 0.029506683349609375}, "right_index": {"x": 0.5075828433036804, "y": 0.4503442049026489, "z": -0.27031275629997253, "x_normalized": 18.685461329506175, "y_normalized": 16.457955894734337, "z_normalized": -0.27031275629997253}, "left_thumb": {"x": 0.5431373119354248, "y": 0.4809689521789551, "z": 0.02732979506254196, "x_normalized": 20.030453025573983, "y_normalized": 17.61646092563307, "z_normalized": 0.02732979506254196}, "right_thumb": {"x": 0.5048184990882874, "y": 0.4530218243598938, "z": -0.2595827281475067, "x_normalized": 18.580888819836964, "y_normalized": 16.559247689375546, "z_normalized": -0.2595827281475067}, "left_hip": {"x": 0.5291315913200378, "y": 0.5780813097953796, "z": 0.01083802804350853, "x_normalized": 19.500629949879855, "y_normalized": 21.290128951233662, "z_normalized": 0.01083802804350853}, "right_hip": {"x": 0.5026971101760864, "y": 0.578191876411438, "z": -0.010915400460362434, "x_normalized": 18.500638697114187, "y_normalized": 21.294311581045996, "z_normalized": -0.010915400460362434}, "left_knee": {"x": 0.5257720947265625, "y": 0.6654346585273743, "z": 0.03567417338490486, "x_normalized": 19.37354339240679, "y_normalized": 24.594622962525094, "z_normalized": 0.03567417338490486}, "right_knee": {"x": 0.5029088854789734, "y": 0.6695237159729004, "z": -0.06332051753997803, "x_normalized": 18.508649955186, "y_normalized": 24.749308112398673, "z_normalized": -0.06332051753997803}, "left_ankle": {"x": 0.5193925499916077, "y": 0.7210161685943604, "z": 0.17382337152957916, "x_normalized": 19.132211289202573, "y_normalized": 26.697218567856687, "z_normalized": 0.17382337152957916}, "right_ankle": {"x": 0.5090604424476624, "y": 0.7598719000816345, "z": -0.022415686398744583, "x_normalized": 18.741357498265064, "y_normalized": 28.167093894536833, "z_normalized": -0.022415686398744583}, "left_heel": {"x": 0.5167074799537659, "y": 0.7269325852394104, "z": 0.1846974790096283, "x_normalized": 19.03063764619126, "y_normalized": 26.921030976375285, "z_normalized": 0.1846974790096283}, "right_heel": {"x": 0.5118473768234253, "y": 0.7721990346908569, "z": -0.022287478670477867, "x_normalized": 18.846784572192426, "y_normalized": 28.633417659840166, "z_normalized": -0.022287478670477867}, "left_foot_index": {"x": 0.5268697142601013, "y": 0.7488061189651489, "z": 0.13301928341388702, "x_normalized": 19.41506529429041, "y_normalized": 27.74848593089851, "z_normalized": 0.13301928341388702}, "right_foot_index": {"x": 0.5052382946014404, "y": 0.7915784120559692, "z": -0.10007453709840775, "x_normalized": 18.596769284402065, "y_normalized": 29.366521053987608, "z_normalized": -0.10007453709840775}}}