{"sequence_id": 1697925405990398000, "sequence_source": "mediapipe", "frame_number": 209, "image_dimensions": {"height": 1080, "width": 1920}, "joint_positions": {"nose": {"x": 0.5107318758964539, "y": 0.39704447984695435, "z": -0.1974310576915741, "x_normalized": 19.888564249876207, "y_normalized": 15.310998553420267, "z_normalized": -0.1974310576915741}, "left_eye_inner": {"x": 0.5121621489524841, "y": 0.3925692141056061, "z": -0.1900746077299118, "x_normalized": 19.945706775562428, "y_normalized": 15.132201933782179, "z_normalized": -0.1900746077299118}, "left_eye": {"x": 0.5133556127548218, "y": 0.3927776515483856, "z": -0.19003334641456604, "x_normalized": 19.993388255468044, "y_normalized": 15.140529463884059, "z_normalized": -0.19003334641456604}, "left_eye_outer": {"x": 0.5145434141159058, "y": 0.39299121499061584, "z": -0.19007746875286102, "x_normalized": 20.04084350850501, "y_normalized": 15.149061788835455, "z_normalized": -0.19007746875286102}, "right_eye_inner": {"x": 0.5087432861328125, "y": 0.39296260476112366, "z": -0.19048696756362915, "x_normalized": 19.80911575494083, "y_normalized": 15.147918747814895, "z_normalized": -0.19048696756362915}, "right_eye": {"x": 0.5074880719184875, "y": 0.3935866355895996, "z": -0.19052046537399292, "x_normalized": 19.75896721149917, "y_normalized": 15.172850139408155, "z_normalized": -0.19052046537399292}, "right_eye_outer": {"x": 0.5062999129295349, "y": 0.3941883146762848, "z": -0.19048376381397247, "x_normalized": 19.71149767044945, "y_normalized": 15.196888530204102, "z_normalized": -0.19048376381397247}, "left_ear": {"x": 0.5173688530921936, "y": 0.398366779088974, "z": -0.13331162929534912, "x_normalized": 20.1537259532918, "y_normalized": 15.363827289921598, "z_normalized": -0.13331162929534912}, "right_ear": {"x": 0.5034087896347046, "y": 0.4001590609550476, "z": -0.1353762298822403, "x_normalized": 19.595990993986284, "y_normalized": 15.435432856521105, "z_normalized": -0.1353762298822403}, "mouth_left": {"x": 0.5141602158546448, "y": 0.4054734706878662, "z": -0.17531746625900269, "x_normalized": 20.025533902835868, "y_normalized": 15.647755107425798, "z_normalized": -0.17531746625900269}, "mouth_right": {"x": 0.5087018609046936, "y": 0.4067433476448059, "z": -0.17595969140529633, "x_normalized": 19.807460726796478, "y_normalized": 15.698489459390498, "z_normalized": -0.17595969140529633}, "left_shoulder": {"x": 0.532516598701477, "y": 0.43594205379486084, "z": -0.07504730671644211, "x_normalized": 20.75891140296336, "y_normalized": 16.865041404943312, "z_normalized": -0.07504730671644211}, "right_shoulder": {"x": 0.49190863966941833, "y": 0.4451441168785095, "z": -0.06748352199792862, "x_normalized": 19.136534939762164, "y_normalized": 17.232683879858588, "z_normalized": -0.06748352199792862}, "left_elbow": {"x": 0.5530673861503601, "y": 0.45047426223754883, "z": 0.03065834753215313, "x_normalized": 21.579960149367892, "y_normalized": 17.44563480332459, "z_normalized": 0.03065834753215313}, "right_elbow": {"x": 0.48003941774368286, "y": 0.4662344753742218, "z": 0.035046935081481934, "x_normalized": 18.662333656372805, "y_normalized": 18.075289665510265, "z_normalized": 0.035046935081481934}, "left_wrist": {"x": 0.5516892075538635, "y": 0.47137826681137085, "z": 0.11578655987977982, "x_normalized": 21.52489891087328, "y_normalized": 18.280795343662135, "z_normalized": 0.11578655987977982}, "right_wrist": {"x": 0.4855809509754181, "y": 0.4854830205440521, "z": 0.10872245579957962, "x_normalized": 18.883729986045932, "y_normalized": 18.844310994795592, "z_normalized": 0.10872245579957962}, "left_pinky": {"x": 0.5472763776779175, "y": 0.47992604970932007, "z": 0.1316131055355072, "x_normalized": 21.348596740129018, "y_normalized": 18.622297899238454, "z_normalized": 0.1316131055355072}, "right_pinky": {"x": 0.48657557368278503, "y": 0.4907858967781067, "z": 0.12130344659090042, "x_normalized": 18.923467330858646, "y_normalized": 19.05617245728887, "z_normalized": 0.12130344659090042}, "left_index": {"x": 0.5458326935768127, "y": 0.47823113203048706, "z": 0.1193840429186821, "x_normalized": 21.29091841396441, "y_normalized": 18.554582244112044, "z_normalized": 0.1193840429186821}, "right_index": {"x": 0.48897314071655273, "y": 0.49114227294921875, "z": 0.1118394061923027, "x_normalized": 19.019255359049403, "y_normalized": 19.070410462001234, "z_normalized": 0.1118394061923027}, "left_thumb": {"x": 0.5460061430931091, "y": 0.4752214252948761, "z": 0.11427147686481476, "x_normalized": 21.297848100151562, "y_normalized": 18.4343379007522, "z_normalized": 0.11427147686481476}, "right_thumb": {"x": 0.4888526201248169, "y": 0.48788028955459595, "z": 0.1079728826880455, "x_normalized": 19.014440298750287, "y_normalized": 18.940087116309048, "z_normalized": 0.1079728826880455}, "left_hip": {"x": 0.528802216053009, "y": 0.5518117547035217, "z": -0.005699763540178537, "x_normalized": 20.61051372113355, "y_normalized": 21.494288479487636, "z_normalized": -0.005699763540178537}, "right_hip": {"x": 0.5037723183631897, "y": 0.5517756938934326, "z": 0.0056051332503557205, "x_normalized": 19.61051475895379, "y_normalized": 21.492847771534638, "z_normalized": 0.0056051332503557205}, "left_knee": {"x": 0.5257237553596497, "y": 0.6461374759674072, "z": -0.01116181816905737, "x_normalized": 20.48752250732117, "y_normalized": 25.26280661486574, "z_normalized": -0.01116181816905737}, "right_knee": {"x": 0.5060651898384094, "y": 0.6470658183097839, "z": -0.004465740639716387, "x_normalized": 19.702119971409928, "y_normalized": 25.29989591464749, "z_normalized": -0.004465740639716387}, "left_ankle": {"x": 0.5203024744987488, "y": 0.7234129309654236, "z": 0.07225022464990616, "x_normalized": 20.27093052193759, "y_normalized": 28.350129454040427, "z_normalized": 0.07225022464990616}, "right_ankle": {"x": 0.5121212601661682, "y": 0.7222166061401367, "z": 0.08002330362796783, "x_normalized": 19.94407317943721, "y_normalized": 28.302333670032755, "z_normalized": 0.08002330362796783}, "left_heel": {"x": 0.519815981388092, "y": 0.7314878702163696, "z": 0.07680341601371765, "x_normalized": 20.251494061917132, "y_normalized": 28.672740875416515, "z_normalized": 0.07680341601371765}, "right_heel": {"x": 0.5136480331420898, "y": 0.7300513386726379, "z": 0.08473031967878342, "x_normalized": 20.005071087232363, "y_normalized": 28.61534830950705, "z_normalized": 0.08473031967878342}, "left_foot_index": {"x": 0.521661102771759, "y": 0.750118613243103, "z": 0.01418419647961855, "x_normalized": 20.325210682401487, "y_normalized": 29.417079662664097, "z_normalized": 0.01418419647961855}, "right_foot_index": {"x": 0.5103176236152649, "y": 0.7491831183433533, "z": 0.02399316430091858, "x_normalized": 19.872013968432668, "y_normalized": 29.379704602627207, "z_normalized": 0.02399316430091858}}}