{"sequence_id": 1697925405990398000, "sequence_source": "mediapipe", "frame_number": 71, "image_dimensions": {"height": 1080, "width": 1920}, "joint_positions": {"nose": {"x": 0.5161908864974976, "y": 0.39191222190856934, "z": -0.11791639775037766, "x_normalized": 15.008083615109063, "y_normalized": 11.20388191928467, "z_normalized": -0.11791639775037766}, "left_eye_inner": {"x": 0.5181505680084229, "y": 0.3831608295440674, "z": -0.10655904561281204, "x_normalized": 15.067033156498091, "y_normalized": 10.940629669606993, "z_normalized": -0.10655904561281204}, "left_eye": {"x": 0.5199253559112549, "y": 0.38306087255477905, "z": -0.10648322850465775, "x_normalized": 15.120420879121111, "y_normalized": 10.937622844954964, "z_normalized": -0.10648322850465775}, "left_eye_outer": {"x": 0.5217082500457764, "y": 0.38293224573135376, "z": -0.1064990758895874, "x_normalized": 15.174052446796415, "y_normalized": 10.933753597728323, "z_normalized": -0.1064990758895874}, "right_eye_inner": {"x": 0.5132138133049011, "y": 0.38407668471336365, "z": -0.1080145388841629, "x_normalized": 14.918529726680394, "y_normalized": 10.968179678068978, "z_normalized": -0.1080145388841629}, "right_eye": {"x": 0.5113431811332703, "y": 0.38476523756980896, "z": -0.10806223750114441, "x_normalized": 14.86225889490981, "y_normalized": 10.988892163686291, "z_normalized": -0.10806223750114441}, "right_eye_outer": {"x": 0.5095028281211853, "y": 0.38551658391952515, "z": -0.10803225636482239, "x_normalized": 14.80689889612863, "y_normalized": 11.011493551969624, "z_normalized": -0.10803225636482239}, "left_ear": {"x": 0.5254473686218262, "y": 0.3881809413433075, "z": -0.03457421809434891, "x_normalized": 15.286529563117861, "y_normalized": 11.09164057961304, "z_normalized": -0.03457421809434891}, "right_ear": {"x": 0.5058714747428894, "y": 0.3933108150959015, "z": -0.040946830064058304, "x_normalized": 14.697663484619865, "y_normalized": 11.245953259205676, "z_normalized": -0.040946830064058304}, "mouth_left": {"x": 0.5206764340400696, "y": 0.40298280119895935, "z": -0.09084928780794144, "x_normalized": 15.143014199001978, "y_normalized": 11.536898059122223, "z_normalized": -0.09084928780794144}, "mouth_right": {"x": 0.5128256678581238, "y": 0.4052329659461975, "z": -0.09267810732126236, "x_normalized": 14.906853851824096, "y_normalized": 11.604585680381055, "z_normalized": -0.09267810732126236}, "left_shoulder": {"x": 0.5453900694847107, "y": 0.43343260884284973, "z": 0.01718331128358841, "x_normalized": 15.88642963023159, "y_normalized": 12.452864345472458, "z_normalized": 0.01718331128358841}, "right_shoulder": {"x": 0.49074214696884155, "y": 0.44226136803627014, "z": 0.023721875622868538, "x_normalized": 14.242555382189845, "y_normalized": 12.718443881016762, "z_normalized": 0.023721875622868538}, "left_elbow": {"x": 0.5721777677536011, "y": 0.45679253339767456, "z": 0.09725718200206757, "x_normalized": 16.692235328257052, "y_normalized": 13.155558549460238, "z_normalized": 0.09725718200206757}, "right_elbow": {"x": 0.47512468695640564, "y": 0.4568484127521515, "z": 0.09773383289575577, "x_normalized": 13.772763683762335, "y_normalized": 13.157239466640487, "z_normalized": 0.09773383289575577}, "left_wrist": {"x": 0.5522751212120056, "y": 0.4795263707637787, "z": 0.17616912722587585, "x_normalized": 16.093540142578128, "y_normalized": 13.839419309115932, "z_normalized": 0.17616912722587585}, "right_wrist": {"x": 0.49766242504119873, "y": 0.46047723293304443, "z": 0.18087659776210785, "x_normalized": 14.45072554472681, "y_normalized": 13.266398676570413, "z_normalized": 0.18087659776210785}, "left_pinky": {"x": 0.5490623116493225, "y": 0.49119052290916443, "z": 0.1814308911561966, "x_normalized": 15.996895024871716, "y_normalized": 14.190290823608958, "z_normalized": 0.1814308911561966}, "right_pinky": {"x": 0.5031630396842957, "y": 0.46150752902030945, "z": 0.18246786296367645, "x_normalized": 14.616190549504669, "y_normalized": 13.297391203417547, "z_normalized": 0.18246786296367645}, "left_index": {"x": 0.5463374257087708, "y": 0.49010348320007324, "z": 0.1736655831336975, "x_normalized": 15.914927227738652, "y_normalized": 14.157591381395855, "z_normalized": 0.1736655831336975}, "right_index": {"x": 0.5050891637802124, "y": 0.4622413218021393, "z": 0.1859564483165741, "x_normalized": 14.674130644096385, "y_normalized": 13.31946455958399, "z_normalized": 0.1859564483165741}, "left_thumb": {"x": 0.5458172559738159, "y": 0.48759013414382935, "z": 0.17448610067367554, "x_normalized": 15.899279905891156, "y_normalized": 14.081986864340342, "z_normalized": 0.17448610067367554}, "right_thumb": {"x": 0.5036674737930298, "y": 0.4619525969028473, "z": 0.1827905923128128, "x_normalized": 14.63136452507421, "y_normalized": 13.31077937257479, "z_normalized": 0.1827905923128128}, "left_hip": {"x": 0.536166787147522, "y": 0.5856953859329224, "z": -0.005572734400629997, "x_normalized": 15.608982371150148, "y_normalized": 17.03310905872769, "z_normalized": -0.005572734400629997}, "right_hip": {"x": 0.5029327273368835, "y": 0.5849086046218872, "z": 0.0056509110145270824, "x_normalized": 14.609262481254556, "y_normalized": 17.009441744829786, "z_normalized": 0.0056509110145270824}, "left_knee": {"x": 0.5311281681060791, "y": 0.708718478679657, "z": -0.035876527428627014, "x_normalized": 15.457414741374004, "y_normalized": 20.733789428088144, "z_normalized": -0.035876527428627014}, "right_knee": {"x": 0.5038003325462341, "y": 0.7062386274337769, "z": -0.0329088494181633, "x_normalized": 14.635361073761969, "y_normalized": 20.65919256485162, "z_normalized": -0.0329088494181633}, "left_ankle": {"x": 0.5224794149398804, "y": 0.8064427971839905, "z": 0.08946949988603592, "x_normalized": 15.197250000373009, "y_normalized": 23.67345269799659, "z_normalized": 0.08946949988603592}, "right_ankle": {"x": 0.5084112882614136, "y": 0.8078283667564392, "z": 0.0883946344256401, "x_normalized": 14.774064084051943, "y_normalized": 23.715132272153454, "z_normalized": 0.0883946344256401}, "left_heel": {"x": 0.5203134417533875, "y": 0.8167710304260254, "z": 0.09799912571907043, "x_normalized": 15.132094960999083, "y_normalized": 23.984138189277978, "z_normalized": 0.09799912571907043}, "right_heel": {"x": 0.5101255178451538, "y": 0.818787157535553, "z": 0.09571011364459991, "x_normalized": 14.825630140696157, "y_normalized": 24.044785681141345, "z_normalized": 0.09571011364459991}, "left_foot_index": {"x": 0.5243465900421143, "y": 0.8422359824180603, "z": 0.01978977397084236, "x_normalized": 15.253416839400709, "y_normalized": 24.750154112301757, "z_normalized": 0.01978977397084236}, "right_foot_index": {"x": 0.5072236061096191, "y": 0.8430882692337036, "z": 0.017386067658662796, "x_normalized": 14.738337197936067, "y_normalized": 24.77579190937949, "z_normalized": 0.017386067658662796}}}