{"sequence_id": 1697925405990398000, "sequence_source": "mediapipe", "frame_number": 14, "image_dimensions": {"height": 1080, "width": 1920}, "joint_positions": {"nose": {"x": 0.5216299295425415, "y": 0.39213159680366516, "z": -0.10607262700796127, "x_normalized": 15.565219849056273, "y_normalized": 11.499263373302444, "z_normalized": -0.10607262700796127}, "left_eye_inner": {"x": 0.5226614475250244, "y": 0.38443925976753235, "z": -0.09343494474887848, "x_normalized": 15.597028816249068, "y_normalized": 11.262054424381079, "z_normalized": -0.09343494474887848}, "left_eye": {"x": 0.524048924446106, "y": 0.3850412964820862, "z": -0.09338729828596115, "x_normalized": 15.639814505507928, "y_normalized": 11.280619458076375, "z_normalized": -0.09338729828596115}, "left_eye_outer": {"x": 0.525651752948761, "y": 0.3855748772621155, "z": -0.09344427287578583, "x_normalized": 15.689241001334892, "y_normalized": 11.297073512988538, "z_normalized": -0.09344427287578583}, "right_eye_inner": {"x": 0.5207809209823608, "y": 0.38370928168296814, "z": -0.09787437319755554, "x_normalized": 15.5390389332644, "y_normalized": 11.239544056808551, "z_normalized": -0.09787437319755554}, "right_eye": {"x": 0.5185598134994507, "y": 0.38398391008377075, "z": -0.09791101515293121, "x_normalized": 15.47054654025202, "y_normalized": 11.2480127853617, "z_normalized": -0.09791101515293121}, "right_eye_outer": {"x": 0.5163177251815796, "y": 0.3842487335205078, "z": -0.097833052277565, "x_normalized": 15.401407160272583, "y_normalized": 11.25617915778962, "z_normalized": -0.097833052277565}, "left_ear": {"x": 0.5283096432685852, "y": 0.3913055658340454, "z": -0.020456047728657722, "x_normalized": 15.771202486661426, "y_normalized": 11.473791018521368, "z_normalized": -0.020456047728657722}, "right_ear": {"x": 0.5108057856559753, "y": 0.3910848796367645, "z": -0.04227959364652634, "x_normalized": 15.23143522908377, "y_normalized": 11.466985708164767, "z_normalized": -0.04227959364652634}, "mouth_left": {"x": 0.5229666233062744, "y": 0.404816597700119, "z": -0.07944466173648834, "x_normalized": 15.606439535769876, "y_normalized": 11.890431325978, "z_normalized": -0.07944466173648834}, "mouth_right": {"x": 0.518876850605011, "y": 0.40570423007011414, "z": -0.08542097359895706, "x_normalized": 15.480323027972954, "y_normalized": 11.917803285959225, "z_normalized": -0.08542097359895706}, "left_shoulder": {"x": 0.5459623336791992, "y": 0.43893641233444214, "z": 0.028866460546851158, "x_normalized": 16.315559308036637, "y_normalized": 12.942585610011886, "z_normalized": 0.028866460546851158}, "right_shoulder": {"x": 0.48967981338500977, "y": 0.44414079189300537, "z": 0.019942766055464745, "x_normalized": 14.579972656162367, "y_normalized": 13.103073300433634, "z_normalized": 0.019942766055464745}, "left_elbow": {"x": 0.5757784247398376, "y": 0.4591614007949829, "z": 0.12522746622562408, "x_normalized": 17.23499947143767, "y_normalized": 13.566264503973029, "z_normalized": 0.12522746622562408}, "right_elbow": {"x": 0.46865007281303406, "y": 0.46399712562561035, "z": 0.11525435000658035, "x_normalized": 13.931477584542984, "y_normalized": 13.715383971692393, "z_normalized": 0.11525435000658035}, "left_wrist": {"x": 0.5598684549331665, "y": 0.48221519589424133, "z": 0.22514976561069489, "x_normalized": 16.744383005013518, "y_normalized": 14.277175437601707, "z_normalized": 0.22514976561069489}, "right_wrist": {"x": 0.49659574031829834, "y": 0.4764956533908844, "z": 0.21902984380722046, "x_normalized": 14.793239411240366, "y_normalized": 14.100801643895126, "z_normalized": 0.21902984380722046}, "left_pinky": {"x": 0.5546159744262695, "y": 0.4948272705078125, "z": 0.2354019433259964, "x_normalized": 16.582412023448548, "y_normalized": 14.666094559157397, "z_normalized": 0.2354019433259964}, "right_pinky": {"x": 0.5017716884613037, "y": 0.4821694791316986, "z": 0.2273714691400528, "x_normalized": 14.952850360800507, "y_normalized": 14.275765667704743, "z_normalized": 0.2273714691400528}, "left_index": {"x": 0.5507935285568237, "y": 0.4937017858028412, "z": 0.22918924689292908, "x_normalized": 16.464539085388115, "y_normalized": 14.631387935846528, "z_normalized": 0.22918924689292908}, "right_index": {"x": 0.5050832629203796, "y": 0.48184734582901, "z": 0.22760191559791565, "x_normalized": 15.054969533819369, "y_normalized": 14.265832028319938, "z_normalized": 0.22760191559791565}, "left_thumb": {"x": 0.5506462454795837, "y": 0.4891676604747772, "z": 0.22493967413902283, "x_normalized": 16.45999731040063, "y_normalized": 14.491568905778585, "z_normalized": 0.22493967413902283}, "right_thumb": {"x": 0.5032236576080322, "y": 0.4792766869068146, "z": 0.2210092544555664, "x_normalized": 14.997624799770602, "y_normalized": 14.186560501590803, "z_normalized": 0.2210092544555664}, "left_hip": {"x": 0.5362736582756042, "y": 0.5957345366477966, "z": -0.0026513675693422556, "x_normalized": 16.0167891815937, "y_normalized": 17.77777653917991, "z_normalized": -0.0026513675693422556}, "right_hip": {"x": 0.5043386220932007, "y": 0.5900986790657043, "z": 0.0026799021288752556, "x_normalized": 15.032007010582367, "y_normalized": 17.603983341216928, "z_normalized": 0.0026799021288752556}, "left_knee": {"x": 0.5311785340309143, "y": 0.7124106287956238, "z": -0.031471554189920425, "x_normalized": 15.85967060228165, "y_normalized": 21.37572252784821, "z_normalized": -0.031471554189920425}, "right_knee": {"x": 0.5063601732254028, "y": 0.7107462882995605, "z": -0.03820457682013512, "x_normalized": 15.094345675283094, "y_normalized": 21.324399183867833, "z_normalized": -0.03820457682013512}, "left_ankle": {"x": 0.5219655632972717, "y": 0.8082659244537354, "z": 0.09943940490484238, "x_normalized": 15.575569802498006, "y_normalized": 24.33161666311591, "z_normalized": 0.09943940490484238}, "right_ankle": {"x": 0.504485547542572, "y": 0.809533953666687, "z": 0.08393795788288116, "x_normalized": 15.036537757382911, "y_normalized": 24.37071893793733, "z_normalized": 0.08393795788288116}, "left_heel": {"x": 0.5184527635574341, "y": 0.817507803440094, "z": 0.10873319208621979, "x_normalized": 15.46724543629511, "y_normalized": 24.616608908010413, "z_normalized": 0.10873319208621979}, "right_heel": {"x": 0.506751537322998, "y": 0.8198111653327942, "z": 0.09206860512495041, "x_normalized": 15.106414187856068, "y_normalized": 24.687637784018634, "z_normalized": 0.09206860512495041}, "left_foot_index": {"x": 0.5235051512718201, "y": 0.8430671691894531, "z": 0.03634978085756302, "x_normalized": 15.62304614726802, "y_normalized": 25.404784238345428, "z_normalized": 0.03634978085756302}, "right_foot_index": {"x": 0.5039558410644531, "y": 0.8466864228248596, "z": 0.015527794137597084, "x_normalized": 15.020203174495915, "y_normalized": 25.516391328193667, "z_normalized": 0.015527794137597084}}}