{"sequence_id": 1697925405990398000, "sequence_source": "mediapipe", "frame_number": 527, "image_dimensions": {"height": 1080, "width": 1920}, "joint_positions": {"nose": {"x": 0.5139945149421692, "y": 0.41864022612571716, "z": -0.06876026093959808, "x_normalized": 32.36003961960231, "y_normalized": 26.26534397764707, "z_normalized": -0.06876026093959808}, "left_eye_inner": {"x": 0.5154076814651489, "y": 0.4143657684326172, "z": -0.0640101209282875, "x_normalized": 32.45043643402726, "y_normalized": 25.99191734846559, "z_normalized": -0.0640101209282875}, "left_eye": {"x": 0.5165347456932068, "y": 0.4142439663410187, "z": -0.06399919092655182, "x_normalized": 32.522531982720224, "y_normalized": 25.984125965856567, "z_normalized": -0.06399919092655182}, "left_eye_outer": {"x": 0.5176416039466858, "y": 0.4142085015773773, "z": -0.0640210285782814, "x_normalized": 32.59333500452086, "y_normalized": 25.98185737145854, "z_normalized": -0.0640210285782814}, "right_eye_inner": {"x": 0.5125955939292908, "y": 0.4150036573410034, "z": -0.06356661021709442, "x_normalized": 32.270554055700266, "y_normalized": 26.03272154552054, "z_normalized": -0.06356661021709442}, "right_eye": {"x": 0.5117446184158325, "y": 0.4152504503726959, "z": -0.06356421858072281, "x_normalized": 32.21611922843868, "y_normalized": 26.04850829359623, "z_normalized": -0.06356421858072281}, "right_eye_outer": {"x": 0.510949432849884, "y": 0.4154632091522217, "z": -0.06353238970041275, "x_normalized": 32.165253147994825, "y_normalized": 26.062117953602552, "z_normalized": -0.06353238970041275}, "left_ear": {"x": 0.5198727250099182, "y": 0.4171517491340637, "z": -0.032892778515815735, "x_normalized": 32.73605437512083, "y_normalized": 26.17012973629454, "z_normalized": -0.032892778515815735}, "right_ear": {"x": 0.5098795294761658, "y": 0.4183335304260254, "z": -0.031138723716139793, "x_normalized": 32.096814039684574, "y_normalized": 26.245725402058746, "z_normalized": -0.031138723716139793}, "mouth_left": {"x": 0.5165939927101135, "y": 0.4240624010562897, "z": -0.05727308988571167, "x_normalized": 32.52632186983222, "y_normalized": 26.612187278141537, "z_normalized": -0.05727308988571167}, "mouth_right": {"x": 0.5125539302825928, "y": 0.42434781789779663, "z": -0.056750621646642685, "x_normalized": 32.26788893387805, "y_normalized": 26.630444697091043, "z_normalized": -0.056750621646642685}, "left_shoulder": {"x": 0.5296826958656311, "y": 0.4399021863937378, "z": -0.009862982667982578, "x_normalized": 33.36357427496123, "y_normalized": 27.62541969795656, "z_normalized": -0.009862982667982578}, "right_shoulder": {"x": 0.5035471320152283, "y": 0.4440290331840515, "z": 0.0037962724454700947, "x_normalized": 31.691746024816517, "y_normalized": 27.88940401784944, "z_normalized": 0.0037962724454700947}, "left_elbow": {"x": 0.546025812625885, "y": 0.45150530338287354, "z": 0.03717924654483795, "x_normalized": 34.40900357779162, "y_normalized": 28.367642780772208, "z_normalized": 0.03717924654483795}, "right_elbow": {"x": 0.4980405867099762, "y": 0.4607827365398407, "z": 0.05818461254239082, "x_normalized": 31.33950575731296, "y_normalized": 28.96109754338709, "z_normalized": 0.05818461254239082}, "left_wrist": {"x": 0.5366482138633728, "y": 0.4718160331249237, "z": 0.07248998433351517, "x_normalized": 33.8091414657887, "y_normalized": 29.666870605286523, "z_normalized": 0.07248998433351517}, "right_wrist": {"x": 0.5039495229721069, "y": 0.4789235293865204, "z": 0.09226645529270172, "x_normalized": 31.717485992515826, "y_normalized": 30.121519799233493, "z_normalized": 0.09226645529270172}, "left_pinky": {"x": 0.5345669984817505, "y": 0.4802553951740265, "z": 0.07633013278245926, "x_normalized": 33.67601119587955, "y_normalized": 30.206716003979604, "z_normalized": 0.07633013278245926}, "right_pinky": {"x": 0.5055715441703796, "y": 0.48478376865386963, "z": 0.095696359872818, "x_normalized": 31.82124273092513, "y_normalized": 30.496385006498222, "z_normalized": 0.095696359872818}, "left_index": {"x": 0.5331502556800842, "y": 0.47880125045776367, "z": 0.06967692077159882, "x_normalized": 33.58538561563295, "y_normalized": 30.113697914514916, "z_normalized": 0.06967692077159882}, "right_index": {"x": 0.506891131401062, "y": 0.4834305942058563, "z": 0.0906028226017952, "x_normalized": 31.905653506350234, "y_normalized": 30.40982573873145, "z_normalized": 0.0906028226017952}, "left_thumb": {"x": 0.5332592725753784, "y": 0.4757385849952698, "z": 0.07119807600975037, "x_normalized": 33.59235916042958, "y_normalized": 29.917786677617652, "z_normalized": 0.07119807600975037}, "right_thumb": {"x": 0.5066868662834167, "y": 0.4810023009777069, "z": 0.09102536737918854, "x_normalized": 31.892587165170333, "y_normalized": 30.25449374583118, "z_normalized": 0.09102536737918854}, "left_hip": {"x": 0.5266873836517334, "y": 0.5130480527877808, "z": -0.004426995757967234, "x_normalized": 33.17197146103837, "y_normalized": 32.30438229921633, "z_normalized": -0.004426995757967234}, "right_hip": {"x": 0.5111833810806274, "y": 0.5150516033172607, "z": 0.004432776011526585, "x_normalized": 32.18021824549442, "y_normalized": 32.43254453803198, "z_normalized": 0.004432776011526585}, "left_knee": {"x": 0.5285007953643799, "y": 0.5694160461425781, "z": -0.017464954406023026, "x_normalized": 33.28797098366964, "y_normalized": 35.910105299260465, "z_normalized": -0.017464954406023026}, "right_knee": {"x": 0.5147662162780762, "y": 0.573414146900177, "z": -0.0026881429366767406, "x_normalized": 32.40940347115066, "y_normalized": 36.16585404957395, "z_normalized": -0.0026881429366767406}, "left_ankle": {"x": 0.5307857990264893, "y": 0.6226864457130432, "z": 0.023559529334306717, "x_normalized": 33.43413709264913, "y_normalized": 39.31768278288256, "z_normalized": 0.023559529334306717}, "right_ankle": {"x": 0.5210790038108826, "y": 0.6202969551086426, "z": 0.04488503187894821, "x_normalized": 32.81321708676334, "y_normalized": 39.16483289914719, "z_normalized": 0.04488503187894821}, "left_heel": {"x": 0.5298066139221191, "y": 0.6285863518714905, "z": 0.02506828121840954, "x_normalized": 33.3715010106814, "y_normalized": 39.695085384385756, "z_normalized": 0.02506828121840954}, "right_heel": {"x": 0.5232868194580078, "y": 0.6263477206230164, "z": 0.0470200777053833, "x_normalized": 32.954445666758886, "y_normalized": 39.551885605560315, "z_normalized": 0.0470200777053833}, "left_foot_index": {"x": 0.5312970280647278, "y": 0.6403046250343323, "z": -0.016769615933299065, "x_normalized": 33.46683916685399, "y_normalized": 40.444674726658526, "z_normalized": -0.016769615933299065}, "right_foot_index": {"x": 0.5163029432296753, "y": 0.6376457214355469, "z": 0.013479387387633324, "x_normalized": 32.507704144713614, "y_normalized": 40.27459115102553, "z_normalized": 0.013479387387633324}}}