{"sequence_id": 1697925405990398000, "sequence_source": "mediapipe", "frame_number": 451, "image_dimensions": {"height": 1080, "width": 1920}, "joint_positions": {"nose": {"x": 0.5283297896385193, "y": 0.42218515276908875, "z": -0.09359230101108551, "x_normalized": 28.13611625836885, "y_normalized": 22.37785676650391, "z_normalized": -0.09359230101108551}, "left_eye_inner": {"x": 0.5298959016799927, "y": 0.4187657833099365, "z": -0.0876564085483551, "x_normalized": 28.221078807872903, "y_normalized": 22.192353852758, "z_normalized": -0.0876564085483551}, "left_eye": {"x": 0.5309469103813171, "y": 0.4190515875816345, "z": -0.08762863278388977, "x_normalized": 28.27809668172276, "y_normalized": 22.207858911744562, "z_normalized": -0.08762863278388977}, "left_eye_outer": {"x": 0.532016396522522, "y": 0.41930699348449707, "z": -0.08766082674264908, "x_normalized": 28.336116968145262, "y_normalized": 22.22171484036968, "z_normalized": -0.08766082674264908}, "right_eye_inner": {"x": 0.526964545249939, "y": 0.41840749979019165, "z": -0.08859974890947342, "x_normalized": 28.062050903606135, "y_normalized": 22.172916749615514, "z_normalized": -0.08859974890947342}, "right_eye": {"x": 0.5258947014808655, "y": 0.4185029864311218, "z": -0.08862970769405365, "x_normalized": 28.004011215649967, "y_normalized": 22.17809695910383, "z_normalized": -0.08862970769405365}, "right_eye_outer": {"x": 0.5248340964317322, "y": 0.41857659816741943, "z": -0.08859847486019135, "x_normalized": 27.946472733980126, "y_normalized": 22.182090441449688, "z_normalized": -0.08859847486019135}, "left_ear": {"x": 0.5340967178344727, "y": 0.422110378742218, "z": -0.04778461530804634, "x_normalized": 28.448975689469354, "y_normalized": 22.37380022917364, "z_normalized": -0.04778461530804634}, "right_ear": {"x": 0.5228271484375, "y": 0.4220404326915741, "z": -0.05299573391675949, "x_normalized": 27.83759456064612, "y_normalized": 22.370005612547835, "z_normalized": -0.05299573391675949}, "mouth_left": {"x": 0.5302779674530029, "y": 0.4283795952796936, "z": -0.07863859087228775, "x_normalized": 28.241806113004053, "y_normalized": 22.713909114305377, "z_normalized": -0.07863859087228775}, "mouth_right": {"x": 0.5264942646026611, "y": 0.4286613464355469, "z": -0.08012799918651581, "x_normalized": 28.036537886837838, "y_normalized": 22.729194289243747, "z_normalized": -0.08012799918651581}, "left_shoulder": {"x": 0.5430799722671509, "y": 0.44822999835014343, "z": -0.012220851145684719, "x_normalized": 28.93632281357797, "y_normalized": 23.79080579148169, "z_normalized": -0.012220851145684719}, "right_shoulder": {"x": 0.5136467814445496, "y": 0.44753891229629517, "z": -0.01380532793700695, "x_normalized": 27.33955395789964, "y_normalized": 23.753313944470282, "z_normalized": -0.01380532793700695}, "left_elbow": {"x": 0.556620180606842, "y": 0.4608932435512543, "z": 0.0493762232363224, "x_normalized": 29.670887513223537, "y_normalized": 24.477794696993932, "z_normalized": 0.0493762232363224}, "right_elbow": {"x": 0.5006879568099976, "y": 0.4576281011104584, "z": 0.04221343994140625, "x_normalized": 26.636529684814015, "y_normalized": 24.300658694640667, "z_normalized": 0.04221343994140625}, "left_wrist": {"x": 0.5547488331794739, "y": 0.4767013490200043, "z": 0.09595780074596405, "x_normalized": 29.56936575473717, "y_normalized": 25.335394222370414, "z_normalized": 0.09595780074596405}, "right_wrist": {"x": 0.5094567537307739, "y": 0.47599029541015625, "z": 0.08271489292383194, "x_normalized": 27.112242355902058, "y_normalized": 25.29681912306276, "z_normalized": 0.08271489292383194}, "left_pinky": {"x": 0.5548470616340637, "y": 0.4839209020137787, "z": 0.10151716321706772, "x_normalized": 29.574694709316912, "y_normalized": 25.72705944962556, "z_normalized": 0.10151716321706772}, "right_pinky": {"x": 0.5116634964942932, "y": 0.48280882835388184, "z": 0.08618537336587906, "x_normalized": 27.23195951937641, "y_normalized": 25.666728763902558, "z_normalized": 0.08618537336587906}, "left_index": {"x": 0.5524388551712036, "y": 0.48331311345100403, "z": 0.0929231271147728, "x_normalized": 29.44404801521178, "y_normalized": 25.69408654316342, "z_normalized": 0.0929231271147728}, "right_index": {"x": 0.5137508511543274, "y": 0.4815261960029602, "z": 0.08330125361680984, "x_normalized": 27.345199804195893, "y_normalized": 25.59714516341625, "z_normalized": 0.08330125361680984}, "left_thumb": {"x": 0.5522744655609131, "y": 0.48122379183769226, "z": 0.09364218264818192, "x_normalized": 29.435129776904184, "y_normalized": 25.58073954990878, "z_normalized": 0.09364218264818192}, "right_thumb": {"x": 0.5136281251907349, "y": 0.47916916012763977, "z": 0.08275216072797775, "x_normalized": 27.33854184456016, "y_normalized": 25.469274505419563, "z_normalized": 0.08275216072797775}, "left_hip": {"x": 0.5351818203926086, "y": 0.5275336503982544, "z": -0.001564705977216363, "x_normalized": 28.507843176195188, "y_normalized": 28.09307809675746, "z_normalized": -0.001564705977216363}, "right_hip": {"x": 0.5170231461524963, "y": 0.5243655443191528, "z": 0.0016281437128782272, "x_normalized": 27.52272383722244, "y_normalized": 27.921206377205056, "z_normalized": 0.0016281437128782272}, "left_knee": {"x": 0.533640444278717, "y": 0.5946171879768372, "z": -0.008604592643678188, "x_normalized": 28.424222566102898, "y_normalized": 31.732401613525283, "z_normalized": -0.008604592643678188}, "right_knee": {"x": 0.5150967836380005, "y": 0.5871008038520813, "z": -0.03363111987709999, "x_normalized": 27.418217476140747, "y_normalized": 31.324633113328932, "z_normalized": -0.03363111987709999}, "left_ankle": {"x": 0.5279129147529602, "y": 0.633995771408081, "z": 0.06886724382638931, "x_normalized": 28.113500537294392, "y_normalized": 33.86871418604656, "z_normalized": 0.06886724382638931}, "right_ankle": {"x": 0.5128411054611206, "y": 0.6472641825675964, "z": 0.010895894840359688, "x_normalized": 27.295845536143357, "y_normalized": 34.58853372010741, "z_normalized": 0.010895894840359688}, "left_heel": {"x": 0.5258313417434692, "y": 0.639110267162323, "z": 0.07442843914031982, "x_normalized": 28.00057391060248, "y_normalized": 34.146178752565845, "z_normalized": 0.07442843914031982}, "right_heel": {"x": 0.5139835476875305, "y": 0.6545050144195557, "z": 0.01333134900778532, "x_normalized": 27.357823735433335, "y_normalized": 34.98135333861557, "z_normalized": 0.01333134900778532}, "left_foot_index": {"x": 0.5304836630821228, "y": 0.6522337794303894, "z": 0.038085706532001495, "x_normalized": 28.252965228449856, "y_normalized": 34.85813743190379, "z_normalized": 0.038085706532001495}, "right_foot_index": {"x": 0.5125972032546997, "y": 0.6699179410934448, "z": -0.03439793735742569, "x_normalized": 27.282613690184437, "y_normalized": 35.81751416929321, "z_normalized": -0.03439793735742569}}}