{"sequence_id": 1697925405990398000, "sequence_source": "mediapipe", "frame_number": 662, "image_dimensions": {"height": 1080, "width": 1920}, "joint_positions": {"nose": {"x": 0.5237063765525818, "y": 0.4283371567726135, "z": -0.055115412920713425, "x_normalized": 42.02100982719768, "y_normalized": 34.289496426911654, "z_normalized": -0.055115412920713425}, "left_eye_inner": {"x": 0.524821400642395, "y": 0.4249224364757538, "z": -0.050682444125413895, "x_normalized": 42.11159651434469, "y_normalized": 34.01207802667066, "z_normalized": -0.050682444125413895}, "left_eye": {"x": 0.525573194026947, "y": 0.42496564984321594, "z": -0.0506783127784729, "x_normalized": 42.17267364509709, "y_normalized": 34.01558876319611, "z_normalized": -0.0506783127784729}, "left_eye_outer": {"x": 0.5263329148292542, "y": 0.4250257611274719, "z": -0.050696033984422684, "x_normalized": 42.23439481441209, "y_normalized": 34.020472318762884, "z_normalized": -0.050696033984422684}, "right_eye_inner": {"x": 0.5227329730987549, "y": 0.4249926209449768, "z": -0.050868283957242966, "x_normalized": 41.941928671063735, "y_normalized": 34.017779947027506, "z_normalized": -0.050868283957242966}, "right_eye": {"x": 0.5219874382019043, "y": 0.4251220226287842, "z": -0.050872549414634705, "x_normalized": 41.881359991808125, "y_normalized": 34.02829278702303, "z_normalized": -0.050872549414634705}, "right_eye_outer": {"x": 0.5212531685829163, "y": 0.4252610504627228, "z": -0.050852954387664795, "x_normalized": 41.82170652524673, "y_normalized": 34.03958767384456, "z_normalized": -0.050852954387664795}, "left_ear": {"x": 0.5280174612998962, "y": 0.42715877294540405, "z": -0.022766612470149994, "x_normalized": 42.371250587766916, "y_normalized": 34.19376227365906, "z_normalized": -0.022766612470149994}, "right_ear": {"x": 0.5201577544212341, "y": 0.4279112219810486, "z": -0.02369782328605652, "x_normalized": 41.732712986123, "y_normalized": 34.25489267075875, "z_normalized": -0.02369782328605652}, "mouth_left": {"x": 0.5253159999847412, "y": 0.43264609575271606, "z": -0.044706810265779495, "x_normalized": 42.15177870977666, "y_normalized": 34.63956286125342, "z_normalized": -0.044706810265779495}, "mouth_right": {"x": 0.5222779512405396, "y": 0.4332234561443329, "z": -0.0449703224003315, "x_normalized": 41.90496182604956, "y_normalized": 34.68646872243102, "z_normalized": -0.0449703224003315}, "left_shoulder": {"x": 0.5360319018363953, "y": 0.4472123086452484, "z": -0.0029669920913875103, "x_normalized": 43.02235904736954, "y_normalized": 35.82294982326383, "z_normalized": -0.0029669920913875103}, "right_shoulder": {"x": 0.5138258934020996, "y": 0.4485621154308319, "z": 0.003285974031314254, "x_normalized": 41.218300500833344, "y_normalized": 35.93261070513324, "z_normalized": 0.003285974031314254}, "left_elbow": {"x": 0.5498023629188538, "y": 0.4582929313182831, "z": 0.030907342210412025, "x_normalized": 44.14109761216201, "y_normalized": 36.723160777131504, "z_normalized": 0.030907342210412025}, "right_elbow": {"x": 0.5088131427764893, "y": 0.4618857502937317, "z": 0.04295683279633522, "x_normalized": 40.811055063881234, "y_normalized": 37.01504825425256, "z_normalized": 0.04295683279633522}, "left_wrist": {"x": 0.5409838557243347, "y": 0.4749263525009155, "z": 0.05060796067118645, "x_normalized": 43.424665241209986, "y_normalized": 38.074491689728994, "z_normalized": 0.05060796067118645}, "right_wrist": {"x": 0.5127931237220764, "y": 0.4760752320289612, "z": 0.0634896531701088, "x_normalized": 41.134396319072714, "y_normalized": 38.16782885735387, "z_normalized": 0.0634896531701088}, "left_pinky": {"x": 0.5391711592674255, "y": 0.4805660545825958, "z": 0.052785057574510574, "x_normalized": 43.27739831815901, "y_normalized": 38.532671860671364, "z_normalized": 0.052785057574510574}, "right_pinky": {"x": 0.5152928829193115, "y": 0.48510217666625977, "z": 0.06496229767799377, "x_normalized": 41.33748153168074, "y_normalized": 38.901195084346575, "z_normalized": 0.06496229767799377}, "left_index": {"x": 0.5382007956504822, "y": 0.47989994287490845, "z": 0.047014039009809494, "x_normalized": 43.19856412418064, "y_normalized": 38.47855567302977, "z_normalized": 0.047014039009809494}, "right_index": {"x": 0.5166884064674377, "y": 0.4851718544960022, "z": 0.060989994555711746, "x_normalized": 41.45085653067431, "y_normalized": 38.906855844344165, "z_normalized": 0.060989994555711746}, "left_thumb": {"x": 0.5386210680007935, "y": 0.4775523543357849, "z": 0.049115415662527084, "x_normalized": 43.23270785278884, "y_normalized": 38.28783309538654, "z_normalized": 0.049115415662527084}, "right_thumb": {"x": 0.5164274573326111, "y": 0.48260802030563354, "z": 0.06254957616329193, "x_normalized": 41.42965652445581, "y_normalized": 38.69856505688806, "z_normalized": 0.06254957616329193}, "left_hip": {"x": 0.5320084095001221, "y": 0.5087085962295532, "z": -0.0033600253518670797, "x_normalized": 42.69548284367658, "y_normalized": 40.81902570628336, "z_normalized": -0.0033600253518670797}, "right_hip": {"x": 0.5197849273681641, "y": 0.5101563334465027, "z": 0.0033412068150937557, "x_normalized": 41.702423804099986, "y_normalized": 40.93664264347873, "z_normalized": 0.0033412068150937557}, "left_knee": {"x": 0.5326352119445801, "y": 0.5568852424621582, "z": -0.012023401446640491, "x_normalized": 42.74640547167882, "y_normalized": 44.732988480662485, "z_normalized": -0.012023401446640491}, "right_knee": {"x": 0.5216782689094543, "y": 0.5568503737449646, "z": 0.001942221773788333, "x_normalized": 41.85624248786674, "y_normalized": 44.73015567946609, "z_normalized": 0.001942221773788333}, "left_ankle": {"x": 0.5337631106376648, "y": 0.6049635410308838, "z": 0.012163639068603516, "x_normalized": 42.838038116190646, "y_normalized": 48.6389613029492, "z_normalized": 0.012163639068603516}, "right_ankle": {"x": 0.5270235538482666, "y": 0.5980004668235779, "z": 0.046253934502601624, "x_normalized": 42.29050364768158, "y_normalized": 48.073267852411945, "z_normalized": 0.046253934502601624}, "left_heel": {"x": 0.533535897731781, "y": 0.6107328534126282, "z": 0.012615913525223732, "x_normalized": 42.8195789056596, "y_normalized": 49.107671262270316, "z_normalized": 0.012615913525223732}, "right_heel": {"x": 0.5286338925361633, "y": 0.6033390164375305, "z": 0.04855620861053467, "x_normalized": 42.421330639003045, "y_normalized": 48.506981821568345, "z_normalized": 0.04855620861053467}, "left_foot_index": {"x": 0.5347302556037903, "y": 0.6172231435775757, "z": -0.0232462789863348, "x_normalized": 42.916610820827806, "y_normalized": 49.63495483402154, "z_normalized": -0.0232462789863348}, "right_foot_index": {"x": 0.5230312347412109, "y": 0.6109360456466675, "z": 0.02009526453912258, "x_normalized": 41.966160016682146, "y_normalized": 49.12417898753274, "z_normalized": 0.02009526453912258}}}