{"sequence_id": 1697925405990398000, "sequence_source": "mediapipe", "frame_number": 142, "image_dimensions": {"height": 1080, "width": 1920}, "joint_positions": {"nose": {"x": 0.5133898854255676, "y": 0.39664095640182495, "z": -0.2095779925584793, "x_normalized": 18.460277588816293, "y_normalized": 14.087964196458321, "z_normalized": -0.2095779925584793}, "left_eye_inner": {"x": 0.5149891972541809, "y": 0.3899807929992676, "z": -0.20145051181316376, "x_normalized": 18.519387660490864, "y_normalized": 13.841806612273583, "z_normalized": -0.20145051181316376}, "left_eye": {"x": 0.5162972807884216, "y": 0.3903094530105591, "z": -0.2014150470495224, "x_normalized": 18.567734024271804, "y_normalized": 13.85395378487397, "z_normalized": -0.2014150470495224}, "left_eye_outer": {"x": 0.517705500125885, "y": 0.3907662034034729, "z": -0.2014921009540558, "x_normalized": 18.619781376440237, "y_normalized": 13.870835138453362, "z_normalized": -0.2014921009540558}, "right_eye_inner": {"x": 0.5116804242134094, "y": 0.38989824056625366, "z": -0.20114760100841522, "x_normalized": 18.39709642991548, "y_normalized": 13.838755499823177, "z_normalized": -0.20114760100841522}, "right_eye": {"x": 0.5101287364959717, "y": 0.39028191566467285, "z": -0.20117397606372833, "x_normalized": 18.339746530694246, "y_normalized": 13.852936013067408, "z_normalized": -0.20117397606372833}, "right_eye_outer": {"x": 0.5082443952560425, "y": 0.39067086577415466, "z": -0.20111417770385742, "x_normalized": 18.270101859930982, "y_normalized": 13.867311489092767, "z_normalized": -0.20111417770385742}, "left_ear": {"x": 0.5208128094673157, "y": 0.3966148793697357, "z": -0.13739874958992004, "x_normalized": 18.734626570855067, "y_normalized": 14.087000397399077, "z_normalized": -0.13739874958992004}, "right_ear": {"x": 0.5035613179206848, "y": 0.3968345820903778, "z": -0.13672664761543274, "x_normalized": 18.0970167667065, "y_normalized": 14.095120542158785, "z_normalized": -0.13672664761543274}, "mouth_left": {"x": 0.5161368250846863, "y": 0.4070986807346344, "z": -0.18458430469036102, "x_normalized": 18.561803630974698, "y_normalized": 14.474478460784908, "z_normalized": -0.18458430469036102}, "mouth_right": {"x": 0.5109229683876038, "y": 0.4066377282142639, "z": -0.18446336686611176, "x_normalized": 18.36910109632721, "y_normalized": 14.457441797871398, "z_normalized": -0.18446336686611176}, "left_shoulder": {"x": 0.5367774367332458, "y": 0.4366547465324402, "z": -0.07557685673236847, "x_normalized": 19.324674268285765, "y_normalized": 15.566861532347296, "z_normalized": -0.07557685673236847}, "right_shoulder": {"x": 0.48858389258384705, "y": 0.4439224600791931, "z": -0.053359564393758774, "x_normalized": 17.543455747947167, "y_normalized": 15.835473982385452, "z_normalized": -0.053359564393758774}, "left_elbow": {"x": 0.5594022870063782, "y": 0.455805242061615, "z": 0.04668796807527542, "x_normalized": 20.160881752870477, "y_normalized": 16.274657937701583, "z_normalized": 0.04668796807527542}, "right_elbow": {"x": 0.47236302495002747, "y": 0.45844992995262146, "z": 0.07423765957355499, "x_normalized": 16.943937485589185, "y_normalized": 16.372404786063115, "z_normalized": 0.07423765957355499}, "left_wrist": {"x": 0.5582393407821655, "y": 0.4768202006816864, "z": 0.15846040844917297, "x_normalized": 20.117899619282127, "y_normalized": 17.051364323564833, "z_normalized": 0.15846040844917297}, "right_wrist": {"x": 0.482176274061203, "y": 0.482230007648468, "z": 0.18180598318576813, "x_normalized": 17.306632144594463, "y_normalized": 17.251309119714637, "z_normalized": 0.18180598318576813}, "left_pinky": {"x": 0.560013473033905, "y": 0.4911818206310272, "z": 0.17779541015625, "x_normalized": 20.183470999849867, "y_normalized": 17.582165365225706, "z_normalized": 0.17779541015625}, "right_pinky": {"x": 0.4846208989620209, "y": 0.48760849237442017, "z": 0.19949086010456085, "x_normalized": 17.396984726573475, "y_normalized": 17.45009625550871, "z_normalized": 0.19949086010456085}, "left_index": {"x": 0.5562158823013306, "y": 0.4858638644218445, "z": 0.1613384187221527, "x_normalized": 20.04311321822338, "y_normalized": 17.385615344733715, "z_normalized": 0.1613384187221527}, "right_index": {"x": 0.48779115080833435, "y": 0.48908793926239014, "z": 0.19245538115501404, "x_normalized": 17.514156256546162, "y_normalized": 17.504776155964677, "z_normalized": 0.19245538115501404}, "left_thumb": {"x": 0.555738627910614, "y": 0.4819885194301605, "z": 0.15593184530735016, "x_normalized": 20.025474043212263, "y_normalized": 17.24238378968372, "z_normalized": 0.15593184530735016}, "right_thumb": {"x": 0.486874520778656, "y": 0.4832608699798584, "z": 0.18229559063911438, "x_normalized": 17.48027789350027, "y_normalized": 17.289409473382335, "z_normalized": 0.18229559063911438}, "left_hip": {"x": 0.5278745889663696, "y": 0.5700585842132568, "z": -0.011045536957681179, "x_normalized": 18.995627762036797, "y_normalized": 20.497426207663434, "z_normalized": -0.011045536957681179}, "right_hip": {"x": 0.5010337233543396, "y": 0.5734677314758301, "z": 0.010919696651399136, "x_normalized": 18.003597651492132, "y_normalized": 20.62342723850343, "z_normalized": 0.010919696651399136}, "left_knee": {"x": 0.5260228514671326, "y": 0.680239200592041, "z": -0.007330654188990593, "x_normalized": 18.92718811546875, "y_normalized": 24.5696677898103, "z_normalized": -0.007330654188990593}, "right_knee": {"x": 0.5059728026390076, "y": 0.6814184784889221, "z": 0.015564252622425556, "x_normalized": 18.18614449776679, "y_normalized": 24.613253536980892, "z_normalized": 0.015564252622425556}, "left_ankle": {"x": 0.5203258991241455, "y": 0.7585077285766602, "z": 0.1254805624485016, "x_normalized": 18.71663051482087, "y_normalized": 27.46244843224791, "z_normalized": 0.1254805624485016}, "right_ankle": {"x": 0.5140419006347656, "y": 0.7627149224281311, "z": 0.14451533555984497, "x_normalized": 18.484375869751304, "y_normalized": 27.61794501875468, "z_normalized": 0.14451533555984497}, "left_heel": {"x": 0.5210511684417725, "y": 0.7685626745223999, "z": 0.13550445437431335, "x_normalized": 18.743436244998875, "y_normalized": 27.834076131676582, "z_normalized": 0.13550445437431335}, "right_heel": {"x": 0.5164852142333984, "y": 0.7741381525993347, "z": 0.15390847623348236, "x_normalized": 18.574679986406192, "y_normalized": 28.04014408093534, "z_normalized": 0.15390847623348236}, "left_foot_index": {"x": 0.5184321999549866, "y": 0.787038266658783, "z": 0.07671640813350677, "x_normalized": 18.64663997788092, "y_normalized": 28.516928315893004, "z_normalized": 0.07671640813350677}, "right_foot_index": {"x": 0.5055598616600037, "y": 0.794708788394928, "z": 0.09944255650043488, "x_normalized": 18.17088232660693, "y_normalized": 28.800428432313716, "z_normalized": 0.09944255650043488}}}