{"sequence_id": 1697925405990398000, "sequence_source": "mediapipe", "frame_number": 617, "image_dimensions": {"height": 1080, "width": 1920}, "joint_positions": {"nose": {"x": 0.528451144695282, "y": 0.41662225127220154, "z": -0.06507231295108795, "x_normalized": 35.24137786373835, "y_normalized": 27.697520964360283, "z_normalized": -0.06507231295108795}, "left_eye_inner": {"x": 0.5294384956359863, "y": 0.4131868779659271, "z": -0.062217675149440765, "x_normalized": 35.308214308983715, "y_normalized": 27.4649712898561, "z_normalized": -0.062217675149440765}, "left_eye": {"x": 0.5301902890205383, "y": 0.4131891429424286, "z": -0.06220228597521782, "x_normalized": 35.35910522862632, "y_normalized": 27.465124612217664, "z_normalized": -0.06220228597521782}, "left_eye_outer": {"x": 0.5309935212135315, "y": 0.41319745779037476, "z": -0.062232740223407745, "x_normalized": 35.413478179796044, "y_normalized": 27.465687466676567, "z_normalized": -0.062232740223407745}, "right_eye_inner": {"x": 0.5275079607963562, "y": 0.41329091787338257, "z": -0.06173102930188179, "x_normalized": 35.1775312045435, "y_normalized": 27.472014031490616, "z_normalized": -0.06173102930188179}, "right_eye": {"x": 0.5269031524658203, "y": 0.41345080733299255, "z": -0.061748210340738297, "x_normalized": 35.136590099206664, "y_normalized": 27.482837379777408, "z_normalized": -0.061748210340738297}, "right_eye_outer": {"x": 0.5262892246246338, "y": 0.4136141538619995, "z": -0.06172692030668259, "x_normalized": 35.095031669624575, "y_normalized": 27.493894746405534, "z_normalized": -0.06172692030668259}, "left_ear": {"x": 0.5328716039657593, "y": 0.4159295856952667, "z": -0.03684169426560402, "x_normalized": 35.54061066112633, "y_normalized": 27.65063256531432, "z_normalized": -0.03684169426560402}, "right_ear": {"x": 0.5252299904823303, "y": 0.4165515601634979, "z": -0.03495274856686592, "x_normalized": 35.02332925679902, "y_normalized": 27.69273569275986, "z_normalized": -0.03495274856686592}, "mouth_left": {"x": 0.5304166674613953, "y": 0.42100974917411804, "z": -0.055489618331193924, "x_normalized": 35.37442939518484, "y_normalized": 27.994522517907598, "z_normalized": -0.055489618331193924}, "mouth_right": {"x": 0.5272732377052307, "y": 0.42146193981170654, "z": -0.05487698316574097, "x_normalized": 35.16164216612658, "y_normalized": 28.025132520434244, "z_normalized": -0.05487698316574097}, "left_shoulder": {"x": 0.5422226786613464, "y": 0.4385623037815094, "z": -0.015030121430754662, "x_normalized": 36.17361010044531, "y_normalized": 29.18270222845336, "z_normalized": -0.015030121430754662}, "right_shoulder": {"x": 0.5181933045387268, "y": 0.4401687979698181, "z": -0.0022288498003035784, "x_normalized": 34.546997027406526, "y_normalized": 29.291450148192304, "z_normalized": -0.0022288498003035784}, "left_elbow": {"x": 0.5556306838989258, "y": 0.45073506236076355, "z": 0.03158075362443924, "x_normalized": 37.0812340981211, "y_normalized": 30.006709051890393, "z_normalized": 0.03158075362443924}, "right_elbow": {"x": 0.5113382935523987, "y": 0.4507262110710144, "z": 0.05333348736166954, "x_normalized": 34.08296286533113, "y_normalized": 30.00610988424059, "z_normalized": 0.05333348736166954}, "left_wrist": {"x": 0.5483204126358032, "y": 0.4686533212661743, "z": 0.07429002970457077, "x_normalized": 36.586382141371146, "y_normalized": 31.219644271630415, "z_normalized": 0.07429002970457077}, "right_wrist": {"x": 0.515352725982666, "y": 0.46264511346817017, "z": 0.09073763340711594, "x_normalized": 34.3547106120091, "y_normalized": 30.812932498785383, "z_normalized": 0.09073763340711594}, "left_pinky": {"x": 0.5459786653518677, "y": 0.47644805908203125, "z": 0.0793147087097168, "x_normalized": 36.427862958708914, "y_normalized": 31.747291074559314, "z_normalized": 0.0793147087097168}, "right_pinky": {"x": 0.5189092755317688, "y": 0.46823185682296753, "z": 0.0945139229297638, "x_normalized": 34.59546303285701, "y_normalized": 31.191114207982363, "z_normalized": 0.0945139229297638}, "left_index": {"x": 0.5444979071617126, "y": 0.47546595335006714, "z": 0.07329816371202469, "x_normalized": 36.32762644743632, "y_normalized": 31.680809691624944, "z_normalized": 0.07329816371202469}, "right_index": {"x": 0.5201791524887085, "y": 0.46757271885871887, "z": 0.09114586561918259, "x_normalized": 34.68142442530811, "y_normalized": 31.146495383367462, "z_normalized": 0.09114586561918259}, "left_thumb": {"x": 0.5446221828460693, "y": 0.47064176201820374, "z": 0.07350669056177139, "x_normalized": 36.33603900332745, "y_normalized": 31.354247183288003, "z_normalized": 0.07350669056177139}, "right_thumb": {"x": 0.5196806192398071, "y": 0.46534237265586853, "z": 0.09018395841121674, "x_normalized": 34.64767736656786, "y_normalized": 30.995517240014834, "z_normalized": 0.09018395841121674}, "left_hip": {"x": 0.5382853746414185, "y": 0.505027711391449, "z": -0.004548909608274698, "x_normalized": 35.90708338365853, "y_normalized": 33.68192473718315, "z_normalized": -0.004548909608274698}, "right_hip": {"x": 0.5235223174095154, "y": 0.5044956207275391, "z": 0.0045425123535096645, "x_normalized": 34.90773226577701, "y_normalized": 33.64590608661235, "z_normalized": 0.0045425123535096645}, "left_knee": {"x": 0.5360208749771118, "y": 0.5602850914001465, "z": -0.01327481772750616, "x_normalized": 35.75379330048546, "y_normalized": 37.42244566150512, "z_normalized": -0.01327481772750616}, "right_knee": {"x": 0.5244302153587341, "y": 0.5594199895858765, "z": -0.005757465492933989, "x_normalized": 34.96919032397063, "y_normalized": 37.36388458898528, "z_normalized": -0.005757465492933989}, "left_ankle": {"x": 0.5338106155395508, "y": 0.6071144938468933, "z": 0.02729823626577854, "x_normalized": 35.60417488439198, "y_normalized": 40.592454078443815, "z_normalized": 0.02729823626577854}, "right_ankle": {"x": 0.5279510617256165, "y": 0.6071223020553589, "z": 0.03529232740402222, "x_normalized": 35.2075259002244, "y_normalized": 40.59298263711131, "z_normalized": 0.03529232740402222}, "left_heel": {"x": 0.5334869623184204, "y": 0.6131880879402161, "z": 0.029500285163521767, "x_normalized": 35.582265925884144, "y_normalized": 41.003592025779284, "z_normalized": 0.029500285163521767}, "right_heel": {"x": 0.5293565988540649, "y": 0.6133351922035217, "z": 0.0373486652970314, "x_normalized": 35.302670495173444, "y_normalized": 41.01354990968303, "z_normalized": 0.0373486652970314}, "left_foot_index": {"x": 0.5346599221229553, "y": 0.6208982467651367, "z": -0.005309299565851688, "x_normalized": 35.66166673517986, "y_normalized": 41.52551344894343, "z_normalized": -0.005309299565851688}, "right_foot_index": {"x": 0.5246512293815613, "y": 0.6209533214569092, "z": 0.004553876351565123, "x_normalized": 34.98415135862018, "y_normalized": 41.52924160320885, "z_normalized": 0.004553876351565123}}}