{"sequence_id": 1697925405990398000, "sequence_source": "mediapipe", "frame_number": 573, "image_dimensions": {"height": 1080, "width": 1920}, "joint_positions": {"nose": {"x": 0.5257753729820251, "y": 0.42704689502716064, "z": -0.0676947608590126, "x_normalized": 32.75662567188299, "y_normalized": 26.521025699531254, "z_normalized": -0.0676947608590126}, "left_eye_inner": {"x": 0.5269242525100708, "y": 0.42360156774520874, "z": -0.06253891438245773, "x_normalized": 32.82935376227596, "y_normalized": 26.302924438364755, "z_normalized": -0.06253891438245773}, "left_eye": {"x": 0.5278915166854858, "y": 0.423660546541214, "z": -0.06250954419374466, "x_normalized": 32.89058496595414, "y_normalized": 26.30665800233071, "z_normalized": -0.06250954419374466}, "left_eye_outer": {"x": 0.5288413763046265, "y": 0.4237178862094879, "z": -0.06252768635749817, "x_normalized": 32.95071440037708, "y_normalized": 26.310287803781193, "z_normalized": -0.06252768635749817}, "right_eye_inner": {"x": 0.5242385268211365, "y": 0.42356395721435547, "z": -0.06402289867401123, "x_normalized": 32.65933793737238, "y_normalized": 26.300543560282367, "z_normalized": -0.06402289867401123}, "right_eye": {"x": 0.5233178734779358, "y": 0.4236884117126465, "z": -0.06405101716518402, "x_normalized": 32.601057362316105, "y_normalized": 26.30842196509381, "z_normalized": -0.06405101716518402}, "right_eye_outer": {"x": 0.5223885774612427, "y": 0.4238051772117615, "z": -0.0640266090631485, "x_normalized": 32.542229675814596, "y_normalized": 26.315813629378106, "z_normalized": -0.0640266090631485}, "left_ear": {"x": 0.5304009318351746, "y": 0.4261731207370758, "z": -0.02889186330139637, "x_normalized": 33.04943971737484, "y_normalized": 26.465712732417604, "z_normalized": -0.02889186330139637}, "right_ear": {"x": 0.5208980441093445, "y": 0.4264627695083618, "z": -0.036376550793647766, "x_normalized": 32.447873704013986, "y_normalized": 26.48404851219787, "z_normalized": -0.036376550793647766}, "mouth_left": {"x": 0.5275875926017761, "y": 0.43175825476646423, "z": -0.055113546550273895, "x_normalized": 32.871345508993635, "y_normalized": 26.819271241060488, "z_normalized": -0.055113546550273895}, "mouth_right": {"x": 0.5244819521903992, "y": 0.4325679838657379, "z": -0.05724544823169708, "x_normalized": 32.67474761421621, "y_normalized": 26.870529923705796, "z_normalized": -0.05724544823169708}, "left_shoulder": {"x": 0.5380595326423645, "y": 0.447218120098114, "z": -0.003908829763531685, "x_normalized": 33.5342559215041, "y_normalized": 27.79793476134783, "z_normalized": -0.003908829763531685}, "right_shoulder": {"x": 0.5129982829093933, "y": 0.4493277370929718, "z": -0.0018877534894272685, "x_normalized": 31.94779120397137, "y_normalized": 27.931480891948254, "z_normalized": -0.0018877534894272685}, "left_elbow": {"x": 0.5509742498397827, "y": 0.4562969207763672, "z": 0.04204431548714638, "x_normalized": 34.351802667533356, "y_normalized": 28.37265458206817, "z_normalized": 0.04204431548714638}, "right_elbow": {"x": 0.5031452775001526, "y": 0.45751503109931946, "z": 0.04980279505252838, "x_normalized": 31.32406151730477, "y_normalized": 28.44976522379661, "z_normalized": 0.04980279505252838}, "left_wrist": {"x": 0.542505145072937, "y": 0.475333034992218, "z": 0.08332112431526184, "x_normalized": 33.815678729387834, "y_normalized": 29.577707158621784, "z_normalized": 0.08332112431526184}, "right_wrist": {"x": 0.5147755146026611, "y": 0.47090309858322144, "z": 0.0988239124417305, "x_normalized": 32.060296183024384, "y_normalized": 29.29727669770424, "z_normalized": 0.0988239124417305}, "left_pinky": {"x": 0.5407366156578064, "y": 0.4819774627685547, "z": 0.0872676819562912, "x_normalized": 33.703724634962434, "y_normalized": 29.998322664539046, "z_normalized": 0.0872676819562912}, "right_pinky": {"x": 0.5178055167198181, "y": 0.4756130576133728, "z": 0.10374978184700012, "x_normalized": 32.252105909360374, "y_normalized": 29.595433569447522, "z_normalized": 0.10374978184700012}, "left_index": {"x": 0.5390280485153198, "y": 0.48122161626815796, "z": 0.08229470998048782, "x_normalized": 33.59556636201228, "y_normalized": 29.95047493876612, "z_normalized": 0.08229470998048782}, "right_index": {"x": 0.5184826254844666, "y": 0.47615182399749756, "z": 0.10232538729906082, "x_normalized": 32.29496926120805, "y_normalized": 29.629539364989, "z_normalized": 0.10232538729906082}, "left_thumb": {"x": 0.5388975739479065, "y": 0.47878479957580566, "z": 0.08243772387504578, "x_normalized": 33.58730686578036, "y_normalized": 29.796215923485427, "z_normalized": 0.08243772387504578}, "right_thumb": {"x": 0.5183897614479065, "y": 0.4730389416217804, "z": 0.09937216341495514, "x_normalized": 32.28909064305852, "y_normalized": 29.43248302855229, "z_normalized": 0.09937216341495514}, "left_hip": {"x": 0.5346896648406982, "y": 0.5127238631248474, "z": -0.001963207498192787, "x_normalized": 33.32093150923189, "y_normalized": 31.944677290749908, "z_normalized": -0.001963207498192787}, "right_hip": {"x": 0.5188972353935242, "y": 0.512347400188446, "z": 0.002047091256827116, "x_normalized": 32.32121551784999, "y_normalized": 31.920845870831776, "z_normalized": 0.002047091256827116}, "left_knee": {"x": 0.5333839058876038, "y": 0.564758837223053, "z": -0.01883702166378498, "x_normalized": 33.23827240281225, "y_normalized": 35.238673055690775, "z_normalized": -0.01883702166378498}, "right_knee": {"x": 0.5186112523078918, "y": 0.5661075711250305, "z": -0.02755553089082241, "x_normalized": 32.30311178878616, "y_normalized": 35.324052626607084, "z_normalized": -0.02755553089082241}, "left_ankle": {"x": 0.5336252450942993, "y": 0.6072473526000977, "z": 0.02545665018260479, "x_normalized": 33.25355001827275, "y_normalized": 37.928344610950305, "z_normalized": 0.02545665018260479}, "right_ankle": {"x": 0.5204389691352844, "y": 0.6194788813591003, "z": 0.0018376236548647285, "x_normalized": 32.41881265331585, "y_normalized": 38.70264314052902, "z_normalized": 0.0018376236548647285}, "left_heel": {"x": 0.5323531627655029, "y": 0.612817108631134, "z": 0.027922021225094795, "x_normalized": 33.173022759898345, "y_normalized": 38.2809296385389, "z_normalized": 0.027922021225094795}, "right_heel": {"x": 0.5222617387771606, "y": 0.62667316198349, "z": 0.002324811415746808, "x_normalized": 32.534200343707916, "y_normalized": 39.15806625391062, "z_normalized": 0.002324811415746808}, "left_foot_index": {"x": 0.5358026027679443, "y": 0.6231284141540527, "z": -0.004501335322856903, "x_normalized": 33.391384370649135, "y_normalized": 38.93367132453268, "z_normalized": -0.004501335322856903}, "right_foot_index": {"x": 0.5172951817512512, "y": 0.6353513598442078, "z": -0.03566741570830345, "x_normalized": 32.21979992181461, "y_normalized": 39.707426515848546, "z_normalized": -0.03566741570830345}}}