{"sequence_id": 1697925405990398000, "sequence_source": "mediapipe", "frame_number": 161, "image_dimensions": {"height": 1080, "width": 1920}, "joint_positions": {"nose": {"x": 0.5132793188095093, "y": 0.42601391673088074, "z": -0.20806437730789185, "x_normalized": 18.290500456824404, "y_normalized": 15.028200027705967, "z_normalized": -0.20806437730789185}, "left_eye_inner": {"x": 0.5158382058143616, "y": 0.4193652868270874, "z": -0.1977725327014923, "x_normalized": 18.384240663606374, "y_normalized": 14.784639471567091, "z_normalized": -0.1977725327014923}, "left_eye": {"x": 0.5174486637115479, "y": 0.41938793659210205, "z": -0.19774816930294037, "x_normalized": 18.44323688188785, "y_normalized": 14.785469204826907, "z_normalized": -0.19774816930294037}, "left_eye_outer": {"x": 0.519196093082428, "y": 0.41936585307121277, "z": -0.19775745272636414, "x_normalized": 18.50725080288263, "y_normalized": 14.784660214898587, "z_normalized": -0.19775745272636414}, "right_eye_inner": {"x": 0.5107414722442627, "y": 0.4189758598804474, "z": -0.2018330842256546, "x_normalized": 18.197531028570634, "y_normalized": 14.770373518269707, "z_normalized": -0.2018330842256546}, "right_eye": {"x": 0.5086681246757507, "y": 0.41883987188339233, "z": -0.2018618881702423, "x_normalized": 18.121577682668818, "y_normalized": 14.765391843447945, "z_normalized": -0.2018618881702423}, "right_eye_outer": {"x": 0.5066058039665222, "y": 0.41872021555900574, "z": -0.20188577473163605, "x_normalized": 18.046028285854018, "y_normalized": 14.761008449976682, "z_normalized": -0.20188577473163605}, "left_ear": {"x": 0.5223727822303772, "y": 0.42179620265960693, "z": -0.12700890004634857, "x_normalized": 18.623623076080364, "y_normalized": 14.873691685431101, "z_normalized": -0.12700890004634857}, "right_ear": {"x": 0.5018233060836792, "y": 0.42192214727401733, "z": -0.14683927595615387, "x_normalized": 17.870830108043933, "y_normalized": 14.878305439057392, "z_normalized": -0.14683927595615387}, "mouth_left": {"x": 0.516486406326294, "y": 0.4340612292289734, "z": -0.1803339570760727, "x_normalized": 18.40798631939715, "y_normalized": 15.322998796147044, "z_normalized": -0.1803339570760727}, "mouth_right": {"x": 0.5096520185470581, "y": 0.43471723794937134, "z": -0.1859414279460907, "x_normalized": 18.157620858773495, "y_normalized": 15.3470304915616, "z_normalized": -0.1859414279460907}, "left_shoulder": {"x": 0.534660279750824, "y": 0.45730891823768616, "z": -0.08398228138685226, "x_normalized": 19.073753369530387, "y_normalized": 16.1746359222676, "z_normalized": -0.08398228138685226}, "right_shoulder": {"x": 0.487944632768631, "y": 0.4635070562362671, "z": -0.12301413714885712, "x_normalized": 17.362409961337566, "y_normalized": 16.401693520570458, "z_normalized": -0.12301413714885712}, "left_elbow": {"x": 0.5556372404098511, "y": 0.46805745363235474, "z": -0.15994048118591309, "x_normalized": 19.84220646109155, "y_normalized": 16.568389115976014, "z_normalized": -0.15994048118591309}, "right_elbow": {"x": 0.46976223587989807, "y": 0.47186416387557983, "z": -0.24095003306865692, "x_normalized": 16.69633066947761, "y_normalized": 16.70784107484809, "z_normalized": -0.24095003306865692}, "left_wrist": {"x": 0.5464687347412109, "y": 0.470364511013031, "z": -0.26584476232528687, "x_normalized": 19.506334804535307, "y_normalized": 16.65290399901398, "z_normalized": -0.26584476232528687}, "right_wrist": {"x": 0.49014079570770264, "y": 0.4478573501110077, "z": -0.35358425974845886, "x_normalized": 17.4428624266653, "y_normalized": 15.828394783472238, "z_normalized": -0.35358425974845886}, "left_pinky": {"x": 0.5461456775665283, "y": 0.47492969036102295, "z": -0.2877098619937897, "x_normalized": 19.49450018804004, "y_normalized": 16.82014110454699, "z_normalized": -0.2877098619937897}, "right_pinky": {"x": 0.49985745549201965, "y": 0.4390513598918915, "z": -0.38158515095710754, "x_normalized": 17.798814719863373, "y_normalized": 15.505803226090205, "z_normalized": -0.38158515095710754}, "left_index": {"x": 0.5411520600318909, "y": 0.4735521674156189, "z": -0.2863536477088928, "x_normalized": 19.311568022845037, "y_normalized": 16.769678037790147, "z_normalized": -0.2863536477088928}, "right_index": {"x": 0.5025322437286377, "y": 0.4338938295841217, "z": -0.3702389895915985, "x_normalized": 17.896800759076164, "y_normalized": 15.316866412304432, "z_normalized": -0.3702389895915985}, "left_thumb": {"x": 0.5413416028022766, "y": 0.4729994535446167, "z": -0.2686363756656647, "x_normalized": 19.31851158012455, "y_normalized": 16.749430362742064, "z_normalized": -0.2686363756656647}, "right_thumb": {"x": 0.5004575252532959, "y": 0.43894490599632263, "z": -0.35202282667160034, "x_normalized": 17.820797192477045, "y_normalized": 15.50190347976907, "z_normalized": -0.35202282667160034}, "left_hip": {"x": 0.5262076258659363, "y": 0.5778088569641113, "z": 0.010573327541351318, "x_normalized": 18.764105651001476, "y_normalized": 20.588933682196128, "z_normalized": 0.010573327541351318}, "right_hip": {"x": 0.49891427159309387, "y": 0.5782929062843323, "z": -0.010649049654603004, "x_normalized": 17.764262880117784, "y_normalized": 20.60666595536182, "z_normalized": -0.010649049654603004}, "left_knee": {"x": 0.5251497030258179, "y": 0.6650772094726562, "z": 0.035662952810525894, "x_normalized": 18.725350557242347, "y_normalized": 23.78585226209449, "z_normalized": 0.035662952810525894}, "right_knee": {"x": 0.5030642747879028, "y": 0.6755846738815308, "z": -0.06993937492370605, "x_normalized": 17.91629075664752, "y_normalized": 24.170774255357312, "z_normalized": -0.06993937492370605}, "left_ankle": {"x": 0.5216324329376221, "y": 0.7188491225242615, "z": 0.19421611726284027, "x_normalized": 18.59650171602728, "y_normalized": 25.75568924159429, "z_normalized": 0.19421611726284027}, "right_ankle": {"x": 0.5097737908363342, "y": 0.761587381362915, "z": -0.007691977545619011, "x_normalized": 18.162081766799297, "y_normalized": 27.321328214100603, "z_normalized": -0.007691977545619011}, "left_heel": {"x": 0.5190261602401733, "y": 0.7214854955673218, "z": 0.20729900896549225, "x_normalized": 18.501025619925436, "y_normalized": 25.85226800952826, "z_normalized": 0.20729900896549225}, "right_heel": {"x": 0.5123721957206726, "y": 0.7728356122970581, "z": -0.005603011231869459, "x_normalized": 18.257269639768783, "y_normalized": 27.733386851976558, "z_normalized": -0.005603011231869459}, "left_foot_index": {"x": 0.5274108052253723, "y": 0.747872531414032, "z": 0.1539526730775833, "x_normalized": 18.80818195516632, "y_normalized": 26.81890944072214, "z_normalized": 0.1539526730775833}, "right_foot_index": {"x": 0.505579948425293, "y": 0.7929310202598572, "z": -0.08879437297582626, "x_normalized": 18.008447919710104, "y_normalized": 28.46954585166226, "z_normalized": -0.08879437297582626}}}