{"sequence_id": 1697925405990398000, "sequence_source": "mediapipe", "frame_number": 207, "image_dimensions": {"height": 1080, "width": 1920}, "joint_positions": {"nose": {"x": 0.5107048153877258, "y": 0.3964228928089142, "z": -0.1715782731771469, "x_normalized": 19.89510767351126, "y_normalized": 15.292350176819495, "z_normalized": -0.1715782731771469}, "left_eye_inner": {"x": 0.512080729007721, "y": 0.3923342525959015, "z": -0.16536346077919006, "x_normalized": 19.950098233462143, "y_normalized": 15.128941216050533, "z_normalized": -0.16536346077919006}, "left_eye": {"x": 0.5132381916046143, "y": 0.3925241231918335, "z": -0.16532322764396667, "x_normalized": 19.996358053410425, "y_normalized": 15.136529694161933, "z_normalized": -0.16532322764396667}, "left_eye_outer": {"x": 0.5144104957580566, "y": 0.3926948010921478, "z": -0.16536809504032135, "x_normalized": 20.043211039596265, "y_normalized": 15.14335110589384, "z_normalized": -0.16536809504032135}, "right_eye_inner": {"x": 0.5087259411811829, "y": 0.39275309443473816, "z": -0.16596198081970215, "x_normalized": 19.81601884183697, "y_normalized": 15.145680891357017, "z_normalized": -0.16596198081970215}, "right_eye": {"x": 0.5074540972709656, "y": 0.3933889865875244, "z": -0.16600026190280914, "x_normalized": 19.765187592130165, "y_normalized": 15.171095325113557, "z_normalized": -0.16600026190280914}, "right_eye_outer": {"x": 0.5062766671180725, "y": 0.39400678873062134, "z": -0.16597427427768707, "x_normalized": 19.718129737283963, "y_normalized": 15.195786763074521, "z_normalized": -0.16597427427768707}, "left_ear": {"x": 0.5171610713005066, "y": 0.398173063993454, "z": -0.11528486758470535, "x_normalized": 20.153142133429803, "y_normalized": 15.362298531170463, "z_normalized": -0.11528486758470535}, "right_ear": {"x": 0.5034138560295105, "y": 0.40028202533721924, "z": -0.1179981529712677, "x_normalized": 19.603712972666006, "y_normalized": 15.446586500649847, "z_normalized": -0.1179981529712677}, "mouth_left": {"x": 0.5141390562057495, "y": 0.40483611822128296, "z": -0.1518937647342682, "x_normalized": 20.032362529372026, "y_normalized": 15.62859801221834, "z_normalized": -0.1518937647342682}, "mouth_right": {"x": 0.5088036060333252, "y": 0.40643882751464844, "z": -0.15274591743946075, "x_normalized": 19.819122840260814, "y_normalized": 15.69265281929334, "z_normalized": -0.15274591743946075}, "left_shoulder": {"x": 0.5325965881347656, "y": 0.4362390339374542, "z": -0.0626390352845192, "x_normalized": 20.77004693145788, "y_normalized": 16.883665113980687, "z_normalized": -0.0626390352845192}, "right_shoulder": {"x": 0.49201348423957825, "y": 0.44494763016700745, "z": -0.056137386709451675, "x_normalized": 19.148079116538586, "y_normalized": 17.23171791038441, "z_normalized": -0.056137386709451675}, "left_elbow": {"x": 0.5523660778999329, "y": 0.4506675899028778, "z": 0.04071158170700073, "x_normalized": 21.56016579962755, "y_normalized": 17.460325131216432, "z_normalized": 0.04071158170700073}, "right_elbow": {"x": 0.4795709252357483, "y": 0.4651047885417938, "z": 0.043395690619945526, "x_normalized": 18.650792603127282, "y_normalized": 18.037330566542323, "z_normalized": 0.043395690619945526}, "left_wrist": {"x": 0.5442146062850952, "y": 0.4663738012313843, "z": 0.1287282258272171, "x_normalized": 21.234379367972608, "y_normalized": 18.088048662047186, "z_normalized": 0.1287282258272171}, "right_wrist": {"x": 0.48603925108909607, "y": 0.4787808358669281, "z": 0.11684555560350418, "x_normalized": 18.909309457275164, "y_normalized": 18.583915387998314, "z_normalized": 0.11684555560350418}, "left_pinky": {"x": 0.5431737303733826, "y": 0.47369715571403503, "z": 0.14413882791996002, "x_normalized": 21.19277911895068, "y_normalized": 18.380738085182045, "z_normalized": 0.14413882791996002}, "right_pinky": {"x": 0.48704198002815247, "y": 0.48417454957962036, "z": 0.1288118064403534, "x_normalized": 18.949385102313013, "y_normalized": 18.79948367147584, "z_normalized": 0.1288118064403534}, "left_index": {"x": 0.5404812097549438, "y": 0.47445836663246155, "z": 0.13327954709529877, "x_normalized": 21.08516828180542, "y_normalized": 18.41116108124567, "z_normalized": 0.13327954709529877}, "right_index": {"x": 0.4903455376625061, "y": 0.4844747483730316, "z": 0.12004812061786652, "x_normalized": 19.081416998431436, "y_normalized": 18.811481590172452, "z_normalized": 0.12004812061786652}, "left_thumb": {"x": 0.5407073497772217, "y": 0.47263285517692566, "z": 0.1279473602771759, "x_normalized": 21.09420632479856, "y_normalized": 18.338201634026138, "z_normalized": 0.1279473602771759}, "right_thumb": {"x": 0.4904574751853943, "y": 0.4847521185874939, "z": 0.11623780429363251, "x_normalized": 19.085890758247228, "y_normalized": 18.822567128672343, "z_normalized": 0.11623780429363251}, "left_hip": {"x": 0.5285250544548035, "y": 0.5515352487564087, "z": -0.005302242934703827, "x_normalized": 20.60732166028803, "y_normalized": 21.491660355087454, "z_normalized": -0.005302242934703827}, "right_hip": {"x": 0.5035079717636108, "y": 0.5510978698730469, "z": 0.0052229659631848335, "x_normalized": 19.607474456557988, "y_normalized": 21.474179817532455, "z_normalized": 0.0052229659631848335}, "left_knee": {"x": 0.5251715779304504, "y": 0.6467410326004028, "z": -0.014599197544157505, "x_normalized": 20.473294676924812, "y_normalized": 25.296709805911593, "z_normalized": -0.014599197544157505}, "right_knee": {"x": 0.5060557723045349, "y": 0.6476685404777527, "z": -0.0056018466129899025, "x_normalized": 19.709301327338633, "y_normalized": 25.33377912246833, "z_normalized": -0.0056018466129899025}, "left_ankle": {"x": 0.5193406939506531, "y": 0.7233859896659851, "z": 0.06860313564538956, "x_normalized": 20.240254193570326, "y_normalized": 28.35994651292423, "z_normalized": 0.06860313564538956}, "right_ankle": {"x": 0.5122516751289368, "y": 0.7217490077018738, "z": 0.07599605619907379, "x_normalized": 19.956930365065812, "y_normalized": 28.29452194445728, "z_normalized": 0.07599605619907379}, "left_heel": {"x": 0.5187842845916748, "y": 0.7314015030860901, "z": 0.07343582808971405, "x_normalized": 20.218016415146245, "y_normalized": 28.68029916069215, "z_normalized": 0.07343582808971405}, "right_heel": {"x": 0.5136958360671997, "y": 0.7291642427444458, "z": 0.08043323457241058, "x_normalized": 20.014648536831967, "y_normalized": 28.590883519219428, "z_normalized": 0.08043323457241058}, "left_foot_index": {"x": 0.5217639207839966, "y": 0.7500863075256348, "z": 0.013100489974021912, "x_normalized": 20.33710227946545, "y_normalized": 29.42706686745192, "z_normalized": 0.013100489974021912}, "right_foot_index": {"x": 0.5109585523605347, "y": 0.7485140562057495, "z": 0.020951837301254272, "x_normalized": 19.905248672199136, "y_normalized": 29.364229361370462, "z_normalized": 0.020951837301254272}}}