{"sequence_id": 1697925405990398000, "sequence_source": "mediapipe", "frame_number": 681, "image_dimensions": {"height": 1080, "width": 1920}, "joint_positions": {"nose": {"x": 0.526397168636322, "y": 0.4161733388900757, "z": -0.07169720530509949, "x_normalized": 37.74572492378186, "y_normalized": 29.75659998770173, "z_normalized": -0.07169720530509949}, "left_eye_inner": {"x": 0.5276838541030884, "y": 0.4154248535633087, "z": -0.06933923065662384, "x_normalized": 37.83927705546943, "y_normalized": 29.70217923013158, "z_normalized": -0.06933923065662384}, "left_eye": {"x": 0.5283955335617065, "y": 0.41580501198768616, "z": -0.06932403892278671, "x_normalized": 37.89102173756281, "y_normalized": 29.7298197311694, "z_normalized": -0.06932403892278671}, "left_eye_outer": {"x": 0.5291649699211121, "y": 0.4161646068096161, "z": -0.06934180110692978, "x_normalized": 37.946965799635116, "y_normalized": 29.7559650969206, "z_normalized": -0.06934180110692978}, "right_eye_inner": {"x": 0.5257216691970825, "y": 0.4147428572177887, "z": -0.06969884783029556, "x_normalized": 37.69661081304783, "y_normalized": 29.6525927433215, "z_normalized": -0.06969884783029556}, "right_eye": {"x": 0.5250619053840637, "y": 0.4147777557373047, "z": -0.06971292942762375, "x_normalized": 37.64864080583749, "y_normalized": 29.65513013958328, "z_normalized": -0.06971292942762375}, "right_eye_outer": {"x": 0.5244152545928955, "y": 0.4148382544517517, "z": -0.0697103813290596, "x_normalized": 37.6016242182302, "y_normalized": 29.659528870933762, "z_normalized": -0.0697103813290596}, "left_ear": {"x": 0.5306448340415955, "y": 0.41975703835487366, "z": -0.047958824783563614, "x_normalized": 38.05456353556596, "y_normalized": 30.017163064629962, "z_normalized": -0.047958824783563614}, "right_ear": {"x": 0.5229096412658691, "y": 0.4184747040271759, "z": -0.049252189695835114, "x_normalized": 37.49215431289698, "y_normalized": 29.92392729490158, "z_normalized": -0.049252189695835114}, "mouth_left": {"x": 0.5280044078826904, "y": 0.42046982049942017, "z": -0.06319393962621689, "x_normalized": 37.86258383103879, "y_normalized": 30.068987920644503, "z_normalized": -0.06319393962621689}, "mouth_right": {"x": 0.5252072811126709, "y": 0.41992121934890747, "z": -0.06364224851131439, "x_normalized": 37.65921076225505, "y_normalized": 30.029100311432824, "z_normalized": -0.06364224851131439}, "left_shoulder": {"x": 0.5376450419425964, "y": 0.43999236822128296, "z": -0.026790518313646317, "x_normalized": 38.563533589483406, "y_normalized": 31.48843035823004, "z_normalized": -0.026790518313646317}, "right_shoulder": {"x": 0.5150469541549683, "y": 0.44259113073349, "z": -0.02287856489419937, "x_normalized": 36.920475251450966, "y_normalized": 31.67738078865476, "z_normalized": -0.02287856489419937}, "left_elbow": {"x": 0.5501936078071594, "y": 0.44959986209869385, "z": 0.014331801794469357, "x_normalized": 39.47591281235762, "y_normalized": 32.18697056531419, "z_normalized": 0.014331801794469357}, "right_elbow": {"x": 0.5063832998275757, "y": 0.4539085626602173, "z": 0.013825866393744946, "x_normalized": 36.29055958715983, "y_normalized": 32.500246911977996, "z_normalized": 0.013825866393744946}, "left_wrist": {"x": 0.5428639054298401, "y": 0.46662774682044983, "z": 0.04475712031126022, "x_normalized": 38.94298592405055, "y_normalized": 33.42503142400567, "z_normalized": 0.04475712031126022}, "right_wrist": {"x": 0.5129320621490479, "y": 0.4722810983657837, "z": 0.039597440510988235, "x_normalized": 36.76670600437918, "y_normalized": 33.83607445037513, "z_normalized": 0.039597440510988235}, "left_pinky": {"x": 0.5409492254257202, "y": 0.4733649492263794, "z": 0.04851703345775604, "x_normalized": 38.80377366082731, "y_normalized": 33.914878914293546, "z_normalized": 0.04851703345775604}, "right_pinky": {"x": 0.515541672706604, "y": 0.4770459234714508, "z": 0.042394354939460754, "x_normalized": 36.95644517283915, "y_normalized": 34.1825146311863, "z_normalized": 0.042394354939460754}, "left_index": {"x": 0.5394563674926758, "y": 0.47304195165634155, "z": 0.04451589658856392, "x_normalized": 38.695231172744336, "y_normalized": 33.89139445597998, "z_normalized": 0.04451589658856392}, "right_index": {"x": 0.5170900821685791, "y": 0.47630032896995544, "z": 0.03902243822813034, "x_normalized": 37.069026693058724, "y_normalized": 34.12830405930138, "z_normalized": 0.03902243822813034}, "left_thumb": {"x": 0.5394982099533081, "y": 0.4703909754753113, "z": 0.04455312341451645, "x_normalized": 38.698273448023194, "y_normalized": 33.69864768204489, "z_normalized": 0.04455312341451645}, "right_thumb": {"x": 0.5163038372993469, "y": 0.47421252727508545, "z": 0.039058804512023926, "x_normalized": 37.01186052040431, "y_normalized": 33.97650449045501, "z_normalized": 0.039058804512023926}, "left_hip": {"x": 0.5343465209007263, "y": 0.5020816922187805, "z": -0.0032176219392567873, "x_normalized": 38.323705222059004, "y_normalized": 36.00281150656495, "z_normalized": -0.0032176219392567873}, "right_hip": {"x": 0.5206145644187927, "y": 0.5028542876243591, "z": 0.0032107720617204905, "x_normalized": 37.325284213734044, "y_normalized": 36.05898525608709, "z_normalized": 0.0032107720617204905}, "left_knee": {"x": 0.5336450338363647, "y": 0.5528783202171326, "z": -0.005962096620351076, "x_normalized": 38.272701607020736, "y_normalized": 39.69612502764604, "z_normalized": -0.005962096620351076}, "right_knee": {"x": 0.5227768421173096, "y": 0.5541201233863831, "z": -0.002731849206611514, "x_normalized": 37.48249877255326, "y_normalized": 39.78641386405587, "z_normalized": -0.002731849206611514}, "left_ankle": {"x": 0.5321153998374939, "y": 0.5982927083969116, "z": 0.01939680054783821, "x_normalized": 38.161485210323725, "y_normalized": 42.99810747265094, "z_normalized": 0.01939680054783821}, "right_ankle": {"x": 0.5269440412521362, "y": 0.5986731648445129, "z": 0.02423389069736004, "x_normalized": 37.78548685495495, "y_normalized": 43.02576964231611, "z_normalized": 0.02423389069736004}, "left_heel": {"x": 0.532677412033081, "y": 0.6041191220283508, "z": 0.019768554717302322, "x_normalized": 38.202347907765805, "y_normalized": 43.42173347091807, "z_normalized": 0.019768554717302322}, "right_heel": {"x": 0.528267502784729, "y": 0.604702889919281, "z": 0.024975568056106567, "x_normalized": 37.88171289525656, "y_normalized": 43.46417797815614, "z_normalized": 0.024975568056106567}, "left_foot_index": {"x": 0.5307689309120178, "y": 0.6091416478157043, "z": -0.014127885922789574, "x_normalized": 38.06358635199129, "y_normalized": 43.786910513792115, "z_normalized": -0.014127885922789574}, "right_foot_index": {"x": 0.5233203172683716, "y": 0.6114166975021362, "z": -0.005952289327979088, "x_normalized": 37.522013681374645, "y_normalized": 43.95232448119764, "z_normalized": -0.005952289327979088}}}