{"sequence_id": 1697925405990398000, "sequence_source": "mediapipe", "frame_number": 403, "image_dimensions": {"height": 1080, "width": 1920}, "joint_positions": {"nose": {"x": 0.5118880867958069, "y": 0.40780383348464966, "z": -0.06476173549890518, "x_normalized": 26.294153547990806, "y_normalized": 20.835701924208315, "z_normalized": -0.06476173549890518}, "left_eye_inner": {"x": 0.5134626626968384, "y": 0.40447837114334106, "z": -0.05813252553343773, "x_normalized": 26.37662550618984, "y_normalized": 20.661523346328902, "z_normalized": -0.05813252553343773}, "left_eye": {"x": 0.5146098732948303, "y": 0.4046533405780792, "z": -0.05811705440282822, "x_normalized": 26.436713244368164, "y_normalized": 20.670687764441983, "z_normalized": -0.05811705440282822}, "left_eye_outer": {"x": 0.5158117413520813, "y": 0.40486040711402893, "z": -0.058144666254520416, "x_normalized": 26.499663790044256, "y_normalized": 20.681533340502227, "z_normalized": -0.058144666254520416}, "right_eye_inner": {"x": 0.5104731321334839, "y": 0.40472689270973206, "z": -0.058412790298461914, "x_normalized": 26.220042111579147, "y_normalized": 20.67454022295043, "z_normalized": -0.058412790298461914}, "right_eye": {"x": 0.5095307230949402, "y": 0.4051681458950043, "z": -0.05842912569642067, "x_normalized": 26.170681316216882, "y_normalized": 20.697651852073626, "z_normalized": -0.05842912569642067}, "right_eye_outer": {"x": 0.5086230635643005, "y": 0.40559884905815125, "z": -0.05839936062693596, "x_normalized": 26.123140604574573, "y_normalized": 20.720210900033127, "z_normalized": -0.05839936062693596}, "left_ear": {"x": 0.5187134742736816, "y": 0.4090077877044678, "z": -0.02085021324455738, "x_normalized": 26.651648585479148, "y_normalized": 20.898761737346153, "z_normalized": -0.02085021324455738}, "right_ear": {"x": 0.5068396925926208, "y": 0.41050633788108826, "z": -0.022479722276329994, "x_normalized": 26.02973253441842, "y_normalized": 20.977251677046386, "z_normalized": -0.022479722276329994}, "mouth_left": {"x": 0.5147358775138855, "y": 0.414491206407547, "z": -0.0515323281288147, "x_normalized": 26.443312999057675, "y_normalized": 21.185968138620233, "z_normalized": -0.0515323281288147}, "mouth_right": {"x": 0.510581374168396, "y": 0.41493088006973267, "z": -0.051942553371191025, "x_normalized": 26.22571153188007, "y_normalized": 21.20899703666525, "z_normalized": -0.051942553371191025}, "left_shoulder": {"x": 0.5289146304130554, "y": 0.43591487407684326, "z": 0.0012074349215254188, "x_normalized": 27.18595710763874, "y_normalized": 22.308080971246927, "z_normalized": 0.0012074349215254188}, "right_shoulder": {"x": 0.49809837341308594, "y": 0.4444909691810608, "z": 0.015366744250059128, "x_normalized": 25.571886260061788, "y_normalized": 22.757273262633213, "z_normalized": 0.015366744250059128}, "left_elbow": {"x": 0.5481332540512085, "y": 0.45040249824523926, "z": 0.054235346615314484, "x_normalized": 28.192575794162767, "y_normalized": 23.06690290802148, "z_normalized": 0.054235346615314484}, "right_elbow": {"x": 0.4908178746700287, "y": 0.4594895839691162, "z": 0.0813375934958458, "x_normalized": 25.190553745311504, "y_normalized": 23.542859483680783, "z_normalized": 0.0813375934958458}, "left_wrist": {"x": 0.5380865335464478, "y": 0.4745040833950043, "z": 0.10033810883760452, "x_normalized": 27.666356186099918, "y_normalized": 24.32927769840137, "z_normalized": 0.10033810883760452}, "right_wrist": {"x": 0.49793919920921326, "y": 0.48083022236824036, "z": 0.12405533343553543, "x_normalized": 25.563549152730506, "y_normalized": 24.660623471329952, "z_normalized": 0.12405533343553543}, "left_pinky": {"x": 0.5355333685874939, "y": 0.483428955078125, "z": 0.10269882529973984, "x_normalized": 27.532628422559185, "y_normalized": 24.796737948427985, "z_normalized": 0.10269882529973984}, "right_pinky": {"x": 0.5007884502410889, "y": 0.48656052350997925, "z": 0.1274484544992447, "x_normalized": 25.712785091020592, "y_normalized": 24.9607608962199, "z_normalized": 0.1274484544992447}, "left_index": {"x": 0.533301830291748, "y": 0.48209065198898315, "z": 0.09568322449922562, "x_normalized": 27.415746579692335, "y_normalized": 24.726641310753653, "z_normalized": 0.09568322449922562}, "right_index": {"x": 0.5024182200431824, "y": 0.485691100358963, "z": 0.12290965765714645, "x_normalized": 25.7981479540647, "y_normalized": 24.91522290105504, "z_normalized": 0.12290965765714645}, "left_thumb": {"x": 0.5335401892662048, "y": 0.4786839783191681, "z": 0.09865157306194305, "x_normalized": 27.428231167678778, "y_normalized": 24.54820910668481, "z_normalized": 0.09865157306194305}, "right_thumb": {"x": 0.5016482472419739, "y": 0.4826202988624573, "z": 0.12290488928556442, "x_normalized": 25.75781889489768, "y_normalized": 24.754382758327434, "z_normalized": 0.12290488928556442}, "left_hip": {"x": 0.5266699194908142, "y": 0.5234290361404419, "z": -0.004637417383491993, "x_normalized": 27.068385318799145, "y_normalized": 26.891832259961813, "z_normalized": -0.004637417383491993}, "right_hip": {"x": 0.507605254650116, "y": 0.5244551301002502, "z": 0.004628017544746399, "x_normalized": 26.069830570952032, "y_normalized": 26.945576241503865, "z_normalized": 0.004628017544746399}, "left_knee": {"x": 0.5236934423446655, "y": 0.5940306782722473, "z": -0.017421867698431015, "x_normalized": 26.912485626306236, "y_normalized": 30.5897522362951, "z_normalized": -0.017421867698431015}, "right_knee": {"x": 0.5103916525840759, "y": 0.5963811874389648, "z": -0.011888350360095501, "x_normalized": 26.215774436716064, "y_normalized": 30.712865446409, "z_normalized": -0.011888350360095501}, "left_ankle": {"x": 0.521374523639679, "y": 0.6498323082923889, "z": 0.050833459943532944, "x_normalized": 26.79102703775593, "y_normalized": 33.51248825393912, "z_normalized": 0.050833459943532944}, "right_ankle": {"x": 0.5152018070220947, "y": 0.6488520503044128, "z": 0.05607658624649048, "x_normalized": 26.46771710615696, "y_normalized": 33.46114503462802, "z_normalized": 0.05607658624649048}, "left_heel": {"x": 0.5211555361747742, "y": 0.6559473872184753, "z": 0.05518466606736183, "x_normalized": 26.779557076199993, "y_normalized": 33.832779281666404, "z_normalized": 0.05518466606736183}, "right_heel": {"x": 0.5167385339736938, "y": 0.6551463603973389, "z": 0.060002848505973816, "x_normalized": 26.54820664040716, "y_normalized": 33.7908236982831, "z_normalized": 0.060002848505973816}, "left_foot_index": {"x": 0.5211523175239563, "y": 0.6700891256332397, "z": 0.011364104226231575, "x_normalized": 26.779388492116155, "y_normalized": 34.57348467328333, "z_normalized": 0.011364104226231575}, "right_foot_index": {"x": 0.5115763545036316, "y": 0.6706021428108215, "z": 0.018237916752696037, "x_normalized": 26.277825867278352, "y_normalized": 34.600355103090614, "z_normalized": 0.018237916752696037}}}