{"sequence_id": 1697925405990398000, "sequence_source": "mediapipe", "frame_number": 408, "image_dimensions": {"height": 1080, "width": 1920}, "joint_positions": {"nose": {"x": 0.5129115581512451, "y": 0.40729644894599915, "z": -0.08162377774715424, "x_normalized": 25.84383684387109, "y_normalized": 20.40970222424562, "z_normalized": -0.08162377774715424}, "left_eye_inner": {"x": 0.5146415829658508, "y": 0.4041788876056671, "z": -0.07633624970912933, "x_normalized": 25.93275269788247, "y_normalized": 20.249472945065214, "z_normalized": -0.07633624970912933}, "left_eye": {"x": 0.5158292055130005, "y": 0.40438762307167053, "z": -0.07630713284015656, "x_normalized": 25.993791402143515, "y_normalized": 20.26020105258452, "z_normalized": -0.07630713284015656}, "left_eye_outer": {"x": 0.5170695781707764, "y": 0.4046052396297455, "z": -0.07634227722883224, "x_normalized": 26.057541235803356, "y_normalized": 20.2713856101382, "z_normalized": -0.07634227722883224}, "right_eye_inner": {"x": 0.5115810632705688, "y": 0.40422070026397705, "z": -0.07716924697160721, "x_normalized": 25.775455114560426, "y_normalized": 20.25162193633443, "z_normalized": -0.07716924697160721}, "right_eye": {"x": 0.5106247067451477, "y": 0.4045494794845581, "z": -0.07718687504529953, "x_normalized": 25.726302491731396, "y_normalized": 20.268519777875404, "z_normalized": -0.07718687504529953}, "right_eye_outer": {"x": 0.5097141861915588, "y": 0.4048510193824768, "z": -0.07715348899364471, "x_normalized": 25.679505641227422, "y_normalized": 20.284017635082762, "z_normalized": -0.07715348899364471}, "left_ear": {"x": 0.519991397857666, "y": 0.4086332619190216, "z": -0.03814024105668068, "x_normalized": 26.207710233689244, "y_normalized": 20.478408676399532, "z_normalized": -0.03814024105668068}, "right_ear": {"x": 0.5078820586204529, "y": 0.4097876250743866, "z": -0.04190288111567497, "x_normalized": 25.585342143532266, "y_normalized": 20.53773799059896, "z_normalized": -0.04190288111567497}, "mouth_left": {"x": 0.5158207416534424, "y": 0.4140509068965912, "z": -0.06779976934194565, "x_normalized": 25.99335639607049, "y_normalized": 20.75685238763662, "z_normalized": -0.06779976934194565}, "mouth_right": {"x": 0.5115777850151062, "y": 0.41423457860946655, "z": -0.06927075237035751, "x_normalized": 25.775286626292704, "y_normalized": 20.766292325763615, "z_normalized": -0.06927075237035751}, "left_shoulder": {"x": 0.5298231244087219, "y": 0.4362548291683197, "z": -0.010883727110922337, "x_normalized": 26.713018802279194, "y_normalized": 21.898038742031787, "z_normalized": -0.010883727110922337}, "right_shoulder": {"x": 0.4985046684741974, "y": 0.4439564049243927, "z": 0.0014272864209488034, "x_normalized": 25.103384517137037, "y_normalized": 22.293866697679146, "z_normalized": 0.0014272864209488034}, "left_elbow": {"x": 0.5485623478889465, "y": 0.4503425657749176, "z": 0.052055735141038895, "x_normalized": 27.67613450165374, "y_normalized": 22.62208797004736, "z_normalized": 0.052055735141038895}, "right_elbow": {"x": 0.49113014340400696, "y": 0.45801448822021484, "z": 0.07360085099935532, "x_normalized": 24.724365563762216, "y_normalized": 23.016391872727596, "z_normalized": 0.07360085099935532}, "left_wrist": {"x": 0.5387986898422241, "y": 0.4748897850513458, "z": 0.10472758114337921, "x_normalized": 27.174324362186304, "y_normalized": 23.883709738210086, "z_normalized": 0.10472758114337921}, "right_wrist": {"x": 0.49899545311927795, "y": 0.48329079151153564, "z": 0.13508373498916626, "x_normalized": 25.12860874252652, "y_normalized": 24.315485431631657, "z_normalized": 0.13508373498916626}, "left_pinky": {"x": 0.5362036228179932, "y": 0.48342472314834595, "z": 0.11137955635786057, "x_normalized": 27.040949049457705, "y_normalized": 24.322368943223857, "z_normalized": 0.11137955635786057}, "right_pinky": {"x": 0.5023410320281982, "y": 0.48778849840164185, "z": 0.14254190027713776, "x_normalized": 25.30055714658274, "y_normalized": 24.546648271522955, "z_normalized": 0.14254190027713776}, "left_index": {"x": 0.5341951847076416, "y": 0.4825206696987152, "z": 0.1037890687584877, "x_normalized": 26.937723946382167, "y_normalized": 24.275904474120754, "z_normalized": 0.1037890687584877}, "right_index": {"x": 0.5040582418441772, "y": 0.4873867332935333, "z": 0.1384739875793457, "x_normalized": 25.38881436463848, "y_normalized": 24.52599926845788, "z_normalized": 0.1384739875793457}, "left_thumb": {"x": 0.5342003703117371, "y": 0.47938770055770874, "z": 0.10346732288599014, "x_normalized": 26.937990464187475, "y_normalized": 24.114883300082052, "z_normalized": 0.10346732288599014}, "right_thumb": {"x": 0.5033677816390991, "y": 0.4858950674533844, "z": 0.13489627838134766, "x_normalized": 25.353327672033217, "y_normalized": 24.449334043221402, "z_normalized": 0.13489627838134766}, "left_hip": {"x": 0.5273368954658508, "y": 0.5231814384460449, "z": -0.003921104595065117, "x_normalized": 26.585237300038962, "y_normalized": 26.365693561193517, "z_normalized": -0.003921104595065117}, "right_hip": {"x": 0.5078970193862915, "y": 0.5239946246147156, "z": 0.003914720844477415, "x_normalized": 25.586111062717688, "y_normalized": 26.407487841857677, "z_normalized": 0.003914720844477415}, "left_knee": {"x": 0.5241110324859619, "y": 0.5939881205558777, "z": -0.012234198860824108, "x_normalized": 26.419441781177635, "y_normalized": 30.004853275178917, "z_normalized": -0.012234198860824108}, "right_knee": {"x": 0.5108655095100403, "y": 0.5949723124504089, "z": -0.006115176249295473, "x_normalized": 25.738678720851325, "y_normalized": 30.05543651657206, "z_normalized": -0.006115176249295473}, "left_ankle": {"x": 0.5214666724205017, "y": 0.649705171585083, "z": 0.053953226655721664, "x_normalized": 26.283533017587114, "y_normalized": 32.868470683109905, "z_normalized": 0.053953226655721664}, "right_ankle": {"x": 0.5147228240966797, "y": 0.6504706144332886, "z": 0.05548781529068947, "x_normalized": 25.936928143498925, "y_normalized": 32.907811161911425, "z_normalized": 0.05548781529068947}, "left_heel": {"x": 0.521160364151001, "y": 0.6559275388717651, "z": 0.05820794403553009, "x_normalized": 26.267790086535797, "y_normalized": 33.18827366893812, "z_normalized": 0.05820794403553009}, "right_heel": {"x": 0.516442060470581, "y": 0.65692138671875, "z": 0.058837197721004486, "x_normalized": 26.025289517938347, "y_normalized": 33.23935318486529, "z_normalized": 0.058837197721004486}, "left_foot_index": {"x": 0.5212668776512146, "y": 0.6700246930122375, "z": 0.014452814124524593, "x_normalized": 26.27326442352523, "y_normalized": 33.912806917795514, "z_normalized": 0.014452814124524593}, "right_foot_index": {"x": 0.5115516185760498, "y": 0.6718994379043579, "z": 0.015808777883648872, "x_normalized": 25.773941783573978, "y_normalized": 34.00916076297106, "z_normalized": 0.015808777883648872}}}