{"sequence_id": 1697925405990398000, "sequence_source": "mediapipe", "frame_number": 450, "image_dimensions": {"height": 1080, "width": 1920}, "joint_positions": {"nose": {"x": 0.5272300243377686, "y": 0.42274537682533264, "z": -0.07309059053659439, "x_normalized": 28.139055369232672, "y_normalized": 22.45815413830599, "z_normalized": -0.07309059053659439}, "left_eye_inner": {"x": 0.5288392901420593, "y": 0.4193085730075836, "z": -0.06676576286554337, "x_normalized": 28.226550080841314, "y_normalized": 22.27129740022849, "z_normalized": -0.06676576286554337}, "left_eye": {"x": 0.5298670530319214, "y": 0.4195384681224823, "z": -0.06673652678728104, "x_normalized": 28.282428865695117, "y_normalized": 22.28379664474401, "z_normalized": -0.06673652678728104}, "left_eye_outer": {"x": 0.5309257507324219, "y": 0.41972973942756653, "z": -0.06676388531923294, "x_normalized": 28.33998955563151, "y_normalized": 22.294195938404968, "z_normalized": -0.06676388531923294}, "right_eye_inner": {"x": 0.5260061621665955, "y": 0.41909393668174744, "z": -0.06771953403949738, "x_normalized": 28.072514796861093, "y_normalized": 22.25962776592712, "z_normalized": -0.06771953403949738}, "right_eye": {"x": 0.5249871611595154, "y": 0.4192463159561157, "z": -0.06774935126304626, "x_normalized": 28.017112389747446, "y_normalized": 22.267912525741465, "z_normalized": -0.06774935126304626}, "right_eye_outer": {"x": 0.5239784121513367, "y": 0.4193761944770813, "z": -0.0677163302898407, "x_normalized": 27.96226737699643, "y_normalized": 22.27497393455643, "z_normalized": -0.0677163302898407}, "left_ear": {"x": 0.5331849455833435, "y": 0.42239466309547424, "z": -0.027685821056365967, "x_normalized": 28.462820477299072, "y_normalized": 22.439086066040154, "z_normalized": -0.027685821056365967}, "right_ear": {"x": 0.5221326947212219, "y": 0.4226923882961273, "z": -0.03311727195978165, "x_normalized": 27.861916947733373, "y_normalized": 22.45527318721076, "z_normalized": -0.03311727195978165}, "mouth_left": {"x": 0.5292510390281677, "y": 0.42887938022613525, "z": -0.058711934834718704, "x_normalized": 28.248936593963744, "y_normalized": 22.791655824061497, "z_normalized": -0.058711934834718704}, "mouth_right": {"x": 0.5255514979362488, "y": 0.4292612671852112, "z": -0.06020789593458176, "x_normalized": 28.047795005011366, "y_normalized": 22.812418764069516, "z_normalized": -0.06020789593458176}, "left_shoulder": {"x": 0.5423885583877563, "y": 0.44823646545410156, "z": 0.0028287714812904596, "x_normalized": 28.963214785021663, "y_normalized": 23.84408767533746, "z_normalized": 0.0028287714812904596}, "right_shoulder": {"x": 0.5130513906478882, "y": 0.44841212034225464, "z": 0.0029243489261716604, "x_normalized": 27.368172484383575, "y_normalized": 23.85363791479487, "z_normalized": 0.0029243489261716604}, "left_elbow": {"x": 0.5562782287597656, "y": 0.46091020107269287, "z": 0.058829449117183685, "x_normalized": 29.71838692644031, "y_normalized": 24.5331502528161, "z_normalized": 0.058829449117183685}, "right_elbow": {"x": 0.500195324420929, "y": 0.458174467086792, "z": 0.055923473089933395, "x_normalized": 26.66919671297883, "y_normalized": 24.384410215280877, "z_normalized": 0.055923473089933395}, "left_wrist": {"x": 0.550876259803772, "y": 0.4776977598667145, "z": 0.10388306528329849, "x_normalized": 29.42468546664212, "y_normalized": 25.445878660627756, "z_normalized": 0.10388306528329849}, "right_wrist": {"x": 0.5099038481712341, "y": 0.47671249508857727, "z": 0.09691563248634338, "x_normalized": 27.197042693061018, "y_normalized": 25.392310469846954, "z_normalized": 0.09691563248634338}, "left_pinky": {"x": 0.5498803853988647, "y": 0.4853919744491577, "z": 0.10830032825469971, "x_normalized": 29.370540437509295, "y_normalized": 25.86420799078001, "z_normalized": 0.10830032825469971}, "right_pinky": {"x": 0.5122277140617371, "y": 0.48400285840034485, "z": 0.09997554123401642, "x_normalized": 27.323389736144016, "y_normalized": 25.7886826749759, "z_normalized": 0.09997554123401642}, "left_index": {"x": 0.5434242486953735, "y": 0.48416218161582947, "z": 0.10119669884443283, "x_normalized": 29.019524578307035, "y_normalized": 25.79734497225098, "z_normalized": 0.10119669884443283}, "right_index": {"x": 0.5142144560813904, "y": 0.482820063829422, "z": 0.0980013757944107, "x_normalized": 27.43140757855815, "y_normalized": 25.724374920719743, "z_normalized": 0.0980013757944107}, "left_thumb": {"x": 0.5441502928733826, "y": 0.4818245768547058, "z": 0.10198048502206802, "x_normalized": 29.058999117442, "y_normalized": 25.67025095590876, "z_normalized": 0.10198048502206802}, "right_thumb": {"x": 0.5139710307121277, "y": 0.48022493720054626, "z": 0.09717979282140732, "x_normalized": 27.418172703110553, "y_normalized": 25.58327961168131, "z_normalized": 0.09717979282140732}, "left_hip": {"x": 0.5351876020431519, "y": 0.5275779962539673, "z": -0.0015860513085499406, "x_normalized": 28.571703577241248, "y_normalized": 28.15783394237006, "z_normalized": -0.0015860513085499406}, "right_hip": {"x": 0.5169932842254639, "y": 0.5248837471008301, "z": 0.001661984366364777, "x_normalized": 27.582490616815367, "y_normalized": 28.011349407604555, "z_normalized": 0.001661984366364777}, "left_knee": {"x": 0.533423662185669, "y": 0.5946716666221619, "z": -0.012490462511777878, "x_normalized": 28.47579934021965, "y_normalized": 31.805672182627518, "z_normalized": -0.012490462511777878}, "right_knee": {"x": 0.5151261687278748, "y": 0.5879096388816833, "z": -0.034418411552906036, "x_normalized": 27.480976788853564, "y_normalized": 31.43802523116349, "z_normalized": -0.034418411552906036}, "left_ankle": {"x": 0.527907133102417, "y": 0.6340999007225037, "z": 0.06368792802095413, "x_normalized": 28.17586932248554, "y_normalized": 33.949359050669706, "z_normalized": 0.06368792802095413}, "right_ankle": {"x": 0.5132073760032654, "y": 0.6484903693199158, "z": 0.00929900724440813, "x_normalized": 27.37665330442431, "y_normalized": 34.73175925856992, "z_normalized": 0.00929900724440813}, "left_heel": {"x": 0.5258718729019165, "y": 0.639336347579956, "z": 0.06907482445240021, "x_normalized": 28.0652135788436, "y_normalized": 34.23406118404332, "z_normalized": 0.06907482445240021}, "right_heel": {"x": 0.5145982503890991, "y": 0.6558129787445068, "z": 0.010556494817137718, "x_normalized": 27.45227421984294, "y_normalized": 35.129884663409236, "z_normalized": 0.010556494817137718}, "left_foot_index": {"x": 0.5303406715393066, "y": 0.6522276401519775, "z": 0.03368391469120979, "x_normalized": 28.30817918898273, "y_normalized": 34.93495218840338, "z_normalized": 0.03368391469120979}, "right_foot_index": {"x": 0.5124664902687073, "y": 0.6701284646987915, "z": -0.03501886501908302, "x_normalized": 27.336371839729487, "y_normalized": 35.90820811486649, "z_normalized": -0.03501886501908302}}}