{"sequence_id": 1697925405990398000, "sequence_source": "mediapipe", "frame_number": 500, "image_dimensions": {"height": 1080, "width": 1920}, "joint_positions": {"nose": {"x": 0.5208297967910767, "y": 0.42656075954437256, "z": -0.089528389275074, "x_normalized": 31.170300987513095, "y_normalized": 25.436999766350844, "z_normalized": -0.089528389275074}, "left_eye_inner": {"x": 0.5226882696151733, "y": 0.4218052625656128, "z": -0.08473776280879974, "x_normalized": 31.28339777945391, "y_normalized": 25.14760546076374, "z_normalized": -0.08473776280879974}, "left_eye": {"x": 0.523805558681488, "y": 0.42183172702789307, "z": -0.08471499383449554, "x_normalized": 31.351390061844242, "y_normalized": 25.149215947473863, "z_normalized": -0.08471499383449554}, "left_eye_outer": {"x": 0.5248630046844482, "y": 0.4218926429748535, "z": -0.08474287390708923, "x_normalized": 31.415740613025193, "y_normalized": 25.152922968685008, "z_normalized": -0.08474287390708923}, "right_eye_inner": {"x": 0.5195303559303284, "y": 0.4214993417263031, "z": -0.08518077433109283, "x_normalized": 31.09122391371253, "y_normalized": 25.12898874220581, "z_normalized": -0.08518077433109283}, "right_eye": {"x": 0.5184837579727173, "y": 0.421352744102478, "z": -0.08520283550024033, "x_normalized": 31.027533516993838, "y_normalized": 25.120067588909514, "z_normalized": -0.08520283550024033}, "right_eye_outer": {"x": 0.5174809694290161, "y": 0.4211755394935608, "z": -0.08517672121524811, "x_normalized": 30.96650912868042, "y_normalized": 25.109283856951848, "z_normalized": -0.08517672121524811}, "left_ear": {"x": 0.5267595052719116, "y": 0.42354831099510193, "z": -0.04903615638613701, "x_normalized": 31.53115157280623, "y_normalized": 25.25367813668167, "z_normalized": -0.04903615638613701}, "right_ear": {"x": 0.5158249735832214, "y": 0.4231486916542053, "z": -0.05183917284011841, "x_normalized": 30.865734010961, "y_normalized": 25.22935942463654, "z_normalized": -0.05183917284011841}, "mouth_left": {"x": 0.5231333374977112, "y": 0.4318333566188812, "z": -0.07586633414030075, "x_normalized": 31.31048224851812, "y_normalized": 25.757862039176004, "z_normalized": -0.07586633414030075}, "mouth_right": {"x": 0.5187761783599854, "y": 0.431940495967865, "z": -0.07670160382986069, "x_normalized": 31.045328669696264, "y_normalized": 25.764381971296388, "z_normalized": -0.07670160382986069}, "left_shoulder": {"x": 0.5360418558120728, "y": 0.445778489112854, "z": -0.018359431996941566, "x_normalized": 32.09602615916053, "y_normalized": 26.606488786798483, "z_normalized": -0.018359431996941566}, "right_shoulder": {"x": 0.5078422427177429, "y": 0.44821831583976746, "z": -0.011960288509726524, "x_normalized": 30.37994738007423, "y_normalized": 26.754963691638423, "z_normalized": -0.011960288509726524}, "left_elbow": {"x": 0.5525729656219482, "y": 0.4554862082004547, "z": 0.036632977426052094, "x_normalized": 33.10202176075184, "y_normalized": 27.197249045240195, "z_normalized": 0.036632977426052094}, "right_elbow": {"x": 0.5031948089599609, "y": 0.45599013566970825, "z": 0.05593311786651611, "x_normalized": 30.09712922855347, "y_normalized": 27.227915396345505, "z_normalized": 0.05593311786651611}, "left_wrist": {"x": 0.5456495881080627, "y": 0.4741303026676178, "z": 0.07633136957883835, "x_normalized": 32.68070175216027, "y_normalized": 28.331829678079163, "z_normalized": 0.07633136957883835}, "right_wrist": {"x": 0.5087478160858154, "y": 0.4762667715549469, "z": 0.10912129282951355, "x_normalized": 30.435055768783556, "y_normalized": 28.461843834920938, "z_normalized": 0.10912129282951355}, "left_pinky": {"x": 0.5424894094467163, "y": 0.4801182448863983, "z": 0.08288788795471191, "x_normalized": 32.48839005197072, "y_normalized": 28.69622405957904, "z_normalized": 0.08288788795471191}, "right_pinky": {"x": 0.5112578868865967, "y": 0.4819141626358032, "z": 0.11561482399702072, "x_normalized": 30.58780535512774, "y_normalized": 28.80551408169491, "z_normalized": 0.11561482399702072}, "left_index": {"x": 0.5410796403884888, "y": 0.47918617725372314, "z": 0.07492633163928986, "x_normalized": 32.402598989655644, "y_normalized": 28.63950337054843, "z_normalized": 0.07492633163928986}, "right_index": {"x": 0.5129259824752808, "y": 0.480729341506958, "z": 0.11169197410345078, "x_normalized": 30.689316798978144, "y_normalized": 28.7334121564159, "z_normalized": 0.11169197410345078}, "left_thumb": {"x": 0.5414100289344788, "y": 0.47709643840789795, "z": 0.0746321752667427, "x_normalized": 32.422704682975976, "y_normalized": 28.512332956005615, "z_normalized": 0.0746321752667427}, "right_thumb": {"x": 0.5122724771499634, "y": 0.4787431061267853, "z": 0.10898064076900482, "x_normalized": 30.649547933460532, "y_normalized": 28.612540413431944, "z_normalized": 0.10898064076900482}, "left_hip": {"x": 0.5328479409217834, "y": 0.5209547877311707, "z": -0.004364867694675922, "x_normalized": 31.901661451137805, "y_normalized": 31.181319310806195, "z_normalized": -0.004364867694675922}, "right_hip": {"x": 0.5164241790771484, "y": 0.5214932560920715, "z": 0.0043235658667981625, "x_normalized": 30.902198476944996, "y_normalized": 31.214087637246006, "z_normalized": 0.0043235658667981625}, "left_knee": {"x": 0.5318259000778198, "y": 0.5787035822868347, "z": -0.019523946568369865, "x_normalized": 31.839465470014993, "y_normalized": 34.695604436750564, "z_normalized": -0.019523946568369865}, "right_knee": {"x": 0.5167664885520935, "y": 0.579071581363678, "z": -0.0018736341735348105, "x_normalized": 30.923029614729348, "y_normalized": 34.71799890735488, "z_normalized": -0.0018736341735348105}, "left_ankle": {"x": 0.5286151170730591, "y": 0.6304838061332703, "z": 0.04549821466207504, "x_normalized": 31.644074258075683, "y_normalized": 37.84667402844909, "z_normalized": 0.04549821466207504}, "right_ankle": {"x": 0.5197240710258484, "y": 0.6179852485656738, "z": 0.09283711761236191, "x_normalized": 31.103012386252864, "y_normalized": 37.08607815292435, "z_normalized": 0.09283711761236191}, "left_heel": {"x": 0.5268794894218445, "y": 0.6356230974197388, "z": 0.049759309738874435, "x_normalized": 31.5384531713366, "y_normalized": 38.15942401855534, "z_normalized": 0.049759309738874435}, "right_heel": {"x": 0.5212517380714417, "y": 0.6227056384086609, "z": 0.10029076784849167, "x_normalized": 31.195978094317105, "y_normalized": 37.373336024564914, "z_normalized": 0.10029076784849167}, "left_foot_index": {"x": 0.5298321843147278, "y": 0.6509780287742615, "z": 0.012406122870743275, "x_normalized": 31.718138510629863, "y_normalized": 39.093843642104055, "z_normalized": 0.012406122870743275}, "right_foot_index": {"x": 0.5155114531517029, "y": 0.6365457773208618, "z": 0.07250206172466278, "x_normalized": 30.846654821557255, "y_normalized": 38.215573420070534, "z_normalized": 0.07250206172466278}}}