{"sequence_id": 1697925405990398000, "sequence_source": "mediapipe", "frame_number": 42, "image_dimensions": {"height": 1080, "width": 1920}, "joint_positions": {"nose": {"x": 0.5286451578140259, "y": 0.3977464437484741, "z": -0.12796717882156372, "x_normalized": 14.46034256026569, "y_normalized": 10.68112124791988, "z_normalized": -0.12796717882156372}, "left_eye_inner": {"x": 0.5321866869926453, "y": 0.38789892196655273, "z": -0.11827638745307922, "x_normalized": 14.560712205329208, "y_normalized": 10.40203495040361, "z_normalized": -0.11827638745307922}, "left_eye": {"x": 0.5342080593109131, "y": 0.3877813518047333, "z": -0.11824604868888855, "x_normalized": 14.617999442534707, "y_normalized": 10.398702922113934, "z_normalized": -0.11824604868888855}, "left_eye_outer": {"x": 0.5361131429672241, "y": 0.38776588439941406, "z": -0.1183302029967308, "x_normalized": 14.671990970136575, "y_normalized": 10.39826456401955, "z_normalized": -0.1183302029967308}, "right_eye_inner": {"x": 0.5252743363380432, "y": 0.38838955760002136, "z": -0.11905037611722946, "x_normalized": 14.3648109020319, "y_normalized": 10.415939939436049, "z_normalized": -0.11905037611722946}, "right_eye": {"x": 0.5228663682937622, "y": 0.38863056898117065, "z": -0.11909268796443939, "x_normalized": 14.296567246328632, "y_normalized": 10.422770386274737, "z_normalized": -0.11909268796443939}, "right_eye_outer": {"x": 0.5205215215682983, "y": 0.3889527916908264, "z": -0.11900044232606888, "x_normalized": 14.230112497068339, "y_normalized": 10.43190242426409, "z_normalized": -0.11900044232606888}, "left_ear": {"x": 0.5401986837387085, "y": 0.39348071813583374, "z": -0.048815276473760605, "x_normalized": 14.787778319737425, "y_normalized": 10.560227322136672, "z_normalized": -0.048815276473760605}, "right_ear": {"x": 0.5161109566688538, "y": 0.39468809962272644, "z": -0.05403001978993416, "x_normalized": 14.105113715141194, "y_normalized": 10.594445436737361, "z_normalized": -0.05403001978993416}, "mouth_left": {"x": 0.533305287361145, "y": 0.4097874164581299, "z": -0.10153551399707794, "x_normalized": 14.592414195145373, "y_normalized": 11.022371622019238, "z_normalized": -0.10153551399707794}, "mouth_right": {"x": 0.5235410332679749, "y": 0.409898042678833, "z": -0.10296210646629333, "x_normalized": 14.315687767601567, "y_normalized": 11.025506853707775, "z_normalized": -0.10296210646629333}, "left_shoulder": {"x": 0.5562489032745361, "y": 0.43997329473495483, "z": 0.004641816020011902, "x_normalized": 15.24265381468692, "y_normalized": 11.877862494963729, "z_normalized": 0.004641816020011902}, "right_shoulder": {"x": 0.4984499514102936, "y": 0.4404681324958801, "z": 0.03171256557106972, "x_normalized": 13.6045873210716, "y_normalized": 11.891886575501577, "z_normalized": 0.03171256557106972}, "left_elbow": {"x": 0.5825599431991577, "y": 0.46650630235671997, "z": 0.12413036078214645, "x_normalized": 15.988328805713202, "y_normalized": 12.629828220261624, "z_normalized": 0.12413036078214645}, "right_elbow": {"x": 0.4804546535015106, "y": 0.45540791749954224, "z": 0.1788128763437271, "x_normalized": 13.094586817667324, "y_normalized": 12.31529150668088, "z_normalized": 0.1788128763437271}, "left_wrist": {"x": 0.5642918348312378, "y": 0.5093984603881836, "z": 0.24531613290309906, "x_normalized": 15.470596645283903, "y_normalized": 13.845424777708203, "z_normalized": 0.24531613290309906}, "right_wrist": {"x": 0.48946622014045715, "y": 0.49700894951820374, "z": 0.3082810938358307, "x_normalized": 13.349981507192346, "y_normalized": 13.494296565624616, "z_normalized": 0.3082810938358307}, "left_pinky": {"x": 0.5593910813331604, "y": 0.5208594799041748, "z": 0.2593676745891571, "x_normalized": 15.331705543633408, "y_normalized": 14.170238834819695, "z_normalized": 0.2593676745891571}, "right_pinky": {"x": 0.4930086135864258, "y": 0.5111066102981567, "z": 0.32451629638671875, "x_normalized": 13.450375646253432, "y_normalized": 13.893835052347285, "z_normalized": 0.32451629638671875}, "left_index": {"x": 0.5565561652183533, "y": 0.5193638205528259, "z": 0.2474646121263504, "x_normalized": 15.251361853132186, "y_normalized": 14.1278507050996, "z_normalized": 0.2474646121263504}, "right_index": {"x": 0.49616825580596924, "y": 0.508646547794342, "z": 0.3175906538963318, "x_normalized": 13.539922322874888, "y_normalized": 13.824114999825168, "z_normalized": 0.3175906538963318}, "left_thumb": {"x": 0.5570542216300964, "y": 0.5141312479972839, "z": 0.24384920299053192, "x_normalized": 15.265477152695455, "y_normalized": 13.979555597624701, "z_normalized": 0.24384920299053192}, "right_thumb": {"x": 0.4957881271839142, "y": 0.502716064453125, "z": 0.30808502435684204, "x_normalized": 13.529149187048565, "y_normalized": 13.656040567004851, "z_normalized": 0.30808502435684204}, "left_hip": {"x": 0.5394931435585022, "y": 0.5920382738113403, "z": -0.006883135065436363, "x_normalized": 14.767782771516936, "y_normalized": 16.187500283247626, "z_normalized": -0.006883135065436363}, "right_hip": {"x": 0.5042377710342407, "y": 0.5905959606170654, "z": 0.006942161824554205, "x_normalized": 13.7686185550522, "y_normalized": 16.14662402441182, "z_normalized": 0.006942161824554205}, "left_knee": {"x": 0.5325065851211548, "y": 0.712090015411377, "z": -0.03899189457297325, "x_normalized": 14.569778362911313, "y_normalized": 19.589858441524957, "z_normalized": -0.03899189457297325}, "right_knee": {"x": 0.5039644241333008, "y": 0.7150059938430786, "z": -0.03397297114133835, "x_normalized": 13.760871694856275, "y_normalized": 19.672499500073812, "z_normalized": -0.03397297114133835}, "left_ankle": {"x": 0.5248833298683167, "y": 0.8055773973464966, "z": 0.11416216939687729, "x_normalized": 14.35372947968448, "y_normalized": 22.23936233362714, "z_normalized": 0.11416216939687729}, "right_ankle": {"x": 0.5072742104530334, "y": 0.807209312915802, "z": 0.11037573218345642, "x_normalized": 13.854673570089492, "y_normalized": 22.285612068756716, "z_normalized": 0.11037573218345642}, "left_heel": {"x": 0.522205114364624, "y": 0.8136711120605469, "z": 0.12607677280902863, "x_normalized": 14.277826804328283, "y_normalized": 22.46874439773632, "z_normalized": 0.12607677280902863}, "right_heel": {"x": 0.5087534189224243, "y": 0.8164728879928589, "z": 0.1209302470088005, "x_normalized": 13.896595469235214, "y_normalized": 22.54814887012395, "z_normalized": 0.1209302470088005}, "left_foot_index": {"x": 0.5227438807487488, "y": 0.8425841927528381, "z": 0.05438787862658501, "x_normalized": 14.293095855639006, "y_normalized": 23.288163213850506, "z_normalized": 0.05438787862658501}, "right_foot_index": {"x": 0.5039664506912231, "y": 0.84410160779953, "z": 0.04712116718292236, "x_normalized": 13.760929129057466, "y_normalized": 23.331167916612795, "z_normalized": 0.04712116718292236}}}