{"sequence_id": 1697925405990398000, "sequence_source": "mediapipe", "frame_number": 104, "image_dimensions": {"height": 1080, "width": 1920}, "joint_positions": {"nose": {"x": 0.5199418663978577, "y": 0.4019452631473541, "z": -0.19338886439800262, "x_normalized": 16.07628064682648, "y_normalized": 12.23822316116046, "z_normalized": -0.19338886439800262}, "left_eye_inner": {"x": 0.5226303935050964, "y": 0.3936988413333893, "z": -0.1883414089679718, "x_normalized": 16.162084002252747, "y_normalized": 11.975041636974433, "z_normalized": -0.1883414089679718}, "left_eye": {"x": 0.5244463682174683, "y": 0.39384725689888, "z": -0.18827280402183533, "x_normalized": 16.220040168389673, "y_normalized": 11.979778265250303, "z_normalized": -0.18827280402183533}, "left_eye_outer": {"x": 0.5261266231536865, "y": 0.3939724564552307, "z": -0.1883460134267807, "x_normalized": 16.27366488770565, "y_normalized": 11.983773963119164, "z_normalized": -0.1883460134267807}, "right_eye_inner": {"x": 0.5172316431999207, "y": 0.3937339782714844, "z": -0.18732574582099915, "x_normalized": 15.989784868632174, "y_normalized": 11.976163019451793, "z_normalized": -0.18732574582099915}, "right_eye": {"x": 0.5153367519378662, "y": 0.39416781067848206, "z": -0.18737640976905823, "x_normalized": 15.929310109789526, "y_normalized": 11.990008621422042, "z_normalized": -0.18737640976905823}, "right_eye_outer": {"x": 0.5134286284446716, "y": 0.3945901095867157, "z": -0.1873393952846527, "x_normalized": 15.868413049148788, "y_normalized": 12.003486136014228, "z_normalized": -0.1873393952846527}, "left_ear": {"x": 0.5300624370574951, "y": 0.4009626805782318, "z": -0.12305141985416412, "x_normalized": 16.399274943252745, "y_normalized": 12.206864399261777, "z_normalized": -0.12305141985416412}, "right_ear": {"x": 0.5094732046127319, "y": 0.4016857445240021, "z": -0.13047750294208527, "x_normalized": 15.742177149945967, "y_normalized": 12.22994071958892, "z_normalized": -0.13047750294208527}, "mouth_left": {"x": 0.5243918299674988, "y": 0.4132990837097168, "z": -0.17096300423145294, "x_normalized": 16.218299600167814, "y_normalized": 12.600576175394716, "z_normalized": -0.17096300423145294}, "mouth_right": {"x": 0.5164371728897095, "y": 0.41346418857574463, "z": -0.1738928258419037, "x_normalized": 15.96442964040363, "y_normalized": 12.605845436569076, "z_normalized": -0.1738928258419037}, "left_shoulder": {"x": 0.5465071797370911, "y": 0.4508439898490906, "z": -0.06539427489042282, "x_normalized": 16.924102867520933, "y_normalized": 13.798808068704929, "z_normalized": -0.06539427489042282}, "right_shoulder": {"x": 0.49351966381073, "y": 0.4487225413322449, "z": -0.0592784509062767, "x_normalized": 15.23302575323659, "y_normalized": 13.73110281826526, "z_normalized": -0.0592784509062767}, "left_elbow": {"x": 0.5750407576560974, "y": 0.4722861051559448, "z": 0.04472343623638153, "x_normalized": 17.834741529551046, "y_normalized": 14.483125305384974, "z_normalized": 0.04472343623638153}, "right_elbow": {"x": 0.4787594974040985, "y": 0.4615381062030792, "z": 0.056105371564626694, "x_normalized": 14.76196046215988, "y_normalized": 14.140106865365958, "z_normalized": 0.056105371564626694}, "left_wrist": {"x": 0.5561596751213074, "y": 0.4963075518608093, "z": 0.1347050666809082, "x_normalized": 17.232158713404864, "y_normalized": 15.249760956526869, "z_normalized": 0.1347050666809082}, "right_wrist": {"x": 0.49172791838645935, "y": 0.48362213373184204, "z": 0.15868204832077026, "x_normalized": 15.175842855932654, "y_normalized": 14.844910494904228, "z_normalized": 0.15868204832077026}, "left_pinky": {"x": 0.5515350103378296, "y": 0.5067513585090637, "z": 0.1494375318288803, "x_normalized": 17.084564234972536, "y_normalized": 15.583071210840703, "z_normalized": 0.1494375318288803}, "right_pinky": {"x": 0.4953221380710602, "y": 0.4977560043334961, "z": 0.16961288452148438, "x_normalized": 15.29055105740384, "y_normalized": 15.295987785334871, "z_normalized": 0.16961288452148438}, "left_index": {"x": 0.5487400889396667, "y": 0.5065491199493408, "z": 0.13676805794239044, "x_normalized": 16.995365344818385, "y_normalized": 15.576616841467196, "z_normalized": 0.13676805794239044}, "right_index": {"x": 0.49818646907806396, "y": 0.49675774574279785, "z": 0.16301442682743073, "x_normalized": 15.38196512973761, "y_normalized": 15.264128728963675, "z_normalized": 0.16301442682743073}, "left_thumb": {"x": 0.5496335625648499, "y": 0.5011143088340759, "z": 0.13356289267539978, "x_normalized": 17.023880227491194, "y_normalized": 15.40316684033381, "z_normalized": 0.13356289267539978}, "right_thumb": {"x": 0.49826323986053467, "y": 0.4941931366920471, "z": 0.15855009853839874, "x_normalized": 15.384415241070672, "y_normalized": 15.182280172808706, "z_normalized": 0.15855009853839874}, "left_hip": {"x": 0.5331347584724426, "y": 0.5893111228942871, "z": -0.010009648278355598, "x_normalized": 16.497326953083963, "y_normalized": 18.217935776044843, "z_normalized": -0.010009648278355598}, "right_hip": {"x": 0.5018114447593689, "y": 0.5901135206222534, "z": 0.010012984275817871, "x_normalized": 15.497654897550305, "y_normalized": 18.24354400490017, "z_normalized": 0.010012984275817871}, "left_knee": {"x": 0.5310559868812561, "y": 0.7002623677253723, "z": -0.04323800653219223, "x_normalized": 16.43098372105615, "y_normalized": 21.75890401460051, "z_normalized": -0.04323800653219223}, "right_knee": {"x": 0.5027403235435486, "y": 0.6925397515296936, "z": 0.025287289172410965, "x_normalized": 15.527299722872055, "y_normalized": 21.512439554385708, "z_normalized": 0.025287289172410965}, "left_ankle": {"x": 0.5257607698440552, "y": 0.7967700958251953, "z": 0.05336723476648331, "x_normalized": 16.261988813666576, "y_normalized": 24.83891272019817, "z_normalized": 0.05336723476648331}, "right_ankle": {"x": 0.5103833675384521, "y": 0.7619211077690125, "z": 0.22731918096542358, "x_normalized": 15.771224665517266, "y_normalized": 23.726720062597842, "z_normalized": 0.22731918096542358}, "left_heel": {"x": 0.5233309864997864, "y": 0.8034210205078125, "z": 0.05893988534808159, "x_normalized": 16.184443170427276, "y_normalized": 25.051174539288418, "z_normalized": 0.05893988534808159}, "right_heel": {"x": 0.512876570224762, "y": 0.771058976650238, "z": 0.24511215090751648, "x_normalized": 15.85079431377083, "y_normalized": 24.01835179260472, "z_normalized": 0.24511215090751648}, "left_foot_index": {"x": 0.524050235748291, "y": 0.8369385004043579, "z": -0.018381770700216293, "x_normalized": 16.207397746091907, "y_normalized": 26.120872602890888, "z_normalized": -0.018381770700216293}, "right_foot_index": {"x": 0.503417432308197, "y": 0.7980297803878784, "z": 0.20277944207191467, "x_normalized": 15.548909400467995, "y_normalized": 24.879115090472162, "z_normalized": 0.20277944207191467}}}