{"sequence_id": 1697925405990398000, "sequence_source": "mediapipe", "frame_number": 184, "image_dimensions": {"height": 1080, "width": 1920}, "joint_positions": {"nose": {"x": 0.5137402415275574, "y": 0.4050537645816803, "z": -0.17446833848953247, "x_normalized": 19.23303455039355, "y_normalized": 15.01434409701125, "z_normalized": -0.17446833848953247}, "left_eye_inner": {"x": 0.5158721804618835, "y": 0.39930716156959534, "z": -0.16654500365257263, "x_normalized": 19.31500258320879, "y_normalized": 14.7934007403857, "z_normalized": -0.16654500365257263}, "left_eye": {"x": 0.517405092716217, "y": 0.3993852138519287, "z": -0.16649627685546875, "x_normalized": 19.373939450462824, "y_normalized": 14.79640166688345, "z_normalized": -0.16649627685546875}, "left_eye_outer": {"x": 0.5188853740692139, "y": 0.39939630031585693, "z": -0.16653591394424438, "x_normalized": 19.430852783469042, "y_normalized": 14.796827915320701, "z_normalized": -0.16653591394424438}, "right_eye_inner": {"x": 0.5111135840415955, "y": 0.3994143307209015, "z": -0.1669171154499054, "x_normalized": 19.132045753980503, "y_normalized": 14.797521141945802, "z_normalized": -0.1669171154499054}, "right_eye": {"x": 0.5093458294868469, "y": 0.3997892737388611, "z": -0.1669633686542511, "x_normalized": 19.06407975316317, "y_normalized": 14.811936818260504, "z_normalized": -0.1669633686542511}, "right_eye_outer": {"x": 0.5076449513435364, "y": 0.4001729190349579, "z": -0.16691656410694122, "x_normalized": 18.998684992918943, "y_normalized": 14.826687076681868, "z_normalized": -0.16691656410694122}, "left_ear": {"x": 0.5225154161453247, "y": 0.40373289585113525, "z": -0.11040640622377396, "x_normalized": 19.570419355111675, "y_normalized": 14.96355980403423, "z_normalized": -0.11040640622377396}, "right_ear": {"x": 0.504356324672699, "y": 0.4062793552875519, "z": -0.11059658229351044, "x_normalized": 18.872245039817063, "y_normalized": 15.061465174251994, "z_normalized": -0.11059658229351044}, "mouth_left": {"x": 0.5173280835151672, "y": 0.4141814112663269, "z": -0.15298546850681305, "x_normalized": 19.370978627984705, "y_normalized": 15.365280622878245, "z_normalized": -0.15298546850681305}, "mouth_right": {"x": 0.5113255977630615, "y": 0.41512036323547363, "z": -0.15426819026470184, "x_normalized": 19.140197182428384, "y_normalized": 15.401381115523584, "z_normalized": -0.15426819026470184}, "left_shoulder": {"x": 0.5363806486129761, "y": 0.4419449269771576, "z": -0.053211603313684464, "x_normalized": 20.103504900668614, "y_normalized": 16.432722438499958, "z_normalized": -0.053211603313684464}, "right_shoulder": {"x": 0.4936574697494507, "y": 0.4499284327030182, "z": -0.04835754260420799, "x_normalized": 18.460899256260902, "y_normalized": 16.739669438145054, "z_normalized": -0.04835754260420799}, "left_elbow": {"x": 0.5547743439674377, "y": 0.45572200417518616, "z": 0.05614791810512543, "x_normalized": 20.81069918289346, "y_normalized": 16.962418621483263, "z_normalized": 0.05614791810512543}, "right_elbow": {"x": 0.47877320647239685, "y": 0.4655790328979492, "z": 0.050478339195251465, "x_normalized": 17.88863437517987, "y_normalized": 17.34139816953657, "z_normalized": 0.050478339195251465}, "left_wrist": {"x": 0.5487211346626282, "y": 0.47385451197624207, "z": 0.14729060232639313, "x_normalized": 20.577967536153796, "y_normalized": 17.659570857191774, "z_normalized": 0.14729060232639313}, "right_wrist": {"x": 0.48762547969818115, "y": 0.48678770661354065, "z": 0.1313289999961853, "x_normalized": 18.228983439863505, "y_normalized": 18.156821742462093, "z_normalized": 0.1313289999961853}, "left_pinky": {"x": 0.5483455657958984, "y": 0.48153775930404663, "z": 0.16328804194927216, "x_normalized": 20.563527797427316, "y_normalized": 17.954973628327956, "z_normalized": 0.16328804194927216}, "right_pinky": {"x": 0.4899769723415375, "y": 0.49369630217552185, "z": 0.14465570449829102, "x_normalized": 18.319392795897123, "y_normalized": 18.422440976959848, "z_normalized": 0.14465570449829102}, "left_index": {"x": 0.5453077554702759, "y": 0.480833500623703, "z": 0.15246950089931488, "x_normalized": 20.4467311423037, "y_normalized": 17.927896540100257, "z_normalized": 0.15246950089931488}, "right_index": {"x": 0.49203336238861084, "y": 0.4887559115886688, "z": 0.13917812705039978, "x_normalized": 18.39845615186173, "y_normalized": 18.232494590023936, "z_normalized": 0.13917812705039978}, "left_thumb": {"x": 0.5454159379005432, "y": 0.4787823259830475, "z": 0.1459256112575531, "x_normalized": 20.450890502054307, "y_normalized": 17.849033704233815, "z_normalized": 0.1459256112575531}, "right_thumb": {"x": 0.492069810628891, "y": 0.49128755927085876, "z": 0.1322299689054489, "x_normalized": 18.399857500890654, "y_normalized": 18.329830483162898, "z_normalized": 0.1322299689054489}, "left_hip": {"x": 0.5320723056793213, "y": 0.559147834777832, "z": -0.0011050606844946742, "x_normalized": 19.9378592579726, "y_normalized": 20.93889831341233, "z_normalized": -0.0011050606844946742}, "right_hip": {"x": 0.5060641765594482, "y": 0.558891236782074, "z": 0.0010332170641049743, "x_normalized": 18.937907924078274, "y_normalized": 20.92903272458238, "z_normalized": 0.0010332170641049743}, "left_knee": {"x": 0.5276831388473511, "y": 0.6524927616119385, "z": -0.006068001501262188, "x_normalized": 19.769106126669524, "y_normalized": 24.527790988845513, "z_normalized": -0.006068001501262188}, "right_knee": {"x": 0.5089206695556641, "y": 0.649654746055603, "z": -0.019719475880265236, "x_normalized": 19.04773335476038, "y_normalized": 24.418675972225497, "z_normalized": -0.019719475880265236}, "left_ankle": {"x": 0.5198025107383728, "y": 0.7223337888717651, "z": 0.10186044126749039, "x_normalized": 19.466114529189465, "y_normalized": 27.213014060721527, "z_normalized": 0.10186044126749039}, "right_ankle": {"x": 0.5042052865028381, "y": 0.7265831828117371, "z": 0.07595927268266678, "x_normalized": 18.86643797777407, "y_normalized": 27.37639325339366, "z_normalized": 0.07595927268266678}, "left_heel": {"x": 0.5157879590988159, "y": 0.7305724620819092, "z": 0.10942468047142029, "x_normalized": 19.311764470080632, "y_normalized": 27.529771649398217, "z_normalized": 0.10942468047142029}, "right_heel": {"x": 0.5043973922729492, "y": 0.7339990735054016, "z": 0.08222771435976028, "x_normalized": 18.87382399236151, "y_normalized": 27.661516791383097, "z_normalized": 0.08222771435976028}, "left_foot_index": {"x": 0.5252525806427002, "y": 0.7492558360099792, "z": 0.052910562604665756, "x_normalized": 19.675656885947653, "y_normalized": 28.248103390789975, "z_normalized": 0.052910562604665756}, "right_foot_index": {"x": 0.5031411647796631, "y": 0.757811963558197, "z": 0.01831558719277382, "x_normalized": 18.82552500277266, "y_normalized": 28.577066351384968, "z_normalized": 0.01831558719277382}}}