{"sequence_id": 1697925405990398000, "sequence_source": "mediapipe", "frame_number": 117, "image_dimensions": {"height": 1080, "width": 1920}, "joint_positions": {"nose": {"x": 0.5135506391525269, "y": 0.40188533067703247, "z": -0.15109281241893768, "x_normalized": 16.682148961525904, "y_normalized": 12.87169137934088, "z_normalized": -0.15109281241893768}, "left_eye_inner": {"x": 0.516129732131958, "y": 0.3961508572101593, "z": -0.14175942540168762, "x_normalized": 16.768496958099053, "y_normalized": 12.679701288554934, "z_normalized": -0.14175942540168762}, "left_eye": {"x": 0.5178966522216797, "y": 0.39633017778396606, "z": -0.14171700179576874, "x_normalized": 16.82765341778046, "y_normalized": 12.685704938836661, "z_normalized": -0.14171700179576874}, "left_eye_outer": {"x": 0.519641101360321, "y": 0.3964420258998871, "z": -0.14174465835094452, "x_normalized": 16.886057550336652, "y_normalized": 12.689449612180075, "z_normalized": -0.14174465835094452}, "right_eye_inner": {"x": 0.5110201835632324, "y": 0.39547955989837646, "z": -0.14675666391849518, "x_normalized": 16.5974293440885, "y_normalized": 12.65722626402512, "z_normalized": -0.14675666391849518}, "right_eye": {"x": 0.5092352032661438, "y": 0.3953084945678711, "z": -0.1467999964952469, "x_normalized": 16.537668228919188, "y_normalized": 12.651498999172683, "z_normalized": -0.1467999964952469}, "right_eye_outer": {"x": 0.5074188113212585, "y": 0.3951103091239929, "z": -0.1468147486448288, "x_normalized": 16.476855452224708, "y_normalized": 12.644863753307053, "z_normalized": -0.1468147486448288}, "left_ear": {"x": 0.5227124094963074, "y": 0.401170551776886, "z": -0.08315561711788177, "x_normalized": 16.988884903408554, "y_normalized": 12.84776059184596, "z_normalized": -0.08315561711788177}, "right_ear": {"x": 0.503109335899353, "y": 0.40099552273750305, "z": -0.10455892235040665, "x_normalized": 16.332574275884625, "y_normalized": 12.84190062207621, "z_normalized": -0.10455892235040665}, "mouth_left": {"x": 0.5172592997550964, "y": 0.41067853569984436, "z": -0.1285439282655716, "x_normalized": 16.806314866189133, "y_normalized": 13.16608775947613, "z_normalized": -0.1285439282655716}, "mouth_right": {"x": 0.5096515417098999, "y": 0.4106587767601013, "z": -0.1350216269493103, "x_normalized": 16.55160723414367, "y_normalized": 13.165426230452233, "z_normalized": -0.1350216269493103}, "left_shoulder": {"x": 0.5375311374664307, "y": 0.4521760046482086, "z": -0.028381578624248505, "x_normalized": 17.485015706829557, "y_normalized": 14.555422434543978, "z_normalized": -0.028381578624248505}, "right_shoulder": {"x": 0.4866052567958832, "y": 0.45000123977661133, "z": -0.05427428334951401, "x_normalized": 15.78001794029112, "y_normalized": 14.482611337318042, "z_normalized": -0.05427428334951401}, "left_elbow": {"x": 0.5620792508125305, "y": 0.47155290842056274, "z": 0.06545425951480865, "x_normalized": 18.306886195404903, "y_normalized": 15.204160899530425, "z_normalized": 0.06545425951480865}, "right_elbow": {"x": 0.4756900668144226, "y": 0.46678468585014343, "z": -0.0008923969580791891, "x_normalized": 15.414577533670995, "y_normalized": 15.044520875128748, "z_normalized": -0.0008923969580791891}, "left_wrist": {"x": 0.5514898300170898, "y": 0.49589890241622925, "z": 0.12304112315177917, "x_normalized": 17.952352536537735, "y_normalized": 16.019264435104162, "z_normalized": 0.12304112315177917}, "right_wrist": {"x": 0.49216029047966003, "y": 0.46908578276634216, "z": 0.04297081008553505, "x_normalized": 15.966000389670008, "y_normalized": 15.121561567426022, "z_normalized": 0.04297081008553505}, "left_pinky": {"x": 0.5472425818443298, "y": 0.5072346329689026, "z": 0.1316021978855133, "x_normalized": 17.810154727621327, "y_normalized": 16.398784534116754, "z_normalized": 0.1316021978855133}, "right_pinky": {"x": 0.49713823199272156, "y": 0.4688153564929962, "z": 0.038726042956113815, "x_normalized": 16.132661801313255, "y_normalized": 15.112507699608773, "z_normalized": 0.038726042956113815}, "left_index": {"x": 0.5467575788497925, "y": 0.5066179633140564, "z": 0.11902464926242828, "x_normalized": 17.793916834205202, "y_normalized": 16.378138442770652, "z_normalized": 0.11902464926242828}, "right_index": {"x": 0.4976140856742859, "y": 0.4682713747024536, "z": 0.03948666527867317, "x_normalized": 16.14859337586009, "y_normalized": 15.09429519693429, "z_normalized": 0.03948666527867317}, "left_thumb": {"x": 0.5456706881523132, "y": 0.49800267815589905, "z": 0.12012437731027603, "x_normalized": 17.75752774898423, "y_normalized": 16.08969881719447, "z_normalized": 0.12012437731027603}, "right_thumb": {"x": 0.49683600664138794, "y": 0.4675138294696808, "z": 0.043402768671512604, "x_normalized": 16.122543300813504, "y_normalized": 15.068932593226261, "z_normalized": 0.043402768671512604}, "left_hip": {"x": 0.5264016389846802, "y": 0.5821804404258728, "z": -0.004866113420575857, "x_normalized": 17.11240025464255, "y_normalized": 18.907969110662638, "z_normalized": -0.004866113420575857}, "right_hip": {"x": 0.4966367483139038, "y": 0.5846672058105469, "z": 0.0048342300578951836, "x_normalized": 16.11587213481988, "y_normalized": 18.991225980665604, "z_normalized": 0.0048342300578951836}, "left_knee": {"x": 0.5261635780334473, "y": 0.6846888661384583, "z": -0.03829824551939964, "x_normalized": 17.104429977353135, "y_normalized": 22.339949757634734, "z_normalized": -0.03829824551939964}, "right_knee": {"x": 0.5013576149940491, "y": 0.6932181119918823, "z": 0.014566180296242237, "x_normalized": 16.27392668468314, "y_normalized": 22.62550878850203, "z_normalized": 0.014566180296242237}, "left_ankle": {"x": 0.5260040760040283, "y": 0.7831736207008362, "z": 0.051304589956998825, "x_normalized": 17.09908985165797, "y_normalized": 25.637217951251916, "z_normalized": 0.051304589956998825}, "right_ankle": {"x": 0.5112521052360535, "y": 0.764330267906189, "z": 0.15924234688282013, "x_normalized": 16.605194078423285, "y_normalized": 25.00634276547334, "z_normalized": 0.15924234688282013}, "left_heel": {"x": 0.5243385434150696, "y": 0.7911655306816101, "z": 0.056153811514377594, "x_normalized": 17.04332784407203, "y_normalized": 25.904786984682033, "z_normalized": 0.056153811514377594}, "right_heel": {"x": 0.5143494009971619, "y": 0.7724043726921082, "z": 0.17034240067005157, "x_normalized": 16.708891496817717, "y_normalized": 25.27666367982036, "z_normalized": 0.17034240067005157}, "left_foot_index": {"x": 0.5237047076225281, "y": 0.8205535411834717, "z": -0.02608868107199669, "x_normalized": 17.022107030678022, "y_normalized": 26.888697161765347, "z_normalized": -0.02608868107199669}, "right_foot_index": {"x": 0.5041454434394836, "y": 0.7959195971488953, "z": 0.10773331671953201, "x_normalized": 16.367263141713863, "y_normalized": 26.06395306295045, "z_normalized": 0.10773331671953201}}}