{"sequence_id": 1697925405990398000, "sequence_source": "mediapipe", "frame_number": 626, "image_dimensions": {"height": 1080, "width": 1920}, "joint_positions": {"nose": {"x": 0.5278737545013428, "y": 0.41922077536582947, "z": -0.07723847031593323, "x_normalized": 34.64741091322246, "y_normalized": 27.432254691083447, "z_normalized": -0.07723847031593323}, "left_eye_inner": {"x": 0.5290870070457458, "y": 0.4152897596359253, "z": -0.07338869571685791, "x_normalized": 34.72826450934904, "y_normalized": 27.170283875807495, "z_normalized": -0.07338869571685791}, "left_eye": {"x": 0.5299801230430603, "y": 0.41514912247657776, "z": -0.07337621599435806, "x_normalized": 34.78778356041073, "y_normalized": 27.160911531908667, "z_normalized": -0.07337621599435806}, "left_eye_outer": {"x": 0.5308452844619751, "y": 0.4150497019290924, "z": -0.07339643687009811, "x_normalized": 34.845439661996444, "y_normalized": 27.15428594613912, "z_normalized": -0.07339643687009811}, "right_eye_inner": {"x": 0.5265906453132629, "y": 0.4160219430923462, "z": -0.07313346117734909, "x_normalized": 34.56190192949282, "y_normalized": 27.219078057817757, "z_normalized": -0.07313346117734909}, "right_eye": {"x": 0.5257671475410461, "y": 0.4164247214794159, "z": -0.07314623147249222, "x_normalized": 34.507022377339304, "y_normalized": 27.24592002174924, "z_normalized": -0.07314623147249222}, "right_eye_outer": {"x": 0.5249816179275513, "y": 0.4168192446231842, "z": -0.07312755286693573, "x_normalized": 34.454673099847184, "y_normalized": 27.272211839620123, "z_normalized": -0.07312755286693573}, "left_ear": {"x": 0.532692015171051, "y": 0.4175834655761719, "z": -0.04467685520648956, "x_normalized": 34.968509520448414, "y_normalized": 27.323141065006364, "z_normalized": -0.04467685520648956}, "right_ear": {"x": 0.5238952040672302, "y": 0.41996803879737854, "z": -0.04410867393016815, "x_normalized": 34.382272289402614, "y_normalized": 27.482053833045565, "z_normalized": -0.04410867393016815}, "mouth_left": {"x": 0.5302202105522156, "y": 0.4237598776817322, "z": -0.0667961910367012, "x_normalized": 34.80378347616597, "y_normalized": 27.734749622678898, "z_normalized": -0.0667961910367012}, "mouth_right": {"x": 0.5263850092887878, "y": 0.424904465675354, "z": -0.06648162752389908, "x_normalized": 34.548197930149335, "y_normalized": 27.811027274676867, "z_normalized": -0.06648162752389908}, "left_shoulder": {"x": 0.5420266389846802, "y": 0.44131290912628174, "z": -0.01904614455997944, "x_normalized": 35.59058767499458, "y_normalized": 28.904519034465295, "z_normalized": -0.01904614455997944}, "right_shoulder": {"x": 0.5176757574081421, "y": 0.4427323341369629, "z": -0.012387484312057495, "x_normalized": 33.96779582230226, "y_normalized": 28.999112379498865, "z_normalized": -0.012387484312057495}, "left_elbow": {"x": 0.5562559962272644, "y": 0.45230287313461304, "z": 0.02843511290848255, "x_normalized": 36.53886073565299, "y_normalized": 29.63691239763968, "z_normalized": 0.02843511290848255}, "right_elbow": {"x": 0.5131441354751587, "y": 0.45548349618911743, "z": 0.04157811030745506, "x_normalized": 33.665799398509016, "y_normalized": 29.84887553183307, "z_normalized": 0.04157811030745506}, "left_wrist": {"x": 0.5501598715782166, "y": 0.4694090187549591, "z": 0.06542254239320755, "x_normalized": 36.132602695985, "y_normalized": 30.77690043693976, "z_normalized": 0.06542254239320755}, "right_wrist": {"x": 0.5180172920227051, "y": 0.47548529505729675, "z": 0.0747772604227066, "x_normalized": 33.99055637773362, "y_normalized": 31.18183574275807, "z_normalized": 0.0747772604227066}, "left_pinky": {"x": 0.5467707514762878, "y": 0.47506454586982727, "z": 0.07045629620552063, "x_normalized": 35.90674489810943, "y_normalized": 31.15379616844918, "z_normalized": 0.07045629620552063}, "right_pinky": {"x": 0.5214686393737793, "y": 0.48054075241088867, "z": 0.07928649336099625, "x_normalized": 34.22056112497574, "y_normalized": 31.518741615313708, "z_normalized": 0.07928649336099625}, "left_index": {"x": 0.5453493595123291, "y": 0.4743335247039795, "z": 0.06450026482343674, "x_normalized": 35.812020471343004, "y_normalized": 31.10507944382651, "z_normalized": 0.06450026482343674}, "right_index": {"x": 0.5244830846786499, "y": 0.48015928268432617, "z": 0.0749664455652237, "x_normalized": 34.4214498388301, "y_normalized": 31.493319703488105, "z_normalized": 0.0749664455652237}, "left_thumb": {"x": 0.5456120371818542, "y": 0.4718816578388214, "z": 0.0644514188170433, "x_normalized": 35.82952584093917, "y_normalized": 30.941682091654325, "z_normalized": 0.0644514188170433}, "right_thumb": {"x": 0.52348792552948, "y": 0.4768707752227783, "z": 0.07429076731204987, "x_normalized": 34.35513042635507, "y_normalized": 31.274166934856538, "z_normalized": 0.07429076731204987}, "left_hip": {"x": 0.538662850856781, "y": 0.5053777098655701, "z": -0.003479042323306203, "x_normalized": 35.36641805095118, "y_normalized": 33.17392654471506, "z_normalized": -0.003479042323306203}, "right_hip": {"x": 0.523658275604248, "y": 0.5055485963821411, "z": 0.0034705502912402153, "x_normalized": 34.366482898854684, "y_normalized": 33.185314766778184, "z_normalized": 0.0034705502912402153}, "left_knee": {"x": 0.5362401604652405, "y": 0.5586118102073669, "z": -0.01248965784907341, "x_normalized": 35.204965077816276, "y_normalized": 36.72155433997762, "z_normalized": -0.01248965784907341}, "right_knee": {"x": 0.5244907140731812, "y": 0.5573471188545227, "z": -0.010600393638014793, "x_normalized": 34.421958277066615, "y_normalized": 36.63727275792831, "z_normalized": -0.010600393638014793}, "left_ankle": {"x": 0.5336164236068726, "y": 0.6059691309928894, "z": 0.01879875175654888, "x_normalized": 35.030113962714545, "y_normalized": 39.877541694871915, "z_normalized": 0.01879875175654888}, "right_ankle": {"x": 0.5270065069198608, "y": 0.6064704060554504, "z": 0.023309098556637764, "x_normalized": 34.58961578555645, "y_normalized": 39.910947675880244, "z_normalized": 0.023309098556637764}, "left_heel": {"x": 0.533196210861206, "y": 0.6124723553657532, "z": 0.019755112007260323, "x_normalized": 35.002110137969154, "y_normalized": 40.31092968106629, "z_normalized": 0.019755112007260323}, "right_heel": {"x": 0.5282509922981262, "y": 0.6124862432479858, "z": 0.024377761408686638, "x_normalized": 34.67255080071374, "y_normalized": 40.31185519754369, "z_normalized": 0.024377761408686638}, "left_foot_index": {"x": 0.5350820422172546, "y": 0.6213803291320801, "z": -0.015630556270480156, "x_normalized": 35.127785742383246, "y_normalized": 40.904575016105014, "z_normalized": -0.015630556270480156}, "right_foot_index": {"x": 0.5247137546539307, "y": 0.6209122538566589, "z": -0.009747595526278019, "x_normalized": 34.43682215113714, "y_normalized": 40.87338153586026, "z_normalized": -0.009747595526278019}}}