{"sequence_id": 1697925405990398000, "sequence_source": "mediapipe", "frame_number": 426, "image_dimensions": {"height": 1080, "width": 1920}, "joint_positions": {"nose": {"x": 0.5136063098907471, "y": 0.41852012276649475, "z": -0.06169145181775093, "x_normalized": 27.746423701235177, "y_normalized": 22.503181496818822, "z_normalized": -0.06169145181775093}, "left_eye_inner": {"x": 0.5152432322502136, "y": 0.41556984186172485, "z": -0.05513881519436836, "x_normalized": 27.836499817063142, "y_normalized": 22.340834246220023, "z_normalized": -0.05513881519436836}, "left_eye": {"x": 0.5162594318389893, "y": 0.41583117842674255, "z": -0.05510761961340904, "x_normalized": 27.89241897005994, "y_normalized": 22.355215003233013, "z_normalized": -0.05510761961340904}, "left_eye_outer": {"x": 0.5173529982566833, "y": 0.41601890325546265, "z": -0.0551297701895237, "x_normalized": 27.9525954437553, "y_normalized": 22.365545073756998, "z_normalized": -0.0551297701895237}, "right_eye_inner": {"x": 0.5127351880073547, "y": 0.41525426506996155, "z": -0.05715964362025261, "x_normalized": 27.698487844525214, "y_normalized": 22.323468772846716, "z_normalized": -0.05715964362025261}, "right_eye": {"x": 0.511948823928833, "y": 0.41546306014060974, "z": -0.05718697980046272, "x_normalized": 27.65521601711676, "y_normalized": 22.3349582908799, "z_normalized": -0.05718697980046272}, "right_eye_outer": {"x": 0.5111829042434692, "y": 0.4156325161457062, "z": -0.05715036764740944, "x_normalized": 27.61306919818258, "y_normalized": 22.344283069574832, "z_normalized": -0.05715036764740944}, "left_ear": {"x": 0.5197363495826721, "y": 0.41931208968162537, "z": -0.017852164804935455, "x_normalized": 28.083745848572583, "y_normalized": 22.546761635587572, "z_normalized": -0.017852164804935455}, "right_ear": {"x": 0.5093254446983337, "y": 0.42002207040786743, "z": -0.027248704805970192, "x_normalized": 27.510857422428042, "y_normalized": 22.585830260780916, "z_normalized": -0.027248704805970192}, "mouth_left": {"x": 0.5160637497901917, "y": 0.4250485897064209, "z": -0.047953590750694275, "x_normalized": 27.88165103180617, "y_normalized": 22.862428189772224, "z_normalized": -0.047953590750694275}, "mouth_right": {"x": 0.5125480890274048, "y": 0.42570945620536804, "z": -0.05072806030511856, "x_normalized": 27.688192213036157, "y_normalized": 22.89879417070084, "z_normalized": -0.05072806030511856}, "left_shoulder": {"x": 0.5288747549057007, "y": 0.44421622157096863, "z": 0.0075648194178938866, "x_normalized": 28.586611516940803, "y_normalized": 23.917179392841792, "z_normalized": 0.0075648194178938866}, "right_shoulder": {"x": 0.4984895884990692, "y": 0.4481407105922699, "z": 0.00922456942498684, "x_normalized": 26.914584891568225, "y_normalized": 24.133135101189204, "z_normalized": 0.00922456942498684}, "left_elbow": {"x": 0.5470138788223267, "y": 0.45580217242240906, "z": 0.06294915825128555, "x_normalized": 29.58476626599335, "y_normalized": 24.55472792703835, "z_normalized": 0.06294915825128555}, "right_elbow": {"x": 0.48893386125564575, "y": 0.4565652310848236, "z": 0.06881041079759598, "x_normalized": 26.388754946720038, "y_normalized": 24.596717310384292, "z_normalized": 0.06881041079759598}, "left_wrist": {"x": 0.5371760725975037, "y": 0.4783007502555847, "z": 0.11215899884700775, "x_normalized": 29.043414156117453, "y_normalized": 25.792773513712408, "z_normalized": 0.11215899884700775}, "right_wrist": {"x": 0.4989956021308899, "y": 0.4714415967464447, "z": 0.12027938663959503, "x_normalized": 26.942429671283534, "y_normalized": 25.415329890685324, "z_normalized": 0.12027938663959503}, "left_pinky": {"x": 0.5348587036132812, "y": 0.4856221377849579, "z": 0.11752704530954361, "x_normalized": 28.915894609553877, "y_normalized": 26.19565282396397, "z_normalized": 0.11752704530954361}, "right_pinky": {"x": 0.4989754557609558, "y": 0.48048627376556396, "z": 0.12402736395597458, "x_normalized": 26.9413210623497, "y_normalized": 25.913037903584748, "z_normalized": 0.12402736395597458}, "left_index": {"x": 0.5325977206230164, "y": 0.4856194853782654, "z": 0.1111975684762001, "x_normalized": 28.791477856041794, "y_normalized": 26.195506868054043, "z_normalized": 0.1111975684762001}, "right_index": {"x": 0.49980413913726807, "y": 0.4801121950149536, "z": 0.12303242832422256, "x_normalized": 26.986921624500823, "y_normalized": 25.892453200422807, "z_normalized": 0.12303242832422256}, "left_thumb": {"x": 0.5328745245933533, "y": 0.4823043942451477, "z": 0.11101945489645004, "x_normalized": 28.80670974920369, "y_normalized": 26.013084940001033, "z_normalized": 0.11101945489645004}, "right_thumb": {"x": 0.49955761432647705, "y": 0.4743669331073761, "z": 0.12095262855291367, "x_normalized": 26.973355924647766, "y_normalized": 25.576304499749185, "z_normalized": 0.12095262855291367}, "left_hip": {"x": 0.5252082943916321, "y": 0.5261581540107727, "z": -0.0024680898059159517, "x_normalized": 28.38485453070748, "y_normalized": 28.426257636492, "z_normalized": -0.0024680898059159517}, "right_hip": {"x": 0.507119357585907, "y": 0.5279005169868469, "z": 0.002520267851650715, "x_normalized": 27.389461464265253, "y_normalized": 28.522135909728103, "z_normalized": 0.002520267851650715}, "left_knee": {"x": 0.52448970079422, "y": 0.5888551473617554, "z": -0.02019638754427433, "x_normalized": 28.34531195879538, "y_normalized": 31.876330636282162, "z_normalized": -0.02019638754427433}, "right_knee": {"x": 0.5107665657997131, "y": 0.5960832834243774, "z": -0.01826081983745098, "x_normalized": 27.590159040186062, "y_normalized": 32.27407853032964, "z_normalized": -0.01826081983745098}, "left_ankle": {"x": 0.5290119051933289, "y": 0.6321825981140137, "z": 0.06288183480501175, "x_normalized": 28.594158585451893, "y_normalized": 34.260541744353766, "z_normalized": 0.06288183480501175}, "right_ankle": {"x": 0.5147320032119751, "y": 0.6509292125701904, "z": 0.03997045010328293, "x_normalized": 27.80836804539011, "y_normalized": 35.29212531664189, "z_normalized": 0.03997045010328293}, "left_heel": {"x": 0.5282552242279053, "y": 0.636016845703125, "z": 0.06855997443199158, "x_normalized": 28.552520152271395, "y_normalized": 34.471531671855544, "z_normalized": 0.06855997443199158}, "right_heel": {"x": 0.5167537331581116, "y": 0.6583765745162964, "z": 0.04309777915477753, "x_normalized": 27.919619247835904, "y_normalized": 35.701936712637995, "z_normalized": 0.04309777915477753}, "left_foot_index": {"x": 0.5293813943862915, "y": 0.6539754867553711, "z": 0.03259796276688576, "x_normalized": 28.614490735691035, "y_normalized": 35.45975485921683, "z_normalized": 0.03259796276688576}, "right_foot_index": {"x": 0.5120449662208557, "y": 0.6715847253799438, "z": 0.0014676337596029043, "x_normalized": 27.66050650886313, "y_normalized": 36.42875122536472, "z_normalized": 0.0014676337596029043}}}