{"sequence_id": 1697925405990398000, "sequence_source": "mediapipe", "frame_number": 291, "image_dimensions": {"height": 1080, "width": 1920}, "joint_positions": {"nose": {"x": 0.5110735893249512, "y": 0.4147456884384155, "z": -0.15060941874980927, "x_normalized": 22.421628491464517, "y_normalized": 18.067294217808072, "z_normalized": -0.15060941874980927}, "left_eye_inner": {"x": 0.5129875540733337, "y": 0.4088568091392517, "z": -0.14377549290657043, "x_normalized": 22.507516643294334, "y_normalized": 17.803033886063993, "z_normalized": -0.14377549290657043}, "left_eye": {"x": 0.5143463015556335, "y": 0.40883544087409973, "z": -0.14373748004436493, "x_normalized": 22.568489715111237, "y_normalized": 17.80207499651116, "z_normalized": -0.14373748004436493}, "left_eye_outer": {"x": 0.5155983567237854, "y": 0.40880709886550903, "z": -0.14378784596920013, "x_normalized": 22.62467502598094, "y_normalized": 17.80080316392435, "z_normalized": -0.14378784596920013}, "right_eye_inner": {"x": 0.5088379383087158, "y": 0.40907004475593567, "z": -0.1439683437347412, "x_normalized": 22.32130483916989, "y_normalized": 17.812602721141417, "z_normalized": -0.1439683437347412}, "right_eye": {"x": 0.5073841214179993, "y": 0.40923553705215454, "z": -0.14400163292884827, "x_normalized": 22.256065578129093, "y_normalized": 17.82002910006314, "z_normalized": -0.14400163292884827}, "right_eye_outer": {"x": 0.5059611797332764, "y": 0.40938472747802734, "z": -0.14395147562026978, "x_normalized": 22.192211825563515, "y_normalized": 17.826723941208854, "z_normalized": -0.14395147562026978}, "left_ear": {"x": 0.5181355476379395, "y": 0.4115937054157257, "z": -0.09672139585018158, "x_normalized": 22.738530121086665, "y_normalized": 17.925850653266686, "z_normalized": -0.09672139585018158}, "right_ear": {"x": 0.5028467774391174, "y": 0.41350457072257996, "z": -0.09766766428947449, "x_normalized": 22.05245467626079, "y_normalized": 18.01159971930362, "z_normalized": -0.09766766428947449}, "mouth_left": {"x": 0.5145719647407532, "y": 0.42207086086273193, "z": -0.1322307139635086, "x_normalized": 22.578616230723572, "y_normalized": 18.396007440917824, "z_normalized": -0.1322307139635086}, "mouth_right": {"x": 0.5084726214408875, "y": 0.4225132167339325, "z": -0.13265202939510345, "x_normalized": 22.304911438697623, "y_normalized": 18.41585792576118, "z_normalized": -0.13265202939510345}, "left_shoulder": {"x": 0.5298472046852112, "y": 0.44296181201934814, "z": -0.05282696336507797, "x_normalized": 23.264084512568992, "y_normalized": 19.333477781646437, "z_normalized": -0.05282696336507797}, "right_shoulder": {"x": 0.4914758801460266, "y": 0.4471561014652252, "z": -0.038918569684028625, "x_normalized": 21.54219169781484, "y_normalized": 19.521694293497095, "z_normalized": -0.038918569684028625}, "left_elbow": {"x": 0.5475524663925171, "y": 0.454311341047287, "z": 0.03430609032511711, "x_normalized": 24.058598730758654, "y_normalized": 19.842781870539554, "z_normalized": 0.03430609032511711}, "right_elbow": {"x": 0.4802059829235077, "y": 0.4597533941268921, "z": 0.055875636637210846, "x_normalized": 21.036461043908005, "y_normalized": 20.08699111293132, "z_normalized": 0.055875636637210846}, "left_wrist": {"x": 0.5410792827606201, "y": 0.4742121398448944, "z": 0.12334509193897247, "x_normalized": 23.76811805233002, "y_normalized": 20.73581964989677, "z_normalized": 0.12334509193897247}, "right_wrist": {"x": 0.4814341366291046, "y": 0.4739595949649811, "z": 0.13439178466796875, "x_normalized": 21.09157378933647, "y_normalized": 20.724486832503885, "z_normalized": 0.13439178466796875}, "left_pinky": {"x": 0.5394812226295471, "y": 0.4810366630554199, "z": 0.13712354004383087, "x_normalized": 23.696405952466755, "y_normalized": 21.042066505366318, "z_normalized": 0.13712354004383087}, "right_pinky": {"x": 0.4820333421230316, "y": 0.4801434576511383, "z": 0.14603902399539948, "x_normalized": 21.118462817717557, "y_normalized": 21.001984387112582, "z_normalized": 0.14603902399539948}, "left_index": {"x": 0.5366950631141663, "y": 0.4811171293258667, "z": 0.12799131870269775, "x_normalized": 23.571378523575316, "y_normalized": 21.04567738652761, "z_normalized": 0.12799131870269775}, "right_index": {"x": 0.48325300216674805, "y": 0.47943630814552307, "z": 0.13899153470993042, "x_normalized": 21.173194414578994, "y_normalized": 20.970251428521788, "z_normalized": 0.13899153470993042}, "left_thumb": {"x": 0.5366899371147156, "y": 0.47828081250190735, "z": 0.12268861383199692, "x_normalized": 23.57114849707171, "y_normalized": 20.918399175045632, "z_normalized": 0.12268861383199692}, "right_thumb": {"x": 0.4840032160282135, "y": 0.47906753420829773, "z": 0.1336434930562973, "x_normalized": 21.206859863272776, "y_normalized": 20.953702893895926, "z_normalized": 0.1336434930562973}, "left_hip": {"x": 0.5236337780952454, "y": 0.5433048605918884, "z": -0.006661789957433939, "x_normalized": 22.98526029347437, "y_normalized": 23.83631880740103, "z_normalized": -0.006661789957433939}, "right_hip": {"x": 0.5014211535453796, "y": 0.5450918078422546, "z": 0.006593906320631504, "x_normalized": 21.988480560989835, "y_normalized": 23.91650711644958, "z_normalized": 0.006593906320631504}, "left_knee": {"x": 0.5230335593223572, "y": 0.6194159984588623, "z": -0.01563410647213459, "x_normalized": 22.958325794737913, "y_normalized": 27.25176570661016, "z_normalized": -0.01563410647213459}, "right_knee": {"x": 0.5059283971786499, "y": 0.6286039352416992, "z": -0.011367433704435825, "x_normalized": 22.190740725831137, "y_normalized": 27.664069491240436, "z_normalized": -0.011367433704435825}, "left_ankle": {"x": 0.523899257183075, "y": 0.6837955713272095, "z": 0.06793771684169769, "x_normalized": 22.997173526579846, "y_normalized": 30.140764855590394, "z_normalized": 0.06793771684169769}, "right_ankle": {"x": 0.5131999850273132, "y": 0.690234899520874, "z": 0.06732740253210068, "x_normalized": 22.517049369560148, "y_normalized": 30.4297262892045, "z_normalized": 0.06732740253210068}, "left_heel": {"x": 0.523680567741394, "y": 0.6892955303192139, "z": 0.07362314313650131, "x_normalized": 22.98735995400149, "y_normalized": 30.387572595054895, "z_normalized": 0.07362314313650131}, "right_heel": {"x": 0.5154121518135071, "y": 0.697203516960144, "z": 0.07202264666557312, "x_normalized": 22.616319179501033, "y_normalized": 30.74243929667955, "z_normalized": 0.07202264666557312}, "left_foot_index": {"x": 0.5234113931655884, "y": 0.7080927491188049, "z": 0.023888634517788887, "x_normalized": 22.97528088783527, "y_normalized": 31.231087807966684, "z_normalized": 0.023888634517788887}, "right_foot_index": {"x": 0.5090732574462891, "y": 0.716073215007782, "z": 0.021832790225744247, "x_normalized": 22.33186466052158, "y_normalized": 31.589206977363283, "z_normalized": 0.021832790225744247}}}