{"sequence_id": 1697925405990398000, "sequence_source": "mediapipe", "frame_number": 457, "image_dimensions": {"height": 1080, "width": 1920}, "joint_positions": {"nose": {"x": 0.5313697457313538, "y": 0.41690734028816223, "z": -0.12726743519306183, "x_normalized": 28.577056430413933, "y_normalized": 22.311567734479667, "z_normalized": -0.12726743519306183}, "left_eye_inner": {"x": 0.5330200791358948, "y": 0.41316038370132446, "z": -0.12090259045362473, "x_normalized": 28.667446131676495, "y_normalized": 22.106344786440115, "z_normalized": -0.12090259045362473}, "left_eye": {"x": 0.5341011881828308, "y": 0.41347724199295044, "z": -0.12086860090494156, "x_normalized": 28.726659090413147, "y_normalized": 22.123699295682812, "z_normalized": -0.12086860090494156}, "left_eye_outer": {"x": 0.535192608833313, "y": 0.4138425290584564, "z": -0.12090650945901871, "x_normalized": 28.786436821553668, "y_normalized": 22.143706276475488, "z_normalized": -0.12090650945901871}, "right_eye_inner": {"x": 0.5299050211906433, "y": 0.412642240524292, "z": -0.12102916091680527, "x_normalized": 28.496832632421075, "y_normalized": 22.07796578929061, "z_normalized": -0.12102916091680527}, "right_eye": {"x": 0.5287617444992065, "y": 0.41259387135505676, "z": -0.12105483561754227, "x_normalized": 28.434214716359342, "y_normalized": 22.075316582321, "z_normalized": -0.12105483561754227}, "right_eye_outer": {"x": 0.5276713967323303, "y": 0.4125664234161377, "z": -0.12101613730192184, "x_normalized": 28.374495747665467, "y_normalized": 22.07381324306098, "z_normalized": -0.12101613730192184}, "left_ear": {"x": 0.5373654961585999, "y": 0.41798287630081177, "z": -0.07797625660896301, "x_normalized": 28.905447098913058, "y_normalized": 22.370475454951798, "z_normalized": -0.07797625660896301}, "right_ear": {"x": 0.5256429314613342, "y": 0.41604477167129517, "z": -0.07903096079826355, "x_normalized": 28.26339554854066, "y_normalized": 22.26432435966671, "z_normalized": -0.07903096079826355}, "mouth_left": {"x": 0.5335021615028381, "y": 0.4235207140445709, "z": -0.11101946234703064, "x_normalized": 28.69385005770263, "y_normalized": 22.6737859847645, "z_normalized": -0.11101946234703064}, "mouth_right": {"x": 0.5293503403663635, "y": 0.42258238792419434, "z": -0.11132541298866272, "x_normalized": 28.466452447505247, "y_normalized": 22.622393328302284, "z_normalized": -0.11132541298866272}, "left_shoulder": {"x": 0.5457876324653625, "y": 0.44734442234039307, "z": -0.03358837589621544, "x_normalized": 29.366732305081804, "y_normalized": 23.978624067724304, "z_normalized": -0.03358837589621544}, "right_shoulder": {"x": 0.5156716704368591, "y": 0.444011390209198, "z": -0.03519329056143761, "x_normalized": 27.717263898576263, "y_normalized": 23.796071998058697, "z_normalized": -0.03519329056143761}, "left_elbow": {"x": 0.5572995543479919, "y": 0.46007010340690613, "z": 0.04245166480541229, "x_normalized": 29.99724682842943, "y_normalized": 24.675616873420246, "z_normalized": 0.04245166480541229}, "right_elbow": {"x": 0.5026087164878845, "y": 0.4521523118019104, "z": 0.028007959946990013, "x_normalized": 27.00179846486117, "y_normalized": 24.241954914045532, "z_normalized": 0.028007959946990013}, "left_wrist": {"x": 0.5611678957939148, "y": 0.4705587923526764, "z": 0.10478092730045319, "x_normalized": 30.20911809439087, "y_normalized": 25.250088345569715, "z_normalized": 0.10478092730045319}, "right_wrist": {"x": 0.5095309019088745, "y": 0.468864381313324, "z": 0.08086935430765152, "x_normalized": 27.38093050603886, "y_normalized": 25.157284487124127, "z_normalized": 0.08086935430765152}, "left_pinky": {"x": 0.5636186003684998, "y": 0.4753231406211853, "z": 0.11354169994592667, "x_normalized": 30.343344580851124, "y_normalized": 25.51103441593124, "z_normalized": 0.11354169994592667}, "right_pinky": {"x": 0.5104516744613647, "y": 0.4754868745803833, "z": 0.08625991642475128, "x_normalized": 27.431361743582347, "y_normalized": 25.52000221820545, "z_normalized": 0.08625991642475128}, "left_index": {"x": 0.5624564290046692, "y": 0.4754193425178528, "z": 0.10396658629179001, "x_normalized": 30.279691792812354, "y_normalized": 25.516303448647136, "z_normalized": 0.10396658629179001}, "right_index": {"x": 0.5137467384338379, "y": 0.47476834058761597, "z": 0.08346343785524368, "x_normalized": 27.61183427555277, "y_normalized": 25.480647701854675, "z_normalized": 0.08346343785524368}, "left_thumb": {"x": 0.5589827299118042, "y": 0.4729531407356262, "z": 0.10255236178636551, "x_normalized": 30.089435313475423, "y_normalized": 25.38122817129089, "z_normalized": 0.10255236178636551}, "right_thumb": {"x": 0.5132020711898804, "y": 0.47214770317077637, "z": 0.08121766895055771, "x_normalized": 27.58200254013897, "y_normalized": 25.337113896761814, "z_normalized": 0.08121766895055771}, "left_hip": {"x": 0.5353127121925354, "y": 0.5245071053504944, "z": -0.0011019462253898382, "x_normalized": 28.79301495099762, "y_normalized": 28.204868199188592, "z_normalized": -0.0011019462253898382}, "right_hip": {"x": 0.5174221396446228, "y": 0.5208627581596375, "z": 0.001100928639061749, "x_normalized": 27.81313809485909, "y_normalized": 28.00526522625463, "z_normalized": 0.001100928639061749}, "left_knee": {"x": 0.5330236554145813, "y": 0.5912873148918152, "z": -0.0030815412756055593, "x_normalized": 28.66764200649865, "y_normalized": 31.86245834072134, "z_normalized": -0.0030815412756055593}, "right_knee": {"x": 0.5156412720680237, "y": 0.5854046940803528, "z": -0.019916607066988945, "x_normalized": 27.71559896258797, "y_normalized": 31.540263845762965, "z_normalized": -0.019916607066988945}, "left_ankle": {"x": 0.5279541611671448, "y": 0.6339060664176941, "z": 0.0703875869512558, "x_normalized": 28.389982916936976, "y_normalized": 34.196711654632175, "z_normalized": 0.0703875869512558}, "right_ankle": {"x": 0.5146661400794983, "y": 0.6412283778190613, "z": 0.040795911103487015, "x_normalized": 27.662190427747767, "y_normalized": 34.597758823828336, "z_normalized": 0.040795911103487015}, "left_heel": {"x": 0.5254269242286682, "y": 0.6390677094459534, "z": 0.07542400807142258, "x_normalized": 28.25156470928266, "y_normalized": 34.47941778544464, "z_normalized": 0.07542400807142258}, "right_heel": {"x": 0.5153583288192749, "y": 0.6475548148155212, "z": 0.04441429302096367, "x_normalized": 27.70010199957535, "y_normalized": 34.94426138421582, "z_normalized": 0.04441429302096367}, "left_foot_index": {"x": 0.5303613543510437, "y": 0.6523179411888123, "z": 0.035193249583244324, "x_normalized": 28.521826259727714, "y_normalized": 35.20514053067977, "z_normalized": 0.035193249583244324}, "right_foot_index": {"x": 0.513732373714447, "y": 0.6626710295677185, "z": -0.0014761394122615457, "x_normalized": 27.61104751168379, "y_normalized": 35.7721850824893, "z_normalized": -0.0014761394122615457}}}