{"sequence_id": 1697925405990398000, "sequence_source": "mediapipe", "frame_number": 269, "image_dimensions": {"height": 1080, "width": 1920}, "joint_positions": {"nose": {"x": 0.5119370222091675, "y": 0.40399840474128723, "z": -0.12116631865501404, "x_normalized": 20.80922270285126, "y_normalized": 16.28289239581257, "z_normalized": -0.12116631865501404}, "left_eye_inner": {"x": 0.5139089822769165, "y": 0.39912813901901245, "z": -0.11243540793657303, "x_normalized": 20.89136268225234, "y_normalized": 16.080026459200543, "z_normalized": -0.11243540793657303}, "left_eye": {"x": 0.5153727531433105, "y": 0.39934632182121277, "z": -0.1124197319149971, "x_normalized": 20.952334560324267, "y_normalized": 16.089114640635607, "z_normalized": -0.1124197319149971}, "left_eye_outer": {"x": 0.5170032382011414, "y": 0.39955851435661316, "z": -0.11245264858007431, "x_normalized": 21.020250747499833, "y_normalized": 16.097953303634878, "z_normalized": -0.11245264858007431}, "right_eye_inner": {"x": 0.5091961622238159, "y": 0.3989981710910797, "z": -0.11392729729413986, "x_normalized": 20.69505498393036, "y_normalized": 16.07461277811349, "z_normalized": -0.11392729729413986}, "right_eye": {"x": 0.5075139403343201, "y": 0.39927026629447937, "z": -0.11394243687391281, "x_normalized": 20.62498375195609, "y_normalized": 16.0859466254707, "z_normalized": -0.11394243687391281}, "right_eye_outer": {"x": 0.5060398578643799, "y": 0.3996296226978302, "z": -0.11390920728445053, "x_normalized": 20.56358235458673, "y_normalized": 16.100915248847834, "z_normalized": -0.11390920728445053}, "left_ear": {"x": 0.5197643637657166, "y": 0.4038386344909668, "z": -0.0624399408698082, "x_normalized": 21.135262608392576, "y_normalized": 16.276237329472814, "z_normalized": -0.0624399408698082}, "right_ear": {"x": 0.5032345056533813, "y": 0.4045058786869049, "z": -0.06886664032936096, "x_normalized": 20.446728277978966, "y_normalized": 16.304030703895656, "z_normalized": -0.06886664032936096}, "mouth_left": {"x": 0.5153531432151794, "y": 0.4123108386993408, "z": -0.10281862318515778, "x_normalized": 20.951517728827987, "y_normalized": 16.62913832911219, "z_normalized": -0.10281862318515778}, "mouth_right": {"x": 0.5094617605209351, "y": 0.4126763939857483, "z": -0.10476792603731155, "x_normalized": 20.706118209302478, "y_normalized": 16.644365160621888, "z_normalized": -0.10476792603731155}, "left_shoulder": {"x": 0.5309389233589172, "y": 0.43789562582969666, "z": -0.023229556158185005, "x_normalized": 21.60072745720636, "y_normalized": 17.69484646501135, "z_normalized": -0.023229556158185005}, "right_shoulder": {"x": 0.492500901222229, "y": 0.4439737796783447, "z": -0.019685965031385422, "x_normalized": 19.999630965364226, "y_normalized": 17.94802574591557, "z_normalized": -0.019685965031385422}, "left_elbow": {"x": 0.5513964891433716, "y": 0.45567405223846436, "z": 0.0566226951777935, "x_normalized": 22.452866432844655, "y_normalized": 18.43538863058709, "z_normalized": 0.0566226951777935}, "right_elbow": {"x": 0.4838152825832367, "y": 0.4612666964530945, "z": 0.0492173433303833, "x_normalized": 19.637840405930216, "y_normalized": 18.668344504339473, "z_normalized": 0.0492173433303833}, "left_wrist": {"x": 0.5421145558357239, "y": 0.48063185811042786, "z": 0.10589489340782166, "x_normalized": 22.066236995889245, "y_normalized": 19.47498050353981, "z_normalized": 0.10589489340782166}, "right_wrist": {"x": 0.4840700030326843, "y": 0.4762645661830902, "z": 0.09388741105794907, "x_normalized": 19.6484505256851, "y_normalized": 19.29306542583771, "z_normalized": 0.09388741105794907}, "left_pinky": {"x": 0.5383096933364868, "y": 0.490530788898468, "z": 0.11331942677497864, "x_normalized": 21.907749340676215, "y_normalized": 19.887310339382005, "z_normalized": 0.11331942677497864}, "right_pinky": {"x": 0.48405715823173523, "y": 0.4798215627670288, "z": 0.09783617407083511, "x_normalized": 19.647915488641182, "y_normalized": 19.441228479903977, "z_normalized": 0.09783617407083511}, "left_index": {"x": 0.5360500812530518, "y": 0.48728621006011963, "z": 0.102347232401371, "x_normalized": 21.813627510816016, "y_normalized": 19.752160726919858, "z_normalized": 0.102347232401371}, "right_index": {"x": 0.4850819706916809, "y": 0.4778570234775543, "z": 0.0899030864238739, "x_normalized": 19.690603003325997, "y_normalized": 19.359397605430825, "z_normalized": 0.0899030864238739}, "left_thumb": {"x": 0.536504328250885, "y": 0.48400527238845825, "z": 0.10319742560386658, "x_normalized": 21.83254870483777, "y_normalized": 19.61549662444941, "z_normalized": 0.10319742560386658}, "right_thumb": {"x": 0.4859709143638611, "y": 0.47826480865478516, "z": 0.09158849716186523, "x_normalized": 19.727631042643726, "y_normalized": 19.376383479843607, "z_normalized": 0.09158849716186523}, "left_hip": {"x": 0.526931643486023, "y": 0.5440266728401184, "z": -0.0054311021231114864, "x_normalized": 21.433808313356952, "y_normalized": 22.115626661236075, "z_normalized": -0.0054311021231114864}, "right_hip": {"x": 0.5030488967895508, "y": 0.5464690923690796, "z": 0.005405237432569265, "x_normalized": 20.438996930625112, "y_normalized": 22.217363148236377, "z_normalized": 0.005405237432569265}, "left_knee": {"x": 0.524459958076477, "y": 0.6254026889801025, "z": -0.01936456933617592, "x_normalized": 21.330852786038495, "y_normalized": 25.5052613697675, "z_normalized": -0.01936456933617592}, "right_knee": {"x": 0.5063175559043884, "y": 0.6313996315002441, "z": 0.0002773891028482467, "x_normalized": 20.575149582371445, "y_normalized": 25.755057875858093, "z_normalized": 0.0002773891028482467}, "left_ankle": {"x": 0.5226956009864807, "y": 0.6910653114318848, "z": 0.0661730244755745, "x_normalized": 21.25736029630777, "y_normalized": 28.240370738268453, "z_normalized": 0.0661730244755745}, "right_ankle": {"x": 0.5128870606422424, "y": 0.6913050413131714, "z": 0.07909871637821198, "x_normalized": 20.848795581937036, "y_normalized": 28.250356441241223, "z_normalized": 0.07909871637821198}, "left_heel": {"x": 0.5220008492469788, "y": 0.6980656981468201, "z": 0.07124745100736618, "x_normalized": 21.228421123296677, "y_normalized": 28.531964685817673, "z_normalized": 0.07124745100736618}, "right_heel": {"x": 0.5151826739311218, "y": 0.6990110874176025, "z": 0.08343967795372009, "x_normalized": 20.944417005182505, "y_normalized": 28.571343908804028, "z_normalized": 0.08343967795372009}, "left_foot_index": {"x": 0.5219208002090454, "y": 0.7153383493423462, "z": 0.015769194811582565, "x_normalized": 21.225086762507907, "y_normalized": 29.251439302269738, "z_normalized": 0.015769194811582565}, "right_foot_index": {"x": 0.5064470767974854, "y": 0.7155398726463318, "z": 0.03099888190627098, "x_normalized": 20.58054464267971, "y_normalized": 29.25983354934854, "z_normalized": 0.03099888190627098}}}