{"sequence_id": 1697925405990398000, "sequence_source": "mediapipe", "frame_number": 435, "image_dimensions": {"height": 1080, "width": 1920}, "joint_positions": {"nose": {"x": 0.5192793011665344, "y": 0.4241071939468384, "z": -0.050263937562704086, "x_normalized": 31.229171338240324, "y_normalized": 25.404693929045195, "z_normalized": -0.050263937562704086}, "left_eye_inner": {"x": 0.520615816116333, "y": 0.41982460021972656, "z": -0.04327162727713585, "x_normalized": 31.31088804598226, "y_normalized": 25.142849151305462, "z_normalized": -0.04327162727713585}, "left_eye": {"x": 0.5214296579360962, "y": 0.41993477940559387, "z": -0.04330850765109062, "x_normalized": 31.36064766456623, "y_normalized": 25.149585686749468, "z_normalized": -0.04330850765109062}, "left_eye_outer": {"x": 0.5222806334495544, "y": 0.4200055003166199, "z": -0.04329473152756691, "x_normalized": 31.41267769785489, "y_normalized": 25.15390967879941, "z_normalized": -0.04329473152756691}, "right_eye_inner": {"x": 0.5186895728111267, "y": 0.41973400115966797, "z": -0.04139922559261322, "x_normalized": 31.19311438304259, "y_normalized": 25.137309776745067, "z_normalized": -0.04139922559261322}, "right_eye": {"x": 0.5180935263633728, "y": 0.41988879442214966, "z": -0.041403625160455704, "x_normalized": 31.156671129355782, "y_normalized": 25.146774089727533, "z_normalized": -0.041403625160455704}, "right_eye_outer": {"x": 0.5174856781959534, "y": 0.42002972960472107, "z": -0.0416293628513813, "x_normalized": 31.119506299245973, "y_normalized": 25.155391097061777, "z_normalized": -0.0416293628513813}, "left_ear": {"x": 0.5244162678718567, "y": 0.4225156009197235, "z": -0.019247684627771378, "x_normalized": 31.543253875814734, "y_normalized": 25.30738133088799, "z_normalized": -0.019247684627771378}, "right_ear": {"x": 0.5163207650184631, "y": 0.4233202636241913, "z": -0.022596178576350212, "x_normalized": 31.04828160424047, "y_normalized": 25.356579723365183, "z_normalized": -0.022596178576350212}, "mouth_left": {"x": 0.5209110379219055, "y": 0.43017634749412537, "z": -0.03673698753118515, "x_normalized": 31.328938389533334, "y_normalized": 25.775771893223094, "z_normalized": -0.03673698753118515}, "mouth_right": {"x": 0.5185545086860657, "y": 0.43069589138031006, "z": -0.03500421345233917, "x_normalized": 31.18485634175716, "y_normalized": 25.8075376552992, "z_normalized": -0.03500421345233917}, "left_shoulder": {"x": 0.5329004526138306, "y": 0.4472196698188782, "z": 6.01679457759019e-05, "x_normalized": 32.06199079311816, "y_normalized": 26.817828466981073, "z_normalized": 6.01679457759019e-05}, "right_shoulder": {"x": 0.5055667757987976, "y": 0.4508327543735504, "z": 0.009215573780238628, "x_normalized": 30.390765132572295, "y_normalized": 27.038738360017096, "z_normalized": 0.009215573780238628}, "left_elbow": {"x": 0.5500506162643433, "y": 0.4607335031032562, "z": 0.04387262836098671, "x_normalized": 33.1105798200995, "y_normalized": 27.644086314032602, "z_normalized": 0.04387262836098671}, "right_elbow": {"x": 0.49467864632606506, "y": 0.458382785320282, "z": 0.061461035162210464, "x_normalized": 29.7250471066619, "y_normalized": 27.500359587979876, "z_normalized": 0.061461035162210464}, "left_wrist": {"x": 0.5380796194076538, "y": 0.4805741012096405, "z": 0.08742602914571762, "x_normalized": 32.3786535130536, "y_normalized": 28.857172899505468, "z_normalized": 0.08742602914571762}, "right_wrist": {"x": 0.508529543876648, "y": 0.4756012558937073, "z": 0.10769105702638626, "x_normalized": 30.571913613673324, "y_normalized": 28.553125011833725, "z_normalized": 0.10769105702638626}, "left_pinky": {"x": 0.5356058478355408, "y": 0.48732078075408936, "z": 0.09205847233533859, "x_normalized": 32.22740307727723, "y_normalized": 29.269675910149164, "z_normalized": 0.09205847233533859}, "right_pinky": {"x": 0.511156439781189, "y": 0.48135513067245483, "z": 0.11201334744691849, "x_normalized": 30.732526321321835, "y_normalized": 28.90492631697398, "z_normalized": 0.11201334744691849}, "left_index": {"x": 0.5338064432144165, "y": 0.48685574531555176, "z": 0.08762244880199432, "x_normalized": 32.11738453872211, "y_normalized": 29.241242883622714, "z_normalized": 0.08762244880199432}, "right_index": {"x": 0.5131465792655945, "y": 0.48104575276374817, "z": 0.10949160158634186, "x_normalized": 30.85420670105673, "y_normalized": 28.886010446147843, "z_normalized": 0.10949160158634186}, "left_thumb": {"x": 0.5338623523712158, "y": 0.48416346311569214, "z": 0.08731206506490707, "x_normalized": 32.12080291591794, "y_normalized": 29.076632351044758, "z_normalized": 0.08731206506490707}, "right_thumb": {"x": 0.5122127532958984, "y": 0.479226678609848, "z": 0.10764333605766296, "x_normalized": 30.797111055505603, "y_normalized": 28.774789280221064, "z_normalized": 0.10764333605766296}, "left_hip": {"x": 0.5285826921463013, "y": 0.5262882113456726, "z": -0.002289477037265897, "x_normalized": 31.797995863410904, "y_normalized": 31.652208284804942, "z_normalized": -0.002289477037265897}, "right_hip": {"x": 0.512244462966919, "y": 0.5255374908447266, "z": 0.002368438057601452, "x_normalized": 30.79904983660174, "y_normalized": 31.6063080067864, "z_normalized": 0.002368438057601452}, "left_knee": {"x": 0.528464674949646, "y": 0.5893241167068481, "z": -0.007720299530774355, "x_normalized": 31.79078009918092, "y_normalized": 35.50632653198487, "z_normalized": -0.007720299530774355}, "right_knee": {"x": 0.5134326219558716, "y": 0.5896316170692444, "z": -0.02421908639371395, "x_normalized": 30.871695818501028, "y_normalized": 35.525127606561895, "z_normalized": -0.02421908639371395}, "left_ankle": {"x": 0.5288455486297607, "y": 0.6311061382293701, "z": 0.04647674039006233, "x_normalized": 31.81406733828679, "y_normalized": 38.06094759487513, "z_normalized": 0.04647674039006233}, "right_ankle": {"x": 0.5147133469581604, "y": 0.6500195264816284, "z": 0.02064374089241028, "x_normalized": 30.95000143769788, "y_normalized": 39.217343054912796, "z_normalized": 0.02064374089241028}, "left_heel": {"x": 0.5273619294166565, "y": 0.6362059116363525, "z": 0.05028361827135086, "x_normalized": 31.723356435534953, "y_normalized": 38.37275607341949, "z_normalized": 0.05028361827135086}, "right_heel": {"x": 0.5165646076202393, "y": 0.657724916934967, "z": 0.022458132356405258, "x_normalized": 31.063190539323745, "y_normalized": 39.68846321694904, "z_normalized": 0.022458132356405258}, "left_foot_index": {"x": 0.5307402610778809, "y": 0.6524781584739685, "z": 0.014814779162406921, "x_normalized": 31.929913153106426, "y_normalized": 39.36766783204552, "z_normalized": 0.014814779162406921}, "right_foot_index": {"x": 0.5120559930801392, "y": 0.6704188585281372, "z": -0.01845143362879753, "x_normalized": 30.78752647978597, "y_normalized": 40.46459154639168, "z_normalized": -0.01845143362879753}}}