{"sequence_id": 1697925405990398000, "sequence_source": "mediapipe", "frame_number": 231, "image_dimensions": {"height": 1080, "width": 1920}, "joint_positions": {"nose": {"x": 0.5172536373138428, "y": 0.4201383888721466, "z": -0.18496458232402802, "x_normalized": 21.34854076641898, "y_normalized": 17.204067784370835, "z_normalized": -0.18496458232402802}, "left_eye_inner": {"x": 0.5190966129302979, "y": 0.4141702651977539, "z": -0.1766280233860016, "x_normalized": 21.42645785764202, "y_normalized": 16.95174820259444, "z_normalized": -0.1766280233860016}, "left_eye": {"x": 0.5204809308052063, "y": 0.414152592420578, "z": -0.176583930850029, "x_normalized": 21.484983874577825, "y_normalized": 16.951001035144646, "z_normalized": -0.176583930850029}, "left_eye_outer": {"x": 0.5219430327415466, "y": 0.4140976369380951, "z": -0.17661449313163757, "x_normalized": 21.546798436275793, "y_normalized": 16.94867763417092, "z_normalized": -0.17661449313163757}, "right_eye_inner": {"x": 0.5153295993804932, "y": 0.4144698977470398, "z": -0.18011610209941864, "x_normalized": 21.26719653276181, "y_normalized": 16.964416029812366, "z_normalized": -0.18011610209941864}, "right_eye": {"x": 0.513931930065155, "y": 0.41478273272514343, "z": -0.18014706671237946, "x_normalized": 21.208106045307446, "y_normalized": 16.97764202765467, "z_normalized": -0.18014706671237946}, "right_eye_outer": {"x": 0.5124326944351196, "y": 0.4151194095611572, "z": -0.18011076748371124, "x_normalized": 21.144721549979725, "y_normalized": 16.991876008565843, "z_normalized": -0.18011076748371124}, "left_ear": {"x": 0.5250285267829895, "y": 0.41655758023262024, "z": -0.11347059160470963, "x_normalized": 21.67724656513258, "y_normalized": 17.052678807258438, "z_normalized": -0.11347059160470963}, "right_ear": {"x": 0.509014368057251, "y": 0.4191952645778656, "z": -0.13061049580574036, "x_normalized": 21.000201977481623, "y_normalized": 17.164194494124324, "z_normalized": -0.13061049580574036}, "mouth_left": {"x": 0.5201541781425476, "y": 0.42700648307800293, "z": -0.1603042632341385, "x_normalized": 21.47116946661907, "y_normalized": 17.494436207039097, "z_normalized": -0.1603042632341385}, "mouth_right": {"x": 0.515059232711792, "y": 0.42835354804992676, "z": -0.16509146988391876, "x_normalized": 21.255766004760915, "y_normalized": 17.551387250429805, "z_normalized": -0.16509146988391876}, "left_shoulder": {"x": 0.5382112264633179, "y": 0.44704487919807434, "z": -0.04474685713648796, "x_normalized": 22.234583083525475, "y_normalized": 18.34161699690445, "z_normalized": -0.04474685713648796}, "right_shoulder": {"x": 0.49793198704719543, "y": 0.4504060745239258, "z": -0.07938707619905472, "x_normalized": 20.531662467561297, "y_normalized": 18.483721189973792, "z_normalized": -0.07938707619905472}, "left_elbow": {"x": 0.55860835313797, "y": 0.46156740188598633, "z": 0.06187378242611885, "x_normalized": 23.096930238640695, "y_normalized": 18.955598383830885, "z_normalized": 0.06187378242611885}, "right_elbow": {"x": 0.4891519844532013, "y": 0.4611465632915497, "z": -0.023633772507309914, "x_normalized": 20.160462622622145, "y_normalized": 18.937806222686635, "z_normalized": -0.023633772507309914}, "left_wrist": {"x": 0.5619747638702393, "y": 0.47612258791923523, "z": 0.13416138291358948, "x_normalized": 23.239254928006346, "y_normalized": 19.570960707561664, "z_normalized": 0.13416138291358948}, "right_wrist": {"x": 0.4856681525707245, "y": 0.46951013803482056, "z": 0.009121392853558064, "x_normalized": 20.013173616642348, "y_normalized": 19.291400383349274, "z_normalized": 0.009121392853558064}, "left_pinky": {"x": 0.5643829107284546, "y": 0.4798372685909271, "z": 0.15095186233520508, "x_normalized": 23.34106625787676, "y_normalized": 19.728009509605723, "z_normalized": 0.15095186233520508}, "right_pinky": {"x": 0.4866253137588501, "y": 0.46878647804260254, "z": 0.014672334305942059, "x_normalized": 20.05364035692065, "y_normalized": 19.260805577251638, "z_normalized": 0.014672334305942059}, "left_index": {"x": 0.5623137354850769, "y": 0.4778273403644562, "z": 0.135983407497406, "x_normalized": 23.253585927287894, "y_normalized": 19.643034016942977, "z_normalized": 0.135983407497406}, "right_index": {"x": 0.4873218238353729, "y": 0.46718743443489075, "z": 0.008140855468809605, "x_normalized": 20.08308732229862, "y_normalized": 19.193201412801894, "z_normalized": 0.008140855468809605}, "left_thumb": {"x": 0.5608216524124146, "y": 0.4773934781551361, "z": 0.13113436102867126, "x_normalized": 23.190503826880832, "y_normalized": 19.62469124504736, "z_normalized": 0.13113436102867126}, "right_thumb": {"x": 0.4893655776977539, "y": 0.4661077857017517, "z": 0.008547387085855007, "x_normalized": 20.169492890940315, "y_normalized": 19.14755615950731, "z_normalized": 0.008547387085855007}, "left_hip": {"x": 0.5316582322120667, "y": 0.5579639077186584, "z": -0.0027127587236464024, "x_normalized": 21.95753641709106, "y_normalized": 23.031037728488982, "z_normalized": -0.0027127587236464024}, "right_hip": {"x": 0.5080286264419556, "y": 0.5590164065361023, "z": 0.00262823817320168, "x_normalized": 20.958526917499523, "y_normalized": 23.0755351410639, "z_normalized": 0.00262823817320168}, "left_knee": {"x": 0.5296550393104553, "y": 0.6404657959938049, "z": -0.04303119704127312, "x_normalized": 21.872845679645266, "y_normalized": 26.51904218031796, "z_normalized": -0.04303119704127312}, "right_knee": {"x": 0.5064998865127563, "y": 0.6403475999832153, "z": 0.023790400475263596, "x_normalized": 20.893895043124083, "y_normalized": 26.514045104254077, "z_normalized": 0.023790400475263596}, "left_ankle": {"x": 0.5244426131248474, "y": 0.7146367430686951, "z": 0.04137571156024933, "x_normalized": 21.652475381215293, "y_normalized": 29.654832148309804, "z_normalized": 0.04137571156024933}, "right_ankle": {"x": 0.5082747340202332, "y": 0.6884055137634277, "z": 0.18629199266433716, "x_normalized": 20.96893182272785, "y_normalized": 28.545831536244034, "z_normalized": 0.18629199266433716}, "left_heel": {"x": 0.521923840045929, "y": 0.7204915285110474, "z": 0.04636860638856888, "x_normalized": 21.54598700990536, "y_normalized": 29.902360030572595, "z_normalized": 0.04636860638856888}, "right_heel": {"x": 0.5103837847709656, "y": 0.6931445002555847, "z": 0.2003611922264099, "x_normalized": 21.05809800499939, "y_normalized": 28.74618581088408, "z_normalized": 0.2003611922264099}, "left_foot_index": {"x": 0.5225806832313538, "y": 0.745184063911438, "z": -0.013752839528024197, "x_normalized": 21.57375694345251, "y_normalized": 30.946307935331678, "z_normalized": -0.013752839528024197}, "right_foot_index": {"x": 0.5049995183944702, "y": 0.71583491563797, "z": 0.1630510836839676, "x_normalized": 20.830462668600592, "y_normalized": 29.70548833743547, "z_normalized": 0.1630510836839676}}}