{"sequence_id": 1697925405990398000, "sequence_source": "mediapipe", "frame_number": 601, "image_dimensions": {"height": 1080, "width": 1920}, "joint_positions": {"nose": {"x": 0.534275233745575, "y": 0.41515395045280457, "z": -0.1008884385228157, "x_normalized": 34.691867039032964, "y_normalized": 26.8645158499801, "z_normalized": -0.1008884385228157}, "left_eye_inner": {"x": 0.5355731248855591, "y": 0.4125756025314331, "z": -0.09693978726863861, "x_normalized": 34.77743615228289, "y_normalized": 26.69452705932988, "z_normalized": -0.09693978726863861}, "left_eye": {"x": 0.5364424586296082, "y": 0.4127546548843384, "z": -0.09691938757896423, "x_normalized": 34.834750756955685, "y_normalized": 26.706331863747916, "z_normalized": -0.09691938757896423}, "left_eye_outer": {"x": 0.537366509437561, "y": 0.4130226671695709, "z": -0.09694577753543854, "x_normalized": 34.89567282183346, "y_normalized": 26.724001738270456, "z_normalized": -0.09694577753543854}, "right_eye_inner": {"x": 0.5330339670181274, "y": 0.41259121894836426, "z": -0.0969708263874054, "x_normalized": 34.61003113623482, "y_normalized": 26.695556639475527, "z_normalized": -0.0969708263874054}, "right_eye": {"x": 0.5321924686431885, "y": 0.4127792418003082, "z": -0.09698586165904999, "x_normalized": 34.55455169922621, "y_normalized": 26.707952863023028, "z_normalized": -0.09698586165904999}, "right_eye_outer": {"x": 0.531410813331604, "y": 0.4129500687122345, "z": -0.09696339070796967, "x_normalized": 34.503017676210845, "y_normalized": 26.719215369501757, "z_normalized": -0.09696339070796967}, "left_ear": {"x": 0.5392566323280334, "y": 0.4166530966758728, "z": -0.06595295667648315, "x_normalized": 35.020287386713754, "y_normalized": 26.963353579114678, "z_normalized": -0.06595295667648315}, "right_ear": {"x": 0.529823362827301, "y": 0.4161253273487091, "z": -0.06621597707271576, "x_normalized": 34.3983581036191, "y_normalized": 26.92855809285652, "z_normalized": -0.06621597707271576}, "mouth_left": {"x": 0.5363931655883789, "y": 0.42069384455680847, "z": -0.08884080499410629, "x_normalized": 34.83150089901503, "y_normalized": 27.229757441801038, "z_normalized": -0.08884080499410629}, "mouth_right": {"x": 0.5327537059783936, "y": 0.42064568400382996, "z": -0.08898573368787766, "x_normalized": 34.59155370934613, "y_normalized": 27.226582248069423, "z_normalized": -0.08898573368787766}, "left_shoulder": {"x": 0.5472449660301208, "y": 0.4414965510368347, "z": -0.03517109900712967, "x_normalized": 35.54695299846949, "y_normalized": 28.601266262422204, "z_normalized": -0.03517109900712967}, "right_shoulder": {"x": 0.5219826698303223, "y": 0.4401116371154785, "z": -0.029425112530589104, "x_normalized": 33.88142634690446, "y_normalized": 28.50995979416218, "z_normalized": -0.029425112530589104}, "left_elbow": {"x": 0.5581458806991577, "y": 0.4525502920150757, "z": 0.023195745423436165, "x_normalized": 36.26564316677897, "y_normalized": 29.330032169256263, "z_normalized": 0.023195745423436165}, "right_elbow": {"x": 0.5115000605583191, "y": 0.45044806599617004, "z": 0.024794597178697586, "x_normalized": 33.19031477959558, "y_normalized": 29.19143378396266, "z_normalized": 0.024794597178697586}, "left_wrist": {"x": 0.5593167543411255, "y": 0.4683111906051636, "z": 0.07256241887807846, "x_normalized": 36.34283809953128, "y_normalized": 30.369137896098877, "z_normalized": 0.07256241887807846}, "right_wrist": {"x": 0.5170524716377258, "y": 0.4662414491176605, "z": 0.0685187578201294, "x_normalized": 33.556381607411126, "y_normalized": 30.232681194696028, "z_normalized": 0.0685187578201294}, "left_pinky": {"x": 0.5601557493209839, "y": 0.4746256470680237, "z": 0.08007090538740158, "x_normalized": 36.398152489340966, "y_normalized": 30.7854458772049, "z_normalized": 0.08007090538740158}, "right_pinky": {"x": 0.5188973546028137, "y": 0.4717647135257721, "z": 0.0785800963640213, "x_normalized": 33.67801353362521, "y_normalized": 30.596826401552708, "z_normalized": 0.0785800963640213}, "left_index": {"x": 0.5587039589881897, "y": 0.4745919704437256, "z": 0.07199069857597351, "x_normalized": 36.30243690305264, "y_normalized": 30.783225599409896, "z_normalized": 0.07199069857597351}, "right_index": {"x": 0.520318865776062, "y": 0.47133761644363403, "z": 0.07064858824014664, "x_normalized": 33.77173283474564, "y_normalized": 30.568668170508285, "z_normalized": 0.07064858824014664}, "left_thumb": {"x": 0.558259904384613, "y": 0.4733832776546478, "z": 0.07147959619760513, "x_normalized": 36.273160673720284, "y_normalized": 30.703537275045324, "z_normalized": 0.07147959619760513}, "right_thumb": {"x": 0.5199030041694641, "y": 0.46877264976501465, "z": 0.06770975887775421, "x_normalized": 33.74431535124875, "y_normalized": 30.399561596433244, "z_normalized": 0.06770975887775421}, "left_hip": {"x": 0.5400718450546265, "y": 0.5072755217552185, "z": -0.002708256943151355, "x_normalized": 35.07403382813369, "y_normalized": 32.93803074247993, "z_normalized": -0.002708256943151355}, "right_hip": {"x": 0.5250269174575806, "y": 0.5053491592407227, "z": 0.0026498467195779085, "x_normalized": 34.08213160018238, "y_normalized": 32.81102692291051, "z_normalized": 0.0026498467195779085}, "left_knee": {"x": 0.5373688340187073, "y": 0.5608816742897034, "z": -0.01015639491379261, "x_normalized": 34.895826079946744, "y_normalized": 36.47224928809087, "z_normalized": -0.01015639491379261}, "right_knee": {"x": 0.5249089598655701, "y": 0.5584421157836914, "z": -0.002297919010743499, "x_normalized": 34.07435473335705, "y_normalized": 36.31141079274271, "z_normalized": -0.002297919010743499}, "left_ankle": {"x": 0.5337230563163757, "y": 0.6074730753898621, "z": 0.03368480131030083, "x_normalized": 34.65546234258533, "y_normalized": 39.54398986354534, "z_normalized": 0.03368480131030083}, "right_ankle": {"x": 0.5265501737594604, "y": 0.6067344546318054, "z": 0.038379423320293427, "x_normalized": 34.182558891030375, "y_normalized": 39.49529308047333, "z_normalized": 0.038379423320293427}, "left_heel": {"x": 0.5325854420661926, "y": 0.6126016974449158, "z": 0.035718031227588654, "x_normalized": 34.58046017976154, "y_normalized": 39.882116558400746, "z_normalized": 0.035718031227588654}, "right_heel": {"x": 0.5273093581199646, "y": 0.6119569540023804, "z": 0.040238212794065475, "x_normalized": 34.23261141895066, "y_normalized": 39.839609045288256, "z_normalized": 0.040238212794065475}, "left_foot_index": {"x": 0.5339401364326477, "y": 0.6222122311592102, "z": 0.00039981715963222086, "x_normalized": 34.66977429254887, "y_normalized": 40.51573275505706, "z_normalized": 0.00039981715963222086}, "right_foot_index": {"x": 0.5236456990242004, "y": 0.6214573383331299, "z": 0.006425568833947182, "x_normalized": 33.991068773025525, "y_normalized": 40.465963165192065, "z_normalized": 0.006425568833947182}}}