{"sequence_id": 1697925405990398000, "sequence_source": "mediapipe", "frame_number": 11, "image_dimensions": {"height": 1080, "width": 1920}, "joint_positions": {"nose": {"x": 0.5216415524482727, "y": 0.38438209891319275, "z": -0.11405889689922333, "x_normalized": 50.93053930175648, "y_normalized": 37.31999003460516, "z_normalized": -0.11405889689922333}, "left_eye_inner": {"x": 0.5189435482025146, "y": 0.37798410654067993, "z": -0.12957024574279785, "x_normalized": 50.66443243941964, "y_normalized": 36.68894963569502, "z_normalized": -0.12957024574279785}, "left_eye": {"x": 0.5175375938415527, "y": 0.3782186806201935, "z": -0.12955622375011444, "x_normalized": 50.525761751939214, "y_normalized": 36.7120859122161, "z_normalized": -0.12955622375011444}, "left_eye_outer": {"x": 0.5165302753448486, "y": 0.3782835900783539, "z": -0.1295781433582306, "x_normalized": 50.4264089192099, "y_normalized": 36.718487997118004, "z_normalized": -0.1295781433582306}, "right_eye_inner": {"x": 0.5234280228614807, "y": 0.37827107310295105, "z": -0.12895320355892181, "x_normalized": 51.106740668772055, "y_normalized": 36.71725343529119, "z_normalized": -0.12895320355892181}, "right_eye": {"x": 0.5239761471748352, "y": 0.37878164649009705, "z": -0.12900181114673615, "x_normalized": 51.16080271905482, "y_normalized": 36.76761180009352, "z_normalized": -0.12900181114673615}, "right_eye_outer": {"x": 0.5246813297271729, "y": 0.37907910346984863, "z": -0.12903164327144623, "x_normalized": 51.23035558083119, "y_normalized": 36.79695028007788, "z_normalized": -0.12903164327144623}, "left_ear": {"x": 0.5152080655097961, "y": 0.38634246587753296, "z": -0.15788687765598297, "x_normalized": 50.29599803823744, "y_normalized": 37.51334299271468, "z_normalized": -0.15788687765598297}, "right_ear": {"x": 0.5249996185302734, "y": 0.38661274313926697, "z": -0.1550971120595932, "x_normalized": 51.26174872442732, "y_normalized": 37.54000070987511, "z_normalized": -0.1550971120595932}, "mouth_left": {"x": 0.5191178321838379, "y": 0.39578673243522644, "z": -0.11890386044979095, "x_normalized": 50.68162224314157, "y_normalized": 38.44484046707631, "z_normalized": -0.11890386044979095}, "mouth_right": {"x": 0.5227434635162354, "y": 0.397321492433548, "z": -0.11830166727304459, "x_normalized": 51.03922189457701, "y_normalized": 38.59621538364124, "z_normalized": -0.11830166727304459}, "left_shoulder": {"x": 0.49273255467414856, "y": 0.4400368332862854, "z": -0.13824063539505005, "x_normalized": 48.079215882577266, "y_normalized": 42.80927225552801, "z_normalized": -0.13824063539505005}, "right_shoulder": {"x": 0.538882315158844, "y": 0.43864741921424866, "z": -0.13481907546520233, "x_normalized": 52.63101300427844, "y_normalized": 42.67223295331873, "z_normalized": -0.13481907546520233}, "left_elbow": {"x": 0.5124032497406006, "y": 0.45916083455085754, "z": -0.03761439025402069, "x_normalized": 50.01935624831179, "y_normalized": 44.695491663759974, "z_normalized": -0.03761439025402069}, "right_elbow": {"x": 0.5333259105682373, "y": 0.46855899691581726, "z": -0.03367570787668228, "x_normalized": 52.082979251624, "y_normalized": 45.622441835392834, "z_normalized": -0.03367570787668228}, "left_wrist": {"x": 0.5218188166618347, "y": 0.47827571630477905, "z": 0.09232661128044128, "x_normalized": 50.94802304877051, "y_normalized": 46.580811605518115, "z_normalized": 0.09232661128044128}, "right_wrist": {"x": 0.535954475402832, "y": 0.4722468852996826, "z": 0.09975694119930267, "x_normalized": 52.34223723525495, "y_normalized": 45.98618196220021, "z_normalized": 0.09975694119930267}, "left_pinky": {"x": 0.5224169492721558, "y": 0.4859485626220703, "z": 0.10407743602991104, "x_normalized": 51.00701746749469, "y_normalized": 47.33759212648926, "z_normalized": 0.10407743602991104}, "right_pinky": {"x": 0.5381289720535278, "y": 0.4772980809211731, "z": 0.11304762214422226, "x_normalized": 52.556710018901754, "y_normalized": 46.484386447978096, "z_normalized": 0.11304762214422226}, "left_index": {"x": 0.5226767659187317, "y": 0.48611128330230713, "z": 0.09612894803285599, "x_normalized": 51.03264344369985, "y_normalized": 47.35364143023785, "z_normalized": 0.09612894803285599}, "right_index": {"x": 0.5380525588989258, "y": 0.476975679397583, "z": 0.10856074839830399, "x_normalized": 52.54917331289235, "y_normalized": 46.45258766263887, "z_normalized": 0.10856074839830399}, "left_thumb": {"x": 0.5239629745483398, "y": 0.48404455184936523, "z": 0.09292244166135788, "x_normalized": 51.159503489703745, "y_normalized": 47.14979763603333, "z_normalized": 0.09292244166135788}, "right_thumb": {"x": 0.5363605618476868, "y": 0.4744831919670105, "z": 0.10127489268779755, "x_normalized": 52.3822899482363, "y_normalized": 46.20675112972515, "z_normalized": 0.10127489268779755}, "left_hip": {"x": 0.5219858288764954, "y": 0.5964138507843018, "z": -0.0029058903455734253, "x_normalized": 50.96449563085971, "y_normalized": 58.23289419141511, "z_normalized": -0.0029058903455734253}, "right_hip": {"x": 0.5169936418533325, "y": 0.5875892639160156, "z": 0.00286086299456656, "x_normalized": 50.47211122226538, "y_normalized": 57.36251634577954, "z_normalized": 0.00286086299456656}, "left_knee": {"x": 0.5227604508399963, "y": 0.7129476070404053, "z": 0.012933356687426567, "x_normalized": 51.04089737134197, "y_normalized": 69.72673534544377, "z_normalized": 0.012933356687426567}, "right_knee": {"x": 0.514249861240387, "y": 0.7109312415122986, "z": 0.02210763841867447, "x_normalized": 50.20148939096191, "y_normalized": 69.52785919287571, "z_normalized": 0.02210763841867447}, "left_ankle": {"x": 0.5185534358024597, "y": 0.8087596297264099, "z": 0.13624034821987152, "x_normalized": 50.625955262483934, "y_normalized": 79.17677115291349, "z_normalized": 0.13624034821987152}, "right_ankle": {"x": 0.5096386671066284, "y": 0.8097789883613586, "z": 0.1401870995759964, "x_normalized": 49.74668269282947, "y_normalized": 79.27731151654288, "z_normalized": 0.1401870995759964}, "left_heel": {"x": 0.5156568288803101, "y": 0.820098340511322, "z": 0.14647121727466583, "x_normalized": 50.34026001916165, "y_normalized": 80.29511955976342, "z_normalized": 0.14647121727466583}, "right_heel": {"x": 0.510687530040741, "y": 0.8229299187660217, "z": 0.14903219044208527, "x_normalized": 49.85013309505064, "y_normalized": 80.57440096045212, "z_normalized": 0.14903219044208527}, "left_foot_index": {"x": 0.5203807950019836, "y": 0.841848611831665, "z": 0.09394119679927826, "x_normalized": 50.8061895314671, "y_normalized": 82.44037061529141, "z_normalized": 0.09394119679927826}, "right_foot_index": {"x": 0.5095356106758118, "y": 0.8444987535476685, "z": 0.09368687123060226, "x_normalized": 49.7365181337887, "y_normalized": 82.70175674835714, "z_normalized": 0.09368687123060226}}}