{"sequence_id": 1697925405990398000, "sequence_source": "mediapipe", "frame_number": 449, "image_dimensions": {"height": 1080, "width": 1920}, "joint_positions": {"nose": {"x": 0.5263184905052185, "y": 0.4229895770549774, "z": -0.06580271571874619, "x_normalized": 28.056843869188334, "y_normalized": 22.444957083477217, "z_normalized": -0.06580271571874619}, "left_eye_inner": {"x": 0.5279644727706909, "y": 0.4195246398448944, "z": -0.05929621681571007, "x_normalized": 28.14623232902837, "y_normalized": 22.25678652590268, "z_normalized": -0.05929621681571007}, "left_eye": {"x": 0.5290172696113586, "y": 0.41970929503440857, "z": -0.05926525592803955, "x_normalized": 28.20340663162314, "y_normalized": 22.266814606604633, "z_normalized": -0.05926525592803955}, "left_eye_outer": {"x": 0.5300962924957275, "y": 0.4198540151119232, "z": -0.05928872525691986, "x_normalized": 28.262005193581643, "y_normalized": 22.274673928729985, "z_normalized": -0.05928872525691986}, "right_eye_inner": {"x": 0.5251035690307617, "y": 0.4193594753742218, "z": -0.05972449481487274, "x_normalized": 27.99086505416319, "y_normalized": 22.247816928864232, "z_normalized": -0.05972449481487274}, "right_eye": {"x": 0.5241043567657471, "y": 0.4195098578929901, "z": -0.05975492671132088, "x_normalized": 27.936600772404784, "y_normalized": 22.25598376153403, "z_normalized": -0.05975492671132088}, "right_eye_outer": {"x": 0.5231236219406128, "y": 0.41963961720466614, "z": -0.05971949175000191, "x_normalized": 27.883339946107196, "y_normalized": 22.263030608431432, "z_normalized": -0.05971949175000191}, "left_ear": {"x": 0.5323861837387085, "y": 0.42241185903549194, "z": -0.020838312804698944, "x_normalized": 28.386362457754537, "y_normalized": 22.413582915561246, "z_normalized": -0.020838312804698944}, "right_ear": {"x": 0.5214384198188782, "y": 0.42285746335983276, "z": -0.02412424236536026, "x_normalized": 27.791821571127755, "y_normalized": 22.43778237693239, "z_normalized": -0.02412424236536026}, "mouth_left": {"x": 0.5283932685852051, "y": 0.4290877878665924, "z": -0.051861029118299484, "x_normalized": 28.16951896962548, "y_normalized": 22.776132992030313, "z_normalized": -0.051861029118299484}, "mouth_right": {"x": 0.5246522426605225, "y": 0.429455429315567, "z": -0.05265539884567261, "x_normalized": 27.966354845294504, "y_normalized": 22.796098518747435, "z_normalized": -0.05265539884567261}, "left_shoulder": {"x": 0.5416100025177002, "y": 0.44822677969932556, "z": 0.008753175847232342, "x_normalized": 28.887280949887263, "y_normalized": 23.81551539529575, "z_normalized": 0.008753175847232342}, "right_shoulder": {"x": 0.5124843120574951, "y": 0.44897425174713135, "z": 0.011657333932816982, "x_normalized": 27.30555029176983, "y_normalized": 23.856108405638825, "z_normalized": 0.011657333932816982}, "left_elbow": {"x": 0.5558282732963562, "y": 0.46094223856925964, "z": 0.06561340391635895, "x_normalized": 29.65943345307833, "y_normalized": 24.50605459999155, "z_normalized": 0.06561340391635895}, "right_elbow": {"x": 0.4996366500854492, "y": 0.4586387574672699, "z": 0.06523387134075165, "x_normalized": 26.607831525099552, "y_normalized": 24.380959310511994, "z_normalized": 0.06523387134075165}, "left_wrist": {"x": 0.5475088357925415, "y": 0.47775697708129883, "z": 0.11242619901895523, "x_normalized": 29.207629250322853, "y_normalized": 25.41921363562229, "z_normalized": 0.11242619901895523}, "right_wrist": {"x": 0.510040819644928, "y": 0.4783021807670593, "z": 0.1069701761007309, "x_normalized": 27.172851399459773, "y_normalized": 25.44882204562254, "z_normalized": 0.1069701761007309}, "left_pinky": {"x": 0.5446377992630005, "y": 0.4854280352592468, "z": 0.11637820303440094, "x_normalized": 29.051711693430775, "y_normalized": 25.835806262562453, "z_normalized": 0.11637820303440094}, "right_pinky": {"x": 0.5124375224113464, "y": 0.4863254725933075, "z": 0.10995561629533768, "x_normalized": 27.303009283586796, "y_normalized": 25.884543446903624, "z_normalized": 0.10995561629533768}, "left_index": {"x": 0.5417367219924927, "y": 0.485145628452301, "z": 0.10992955416440964, "x_normalized": 28.894162712176595, "y_normalized": 25.820469578777477, "z_normalized": 0.10992955416440964}, "right_index": {"x": 0.514319121837616, "y": 0.4855201542377472, "z": 0.10785578936338425, "x_normalized": 27.405193419028773, "y_normalized": 25.84080897357758, "z_normalized": 0.10785578936338425}, "left_thumb": {"x": 0.5424767732620239, "y": 0.4829043447971344, "z": 0.11073911935091019, "x_normalized": 28.934352721858794, "y_normalized": 25.69875204985715, "z_normalized": 0.11073911935091019}, "right_thumb": {"x": 0.5140123963356018, "y": 0.4823150038719177, "z": 0.10723958164453506, "x_normalized": 27.38853605837924, "y_normalized": 25.666746676086795, "z_normalized": 0.10723958164453506}, "left_hip": {"x": 0.53509122133255, "y": 0.5275925397872925, "z": -0.0015809141332283616, "x_normalized": 28.533265100264774, "y_normalized": 28.12563659593995, "z_normalized": -0.0015809141332283616}, "right_hip": {"x": 0.5168421268463135, "y": 0.5251350998878479, "z": 0.0016612285980954766, "x_normalized": 27.542210406773435, "y_normalized": 27.992180256604634, "z_normalized": 0.0016612285980954766}, "left_knee": {"x": 0.5327053666114807, "y": 0.5947257280349731, "z": -0.01262700092047453, "x_normalized": 28.403696341601844, "y_normalized": 31.771442767423174, "z_normalized": -0.01262700092047453}, "right_knee": {"x": 0.5151246786117554, "y": 0.589585542678833, "z": -0.035813651978969574, "x_normalized": 27.448940840167214, "y_normalized": 31.49229440603679, "z_normalized": -0.035813651978969574}, "left_ankle": {"x": 0.5279222726821899, "y": 0.6342037320137024, "z": 0.06388738751411438, "x_normalized": 28.14394056623399, "y_normalized": 33.915377150704344, "z_normalized": 0.06388738751411438}, "right_ankle": {"x": 0.513424277305603, "y": 0.6495522856712341, "z": 0.006195574067533016, "x_normalized": 27.356597042147424, "y_normalized": 34.7489119955194, "z_normalized": 0.006195574067533016}, "left_heel": {"x": 0.526067852973938, "y": 0.6395682096481323, "z": 0.06933779269456863, "x_normalized": 28.043232481405344, "y_normalized": 34.20670616660378, "z_normalized": 0.06933779269456863}, "right_heel": {"x": 0.5149380564689636, "y": 0.6571838855743408, "z": 0.007603977341204882, "x_normalized": 27.438805940012983, "y_normalized": 35.16336175950776, "z_normalized": 0.007603977341204882}, "left_foot_index": {"x": 0.5301316380500793, "y": 0.6522237658500671, "z": 0.033781278878450394, "x_normalized": 28.26392470676959, "y_normalized": 34.89399223343468, "z_normalized": 0.033781278878450394}, "right_foot_index": {"x": 0.5123010277748108, "y": 0.670197069644928, "z": -0.03843856230378151, "x_normalized": 27.295596660989162, "y_normalized": 35.87006954493508, "z_normalized": -0.03843856230378151}}}