{"sequence_id": 1697925405990398000, "sequence_source": "mediapipe", "frame_number": 75, "image_dimensions": {"height": 1080, "width": 1920}, "joint_positions": {"nose": {"x": 0.5171580910682678, "y": 0.391812801361084, "z": -0.10271688550710678, "x_normalized": 14.949211406653435, "y_normalized": 11.132065234504358, "z_normalized": -0.10271688550710678}, "left_eye_inner": {"x": 0.5188503265380859, "y": 0.3831592798233032, "z": -0.09162964671850204, "x_normalized": 14.999828927161898, "y_normalized": 10.873224303841127, "z_normalized": -0.09162964671850204}, "left_eye": {"x": 0.5207251906394958, "y": 0.3829588294029236, "z": -0.09158205986022949, "x_normalized": 15.055909167646337, "y_normalized": 10.867228505120758, "z_normalized": -0.09158205986022949}, "left_eye_outer": {"x": 0.5224605798721313, "y": 0.38273656368255615, "z": -0.0916493609547615, "x_normalized": 15.107817487522492, "y_normalized": 10.860580175228325, "z_normalized": -0.0916493609547615}, "right_eye_inner": {"x": 0.5141738057136536, "y": 0.3843393325805664, "z": -0.09276344627141953, "x_normalized": 14.859946568612584, "y_normalized": 10.908521604782502, "z_normalized": -0.09276344627141953}, "right_eye": {"x": 0.5126749873161316, "y": 0.3851011395454407, "z": -0.09280628710985184, "x_normalized": 14.815114467922019, "y_normalized": 10.931308492515187, "z_normalized": -0.09280628710985184}, "right_eye_outer": {"x": 0.5111510157585144, "y": 0.3859204053878784, "z": -0.09272588044404984, "x_normalized": 14.769529995224318, "y_normalized": 10.95581406890872, "z_normalized": -0.09272588044404984}, "left_ear": {"x": 0.5259597301483154, "y": 0.38819074630737305, "z": -0.023844776675105095, "x_normalized": 15.2124827743729, "y_normalized": 11.023723665476908, "z_normalized": -0.023844776675105095}, "right_ear": {"x": 0.506881833076477, "y": 0.39383503794670105, "z": -0.029905349016189575, "x_normalized": 14.641831784297661, "y_normalized": 11.192553626144347, "z_normalized": -0.029905349016189575}, "mouth_left": {"x": 0.5215288996696472, "y": 0.40301603078842163, "z": -0.07796493917703629, "x_normalized": 15.079949414433564, "y_normalized": 11.46717208305673, "z_normalized": -0.07796493917703629}, "mouth_right": {"x": 0.5150255560874939, "y": 0.4052708148956299, "z": -0.07969286292791367, "x_normalized": 14.885423810275997, "y_normalized": 11.534616350018608, "z_normalized": -0.07969286292791367}, "left_shoulder": {"x": 0.5466505289077759, "y": 0.43465638160705566, "z": 0.0224438589066267, "x_normalized": 15.831378282251631, "y_normalized": 12.41358653602251, "z_normalized": 0.0224438589066267}, "right_shoulder": {"x": 0.4913504421710968, "y": 0.4435542821884155, "z": 0.0393197163939476, "x_normalized": 14.177262572920386, "y_normalized": 12.679737242110514, "z_normalized": 0.0393197163939476}, "left_elbow": {"x": 0.5752538442611694, "y": 0.4574776291847229, "z": 0.12400131672620773, "x_normalized": 16.686950055408044, "y_normalized": 13.096207239756762, "z_normalized": 0.12400131672620773}, "right_elbow": {"x": 0.4750881493091583, "y": 0.4571670889854431, "z": 0.1513313204050064, "x_normalized": 13.69083089297085, "y_normalized": 13.086918476351137, "z_normalized": 0.1513313204050064}, "left_wrist": {"x": 0.5571515560150146, "y": 0.48061731457710266, "z": 0.22156038880348206, "x_normalized": 16.14548111512614, "y_normalized": 13.788352937443904, "z_normalized": 0.22156038880348206}, "right_wrist": {"x": 0.49564987421035767, "y": 0.4692215025424957, "z": 0.26478609442710876, "x_normalized": 14.305865591414864, "y_normalized": 13.4474856292824, "z_normalized": 0.26478609442710876}, "left_pinky": {"x": 0.5521470904350281, "y": 0.4939028024673462, "z": 0.23167386651039124, "x_normalized": 15.995789394531194, "y_normalized": 14.185743529795468, "z_normalized": 0.23167386651039124}, "right_pinky": {"x": 0.5034456253051758, "y": 0.473479688167572, "z": 0.2741824984550476, "x_normalized": 14.539049210337147, "y_normalized": 13.574854900314943, "z_normalized": 0.2741824984550476}, "left_index": {"x": 0.5479505062103271, "y": 0.4931131899356842, "z": 0.22397534549236298, "x_normalized": 15.870262721767311, "y_normalized": 14.162124932249208, "z_normalized": 0.22397534549236298}, "right_index": {"x": 0.5055827498435974, "y": 0.4742581844329834, "z": 0.2743705213069916, "x_normalized": 14.602974087862806, "y_normalized": 13.598140992222978, "z_normalized": 0.2743705213069916}, "left_thumb": {"x": 0.5494305491447449, "y": 0.48841309547424316, "z": 0.22101138532161713, "x_normalized": 15.914533217760606, "y_normalized": 14.021537447802212, "z_normalized": 0.22101138532161713}, "right_thumb": {"x": 0.5030339956283569, "y": 0.4729703664779663, "z": 0.26630938053131104, "x_normalized": 14.526736695926543, "y_normalized": 13.559620258606484, "z_normalized": 0.26630938053131104}, "left_hip": {"x": 0.5365415215492249, "y": 0.5880699157714844, "z": -0.005838069599121809, "x_normalized": 15.529001398881693, "y_normalized": 17.00243534007136, "z_normalized": -0.005838069599121809}, "right_hip": {"x": 0.5031181573867798, "y": 0.5873183608055115, "z": 0.0059348465874791145, "x_normalized": 14.529254111267953, "y_normalized": 16.979955106332106, "z_normalized": 0.0059348465874791145}, "left_knee": {"x": 0.5312982797622681, "y": 0.7096603512763977, "z": -0.03773330897092819, "x_normalized": 15.372167492835127, "y_normalized": 20.639403405434347, "z_normalized": -0.03773330897092819}, "right_knee": {"x": 0.5034958124160767, "y": 0.7101706266403198, "z": -0.03783920779824257, "x_normalized": 14.540550388607308, "y_normalized": 20.65466657309568, "z_normalized": -0.03783920779824257}, "left_ankle": {"x": 0.5225193500518799, "y": 0.8065075874328613, "z": 0.09462904185056686, "x_normalized": 15.109575399368548, "y_normalized": 23.536262057655332, "z_normalized": 0.09462904185056686}, "right_ankle": {"x": 0.5080579519271851, "y": 0.8088306784629822, "z": 0.08847782015800476, "x_normalized": 14.677011415683417, "y_normalized": 23.605749495992036, "z_normalized": 0.08847782015800476}, "left_heel": {"x": 0.5203024744987488, "y": 0.816241443157196, "z": 0.1048860177397728, "x_normalized": 15.043265039033537, "y_normalized": 23.82741754431222, "z_normalized": 0.1048860177397728}, "right_heel": {"x": 0.51008540391922, "y": 0.8198078274726868, "z": 0.09715326130390167, "x_normalized": 14.737655808628203, "y_normalized": 23.934093910840463, "z_normalized": 0.09715326130390167}, "left_foot_index": {"x": 0.524346649646759, "y": 0.842223584651947, "z": 0.03352920711040497, "x_normalized": 15.16423290795324, "y_normalized": 24.60458573598576, "z_normalized": 0.03352920711040497}, "right_foot_index": {"x": 0.507004976272583, "y": 0.8439221382141113, "z": 0.02156860940158367, "x_normalized": 14.645515197962924, "y_normalized": 24.655392240932034, "z_normalized": 0.02156860940158367}}}