{"sequence_id": 1697925405990398000, "sequence_source": "mediapipe", "frame_number": 637, "image_dimensions": {"height": 1080, "width": 1920}, "joint_positions": {"nose": {"x": 0.527115523815155, "y": 0.419477254152298, "z": -0.06578562408685684, "x_normalized": 43.033889441679065, "y_normalized": 34.16106486533253, "z_normalized": -0.06578562408685684}, "left_eye_inner": {"x": 0.5279731154441833, "y": 0.4176889657974243, "z": -0.0648694559931755, "x_normalized": 43.1047680573323, "y_normalized": 34.013265611361426, "z_normalized": -0.0648694559931755}, "left_eye": {"x": 0.5285332798957825, "y": 0.4177250564098358, "z": -0.06487060338258743, "x_normalized": 43.15106477889952, "y_normalized": 34.01624844440132, "z_normalized": -0.06487060338258743}, "left_eye_outer": {"x": 0.5291005969047546, "y": 0.417678564786911, "z": -0.06489472091197968, "x_normalized": 43.1979526482203, "y_normalized": 34.01240598400311, "z_normalized": -0.06489472091197968}, "right_eye_inner": {"x": 0.5263938307762146, "y": 0.41771379113197327, "z": -0.06397049129009247, "x_normalized": 42.974242633343685, "y_normalized": 34.015317386689446, "z_normalized": -0.06397049129009247}, "right_eye": {"x": 0.5259656310081482, "y": 0.4178912043571472, "z": -0.06397248804569244, "x_normalized": 42.93885258782987, "y_normalized": 34.02998031409366, "z_normalized": -0.06397248804569244}, "right_eye_outer": {"x": 0.5255654454231262, "y": 0.41799041628837585, "z": -0.0639709085226059, "x_normalized": 42.905777871017534, "y_normalized": 34.03818002605883, "z_normalized": -0.0639709085226059}, "left_ear": {"x": 0.5308018922805786, "y": 0.42055457830429077, "z": -0.046677689999341965, "x_normalized": 43.33856206763859, "y_normalized": 34.25010403259861, "z_normalized": -0.046677689999341965}, "right_ear": {"x": 0.5252225399017334, "y": 0.4212188124656677, "z": -0.04215545952320099, "x_normalized": 42.87743726246506, "y_normalized": 34.305001953980295, "z_normalized": -0.04215545952320099}, "mouth_left": {"x": 0.5289239287376404, "y": 0.4231449365615845, "z": -0.058024533092975616, "x_normalized": 43.18335129870709, "y_normalized": 34.46419311778585, "z_normalized": -0.058024533092975616}, "mouth_right": {"x": 0.5265699028968811, "y": 0.42397451400756836, "z": -0.056802403181791306, "x_normalized": 42.98879472054411, "y_normalized": 34.53275640473759, "z_normalized": -0.056802403181791306}, "left_shoulder": {"x": 0.5393006801605225, "y": 0.44248872995376587, "z": -0.026646196842193604, "x_normalized": 44.04097368089493, "y_normalized": 36.06292758616385, "z_normalized": -0.026646196842193604}, "right_shoulder": {"x": 0.5177147388458252, "y": 0.4463808834552765, "z": -0.014422296546399593, "x_normalized": 42.256929170466066, "y_normalized": 36.384608025616764, "z_normalized": -0.014422296546399593}, "left_elbow": {"x": 0.5551980137825012, "y": 0.45359641313552856, "z": 0.012564418837428093, "x_normalized": 45.35486360421446, "y_normalized": 36.98096034253544, "z_normalized": 0.012564418837428093}, "right_elbow": {"x": 0.514102578163147, "y": 0.45878082513809204, "z": 0.03216882050037384, "x_normalized": 41.95838970244984, "y_normalized": 37.40944393924926, "z_normalized": 0.03216882050037384}, "left_wrist": {"x": 0.5466245412826538, "y": 0.47043344378471375, "z": 0.040340013802051544, "x_normalized": 44.64627942316458, "y_normalized": 38.37251476509608, "z_normalized": 0.040340013802051544}, "right_wrist": {"x": 0.5209239721298218, "y": 0.47625675797462463, "z": 0.06016935780644417, "x_normalized": 42.52216731503108, "y_normalized": 38.85380263489768, "z_normalized": 0.06016935780644417}, "left_pinky": {"x": 0.5446330308914185, "y": 0.4764256179332733, "z": 0.04432949051260948, "x_normalized": 44.48168418364512, "y_normalized": 38.86775864811325, "z_normalized": 0.04432949051260948}, "right_pinky": {"x": 0.5255388617515564, "y": 0.48321443796157837, "z": 0.06398781388998032, "x_normalized": 42.903580771866764, "y_normalized": 39.4288440753001, "z_normalized": 0.06398781388998032}, "left_index": {"x": 0.5436028242111206, "y": 0.4761839807033539, "z": 0.039503343403339386, "x_normalized": 44.396539202205695, "y_normalized": 38.84778770650509, "z_normalized": 0.039503343403339386}, "right_index": {"x": 0.5266908407211304, "y": 0.48144418001174927, "z": 0.05873415619134903, "x_normalized": 42.99879004381075, "y_normalized": 39.28253500629113, "z_normalized": 0.05873415619134903}, "left_thumb": {"x": 0.5438523888587952, "y": 0.4737679660320282, "z": 0.03989776596426964, "x_normalized": 44.41716533257406, "y_normalized": 38.64810784781116, "z_normalized": 0.03989776596426964}, "right_thumb": {"x": 0.5259721279144287, "y": 0.47895893454551697, "z": 0.05908116325736046, "x_normalized": 42.93938954703936, "y_normalized": 39.077133329965754, "z_normalized": 0.05908116325736046}, "left_hip": {"x": 0.5374378561973572, "y": 0.5079455971717834, "z": -0.004183587152510881, "x_normalized": 43.88701417470848, "y_normalized": 41.47283595789952, "z_normalized": -0.004183587152510881}, "right_hip": {"x": 0.5253413319587708, "y": 0.5082112550735474, "z": 0.004176534712314606, "x_normalized": 42.887255241405626, "y_normalized": 41.49479217071343, "z_normalized": 0.004176534712314606}, "left_knee": {"x": 0.5350974798202515, "y": 0.5582767128944397, "z": -0.014609376899898052, "x_normalized": 43.693585703508575, "y_normalized": 45.632624470232194, "z_normalized": -0.014609376899898052}, "right_knee": {"x": 0.5246608853340149, "y": 0.5554947853088379, "z": 0.015551176853477955, "x_normalized": 42.83101738511585, "y_normalized": 45.4027024777118, "z_normalized": 0.015551176853477955}, "left_ankle": {"x": 0.5332998633384705, "y": 0.6057973504066467, "z": 0.02401646599173546, "x_normalized": 43.545015494342195, "y_normalized": 49.560131325261466, "z_normalized": 0.02401646599173546}, "right_ankle": {"x": 0.5249488353729248, "y": 0.5959212779998779, "z": 0.07647226750850677, "x_normalized": 42.85481600842839, "y_normalized": 48.743889285823634, "z_normalized": 0.07647226750850677}, "left_heel": {"x": 0.5321918725967407, "y": 0.6108511090278625, "z": 0.025944596156477928, "x_normalized": 43.453441781082674, "y_normalized": 49.97781662301005, "z_normalized": 0.025944596156477928}, "right_heel": {"x": 0.5264496803283691, "y": 0.6006174087524414, "z": 0.08091159909963608, "x_normalized": 42.978858512052824, "y_normalized": 49.13201719589363, "z_normalized": 0.08091159909963608}, "left_foot_index": {"x": 0.5339740514755249, "y": 0.6216982007026672, "z": -0.006679128389805555, "x_normalized": 43.600736096347596, "y_normalized": 50.87431189622651, "z_normalized": -0.006679128389805555}, "right_foot_index": {"x": 0.5215786099433899, "y": 0.612398087978363, "z": 0.054777778685092926, "x_normalized": 42.57627211317672, "y_normalized": 50.10567202964503, "z_normalized": 0.054777778685092926}}}