{"sequence_id": 1697925405990398000, "sequence_source": "mediapipe", "frame_number": 546, "image_dimensions": {"height": 1080, "width": 1920}, "joint_positions": {"nose": {"x": 0.516957700252533, "y": 0.41236019134521484, "z": -0.075877346098423, "x_normalized": 31.918618732636695, "y_normalized": 25.367468062848843, "z_normalized": -0.075877346098423}, "left_eye_inner": {"x": 0.5182585120201111, "y": 0.4093625545501709, "z": -0.07033072412014008, "x_normalized": 32.00024620479197, "y_normalized": 25.179362819555536, "z_normalized": -0.07033072412014008}, "left_eye": {"x": 0.5190807580947876, "y": 0.40953329205513, "z": -0.07030913233757019, "x_normalized": 32.051843115458304, "y_normalized": 25.19007679930209, "z_normalized": -0.07030913233757019}, "left_eye_outer": {"x": 0.5200755596160889, "y": 0.4097358286380768, "z": -0.07033026218414307, "x_normalized": 32.11426808385418, "y_normalized": 25.202786208685506, "z_normalized": -0.07033026218414307}, "right_eye_inner": {"x": 0.515730082988739, "y": 0.409426748752594, "z": -0.07067247480154037, "x_normalized": 31.841584301894855, "y_normalized": 25.18339108144663, "z_normalized": -0.07067247480154037}, "right_eye": {"x": 0.5148630738258362, "y": 0.40966495871543884, "z": -0.07069621235132217, "x_normalized": 31.787178454663795, "y_normalized": 25.19833903747983, "z_normalized": -0.07069621235132217}, "right_eye_outer": {"x": 0.5139896869659424, "y": 0.4099140167236328, "z": -0.07067523896694183, "x_normalized": 31.732372399426843, "y_normalized": 25.213967721149224, "z_normalized": -0.07067523896694183}, "left_ear": {"x": 0.5224607586860657, "y": 0.41324615478515625, "z": -0.03652171045541763, "x_normalized": 32.26394213779652, "y_normalized": 25.42306331331237, "z_normalized": -0.03652171045541763}, "right_ear": {"x": 0.5124574899673462, "y": 0.41402468085289, "z": -0.03851543366909027, "x_normalized": 31.63622523120729, "y_normalized": 25.471916741994377, "z_normalized": -0.03851543366909027}, "mouth_left": {"x": 0.5192664265632629, "y": 0.41799378395080566, "z": -0.06351985782384872, "x_normalized": 32.06349403077006, "y_normalized": 25.720982641213393, "z_normalized": -0.06351985782384872}, "mouth_right": {"x": 0.5155813694000244, "y": 0.41824468970298767, "z": -0.06407330185174942, "x_normalized": 31.832252348860237, "y_normalized": 25.736727272996642, "z_normalized": -0.06407330185174942}, "left_shoulder": {"x": 0.5316789150238037, "y": 0.43702366948127747, "z": -0.011744693852961063, "x_normalized": 32.84239231678176, "y_normalized": 26.91513039569499, "z_normalized": -0.011744693852961063}, "right_shoulder": {"x": 0.505527138710022, "y": 0.44119831919670105, "z": -0.002113909227773547, "x_normalized": 31.2013375184856, "y_normalized": 27.177094587515157, "z_normalized": -0.002113909227773547}, "left_elbow": {"x": 0.5475557446479797, "y": 0.448016881942749, "z": 0.032994575798511505, "x_normalized": 33.83868209548999, "y_normalized": 27.604967439348503, "z_normalized": 0.032994575798511505}, "right_elbow": {"x": 0.4969843626022339, "y": 0.45625507831573486, "z": 0.05093889683485031, "x_normalized": 30.665268245245926, "y_normalized": 28.12192397511047, "z_normalized": 0.05093889683485031}, "left_wrist": {"x": 0.5384350419044495, "y": 0.4706652760505676, "z": 0.06350257992744446, "x_normalized": 33.266347244445264, "y_normalized": 29.0261808735102, "z_normalized": 0.06350257992744446}, "right_wrist": {"x": 0.5046846866607666, "y": 0.4746694564819336, "z": 0.08711862564086914, "x_normalized": 31.148472659090316, "y_normalized": 29.27744791676163, "z_normalized": 0.08711862564086914}, "left_pinky": {"x": 0.536087691783905, "y": 0.477158784866333, "z": 0.06647224724292755, "x_normalized": 33.11904825670612, "y_normalized": 29.433656207959068, "z_normalized": 0.06647224724292755}, "right_pinky": {"x": 0.506502091884613, "y": 0.48054006695747375, "z": 0.09029975533485413, "x_normalized": 31.262516979722946, "y_normalized": 29.645835645924635, "z_normalized": 0.09029975533485413}, "left_index": {"x": 0.5344083309173584, "y": 0.4773509204387665, "z": 0.059869684278964996, "x_normalized": 33.01366638225713, "y_normalized": 29.44571294166932, "z_normalized": 0.059869684278964996}, "right_index": {"x": 0.5079306364059448, "y": 0.47961556911468506, "z": 0.08702539652585983, "x_normalized": 31.352159832781297, "y_normalized": 29.58782231624793, "z_normalized": 0.08702539652585983}, "left_thumb": {"x": 0.5346125364303589, "y": 0.47501638531684875, "z": 0.06192786619067192, "x_normalized": 33.02648051896919, "y_normalized": 29.299218110203704, "z_normalized": 0.06192786619067192}, "right_thumb": {"x": 0.5075984597206116, "y": 0.4771857261657715, "z": 0.08671654760837555, "x_normalized": 31.331315354119212, "y_normalized": 29.435346806264338, "z_normalized": 0.08671654760837555}, "left_hip": {"x": 0.5290243029594421, "y": 0.5079275369644165, "z": -0.003433733945712447, "x_normalized": 32.67581227978674, "y_normalized": 31.36443168042805, "z_normalized": -0.003433733945712447}, "right_hip": {"x": 0.5131486654281616, "y": 0.5093127489089966, "z": 0.0034176399931311607, "x_normalized": 31.679597306313255, "y_normalized": 31.451355363203373, "z_normalized": 0.0034176399931311607}, "left_knee": {"x": 0.5284159779548645, "y": 0.566656768321991, "z": -0.010240125469863415, "x_normalized": 32.637639168495646, "y_normalized": 35.04976019361218, "z_normalized": -0.010240125469863415}, "right_knee": {"x": 0.5161064863204956, "y": 0.5690507292747498, "z": -0.007169423624873161, "x_normalized": 31.865204054766032, "y_normalized": 35.199984066029906, "z_normalized": -0.007169423624873161}, "left_ankle": {"x": 0.5263646245002747, "y": 0.6170885562896729, "z": 0.03403373062610626, "x_normalized": 32.50891432054404, "y_normalized": 38.21441435086744, "z_normalized": 0.03403373062610626}, "right_ankle": {"x": 0.5221583843231201, "y": 0.6208708882331848, "z": 0.034499816596508026, "x_normalized": 32.244967790003095, "y_normalized": 38.451760139932574, "z_normalized": 0.034499816596508026}, "left_heel": {"x": 0.526492178440094, "y": 0.6242605447769165, "z": 0.035972122102975845, "x_normalized": 32.5169184806619, "y_normalized": 38.66446508467223, "z_normalized": 0.035972122102975845}, "right_heel": {"x": 0.5252712965011597, "y": 0.629454493522644, "z": 0.03579607233405113, "x_normalized": 32.440306699496375, "y_normalized": 38.99039149246231, "z_normalized": 0.03579607233405113}, "left_foot_index": {"x": 0.5266916155815125, "y": 0.6302691698074341, "z": -0.0037480907049030066, "x_normalized": 32.529433396434975, "y_normalized": 39.041513389888, "z_normalized": -0.0037480907049030066}, "right_foot_index": {"x": 0.5159362554550171, "y": 0.635551393032074, "z": -0.004093675408512354, "x_normalized": 31.854521867244245, "y_normalized": 39.37297912531105, "z_normalized": -0.004093675408512354}}}