{"sequence_id": 1697925405990398000, "sequence_source": "mediapipe", "frame_number": 247, "image_dimensions": {"height": 1080, "width": 1920}, "joint_positions": {"nose": {"x": 0.5096049308776855, "y": 0.4234917461872101, "z": -0.1703062802553177, "x_normalized": 21.652412903570895, "y_normalized": 17.859097498036338, "z_normalized": -0.1703062802553177}, "left_eye_inner": {"x": 0.5120846629142761, "y": 0.41767656803131104, "z": -0.1635337471961975, "x_normalized": 21.760271307848537, "y_normalized": 17.606160556773993, "z_normalized": -0.1635337471961975}, "left_eye": {"x": 0.5136885046958923, "y": 0.41771477460861206, "z": -0.1635127067565918, "x_normalized": 21.830031996796514, "y_normalized": 17.607822389746183, "z_normalized": -0.1635127067565918}, "left_eye_outer": {"x": 0.515243649482727, "y": 0.41774576902389526, "z": -0.1635419726371765, "x_normalized": 21.897674561659816, "y_normalized": 17.609170522578534, "z_normalized": -0.1635419726371765}, "right_eye_inner": {"x": 0.5076659321784973, "y": 0.41795462369918823, "z": -0.1629115790128708, "x_normalized": 21.568074232091533, "y_normalized": 17.61825486381808, "z_normalized": -0.1629115790128708}, "right_eye": {"x": 0.5062621235847473, "y": 0.41822350025177, "z": -0.16294223070144653, "x_normalized": 21.50701418503851, "y_normalized": 17.62994991613874, "z_normalized": -0.16294223070144653}, "right_eye_outer": {"x": 0.504917323589325, "y": 0.4185135066509247, "z": -0.16291502118110657, "x_normalized": 21.448520775493233, "y_normalized": 17.642564032092228, "z_normalized": -0.16291502118110657}, "left_ear": {"x": 0.5180899500846863, "y": 0.4208748936653137, "z": -0.10729258507490158, "x_normalized": 22.021477229243164, "y_normalized": 17.745274902257105, "z_normalized": -0.10729258507490158}, "right_ear": {"x": 0.5028664469718933, "y": 0.4222811758518219, "z": -0.10364257544279099, "x_normalized": 21.359315863001708, "y_normalized": 17.806442540680404, "z_normalized": -0.10364257544279099}, "mouth_left": {"x": 0.5130654573440552, "y": 0.43075889348983765, "z": -0.1482875496149063, "x_normalized": 21.802931934303086, "y_normalized": 18.17518927736813, "z_normalized": -0.1482875496149063}, "mouth_right": {"x": 0.5066316723823547, "y": 0.43174925446510315, "z": -0.14750511944293976, "x_normalized": 21.52308807650118, "y_normalized": 18.21826601020651, "z_normalized": -0.14750511944293976}, "left_shoulder": {"x": 0.5310301184654236, "y": 0.4521755278110504, "z": -0.05549206584692001, "x_normalized": 22.58432268675045, "y_normalized": 19.106727027737215, "z_normalized": -0.05549206584692001}, "right_shoulder": {"x": 0.49350684881210327, "y": 0.4526464343070984, "z": -0.047678664326667786, "x_normalized": 20.95221085838884, "y_normalized": 19.127209572817993, "z_normalized": -0.047678664326667786}, "left_elbow": {"x": 0.5517124533653259, "y": 0.46722808480262756, "z": 0.015294370241463184, "x_normalized": 23.483921355526903, "y_normalized": 19.76145292289562, "z_normalized": 0.015294370241463184}, "right_elbow": {"x": 0.48210030794143677, "y": 0.46583884954452515, "z": -0.014459437690675259, "x_normalized": 20.456072050451624, "y_normalized": 19.701026757530116, "z_normalized": -0.014459437690675259}, "left_wrist": {"x": 0.5460713505744934, "y": 0.4872642755508423, "z": 0.06029335409402847, "x_normalized": 23.23855599491242, "y_normalized": 20.63294691096223, "z_normalized": 0.06029335409402847}, "right_wrist": {"x": 0.4799911081790924, "y": 0.47869640588760376, "z": -0.029520174488425255, "x_normalized": 20.364330314928445, "y_normalized": 20.260278922526552, "z_normalized": -0.029520174488425255}, "left_pinky": {"x": 0.5421040654182434, "y": 0.4988500475883484, "z": 0.06836380064487457, "x_normalized": 23.065994992371262, "y_normalized": 21.136881556258835, "z_normalized": 0.06836380064487457}, "right_pinky": {"x": 0.47755134105682373, "y": 0.4797266721725464, "z": -0.031637463718652725, "x_normalized": 20.2582102242356, "y_normalized": 20.30509137638659, "z_normalized": -0.031637463718652725}, "left_index": {"x": 0.5399108529090881, "y": 0.4971269369125366, "z": 0.05765993893146515, "x_normalized": 22.97059903910347, "y_normalized": 21.06193314846944, "z_normalized": 0.05765993893146515}, "right_index": {"x": 0.4810228943824768, "y": 0.4803527295589447, "z": -0.04037618264555931, "x_normalized": 20.40920887914853, "y_normalized": 20.332322363318546, "z_normalized": -0.04037618264555931}, "left_thumb": {"x": 0.5401982665061951, "y": 0.49200206995010376, "z": 0.05841480940580368, "x_normalized": 22.9831003785604, "y_normalized": 20.839021977203046, "z_normalized": 0.05841480940580368}, "right_thumb": {"x": 0.4824347198009491, "y": 0.4811500310897827, "z": -0.03273560479283333, "x_normalized": 20.470617625943767, "y_normalized": 20.36700178414925, "z_normalized": -0.03273560479283333}, "left_hip": {"x": 0.5248515009880066, "y": 0.5608426928520203, "z": -0.01322665810585022, "x_normalized": 22.315577591747203, "y_normalized": 23.8333131450053, "z_normalized": -0.01322665810585022}, "right_hip": {"x": 0.5018664598464966, "y": 0.5613493323326111, "z": 0.013198107481002808, "x_normalized": 21.315820431216356, "y_normalized": 23.85534993168799, "z_normalized": 0.013198107481002808}, "left_knee": {"x": 0.5252014994621277, "y": 0.640726625919342, "z": -0.05025516077876091, "x_normalized": 22.330801122500233, "y_normalized": 27.307944040974846, "z_normalized": -0.05025516077876091}, "right_knee": {"x": 0.5041509866714478, "y": 0.6410675644874573, "z": 0.039469972252845764, "x_normalized": 21.41518819121331, "y_normalized": 27.322773502130726, "z_normalized": 0.039469972252845764}, "left_ankle": {"x": 0.5236400961875916, "y": 0.7158663272857666, "z": 0.006176791153848171, "x_normalized": 22.26288633850732, "y_normalized": 30.57621987388455, "z_normalized": 0.006176791153848171}, "right_ankle": {"x": 0.5127276182174683, "y": 0.6918476223945618, "z": 0.18145403265953064, "x_normalized": 21.788237286430437, "y_normalized": 29.531502483394735, "z_normalized": 0.18145403265953064}, "left_heel": {"x": 0.5226781964302063, "y": 0.7227000594139099, "z": 0.008118638768792152, "x_normalized": 22.221047554567882, "y_normalized": 30.873459830350086, "z_normalized": 0.008118638768792152}, "right_heel": {"x": 0.5156123042106628, "y": 0.6968602538108826, "z": 0.1933378428220749, "x_normalized": 21.913709564675397, "y_normalized": 29.749531858270128, "z_normalized": 0.1933378428220749}, "left_foot_index": {"x": 0.5232457518577576, "y": 0.7475606799125671, "z": -0.055564381182193756, "x_normalized": 22.24573394077877, "y_normalized": 31.954797175180246, "z_normalized": -0.055564381182193756}, "right_foot_index": {"x": 0.5065092444419861, "y": 0.7158434987068176, "z": 0.1573849469423294, "x_normalized": 21.517762951813385, "y_normalized": 30.57522692220226, "z_normalized": 0.1573849469423294}}}