{"sequence_id": 1697925405990398000, "sequence_source": "mediapipe", "frame_number": 324, "image_dimensions": {"height": 1080, "width": 1920}, "joint_positions": {"nose": {"x": 0.5225285887718201, "y": 0.4128093421459198, "z": -0.12787602841854095, "x_normalized": 24.018645225573483, "y_normalized": 18.849059730692197, "z_normalized": -0.12787602841854095}, "left_eye_inner": {"x": 0.5241000652313232, "y": 0.40921398997306824, "z": -0.1200965940952301, "x_normalized": 24.09245432428289, "y_normalized": 18.68019324731835, "z_normalized": -0.1200965940952301}, "left_eye": {"x": 0.5253692269325256, "y": 0.4094148278236389, "z": -0.12007930129766464, "x_normalized": 24.152064304894285, "y_normalized": 18.689626198507476, "z_normalized": -0.12007930129766464}, "left_eye_outer": {"x": 0.5266843438148499, "y": 0.4096567928791046, "z": -0.12012011557817459, "x_normalized": 24.213832708229177, "y_normalized": 18.70099081205615, "z_normalized": -0.12012011557817459}, "right_eye_inner": {"x": 0.5207079648971558, "y": 0.4092327952384949, "z": -0.12004583328962326, "x_normalized": 23.93313417228014, "y_normalized": 18.681076492933474, "z_normalized": -0.12004583328962326}, "right_eye": {"x": 0.5195813775062561, "y": 0.4095625877380371, "z": -0.12006307393312454, "x_normalized": 23.88022062118185, "y_normalized": 18.69656618544852, "z_normalized": -0.12006307393312454}, "right_eye_outer": {"x": 0.5184752941131592, "y": 0.4098680317401886, "z": -0.1200367882847786, "x_normalized": 23.82827010175266, "y_normalized": 18.7109122778565, "z_normalized": -0.1200367882847786}, "left_ear": {"x": 0.5299248695373535, "y": 0.41394007205963135, "z": -0.07404127717018127, "x_normalized": 24.36603370460826, "y_normalized": 18.90216784778178, "z_normalized": -0.07404127717018127}, "right_ear": {"x": 0.5164187550544739, "y": 0.41489237546920776, "z": -0.07314278185367584, "x_normalized": 23.731678585243245, "y_normalized": 18.946895629692655, "z_normalized": -0.07314278185367584}, "mouth_left": {"x": 0.525394082069397, "y": 0.4199657440185547, "z": -0.11108554899692535, "x_normalized": 24.153231700842014, "y_normalized": 19.18518157905161, "z_normalized": -0.11108554899692535}, "mouth_right": {"x": 0.5210901498794556, "y": 0.4206187129020691, "z": -0.11128930747509003, "x_normalized": 23.95108463467061, "y_normalized": 19.215850218397772, "z_normalized": -0.11128930747509003}, "left_shoulder": {"x": 0.5411784052848816, "y": 0.44386962056159973, "z": -0.030840668827295303, "x_normalized": 24.894589716883342, "y_normalized": 20.307898736304434, "z_normalized": -0.030840668827295303}, "right_shoulder": {"x": 0.5064411759376526, "y": 0.4476936459541321, "z": -0.02919670380651951, "x_normalized": 23.263051697795483, "y_normalized": 20.48750554234844, "z_normalized": -0.02919670380651951}, "left_elbow": {"x": 0.5567026734352112, "y": 0.45827582478523254, "z": 0.04701540991663933, "x_normalized": 25.623733467888858, "y_normalized": 20.984529266236898, "z_normalized": 0.04701540991663933}, "right_elbow": {"x": 0.49320366978645325, "y": 0.45752522349357605, "z": 0.041200798004865646, "x_normalized": 22.641312573246854, "y_normalized": 20.949275028419805, "z_normalized": 0.041200798004865646}, "left_wrist": {"x": 0.5588850378990173, "y": 0.4732218086719513, "z": 0.10565152764320374, "x_normalized": 25.726234751414225, "y_normalized": 21.686512164760764, "z_normalized": 0.10565152764320374}, "right_wrist": {"x": 0.5028306841850281, "y": 0.4525924324989319, "z": 0.09923546016216278, "x_normalized": 23.093474138712466, "y_normalized": 20.717591724966642, "z_normalized": 0.09923546016216278}, "left_pinky": {"x": 0.561204731464386, "y": 0.4785112142562866, "z": 0.11554429680109024, "x_normalized": 25.835186107514083, "y_normalized": 21.934944940528677, "z_normalized": 0.11554429680109024}, "right_pinky": {"x": 0.5047485828399658, "y": 0.45460841059684753, "z": 0.10451856255531311, "x_normalized": 23.183553993412737, "y_normalized": 20.81227817446784, "z_normalized": 0.10451856255531311}, "left_index": {"x": 0.5601527690887451, "y": 0.4774707853794098, "z": 0.10354825109243393, "x_normalized": 25.785777543769637, "y_normalized": 21.886078082098102, "z_normalized": 0.10354825109243393}, "right_index": {"x": 0.5067934393882751, "y": 0.45472684502601624, "z": 0.10356766730546951, "x_normalized": 23.279596805831616, "y_normalized": 20.817840802161204, "z_normalized": 0.10356766730546951}, "left_thumb": {"x": 0.5562601089477539, "y": 0.47556886076927185, "z": 0.10213455557823181, "x_normalized": 25.602947101193717, "y_normalized": 21.79674849625632, "z_normalized": 0.10213455557823181}, "right_thumb": {"x": 0.5060972571372986, "y": 0.4539130926132202, "z": 0.10008968412876129, "x_normalized": 23.246898521252593, "y_normalized": 20.779620482793472, "z_normalized": 0.10008968412876129}, "left_hip": {"x": 0.5341032147407532, "y": 0.5403745174407959, "z": -0.0017434906912967563, "x_normalized": 24.562282201806372, "y_normalized": 24.84054026371864, "z_normalized": -0.0017434906912967563}, "right_hip": {"x": 0.5128467679023743, "y": 0.5391603708267212, "z": 0.0017155882669612765, "x_normalized": 23.563909510050472, "y_normalized": 24.783514231451974, "z_normalized": 0.0017155882669612765}, "left_knee": {"x": 0.5312893986701965, "y": 0.6154835224151611, "z": 0.0008405481348745525, "x_normalized": 24.430122902285273, "y_normalized": 28.36825964417381, "z_normalized": 0.0008405481348745525}, "right_knee": {"x": 0.5129306316375732, "y": 0.6161962747573853, "z": -0.016987236216664314, "x_normalized": 23.567848421557553, "y_normalized": 28.401736192717983, "z_normalized": -0.016987236216664314}, "left_ankle": {"x": 0.5236302018165588, "y": 0.6713822484016418, "z": 0.0792047530412674, "x_normalized": 24.07038578170272, "y_normalized": 30.993710734526612, "z_normalized": 0.0792047530412674}, "right_ankle": {"x": 0.5116170644760132, "y": 0.6831884980201721, "z": 0.046751778572797775, "x_normalized": 23.506152805499976, "y_normalized": 31.548226609207624, "z_normalized": 0.046751778572797775}, "left_heel": {"x": 0.5212982892990112, "y": 0.6796027421951294, "z": 0.08363916724920273, "x_normalized": 23.960860525916328, "y_normalized": 31.379810847051, "z_normalized": 0.08363916724920273}, "right_heel": {"x": 0.5127072930335999, "y": 0.6915525794029236, "z": 0.04999428614974022, "x_normalized": 23.557358655092003, "y_normalized": 31.941070742926435, "z_normalized": 0.04999428614974022}, "left_foot_index": {"x": 0.5283945798873901, "y": 0.6917142271995544, "z": 0.03864510729908943, "x_normalized": 24.294159067769062, "y_normalized": 31.948663015852667, "z_normalized": 0.03864510729908943}, "right_foot_index": {"x": 0.5111169219017029, "y": 0.7069457769393921, "z": -0.003934080712497234, "x_normalized": 23.48266211150147, "y_normalized": 32.6640583699774, "z_normalized": -0.003934080712497234}}}