{"sequence_id": 1697925405990398000, "sequence_source": "mediapipe", "frame_number": 577, "image_dimensions": {"height": 1080, "width": 1920}, "joint_positions": {"nose": {"x": 0.5274588465690613, "y": 0.42586302757263184, "z": -0.08778560161590576, "x_normalized": 32.92646244090107, "y_normalized": 26.498603556064005, "z_normalized": -0.08778560161590576}, "left_eye_inner": {"x": 0.5287626385688782, "y": 0.4230967164039612, "z": -0.08328263461589813, "x_normalized": 33.00915738949947, "y_normalized": 26.323146151867224, "z_normalized": -0.08328263461589813}, "left_eye": {"x": 0.5296393632888794, "y": 0.423276424407959, "z": -0.08325222879648209, "x_normalized": 33.064764960082535, "y_normalized": 26.334544399559654, "z_normalized": -0.08325222879648209}, "left_eye_outer": {"x": 0.5305528044700623, "y": 0.42342033982276917, "z": -0.08326724916696548, "x_normalized": 33.122701326877376, "y_normalized": 26.343672448996923, "z_normalized": -0.08326724916696548}, "right_eye_inner": {"x": 0.5263895988464355, "y": 0.42311570048332214, "z": -0.08465788513422012, "x_normalized": 32.85864381225946, "y_normalized": 26.324350245363092, "z_normalized": -0.08465788513422012}, "right_eye": {"x": 0.5255650281906128, "y": 0.42339667677879333, "z": -0.0846901386976242, "x_normalized": 32.80634419084087, "y_normalized": 26.342171585204586, "z_normalized": -0.0846901386976242}, "right_eye_outer": {"x": 0.5247294902801514, "y": 0.4236248731613159, "z": -0.08467420190572739, "x_normalized": 32.753348954969404, "y_normalized": 26.356645280491637, "z_normalized": -0.08467420190572739}, "left_ear": {"x": 0.5323748588562012, "y": 0.42634472250938416, "z": -0.049724236130714417, "x_normalized": 33.238267838887275, "y_normalized": 26.529155774547043, "z_normalized": -0.049724236130714417}, "right_ear": {"x": 0.5230447053909302, "y": 0.42664769291877747, "z": -0.05686865374445915, "x_normalized": 32.64648896516039, "y_normalized": 26.54837212380761, "z_normalized": -0.05686865374445915}, "mouth_left": {"x": 0.5292221307754517, "y": 0.4312311112880707, "z": -0.07483252137899399, "x_normalized": 33.03830136676678, "y_normalized": 26.839082257407824, "z_normalized": -0.07483252137899399}, "mouth_right": {"x": 0.5262300968170166, "y": 0.4320089817047119, "z": -0.076885886490345, "x_normalized": 32.84852715858618, "y_normalized": 26.888419846631717, "z_normalized": -0.076885886490345}, "left_shoulder": {"x": 0.5400100350379944, "y": 0.4474298059940338, "z": -0.01934118941426277, "x_normalized": 33.72254025502557, "y_normalized": 27.866508584811978, "z_normalized": -0.01934118941426277}, "right_shoulder": {"x": 0.5152468085289001, "y": 0.4492621421813965, "z": -0.02107689529657364, "x_normalized": 32.15189574762895, "y_normalized": 27.98272723537144, "z_normalized": -0.02107689529657364}, "left_elbow": {"x": 0.552573025226593, "y": 0.45686838030815125, "z": 0.03567759320139885, "x_normalized": 34.51936661078958, "y_normalized": 28.465164212287625, "z_normalized": 0.03567759320139885}, "right_elbow": {"x": 0.5058410167694092, "y": 0.4576980471611023, "z": 0.033577509224414825, "x_normalized": 31.555319402485246, "y_normalized": 28.517787067596004, "z_normalized": 0.033577509224414825}, "left_wrist": {"x": 0.5447326898574829, "y": 0.47728168964385986, "z": 0.08014994114637375, "x_normalized": 34.02208166776659, "y_normalized": 29.759908747057533, "z_normalized": 0.08014994114637375}, "right_wrist": {"x": 0.5167548656463623, "y": 0.47136056423187256, "z": 0.08301673829555511, "x_normalized": 32.247546515412076, "y_normalized": 29.38435255277368, "z_normalized": 0.08301673829555511}, "left_pinky": {"x": 0.5430670380592346, "y": 0.4837002158164978, "z": 0.08304436504840851, "x_normalized": 33.91643522273677, "y_normalized": 30.167013325087094, "z_normalized": 0.08304436504840851}, "right_pinky": {"x": 0.5192184448242188, "y": 0.4768860936164856, "z": 0.08904553949832916, "x_normalized": 32.403802692401605, "y_normalized": 29.734817480080867, "z_normalized": 0.08904553949832916}, "left_index": {"x": 0.5412615537643433, "y": 0.48255655169487, "z": 0.07900723069906235, "x_normalized": 33.80191969343284, "y_normalized": 30.094474725551947, "z_normalized": 0.07900723069906235}, "right_index": {"x": 0.5208055377006531, "y": 0.47578418254852295, "z": 0.0867675244808197, "x_normalized": 32.504466420861405, "y_normalized": 29.66492713013396, "z_normalized": 0.0867675244808197}, "left_thumb": {"x": 0.5412778854370117, "y": 0.4807809293270111, "z": 0.07928730547428131, "x_normalized": 33.802955554085486, "y_normalized": 29.98185323342676, "z_normalized": 0.07928730547428131}, "right_thumb": {"x": 0.5199447870254517, "y": 0.4738694429397583, "z": 0.083678238093853, "x_normalized": 32.449872027851, "y_normalized": 29.54348191989464, "z_normalized": 0.083678238093853}, "left_hip": {"x": 0.5362794399261475, "y": 0.5126394629478455, "z": -0.0017537538660690188, "x_normalized": 33.485921706162756, "y_normalized": 32.00252815746777, "z_normalized": -0.0017537538660690188}, "right_hip": {"x": 0.5205208659172058, "y": 0.5121464729309082, "z": 0.0018103652400895953, "x_normalized": 32.4864106891934, "y_normalized": 31.97125953170854, "z_normalized": 0.0018103652400895953}, "left_knee": {"x": 0.5341588854789734, "y": 0.5645569562911987, "z": -0.011528294533491135, "x_normalized": 33.351422383392105, "y_normalized": 35.29547246452695, "z_normalized": -0.011528294533491135}, "right_knee": {"x": 0.5195708870887756, "y": 0.5647494196891785, "z": -0.03027898445725441, "x_normalized": 32.42615686772675, "y_normalized": 35.307679742072175, "z_normalized": -0.03027898445725441}, "left_ankle": {"x": 0.5334955453872681, "y": 0.608162522315979, "z": 0.03462526574730873, "x_normalized": 33.30934905053339, "y_normalized": 38.06122040708968, "z_normalized": 0.03462526574730873}, "right_ankle": {"x": 0.5200100541114807, "y": 0.6196009516716003, "z": -0.006527584511786699, "x_normalized": 32.45401168994825, "y_normalized": 38.78671981784106, "z_normalized": -0.006527584511786699}, "left_heel": {"x": 0.5320157408714294, "y": 0.6144368648529053, "z": 0.03745028004050255, "x_normalized": 33.21549024606907, "y_normalized": 38.45917992337198, "z_normalized": 0.03745028004050255}, "right_heel": {"x": 0.5219624042510986, "y": 0.626990020275116, "z": -0.0065261260606348515, "x_normalized": 32.57784240409933, "y_normalized": 39.2553824944364, "z_normalized": -0.0065261260606348515}, "left_foot_index": {"x": 0.5357609391212463, "y": 0.6229609847068787, "z": 0.006422513164579868, "x_normalized": 33.45303502069794, "y_normalized": 38.999834915326154, "z_normalized": 0.006422513164579868}, "right_foot_index": {"x": 0.5171751379966736, "y": 0.6351586580276489, "z": -0.04565644636750221, "x_normalized": 32.2742029149077, "y_normalized": 39.77349050488555, "z_normalized": -0.04565644636750221}}}