{"sequence_id": 1697925405990398000, "sequence_source": "mediapipe", "frame_number": 102, "image_dimensions": {"height": 1080, "width": 1920}, "joint_positions": {"nose": {"x": 0.5209890604019165, "y": 0.40050965547561646, "z": -0.1921573132276535, "x_normalized": 17.001720590364734, "y_normalized": 12.87890213751061, "z_normalized": -0.1921573132276535}, "left_eye_inner": {"x": 0.5231579542160034, "y": 0.3925062417984009, "z": -0.18241381645202637, "x_normalized": 17.074658166838056, "y_normalized": 12.60975590575961, "z_normalized": -0.18241381645202637}, "left_eye": {"x": 0.5246860980987549, "y": 0.3925510048866272, "z": -0.18241006135940552, "x_normalized": 17.126048009248272, "y_normalized": 12.61126124048346, "z_normalized": -0.18241006135940552}, "left_eye_outer": {"x": 0.5262492299079895, "y": 0.3926016390323639, "z": -0.18249134719371796, "x_normalized": 17.178614458160357, "y_normalized": 12.61296401258454, "z_normalized": -0.18249134719371796}, "right_eye_inner": {"x": 0.5189540982246399, "y": 0.3928394317626953, "z": -0.18279747664928436, "x_normalized": 16.933286991420694, "y_normalized": 12.620960727472424, "z_normalized": -0.18279747664928436}, "right_eye": {"x": 0.5175169706344604, "y": 0.39327600598335266, "z": -0.1828276365995407, "x_normalized": 16.884957929467625, "y_normalized": 12.635642251020816, "z_normalized": -0.1828276365995407}, "right_eye_outer": {"x": 0.5160371661186218, "y": 0.3936181962490082, "z": -0.18283173441886902, "x_normalized": 16.835193688203933, "y_normalized": 12.6471497432307, "z_normalized": -0.18283173441886902}, "left_ear": {"x": 0.5301169157028198, "y": 0.39950382709503174, "z": -0.11387605220079422, "x_normalized": 17.308680589846006, "y_normalized": 12.845077206132482, "z_normalized": -0.11387605220079422}, "right_ear": {"x": 0.5121965408325195, "y": 0.40043503046035767, "z": -0.12072581797838211, "x_normalized": 16.70603757244988, "y_normalized": 12.8763925781574, "z_normalized": -0.12072581797838211}, "mouth_left": {"x": 0.5247761607170105, "y": 0.41165024042129517, "z": -0.1731434166431427, "x_normalized": 17.129076718659377, "y_normalized": 13.253548079674944, "z_normalized": -0.1731434166431427}, "mouth_right": {"x": 0.5185561776161194, "y": 0.41252583265304565, "z": -0.17028604447841644, "x_normalized": 16.919905347457412, "y_normalized": 13.282993308827223, "z_normalized": -0.17028604447841644}, "left_shoulder": {"x": 0.5464487075805664, "y": 0.447036474943161, "z": -0.06056106090545654, "x_normalized": 17.857901262288664, "y_normalized": 14.443549254365044, "z_normalized": -0.06056106090545654}, "right_shoulder": {"x": 0.49523335695266724, "y": 0.4473212957382202, "z": -0.05923008918762207, "x_normalized": 16.13558386308346, "y_normalized": 14.45312747271114, "z_normalized": -0.05923008918762207}, "left_elbow": {"x": 0.5758438110351562, "y": 0.4697165787220001, "z": 0.05377991497516632, "x_normalized": 18.846427114607987, "y_normalized": 15.20625685814342, "z_normalized": 0.05377991497516632}, "right_elbow": {"x": 0.47980067133903503, "y": 0.46012061834335327, "z": 0.05154430866241455, "x_normalized": 15.61659917152219, "y_normalized": 14.88355498615381, "z_normalized": 0.05154430866241455}, "left_wrist": {"x": 0.5599333047866821, "y": 0.4873200058937073, "z": 0.156991645693779, "x_normalized": 18.311373826756775, "y_normalized": 15.798241263829727, "z_normalized": 0.156991645693779}, "right_wrist": {"x": 0.5015757083892822, "y": 0.4615064561367035, "z": 0.1646641194820404, "x_normalized": 16.348870350381382, "y_normalized": 14.930159227161642, "z_normalized": 0.1646641194820404}, "left_pinky": {"x": 0.5557681918144226, "y": 0.4975285828113556, "z": 0.17424000799655914, "x_normalized": 18.171305537585088, "y_normalized": 16.14154477402404, "z_normalized": 0.17424000799655914}, "right_pinky": {"x": 0.5055078268051147, "y": 0.4636373221874237, "z": 0.1769924908876419, "x_normalized": 16.481103282115612, "y_normalized": 15.001817970673825, "z_normalized": 0.1769924908876419}, "left_index": {"x": 0.5532289147377014, "y": 0.4944324195384979, "z": 0.16207896173000336, "x_normalized": 18.085912368603104, "y_normalized": 16.037424118590746, "z_normalized": 0.16207896173000336}, "right_index": {"x": 0.5089121460914612, "y": 0.46291887760162354, "z": 0.17404086887836456, "x_normalized": 16.595586894302976, "y_normalized": 14.977657448578046, "z_normalized": 0.17404086887836456}, "left_thumb": {"x": 0.5544363260269165, "y": 0.4915969967842102, "z": 0.1563151329755783, "x_normalized": 18.1265163173395, "y_normalized": 15.942071887590853, "z_normalized": 0.1563151329755783}, "right_thumb": {"x": 0.5076348185539246, "y": 0.46252432465553284, "z": 0.16618087887763977, "x_normalized": 16.552631737003225, "y_normalized": 14.964389055496119, "z_normalized": 0.16618087887763977}, "left_hip": {"x": 0.5334427952766418, "y": 0.5892919898033142, "z": -0.010467846877872944, "x_normalized": 17.420526358495973, "y_normalized": 19.22744988909133, "z_normalized": -0.010467846877872944}, "right_hip": {"x": 0.5037244558334351, "y": 0.5903254151344299, "z": 0.010485917329788208, "x_normalized": 16.421130426006954, "y_normalized": 19.262202876364455, "z_normalized": 0.010485917329788208}, "left_knee": {"x": 0.5310379862785339, "y": 0.6998394727706909, "z": -0.05644802749156952, "x_normalized": 17.339655207006672, "y_normalized": 22.94504336485162, "z_normalized": -0.05644802749156952}, "right_knee": {"x": 0.5030178427696228, "y": 0.6915944814682007, "z": 0.040108874440193176, "x_normalized": 16.3973677853262, "y_normalized": 22.667773136248737, "z_normalized": 0.040108874440193176}, "left_ankle": {"x": 0.5256107449531555, "y": 0.7967401742935181, "z": 0.04297194257378578, "x_normalized": 17.157142892831615, "y_normalized": 26.203710193875363, "z_normalized": 0.04297194257378578}, "right_ankle": {"x": 0.5100341439247131, "y": 0.7613106966018677, "z": 0.24465195834636688, "x_normalized": 16.633318479977753, "y_normalized": 25.01225479769105, "z_normalized": 0.24465195834636688}, "left_heel": {"x": 0.5231494903564453, "y": 0.8037188053131104, "z": 0.04884704202413559, "x_normalized": 17.074373536304385, "y_normalized": 26.438394082208042, "z_normalized": 0.04884704202413559}, "right_heel": {"x": 0.512520432472229, "y": 0.7706173658370972, "z": 0.2625541090965271, "x_normalized": 16.71692970146373, "y_normalized": 25.325228118306214, "z_normalized": 0.2625541090965271}, "left_foot_index": {"x": 0.523562490940094, "y": 0.8365789651870728, "z": -0.02670031040906906, "x_normalized": 17.08826230368329, "y_normalized": 27.543446071459876, "z_normalized": -0.02670031040906906}, "right_foot_index": {"x": 0.5032795071601868, "y": 0.7984311580657959, "z": 0.21161238849163055, "x_normalized": 16.40616727858546, "y_normalized": 26.260576167398177, "z_normalized": 0.21161238849163055}}}