{"sequence_id": 1697925405990398000, "sequence_source": "mediapipe", "frame_number": 578, "image_dimensions": {"height": 1080, "width": 1920}, "joint_positions": {"nose": {"x": 0.5277593731880188, "y": 0.42583218216896057, "z": -0.07767172902822495, "x_normalized": 33.282696453246686, "y_normalized": 26.76913756678224, "z_normalized": -0.07767172902822495}, "left_eye_inner": {"x": 0.5291078090667725, "y": 0.4229941964149475, "z": -0.07253950089216232, "x_normalized": 33.36908577700726, "y_normalized": 26.587318264882672, "z_normalized": -0.07253950089216232}, "left_eye": {"x": 0.5299944877624512, "y": 0.423149436712265, "z": -0.07250908017158508, "x_normalized": 33.425892017570504, "y_normalized": 26.597263939361493, "z_normalized": -0.07250908017158508}, "left_eye_outer": {"x": 0.5309245586395264, "y": 0.4232775568962097, "z": -0.07252423465251923, "x_normalized": 33.48547823548855, "y_normalized": 26.605472127993565, "z_normalized": -0.07252423465251923}, "right_eye_inner": {"x": 0.5266782641410828, "y": 0.42305877804756165, "z": -0.07377565652132034, "x_normalized": 33.21343377568981, "y_normalized": 26.591455772388066, "z_normalized": -0.07377565652132034}, "right_eye": {"x": 0.5258241891860962, "y": 0.4233023524284363, "z": -0.07380421459674835, "x_normalized": 33.15871633679288, "y_normalized": 26.607060686482022, "z_normalized": -0.07380421459674835}, "right_eye_outer": {"x": 0.5249553322792053, "y": 0.4235118627548218, "z": -0.07377939671278, "x_normalized": 33.10305187264321, "y_normalized": 26.620483241979457, "z_normalized": -0.07377939671278}, "left_ear": {"x": 0.5329269170761108, "y": 0.42632073163986206, "z": -0.038021862506866455, "x_normalized": 33.61376197073201, "y_normalized": 26.800437133250153, "z_normalized": -0.038021862506866455}, "right_ear": {"x": 0.5233031511306763, "y": 0.4266451597213745, "z": -0.04487369582056999, "x_normalized": 32.997202707399026, "y_normalized": 26.821222046357555, "z_normalized": -0.04487369582056999}, "mouth_left": {"x": 0.5295928716659546, "y": 0.4311986267566681, "z": -0.06469050794839859, "x_normalized": 33.40016195243773, "y_normalized": 27.11294592002714, "z_normalized": -0.06469050794839859}, "mouth_right": {"x": 0.5265766382217407, "y": 0.43191176652908325, "z": -0.06655459105968475, "x_normalized": 33.206922977077255, "y_normalized": 27.158634160496284, "z_normalized": -0.06655459105968475}, "left_shoulder": {"x": 0.5407329797744751, "y": 0.44736260175704956, "z": -0.010657509788870811, "x_normalized": 34.11386767718029, "y_normalized": 28.14851230591745, "z_normalized": -0.010657509788870811}, "right_shoulder": {"x": 0.5159816741943359, "y": 0.4492286145687103, "z": -0.010067933239042759, "x_normalized": 32.528142627179506, "y_normalized": 28.26806087879949, "z_normalized": -0.010067933239042759}, "left_elbow": {"x": 0.5528177618980408, "y": 0.4569571912288666, "z": 0.03902692347764969, "x_normalized": 34.888095189142994, "y_normalized": 28.763202339971343, "z_normalized": 0.03902692347764969}, "right_elbow": {"x": 0.506281316280365, "y": 0.45766451954841614, "z": 0.041352249681949615, "x_normalized": 31.906676398323285, "y_normalized": 28.80851826204475, "z_normalized": 0.041352249681949615}, "left_wrist": {"x": 0.5450944900512695, "y": 0.47712594270706177, "z": 0.08163677901029587, "x_normalized": 34.39329358784007, "y_normalized": 30.055340014998773, "z_normalized": 0.08163677901029587}, "right_wrist": {"x": 0.5174131989479065, "y": 0.4707688093185425, "z": 0.0884554460644722, "x_normalized": 32.6198551493365, "y_normalized": 29.64806187656957, "z_normalized": 0.0884554460644722}, "left_pinky": {"x": 0.5431519746780396, "y": 0.4829179644584656, "z": 0.08369951695203781, "x_normalized": 34.268843777410105, "y_normalized": 30.426413530761927, "z_normalized": 0.08369951695203781}, "right_pinky": {"x": 0.5196853280067444, "y": 0.4764181673526764, "z": 0.09245932847261429, "x_normalized": 32.76542209544237, "y_normalized": 30.00999545304877, "z_normalized": 0.09245932847261429}, "left_index": {"x": 0.5413896441459656, "y": 0.48191314935684204, "z": 0.08109624683856964, "x_normalized": 34.15593774657295, "y_normalized": 30.36203872547723, "z_normalized": 0.08109624683856964}, "right_index": {"x": 0.5216384530067444, "y": 0.47524741291999817, "z": 0.0906403586268425, "x_normalized": 32.89055162561018, "y_normalized": 29.934989525572078, "z_normalized": 0.0906403586268425}, "left_thumb": {"x": 0.5415089726448059, "y": 0.4805242419242859, "z": 0.08130451291799545, "x_normalized": 34.16358268429866, "y_normalized": 30.273056538222274, "z_normalized": 0.08130451291799545}, "right_thumb": {"x": 0.5206973552703857, "y": 0.47324061393737793, "z": 0.08862728625535965, "x_normalized": 32.8302589574028, "y_normalized": 29.806421300887784, "z_normalized": 0.08862728625535965}, "left_hip": {"x": 0.5367032289505005, "y": 0.512651264667511, "z": -0.0017584258457645774, "x_normalized": 33.855696373604076, "y_normalized": 32.33131664013608, "z_normalized": -0.0017584258457645774}, "right_hip": {"x": 0.5211050510406494, "y": 0.5120748281478882, "z": 0.0018126994837075472, "x_normalized": 32.856378524857256, "y_normalized": 32.29438647392963, "z_normalized": 0.0018126994837075472}, "left_knee": {"x": 0.5345256328582764, "y": 0.5645610690116882, "z": -0.011486777104437351, "x_normalized": 33.71618580673545, "y_normalized": 35.65698674762536, "z_normalized": -0.011486777104437351}, "right_knee": {"x": 0.5199559330940247, "y": 0.564798891544342, "z": -0.03038683533668518, "x_normalized": 32.782758767407756, "y_normalized": 35.6722231619738, "z_normalized": -0.03038683533668518}, "left_ankle": {"x": 0.5334855318069458, "y": 0.6082987189292908, "z": 0.03653597831726074, "x_normalized": 33.64955036052488, "y_normalized": 38.45909699906031, "z_normalized": 0.03653597831726074}, "right_ankle": {"x": 0.5199897885322571, "y": 0.6196115016937256, "z": -0.005141104105859995, "x_normalized": 32.784927760728536, "y_normalized": 39.183865353468896, "z_normalized": -0.005141104105859995}, "left_heel": {"x": 0.5320096611976624, "y": 0.6144425272941589, "z": 0.039516426622867584, "x_normalized": 33.554996762609676, "y_normalized": 38.85270818837847, "z_normalized": 0.039516426622867584}, "right_heel": {"x": 0.521942138671875, "y": 0.6269989609718323, "z": -0.005111919716000557, "x_normalized": 32.91000764844358, "y_normalized": 39.6571526794738, "z_normalized": -0.005111919716000557}, "left_foot_index": {"x": 0.5358904004096985, "y": 0.6230688095092773, "z": 0.008381856605410576, "x_normalized": 33.80362144065429, "y_normalized": 39.40536234040291, "z_normalized": 0.008381856605410576}, "right_foot_index": {"x": 0.517108678817749, "y": 0.6351549625396729, "z": -0.04432354122400284, "x_normalized": 32.60034566540012, "y_normalized": 40.179677681320506, "z_normalized": -0.04432354122400284}}}