{"sequence_id": 1697925405990398000, "sequence_source": "mediapipe", "frame_number": 663, "image_dimensions": {"height": 1080, "width": 1920}, "joint_positions": {"nose": {"x": 0.5236364006996155, "y": 0.42752355337142944, "z": -0.05165202170610428, "x_normalized": 41.47705114108639, "y_normalized": 33.78446085618364, "z_normalized": -0.05165202170610428}, "left_eye_inner": {"x": 0.5247241854667664, "y": 0.42431268095970154, "z": -0.04752754047513008, "x_normalized": 41.56430663758348, "y_normalized": 33.52690414557818, "z_normalized": -0.04752754047513008}, "left_eye": {"x": 0.5254814028739929, "y": 0.4243558943271637, "z": -0.047519560903310776, "x_normalized": 41.62504602539164, "y_normalized": 33.530370459822585, "z_normalized": -0.047519560903310776}, "left_eye_outer": {"x": 0.5262452363967896, "y": 0.42440152168273926, "z": -0.04753721132874489, "x_normalized": 41.686316117863434, "y_normalized": 33.534030409552365, "z_normalized": -0.04753721132874489}, "right_eye_inner": {"x": 0.5226687788963318, "y": 0.42445138096809387, "z": -0.04751215875148773, "x_normalized": 41.3994343887503, "y_normalized": 33.53802981902194, "z_normalized": -0.04751215875148773}, "right_eye": {"x": 0.5219427347183228, "y": 0.4246402978897095, "z": -0.0475136861205101, "x_normalized": 41.34119552832121, "y_normalized": 33.55318358867386, "z_normalized": -0.0475136861205101}, "right_eye_outer": {"x": 0.5212231874465942, "y": 0.4248273968696594, "z": -0.04749041050672531, "x_normalized": 41.28347781030955, "y_normalized": 33.56819153407136, "z_normalized": -0.04749041050672531}, "left_ear": {"x": 0.5279268622398376, "y": 0.42674195766448975, "z": -0.021036740392446518, "x_normalized": 41.82120594376328, "y_normalized": 33.72176598902933, "z_normalized": -0.021036740392446518}, "right_ear": {"x": 0.5201234221458435, "y": 0.42763906717300415, "z": -0.02105354145169258, "x_normalized": 41.19526130807022, "y_normalized": 33.79372667274317, "z_normalized": -0.02105354145169258}, "mouth_left": {"x": 0.5252825021743774, "y": 0.4318847060203552, "z": -0.041773173958063126, "x_normalized": 41.60909141762119, "y_normalized": 34.13428607085206, "z_normalized": -0.041773173958063126}, "mouth_right": {"x": 0.5222510099411011, "y": 0.4324604570865631, "z": -0.041763536632061005, "x_normalized": 41.36592349697233, "y_normalized": 34.18046932939528, "z_normalized": -0.041763536632061005}, "left_shoulder": {"x": 0.5360397100448608, "y": 0.4470021426677704, "z": -0.0023816623724997044, "x_normalized": 42.47196938944628, "y_normalized": 35.346915149937594, "z_normalized": -0.0023816623724997044}, "right_shoulder": {"x": 0.5137231349945068, "y": 0.4484424591064453, "z": 0.00600066501647234, "x_normalized": 40.68186909117375, "y_normalized": 35.46244859898438, "z_normalized": 0.00600066501647234}, "left_elbow": {"x": 0.5498217940330505, "y": 0.45767495036125183, "z": 0.033601559698581696, "x_normalized": 43.577484577256605, "y_normalized": 36.203023051459134, "z_normalized": 0.033601559698581696}, "right_elbow": {"x": 0.5084089636802673, "y": 0.46277305483818054, "z": 0.04810081049799919, "x_normalized": 40.2555984993277, "y_normalized": 36.61196207208317, "z_normalized": 0.04810081049799919}, "left_wrist": {"x": 0.5410007238388062, "y": 0.47465962171554565, "z": 0.05955491214990616, "x_normalized": 42.86991182695014, "y_normalized": 37.56543037376462, "z_normalized": 0.05955491214990616}, "right_wrist": {"x": 0.5129969120025635, "y": 0.4791272282600403, "z": 0.07104252278804779, "x_normalized": 40.62361588737537, "y_normalized": 37.923794674282014, "z_normalized": 0.07104252278804779}, "left_pinky": {"x": 0.5391916632652283, "y": 0.4805169701576233, "z": 0.06286045163869858, "x_normalized": 42.72479995987162, "y_normalized": 38.035271340382074, "z_normalized": 0.06286045163869858}, "right_pinky": {"x": 0.5154165625572205, "y": 0.4860181510448456, "z": 0.07355485111474991, "x_normalized": 40.81770557944656, "y_normalized": 38.476542705940986, "z_normalized": 0.07355485111474991}, "left_index": {"x": 0.5382169485092163, "y": 0.479843407869339, "z": 0.057724904268980026, "x_normalized": 42.64661425388713, "y_normalized": 37.98124225883877, "z_normalized": 0.057724904268980026}, "right_index": {"x": 0.5171160697937012, "y": 0.48846790194511414, "z": 0.06941158324480057, "x_normalized": 40.954029742275125, "y_normalized": 38.67304686517552, "z_normalized": 0.06941158324480057}, "left_thumb": {"x": 0.5385987162590027, "y": 0.47753962874412537, "z": 0.058570392429828644, "x_normalized": 42.677237347315284, "y_normalized": 37.79644707006568, "z_normalized": 0.058570392429828644}, "right_thumb": {"x": 0.5165655612945557, "y": 0.4831400513648987, "z": 0.07022964954376221, "x_normalized": 40.90987128936296, "y_normalized": 38.24567900557899, "z_normalized": 0.07022964954376221}, "left_hip": {"x": 0.5320669412612915, "y": 0.5080867409706116, "z": -0.0034630342852324247, "x_normalized": 42.15329797286964, "y_normalized": 40.246751141573725, "z_normalized": -0.0034630342852324247}, "right_hip": {"x": 0.5197030901908875, "y": 0.5096845030784607, "z": 0.0034444222692400217, "x_normalized": 41.16154482799913, "y_normalized": 40.37491392727788, "z_normalized": 0.0034444222692400217}, "left_knee": {"x": 0.5326549410820007, "y": 0.5546290874481201, "z": -0.012612257152795792, "x_normalized": 42.200463752209025, "y_normalized": 43.980095891998126, "z_normalized": -0.012612257152795792}, "right_knee": {"x": 0.5216743350028992, "y": 0.5565334558486938, "z": 0.0018402987625449896, "x_normalized": 41.31966613102113, "y_normalized": 44.13285277490672, "z_normalized": 0.0018402987625449896}, "left_ankle": {"x": 0.5337978601455688, "y": 0.6041744947433472, "z": 0.010148067027330399, "x_normalized": 42.292141787569655, "y_normalized": 47.95432796735473, "z_normalized": 0.010148067027330399}, "right_ankle": {"x": 0.527019739151001, "y": 0.5980954766273499, "z": 0.03968553617596626, "x_normalized": 41.74844203136936, "y_normalized": 47.46670600394425, "z_normalized": 0.03968553617596626}, "left_heel": {"x": 0.5335438847541809, "y": 0.6100157499313354, "z": 0.010258659720420837, "x_normalized": 42.271769422058746, "y_normalized": 48.422878030736335, "z_normalized": 0.010258659720420837}, "right_heel": {"x": 0.5286324620246887, "y": 0.6034184694290161, "z": 0.0412745326757431, "x_normalized": 41.877804878970544, "y_normalized": 47.89368420200848, "z_normalized": 0.0412745326757431}, "left_foot_index": {"x": 0.5346810221672058, "y": 0.6162940263748169, "z": -0.023626886308193207, "x_normalized": 42.3629836884791, "y_normalized": 48.92648328865584, "z_normalized": -0.023626886308193207}, "right_foot_index": {"x": 0.5230149626731873, "y": 0.6110216379165649, "z": 0.013858349993824959, "x_normalized": 41.42720315169031, "y_normalized": 48.503564264099886, "z_normalized": 0.013858349993824959}}}