{"sequence_id": 1697925405990398000, "sequence_source": "mediapipe", "frame_number": 540, "image_dimensions": {"height": 1080, "width": 1920}, "joint_positions": {"nose": {"x": 0.5160950422286987, "y": 0.41247043013572693, "z": -0.08560153841972351, "x_normalized": 32.02727608940604, "y_normalized": 25.504538768742183, "z_normalized": -0.08560153841972351}, "left_eye_inner": {"x": 0.517387330532074, "y": 0.4091735780239105, "z": -0.07996083796024323, "x_normalized": 32.108774982930065, "y_normalized": 25.296620923688877, "z_normalized": -0.07996083796024323}, "left_eye": {"x": 0.5182698369026184, "y": 0.4093209207057953, "z": -0.07994744181632996, "x_normalized": 32.164430746848545, "y_normalized": 25.305913173344862, "z_normalized": -0.07994744181632996}, "left_eye_outer": {"x": 0.5192409157752991, "y": 0.40949589014053345, "z": -0.07996054738759995, "x_normalized": 32.2256723857625, "y_normalized": 25.316947719811342, "z_normalized": -0.07996054738759995}, "right_eye_inner": {"x": 0.5146971940994263, "y": 0.4092766046524048, "z": -0.08035566657781601, "x_normalized": 31.939120005695628, "y_normalized": 25.303118356346793, "z_normalized": -0.08035566657781601}, "right_eye": {"x": 0.5137535333633423, "y": 0.409508615732193, "z": -0.08037152886390686, "x_normalized": 31.87960750708983, "y_normalized": 25.317750266454365, "z_normalized": -0.08037152886390686}, "right_eye_outer": {"x": 0.5128374695777893, "y": 0.40975216031074524, "z": -0.08035515248775482, "x_normalized": 31.82183542579419, "y_normalized": 25.33310954319156, "z_normalized": -0.08035515248775482}, "left_ear": {"x": 0.5215234160423279, "y": 0.4128745496273041, "z": -0.044654253870248795, "x_normalized": 32.36961955741551, "y_normalized": 25.53002479328408, "z_normalized": -0.044654253870248795}, "right_ear": {"x": 0.51112300157547, "y": 0.4137013256549835, "z": -0.04761888459324837, "x_normalized": 31.713711530525295, "y_normalized": 25.582165891576214, "z_normalized": -0.04761888459324837}, "mouth_left": {"x": 0.5184942483901978, "y": 0.41816186904907227, "z": -0.07280565798282623, "x_normalized": 32.178583384370704, "y_normalized": 25.863472586208243, "z_normalized": -0.07280565798282623}, "mouth_right": {"x": 0.514636218547821, "y": 0.41834938526153564, "z": -0.07345768064260483, "x_normalized": 31.935274548010327, "y_normalized": 25.875298402315735, "z_normalized": -0.07345768064260483}, "left_shoulder": {"x": 0.5305601954460144, "y": 0.43658795952796936, "z": -0.01781575195491314, "x_normalized": 32.93952916697983, "y_normalized": 27.02552441479899, "z_normalized": -0.01781575195491314}, "right_shoulder": {"x": 0.5044848322868347, "y": 0.4416356086730957, "z": -0.011514674872159958, "x_normalized": 31.29507162591894, "y_normalized": 27.343857266029495, "z_normalized": -0.011514674872159958}, "left_elbow": {"x": 0.5465885400772095, "y": 0.4476870000362396, "z": 0.024370642378926277, "x_normalized": 33.95036579612233, "y_normalized": 27.72549168854106, "z_normalized": 0.024370642378926277}, "right_elbow": {"x": 0.49708929657936096, "y": 0.4607337713241577, "z": 0.03641817718744278, "x_normalized": 30.828667979300548, "y_normalized": 28.54829370667366, "z_normalized": 0.03641817718744278}, "left_wrist": {"x": 0.5376138091087341, "y": 0.47008731961250305, "z": 0.0421125702559948, "x_normalized": 33.384369306255365, "y_normalized": 29.13818052529815, "z_normalized": 0.0421125702559948}, "right_wrist": {"x": 0.504477322101593, "y": 0.4760145843029022, "z": 0.059949975460767746, "x_normalized": 31.294597991834532, "y_normalized": 29.51198682891465, "z_normalized": 0.059949975460767746}, "left_pinky": {"x": 0.5353585481643677, "y": 0.47735583782196045, "z": 0.0442013293504715, "x_normalized": 33.242139997908495, "y_normalized": 29.596573741488996, "z_normalized": 0.0442013293504715}, "right_pinky": {"x": 0.5065742135047913, "y": 0.48119106888771057, "z": 0.062108077108860016, "x_normalized": 31.426839635401485, "y_normalized": 29.83844476009314, "z_normalized": 0.062108077108860016}, "left_index": {"x": 0.5335770845413208, "y": 0.47738245129585266, "z": 0.036105502396821976, "x_normalized": 33.129790985886636, "y_normalized": 29.598252135288103, "z_normalized": 0.036105502396821976}, "right_index": {"x": 0.5081287026405334, "y": 0.47953537106513977, "z": 0.05790376663208008, "x_normalized": 31.524874372872382, "y_normalized": 29.73402723948476, "z_normalized": 0.05790376663208008}, "left_thumb": {"x": 0.5337259769439697, "y": 0.474986732006073, "z": 0.039776064455509186, "x_normalized": 33.13918096956004, "y_normalized": 29.447164741862625, "z_normalized": 0.039776064455509186}, "right_thumb": {"x": 0.5076507329940796, "y": 0.47792285680770874, "z": 0.05939772352576256, "x_normalized": 31.494730946500482, "y_normalized": 29.63233311486172, "z_normalized": 0.05939772352576256}, "left_hip": {"x": 0.5284520983695984, "y": 0.5074995160102844, "z": -0.004111432936042547, "x_normalized": 32.80658083128694, "y_normalized": 31.49760187327366, "z_normalized": -0.004111432936042547}, "right_hip": {"x": 0.512647807598114, "y": 0.5087853670120239, "z": 0.004090915434062481, "x_normalized": 31.809874285662588, "y_normalized": 31.578694794725337, "z_normalized": 0.004090915434062481}, "left_knee": {"x": 0.5272902846336365, "y": 0.5656992197036743, "z": -0.009273220784962177, "x_normalized": 32.73331039022932, "y_normalized": 35.16799913837987, "z_normalized": -0.009273220784962177}, "right_knee": {"x": 0.5158450603485107, "y": 0.5679330825805664, "z": -0.004430375061929226, "x_normalized": 32.01151084059649, "y_normalized": 35.308878965486244, "z_normalized": -0.004430375061929226}, "left_ankle": {"x": 0.5265923142433167, "y": 0.6181724667549133, "z": 0.02663445472717285, "x_normalized": 32.68929249238483, "y_normalized": 38.47725417312646, "z_normalized": 0.02663445472717285}, "right_ankle": {"x": 0.521579384803772, "y": 0.6194953918457031, "z": 0.02828492596745491, "x_normalized": 32.37314925904454, "y_normalized": 38.56068519299481, "z_normalized": 0.02828492596745491}, "left_heel": {"x": 0.5270429253578186, "y": 0.6247636675834656, "z": 0.02742009609937668, "x_normalized": 32.71771053744925, "y_normalized": 38.89293198520494, "z_normalized": 0.02742009609937668}, "right_heel": {"x": 0.524315595626831, "y": 0.6279388070106506, "z": 0.028486113995313644, "x_normalized": 32.5457099437968, "y_normalized": 39.09317395089032, "z_normalized": 0.028486113995313644}, "left_foot_index": {"x": 0.5263245105743408, "y": 0.6311419606208801, "z": -0.013108938001096249, "x_normalized": 32.67240330237499, "y_normalized": 39.295182646890545, "z_normalized": -0.013108938001096249}, "right_foot_index": {"x": 0.5158712863922119, "y": 0.6353070735931396, "z": -0.011093026958405972, "x_normalized": 32.013164800891246, "y_normalized": 39.557857854702235, "z_normalized": -0.011093026958405972}}}