{"sequence_id": 1697925405990398000, "sequence_source": "mediapipe", "frame_number": 489, "image_dimensions": {"height": 1080, "width": 1920}, "joint_positions": {"nose": {"x": 0.5223623514175415, "y": 0.42031043767929077, "z": -0.09884577244520187, "x_normalized": 30.30579563345502, "y_normalized": 24.291242563520374, "z_normalized": -0.09884577244520187}, "left_eye_inner": {"x": 0.5241719484329224, "y": 0.41555365920066833, "z": -0.09497179836034775, "x_normalized": 30.412606577097453, "y_normalized": 24.01047508121286, "z_normalized": -0.09497179836034775}, "left_eye": {"x": 0.5253735780715942, "y": 0.4154742956161499, "z": -0.09494367241859436, "x_normalized": 30.483532421097173, "y_normalized": 24.005790668450675, "z_normalized": -0.09494367241859436}, "left_eye_outer": {"x": 0.5265353322029114, "y": 0.4153924584388733, "z": -0.0949711874127388, "x_normalized": 30.55210462473797, "y_normalized": 24.000960252587003, "z_normalized": -0.0949711874127388}, "right_eye_inner": {"x": 0.5209310054779053, "y": 0.41578882932662964, "z": -0.0943821594119072, "x_normalized": 30.221310850825596, "y_normalized": 24.024355930295243, "z_normalized": -0.0943821594119072}, "right_eye": {"x": 0.5199140906333923, "y": 0.41585835814476013, "z": -0.09440107643604279, "x_normalized": 30.16128774445262, "y_normalized": 24.0284598487985, "z_normalized": -0.09440107643604279}, "right_eye_outer": {"x": 0.5190732479095459, "y": 0.4159223735332489, "z": -0.09436234831809998, "x_normalized": 30.111657244387935, "y_normalized": 24.032238338702058, "z_normalized": -0.09436234831809998}, "left_ear": {"x": 0.528768002986908, "y": 0.4167730212211609, "z": -0.0607103630900383, "x_normalized": 30.683887375955305, "y_normalized": 24.082447573952155, "z_normalized": -0.0607103630900383}, "right_ear": {"x": 0.5179147124290466, "y": 0.4180797338485718, "z": -0.05866948887705803, "x_normalized": 30.04327502068642, "y_normalized": 24.159575911154825, "z_normalized": -0.05866948887705803}, "mouth_left": {"x": 0.5248511433601379, "y": 0.42530152201652527, "z": -0.08550223708152771, "x_normalized": 30.452695862433604, "y_normalized": 24.58583988177843, "z_normalized": -0.08550223708152771}, "mouth_right": {"x": 0.5204864740371704, "y": 0.4256633222103119, "z": -0.08487973362207413, "x_normalized": 30.195072510322127, "y_normalized": 24.60719503421287, "z_normalized": -0.08487973362207413}, "left_shoulder": {"x": 0.5393721461296082, "y": 0.43957361578941345, "z": -0.028555167838931084, "x_normalized": 31.309793876664724, "y_normalized": 25.42824611403818, "z_normalized": -0.028555167838931084}, "right_shoulder": {"x": 0.5108237862586975, "y": 0.44309261441230774, "z": -0.015435473993420601, "x_normalized": 29.624735141853556, "y_normalized": 25.63595399617605, "z_normalized": -0.015435473993420601}, "left_elbow": {"x": 0.555500328540802, "y": 0.451823890209198, "z": 0.03464549779891968, "x_normalized": 32.26175520724547, "y_normalized": 26.151315040177277, "z_normalized": 0.03464549779891968}, "right_elbow": {"x": 0.5035095810890198, "y": 0.45704033970832825, "z": 0.05478407442569733, "x_normalized": 29.193016284269557, "y_normalized": 26.459214472332306, "z_normalized": 0.05478407442569733}, "left_wrist": {"x": 0.5483961701393127, "y": 0.4721786081790924, "z": 0.0910380408167839, "x_normalized": 31.842434299773323, "y_normalized": 27.35274641714185, "z_normalized": 0.0910380408167839}, "right_wrist": {"x": 0.5095090866088867, "y": 0.47862496972084045, "z": 0.10919135063886642, "x_normalized": 29.5471353729497, "y_normalized": 27.73324105405939, "z_normalized": 0.10919135063886642}, "left_pinky": {"x": 0.5449405312538147, "y": 0.47988495230674744, "z": 0.09944681078195572, "x_normalized": 31.638466207921752, "y_normalized": 27.807611163995404, "z_normalized": 0.09944681078195572}, "right_pinky": {"x": 0.5116247534751892, "y": 0.48471182584762573, "z": 0.11773725599050522, "x_normalized": 29.672012001559324, "y_normalized": 28.092515987202905, "z_normalized": 0.11773725599050522}, "left_index": {"x": 0.5435076951980591, "y": 0.47941356897354126, "z": 0.09277299791574478, "x_normalized": 31.553893471616732, "y_normalized": 27.779787898257716, "z_normalized": 0.09277299791574478}, "right_index": {"x": 0.5132582187652588, "y": 0.4840814173221588, "z": 0.11266323179006577, "x_normalized": 29.768426820746438, "y_normalized": 28.05530630520573, "z_normalized": 0.11266323179006577}, "left_thumb": {"x": 0.5438873767852783, "y": 0.4767610430717468, "z": 0.09030353277921677, "x_normalized": 31.576304068158308, "y_normalized": 27.62322331940477, "z_normalized": 0.09030353277921677}, "right_thumb": {"x": 0.5129672288894653, "y": 0.4815698266029358, "z": 0.10889748483896255, "x_normalized": 29.75125122697627, "y_normalized": 27.907060384990544, "z_normalized": 0.10889748483896255}, "left_hip": {"x": 0.534953773021698, "y": 0.5178560614585876, "z": -0.0034151775762438774, "x_normalized": 31.04900067408481, "y_normalized": 30.048844966430853, "z_normalized": -0.0034151775762438774}, "right_hip": {"x": 0.5180302262306213, "y": 0.5170643329620361, "z": 0.003372835461050272, "x_normalized": 30.050093189618536, "y_normalized": 30.002113419513776, "z_normalized": 0.003372835461050272}, "left_knee": {"x": 0.531868040561676, "y": 0.5802421569824219, "z": -0.018333759158849716, "x_normalized": 30.866866202662912, "y_normalized": 33.731166321091834, "z_normalized": -0.018333759158849716}, "right_knee": {"x": 0.5189744234085083, "y": 0.5768721699714661, "z": -0.015881963074207306, "x_normalized": 30.105824156622482, "y_normalized": 33.53225380651345, "z_normalized": -0.015881963074207306}, "left_ankle": {"x": 0.5288310647010803, "y": 0.6322436332702637, "z": 0.04572812840342522, "x_normalized": 30.68760957550648, "y_normalized": 36.80053851053203, "z_normalized": 0.04572812840342522}, "right_ankle": {"x": 0.5184506773948669, "y": 0.6234747171401978, "z": 0.05514683574438095, "x_normalized": 30.07491019872439, "y_normalized": 36.282955756685276, "z_normalized": 0.05514683574438095}, "left_heel": {"x": 0.5273870229721069, "y": 0.636817455291748, "z": 0.049676138907670975, "x_normalized": 30.602375427560986, "y_normalized": 37.070507040550005, "z_normalized": 0.049676138907670975}, "right_heel": {"x": 0.5197110176086426, "y": 0.6279359459877014, "z": 0.05997113138437271, "x_normalized": 30.149301417542546, "y_normalized": 36.5462785069753, "z_normalized": 0.05997113138437271}, "left_foot_index": {"x": 0.5295240879058838, "y": 0.6513502597808838, "z": 0.011174307204782963, "x_normalized": 30.728515070952152, "y_normalized": 37.928301647891836, "z_normalized": 0.011174307204782963}, "right_foot_index": {"x": 0.5152389407157898, "y": 0.6438285708427429, "z": 0.024859046563506126, "x_normalized": 29.88533836449419, "y_normalized": 37.484336120518, "z_normalized": 0.024859046563506126}}}