{"sequence_id": 1697925405990398000, "sequence_source": "mediapipe", "frame_number": 428, "image_dimensions": {"height": 1080, "width": 1920}, "joint_positions": {"nose": {"x": 0.5143853425979614, "y": 0.4211076498031616, "z": -0.06289317458868027, "x_normalized": 27.76076744327984, "y_normalized": 22.622971716162613, "z_normalized": -0.06289317458868027}, "left_eye_inner": {"x": 0.5160053372383118, "y": 0.4179062247276306, "z": -0.05644914135336876, "x_normalized": 27.84982434450632, "y_normalized": 22.446977926038784, "z_normalized": -0.05644914135336876}, "left_eye": {"x": 0.5170480608940125, "y": 0.41806331276893616, "z": -0.05641607567667961, "x_normalized": 27.9071465944072, "y_normalized": 22.45561361768242, "z_normalized": -0.05641607567667961}, "left_eye_outer": {"x": 0.5181555151939392, "y": 0.41813454031944275, "z": -0.05644192919135094, "x_normalized": 27.968027319407682, "y_normalized": 22.459529250964206, "z_normalized": -0.05644192919135094}, "right_eye_inner": {"x": 0.513441801071167, "y": 0.41780462861061096, "z": -0.0579923614859581, "x_normalized": 27.70889758984832, "y_normalized": 22.441392824006314, "z_normalized": -0.0579923614859581}, "right_eye": {"x": 0.5126343369483948, "y": 0.4180285930633545, "z": -0.05801975354552269, "x_normalized": 27.664508398159327, "y_normalized": 22.453704951250085, "z_normalized": -0.05801975354552269}, "right_eye_outer": {"x": 0.5118646621704102, "y": 0.41819843649864197, "z": -0.05798102170228958, "x_normalized": 27.62219662195205, "y_normalized": 22.463041852535817, "z_normalized": -0.05798102170228958}, "left_ear": {"x": 0.5204225778579712, "y": 0.42084547877311707, "z": -0.01787458546459675, "x_normalized": 28.092655864907858, "y_normalized": 22.60855923667313, "z_normalized": -0.01787458546459675}, "right_ear": {"x": 0.5102141499519348, "y": 0.42218217253685, "z": -0.025492338463664055, "x_normalized": 27.531462060273455, "y_normalized": 22.682042075147876, "z_normalized": -0.025492338463664055}, "mouth_left": {"x": 0.5166990160942078, "y": 0.42696234583854675, "z": -0.048709556460380554, "x_normalized": 27.887958352986168, "y_normalized": 22.94482530354338, "z_normalized": -0.048709556460380554}, "mouth_right": {"x": 0.513299286365509, "y": 0.42805179953575134, "z": -0.05093836039304733, "x_normalized": 27.70106304660418, "y_normalized": 23.00471647101156, "z_normalized": -0.05093836039304733}, "left_shoulder": {"x": 0.5292361974716187, "y": 0.44453150033950806, "z": 0.007032523863017559, "x_normalized": 28.577172067511246, "y_normalized": 23.910664583534174, "z_normalized": 0.007032523863017559}, "right_shoulder": {"x": 0.49989330768585205, "y": 0.4483453333377838, "z": 0.011905579827725887, "x_normalized": 26.96408843608303, "y_normalized": 24.120324628179933, "z_normalized": 0.011905579827725887}, "left_elbow": {"x": 0.5474097728729248, "y": 0.4562284052371979, "z": 0.05852309241890907, "x_normalized": 29.576238526827517, "y_normalized": 24.55368529371618, "z_normalized": 0.05852309241890907}, "right_elbow": {"x": 0.4896615445613861, "y": 0.4566349387168884, "z": 0.07093369215726852, "x_normalized": 26.401611811005267, "y_normalized": 24.57603389354749, "z_normalized": 0.07093369215726852}, "left_wrist": {"x": 0.5375108122825623, "y": 0.4786561131477356, "z": 0.10851375758647919, "x_normalized": 29.032057247715315, "y_normalized": 25.786616637052724, "z_normalized": 0.10851375758647919}, "right_wrist": {"x": 0.4992913007736206, "y": 0.47693273425102234, "z": 0.12496466189622879, "x_normalized": 26.93099396232066, "y_normalized": 25.691876333376655, "z_normalized": 0.12496466189622879}, "left_pinky": {"x": 0.5351264476776123, "y": 0.4861966073513031, "z": 0.11533597856760025, "x_normalized": 28.900980194852334, "y_normalized": 26.201144581009842, "z_normalized": 0.11533597856760025}, "right_pinky": {"x": 0.5003765225410461, "y": 0.48677724599838257, "z": 0.1291142702102661, "x_normalized": 26.99065248546833, "y_normalized": 26.233064364787676, "z_normalized": 0.1291142702102661}, "left_index": {"x": 0.532848596572876, "y": 0.4861215651035309, "z": 0.107879638671875, "x_normalized": 28.775758570168893, "y_normalized": 26.197019240171542, "z_normalized": 0.107879638671875}, "right_index": {"x": 0.501577615737915, "y": 0.48603177070617676, "z": 0.12681061029434204, "x_normalized": 27.056680875645117, "y_normalized": 26.192082920892034, "z_normalized": 0.12681061029434204}, "left_thumb": {"x": 0.5330899357795715, "y": 0.4832780659198761, "z": 0.10739593952894211, "x_normalized": 28.789025849798975, "y_normalized": 26.040701916873754, "z_normalized": 0.10739593952894211}, "right_thumb": {"x": 0.5010570883750916, "y": 0.4812638461589813, "z": 0.12513163685798645, "x_normalized": 27.028065624222663, "y_normalized": 25.929973050353773, "z_normalized": 0.12513163685798645}, "left_hip": {"x": 0.5259002447128296, "y": 0.5260819792747498, "z": -0.002649762202054262, "x_normalized": 28.393782809339726, "y_normalized": 28.39378617333, "z_normalized": -0.002649762202054262}, "right_hip": {"x": 0.5077700614929199, "y": 0.5275627970695496, "z": 0.0027078704442828894, "x_normalized": 27.397101773478802, "y_normalized": 28.475192025424292, "z_normalized": 0.0027078704442828894}, "left_knee": {"x": 0.5256463289260864, "y": 0.5888640284538269, "z": -0.023837080225348473, "x_normalized": 28.37982415010926, "y_normalized": 31.84514003171565, "z_normalized": -0.023837080225348473}, "right_knee": {"x": 0.5111439228057861, "y": 0.5951480865478516, "z": -0.02222389727830887, "x_normalized": 27.58257500049318, "y_normalized": 32.19059718758624, "z_normalized": -0.02222389727830887}, "left_ankle": {"x": 0.528846800327301, "y": 0.6305139064788818, "z": 0.053428590297698975, "x_normalized": 28.55576551334396, "y_normalized": 34.13478283730555, "z_normalized": 0.053428590297698975}, "right_ankle": {"x": 0.5146456360816956, "y": 0.6509429216384888, "z": 0.028976351022720337, "x_normalized": 27.77507670733135, "y_normalized": 35.25783888941074, "z_normalized": 0.028976351022720337}, "left_heel": {"x": 0.5277917981147766, "y": 0.6349932551383972, "z": 0.05923282355070114, "x_normalized": 28.49776826724555, "y_normalized": 34.38102865886158, "z_normalized": 0.05923282355070114}, "right_heel": {"x": 0.5165822505950928, "y": 0.6586779356002808, "z": 0.03135047107934952, "x_normalized": 27.881539335748496, "y_normalized": 35.683060280409784, "z_normalized": 0.03135047107934952}, "left_foot_index": {"x": 0.530103325843811, "y": 0.6515142321586609, "z": 0.02739330567419529, "x_normalized": 28.62484121645134, "y_normalized": 35.28924587267929, "z_normalized": 0.02739330567419529}, "right_foot_index": {"x": 0.5119228363037109, "y": 0.6713905334472656, "z": -0.009212571196258068, "x_normalized": 27.62539466218889, "y_normalized": 36.381917265853936, "z_normalized": -0.009212571196258068}}}