{"sequence_id": 1697925405990398000, "sequence_source": "mediapipe", "frame_number": 349, "image_dimensions": {"height": 1080, "width": 1920}, "joint_positions": {"nose": {"x": 0.5215613842010498, "y": 0.40746966004371643, "z": -0.11710475385189056, "x_normalized": 30.033425349180085, "y_normalized": 23.33863634341447, "z_normalized": -0.11710475385189056}, "left_eye_inner": {"x": 0.5222283601760864, "y": 0.4032670855522156, "z": -0.11483846604824066, "x_normalized": 30.072501814777535, "y_normalized": 23.092417943225712, "z_normalized": -0.11483846604824066}, "left_eye": {"x": 0.5228951573371887, "y": 0.4034462571144104, "z": -0.11482676863670349, "x_normalized": 30.11156780411075, "y_normalized": 23.102915159989426, "z_normalized": -0.11482676863670349}, "left_eye_outer": {"x": 0.5235530138015747, "y": 0.4036540389060974, "z": -0.11487122625112534, "x_normalized": 30.1501099802322, "y_normalized": 23.115088579030775, "z_normalized": -0.11487122625112534}, "right_eye_inner": {"x": 0.5196935534477234, "y": 0.40365225076675415, "z": -0.1142367422580719, "x_normalized": 29.923993785066834, "y_normalized": 23.114983816388424, "z_normalized": -0.1142367422580719}, "right_eye": {"x": 0.5185976624488831, "y": 0.4041435420513153, "z": -0.11425897479057312, "x_normalized": 29.85978825365712, "y_normalized": 23.14376735237475, "z_normalized": -0.11425897479057312}, "right_eye_outer": {"x": 0.5176337361335754, "y": 0.40462976694107056, "z": -0.11424215883016586, "x_normalized": 29.80331420525301, "y_normalized": 23.17225406087441, "z_normalized": -0.11424215883016586}, "left_ear": {"x": 0.5245553255081177, "y": 0.4079298973083496, "z": -0.08568622171878815, "x_normalized": 30.208832933358806, "y_normalized": 23.365600501511942, "z_normalized": -0.08568622171878815}, "right_ear": {"x": 0.5158247947692871, "y": 0.409262478351593, "z": -0.0829133614897728, "x_normalized": 29.697332824161233, "y_normalized": 23.443673114681037, "z_normalized": -0.0829133614897728}, "mouth_left": {"x": 0.5236772894859314, "y": 0.4145565629005432, "z": -0.104972243309021, "x_normalized": 30.157390983875693, "y_normalized": 23.753840377805748, "z_normalized": -0.104972243309021}, "mouth_right": {"x": 0.5199650526046753, "y": 0.41534045338630676, "z": -0.10424122214317322, "x_normalized": 29.939900246264006, "y_normalized": 23.799766574169006, "z_normalized": -0.10424122214317322}, "left_shoulder": {"x": 0.5369786620140076, "y": 0.4371269643306732, "z": -0.05256862938404083, "x_normalized": 30.936685359454504, "y_normalized": 25.076184132326564, "z_normalized": -0.05256862938404083}, "right_shoulder": {"x": 0.5094980001449585, "y": 0.44341176748275757, "z": -0.03897545114159584, "x_normalized": 29.326661642989926, "y_normalized": 25.444395137446623, "z_normalized": -0.03897545114159584}, "left_elbow": {"x": 0.5545027256011963, "y": 0.45211678743362427, "z": 0.01082021463662386, "x_normalized": 31.963376714948538, "y_normalized": 25.954400632946637, "z_normalized": 0.01082021463662386}, "right_elbow": {"x": 0.5058755278587341, "y": 0.45680657029151917, "z": 0.036541737616062164, "x_normalized": 29.11442999002433, "y_normalized": 26.22916336108835, "z_normalized": 0.036541737616062164}, "left_wrist": {"x": 0.5510770678520203, "y": 0.4698231518268585, "z": 0.07498697191476822, "x_normalized": 31.762675936817864, "y_normalized": 26.9917725398285, "z_normalized": 0.07498697191476822}, "right_wrist": {"x": 0.5132441520690918, "y": 0.46699848771095276, "z": 0.1076858714222908, "x_normalized": 29.54613937871823, "y_normalized": 26.826282485792472, "z_normalized": 0.1076858714222908}, "left_pinky": {"x": 0.552387535572052, "y": 0.4761592149734497, "z": 0.08364036679267883, "x_normalized": 31.83945298530987, "y_normalized": 27.362986740695998, "z_normalized": 0.08364036679267883}, "right_pinky": {"x": 0.5146450400352478, "y": 0.47003674507141113, "z": 0.11750269681215286, "x_normalized": 29.62821392482519, "y_normalized": 27.004286437457495, "z_normalized": 0.11750269681215286}, "left_index": {"x": 0.5505897402763367, "y": 0.4780888855457306, "z": 0.07539895176887512, "x_normalized": 31.734124624688754, "y_normalized": 27.476041346190602, "z_normalized": 0.07539895176887512}, "right_index": {"x": 0.5161392092704773, "y": 0.4713486433029175, "z": 0.11143648624420166, "x_normalized": 29.715753588774863, "y_normalized": 27.08114729606338, "z_normalized": 0.11143648624420166}, "left_thumb": {"x": 0.5500608682632446, "y": 0.47650468349456787, "z": 0.07378201931715012, "x_normalized": 31.70313932716899, "y_normalized": 27.383226883198486, "z_normalized": 0.07378201931715012}, "right_thumb": {"x": 0.5157382488250732, "y": 0.4696306586265564, "z": 0.10728097707033157, "x_normalized": 29.692262312271374, "y_normalized": 26.98049484137926, "z_normalized": 0.10728097707033157}, "left_hip": {"x": 0.5320828557014465, "y": 0.5344507098197937, "z": -0.004568137694150209, "x_normalized": 30.649852228869758, "y_normalized": 30.77814062665421, "z_normalized": -0.004568137694150209}, "right_hip": {"x": 0.5150383114814758, "y": 0.533547043800354, "z": 0.004532650578767061, "x_normalized": 29.651254721966563, "y_normalized": 30.725197079297377, "z_normalized": 0.004532650578767061}, "left_knee": {"x": 0.5294395089149475, "y": 0.6097082495689392, "z": -0.005707334261387587, "x_normalized": 30.494985106768265, "y_normalized": 35.18729293951634, "z_normalized": -0.005707334261387587}, "right_knee": {"x": 0.5148903131484985, "y": 0.6114770770072937, "z": 0.005009149666875601, "x_normalized": 29.64258386726786, "y_normalized": 35.290924145331346, "z_normalized": 0.005009149666875601}, "left_ankle": {"x": 0.5233036279678345, "y": 0.6698029637336731, "z": 0.06199653446674347, "x_normalized": 30.13549908371212, "y_normalized": 38.708092966110804, "z_normalized": 0.06199653446674347}, "right_ankle": {"x": 0.5185883641242981, "y": 0.6689754128456116, "z": 0.07253122329711914, "x_normalized": 29.859243487916885, "y_normalized": 38.65960881523011, "z_normalized": 0.07253122329711914}, "left_heel": {"x": 0.5219465494155884, "y": 0.6771347522735596, "z": 0.06635943055152893, "x_normalized": 30.055991222342794, "y_normalized": 39.13764424437224, "z_normalized": 0.06635943055152893}, "right_heel": {"x": 0.519784688949585, "y": 0.6763522624969482, "z": 0.0766654685139656, "x_normalized": 29.929333187738727, "y_normalized": 39.09180011207883, "z_normalized": 0.0766654685139656}, "left_foot_index": {"x": 0.5251657366752625, "y": 0.6918321251869202, "z": 0.021475201472640038, "x_normalized": 30.244595407369843, "y_normalized": 39.998726814835585, "z_normalized": 0.021475201472640038}, "right_foot_index": {"x": 0.5159717202186584, "y": 0.6911489367485046, "z": 0.033992964774370193, "x_normalized": 29.70594082127452, "y_normalized": 39.9587005012808, "z_normalized": 0.033992964774370193}}}