{"sequence_id": 1697925405990398000, "sequence_source": "mediapipe", "frame_number": 393, "image_dimensions": {"height": 1080, "width": 1920}, "joint_positions": {"nose": {"x": 0.5110716223716736, "y": 0.4101293087005615, "z": -0.10368663817644119, "x_normalized": 26.7367883169913, "y_normalized": 21.339015296517417, "z_normalized": -0.10368663817644119}, "left_eye_inner": {"x": 0.5129666924476624, "y": 0.40763935446739197, "z": -0.09704629331827164, "x_normalized": 26.83783631357955, "y_normalized": 21.20624717883874, "z_normalized": -0.09704629331827164}, "left_eye": {"x": 0.514183759689331, "y": 0.4079323410987854, "z": -0.09702799469232559, "x_normalized": 26.902732175765355, "y_normalized": 21.221869668215025, "z_normalized": -0.09702799469232559}, "left_eye_outer": {"x": 0.5153717994689941, "y": 0.40826958417892456, "z": -0.0970454141497612, "x_normalized": 26.966080249867293, "y_normalized": 21.239851978232522, "z_normalized": -0.0970454141497612}, "right_eye_inner": {"x": 0.5097771883010864, "y": 0.4076297879219055, "z": -0.09784959256649017, "x_normalized": 26.667767138721597, "y_normalized": 21.205737076195085, "z_normalized": -0.09784959256649017}, "right_eye": {"x": 0.5087659358978271, "y": 0.40800708532333374, "z": -0.09788086265325546, "x_normalized": 26.61384563434605, "y_normalized": 21.22585514307574, "z_normalized": -0.09788086265325546}, "right_eye_outer": {"x": 0.5077925324440002, "y": 0.4083649814128876, "z": -0.09786362200975418, "x_normalized": 26.5619422930778, "y_normalized": 21.244938702725808, "z_normalized": -0.09786362200975418}, "left_ear": {"x": 0.5177263617515564, "y": 0.4129968285560608, "z": -0.05719267576932907, "x_normalized": 27.09162906439914, "y_normalized": 21.49191578302003, "z_normalized": -0.05719267576932907}, "right_ear": {"x": 0.5059545636177063, "y": 0.41352924704551697, "z": -0.06086229160428047, "x_normalized": 26.4639390213034, "y_normalized": 21.520305140431002, "z_normalized": -0.06086229160428047}, "mouth_left": {"x": 0.5138600468635559, "y": 0.4174189865589142, "z": -0.08916401118040085, "x_normalized": 26.8854713193311, "y_normalized": 21.72771192187884, "z_normalized": -0.08916401118040085}, "mouth_right": {"x": 0.5091750025749207, "y": 0.41774746775627136, "z": -0.09031922370195389, "x_normalized": 26.635657686952992, "y_normalized": 21.74522703508252, "z_normalized": -0.09031922370195389}, "left_shoulder": {"x": 0.5277218818664551, "y": 0.4416828453540802, "z": -0.025797681882977486, "x_normalized": 27.624605282674903, "y_normalized": 23.021497493091783, "z_normalized": -0.025797681882977486}, "right_shoulder": {"x": 0.4965595304965973, "y": 0.4471890330314636, "z": -0.014908349141478539, "x_normalized": 25.96298167582214, "y_normalized": 23.315095730269476, "z_normalized": -0.014908349141478539}, "left_elbow": {"x": 0.5460282564163208, "y": 0.453499436378479, "z": 0.03867044299840927, "x_normalized": 28.600728802589, "y_normalized": 23.6515759607153, "z_normalized": 0.03867044299840927}, "right_elbow": {"x": 0.4890436828136444, "y": 0.4581686556339264, "z": 0.0552680529654026, "x_normalized": 25.56222533406598, "y_normalized": 23.90054577843988, "z_normalized": 0.0552680529654026}, "left_wrist": {"x": 0.5376089215278625, "y": 0.4740988314151764, "z": 0.07988981157541275, "x_normalized": 28.15179715944627, "y_normalized": 24.74996679373087, "z_normalized": 0.07988981157541275}, "right_wrist": {"x": 0.4842109680175781, "y": 0.4719889760017395, "z": 0.09954588115215302, "x_normalized": 25.304537687359783, "y_normalized": 24.63746611878489, "z_normalized": 0.09954588115215302}, "left_pinky": {"x": 0.5352562069892883, "y": 0.4842166602611542, "z": 0.08588029444217682, "x_normalized": 28.026346869412574, "y_normalized": 25.28946469814235, "z_normalized": 0.08588029444217682}, "right_pinky": {"x": 0.4819742441177368, "y": 0.47547975182533264, "z": 0.10457586497068405, "x_normalized": 25.18527219324232, "y_normalized": 24.823599554155997, "z_normalized": 0.10457586497068405}, "left_index": {"x": 0.5332531929016113, "y": 0.4810454249382019, "z": 0.07609962671995163, "x_normalized": 27.919543135206496, "y_normalized": 25.120369644532254, "z_normalized": 0.07609962671995163}, "right_index": {"x": 0.48281994462013245, "y": 0.4738231599330902, "z": 0.09795595705509186, "x_normalized": 25.230366220404438, "y_normalized": 24.735267574248557, "z_normalized": 0.09795595705509186}, "left_thumb": {"x": 0.5334452390670776, "y": 0.4778221845626831, "z": 0.07751099020242691, "x_normalized": 27.92978332659504, "y_normalized": 24.948501603030625, "z_normalized": 0.07751099020242691}, "right_thumb": {"x": 0.4837716221809387, "y": 0.4736478924751282, "z": 0.09770185500383377, "x_normalized": 25.281111104266998, "y_normalized": 24.725922048867425, "z_normalized": 0.09770185500383377}, "left_hip": {"x": 0.5236567258834839, "y": 0.5288090109825134, "z": -0.006276811007410288, "x_normalized": 27.407845030321887, "y_normalized": 27.667196139657978, "z_normalized": -0.006276811007410288}, "right_hip": {"x": 0.5049871206283569, "y": 0.5305878520011902, "z": 0.00623565586283803, "x_normalized": 26.412353500996932, "y_normalized": 27.76204662749152, "z_normalized": 0.00623565586283803}, "left_knee": {"x": 0.5227287411689758, "y": 0.5941659808158875, "z": -0.02726486511528492, "x_normalized": 27.3583634847824, "y_normalized": 31.152128411249706, "z_normalized": -0.02726486511528492}, "right_knee": {"x": 0.5090665221214294, "y": 0.6001193523406982, "z": -0.007238807622343302, "x_normalized": 26.6298733454486, "y_normalized": 31.469571166084926, "z_normalized": -0.007238807622343302}, "left_ankle": {"x": 0.5244714617729187, "y": 0.6532315015792847, "z": 0.036321140825748444, "x_normalized": 27.45128797758756, "y_normalized": 34.301591123054074, "z_normalized": 0.036321140825748444}, "right_ankle": {"x": 0.515142560005188, "y": 0.6501634120941162, "z": 0.06610982120037079, "x_normalized": 26.953856855677245, "y_normalized": 34.13799596118758, "z_normalized": 0.06610982120037079}, "left_heel": {"x": 0.523898720741272, "y": 0.6586262583732605, "z": 0.04026268050074577, "x_normalized": 27.420748561370146, "y_normalized": 34.5892476973513, "z_normalized": 0.04026268050074577}, "right_heel": {"x": 0.517086923122406, "y": 0.6554265022277832, "z": 0.06958745419979095, "x_normalized": 27.05753323161941, "y_normalized": 34.41863187043908, "z_normalized": 0.06958745419979095}, "left_foot_index": {"x": 0.5229706168174744, "y": 0.6755867004394531, "z": -0.006878442130982876, "x_normalized": 27.371260659411423, "y_normalized": 35.49360406588591, "z_normalized": -0.006878442130982876}, "right_foot_index": {"x": 0.5110490322113037, "y": 0.6711474657058716, "z": 0.030240502208471298, "x_normalized": 26.735583775546157, "y_normalized": 35.256897369971604, "z_normalized": 0.030240502208471298}}}