{"sequence_id": 1697925405990398000, "sequence_source": "mediapipe", "frame_number": 155, "image_dimensions": {"height": 1080, "width": 1920}, "joint_positions": {"nose": {"x": 0.5132601261138916, "y": 0.4175404906272888, "z": -0.20883332192897797, "x_normalized": 17.794690797222025, "y_normalized": 14.317106683135416, "z_normalized": -0.20883332192897797}, "left_eye_inner": {"x": 0.5156944394111633, "y": 0.4111352562904358, "z": -0.19853398203849792, "x_normalized": 17.881515046815707, "y_normalized": 14.088652249849352, "z_normalized": -0.19853398203849792}, "left_eye": {"x": 0.5172984004020691, "y": 0.4111761748790741, "z": -0.19850827753543854, "x_normalized": 17.938723258087858, "y_normalized": 14.090111686379947, "z_normalized": -0.19850827753543854}, "left_eye_outer": {"x": 0.5190588235855103, "y": 0.4111490547657013, "z": -0.1985348016023636, "x_normalized": 18.001511980493024, "y_normalized": 14.089144397783558, "z_normalized": -0.1985348016023636}, "right_eye_inner": {"x": 0.5109231472015381, "y": 0.4108930826187134, "z": -0.2018456906080246, "x_normalized": 17.71133815703033, "y_normalized": 14.080014681569947, "z_normalized": -0.2018456906080246}, "right_eye": {"x": 0.5091496706008911, "y": 0.41090503334999084, "z": -0.2018873542547226, "x_normalized": 17.648083860553495, "y_normalized": 14.08044092632506, "z_normalized": -0.2018873542547226}, "right_eye_outer": {"x": 0.5073474049568176, "y": 0.41091856360435486, "z": -0.20190566778182983, "x_normalized": 17.583802750028187, "y_normalized": 14.080923507668752, "z_normalized": -0.20190566778182983}, "left_ear": {"x": 0.5224993824958801, "y": 0.41406893730163574, "z": -0.12606468796730042, "x_normalized": 18.124225825876245, "y_normalized": 14.19328736507061, "z_normalized": -0.12606468796730042}, "right_ear": {"x": 0.502544105052948, "y": 0.41465404629707336, "z": -0.14619117975234985, "x_normalized": 17.41248424710817, "y_normalized": 14.214156350799078, "z_normalized": -0.14619117975234985}, "mouth_left": {"x": 0.5164392590522766, "y": 0.42539340257644653, "z": -0.18071027100086212, "x_normalized": 17.908080405717854, "y_normalized": 14.597195194287627, "z_normalized": -0.18071027100086212}, "mouth_right": {"x": 0.5101556777954102, "y": 0.42621856927871704, "z": -0.1860368251800537, "x_normalized": 17.683964952707022, "y_normalized": 14.626626278525892, "z_normalized": -0.1860368251800537}, "left_shoulder": {"x": 0.535354495048523, "y": 0.45059067010879517, "z": -0.0727219432592392, "x_normalized": 18.58272699829166, "y_normalized": 15.495901966238186, "z_normalized": -0.0727219432592392}, "right_shoulder": {"x": 0.487287312746048, "y": 0.45583203434944153, "z": -0.12012091279029846, "x_normalized": 16.868322760278243, "y_normalized": 15.682844837376141, "z_normalized": -0.12012091279029846}, "left_elbow": {"x": 0.5549328327178955, "y": 0.4599553644657135, "z": -0.11216935515403748, "x_normalized": 19.281024328524428, "y_normalized": 15.829910970389328, "z_normalized": -0.11216935515403748}, "right_elbow": {"x": 0.46775659918785095, "y": 0.46268460154533386, "z": -0.234781414270401, "x_normalized": 16.17172403133892, "y_normalized": 15.927254217730116, "z_normalized": -0.234781414270401}, "left_wrist": {"x": 0.5511391162872314, "y": 0.46553540229797363, "z": -0.17769107222557068, "x_normalized": 19.145714472298117, "y_normalized": 16.028933256482627, "z_normalized": -0.17769107222557068}, "right_wrist": {"x": 0.4892665147781372, "y": 0.440051794052124, "z": -0.36073067784309387, "x_normalized": 16.938914631679115, "y_normalized": 15.120013617681405, "z_normalized": -0.36073067784309387}, "left_pinky": {"x": 0.5542714595794678, "y": 0.4714759290218353, "z": -0.19145825505256653, "x_normalized": 19.257435242226553, "y_normalized": 16.240813040226392, "z_normalized": -0.19145825505256653}, "right_pinky": {"x": 0.4975830614566803, "y": 0.434950590133667, "z": -0.38940945267677307, "x_normalized": 17.235539526011575, "y_normalized": 14.93806982156413, "z_normalized": -0.38940945267677307}, "left_index": {"x": 0.5494444370269775, "y": 0.471702516078949, "z": -0.1972411572933197, "x_normalized": 19.08527062752332, "y_normalized": 16.248894683301497, "z_normalized": -0.1972411572933197}, "right_index": {"x": 0.5008221864700317, "y": 0.4329114556312561, "z": -0.3799053132534027, "x_normalized": 17.351068861918975, "y_normalized": 14.86534034866069, "z_normalized": -0.3799053132534027}, "left_thumb": {"x": 0.5482988357543945, "y": 0.4687145948410034, "z": -0.18166659772396088, "x_normalized": 19.044410656484644, "y_normalized": 16.14232499088746, "z_normalized": -0.18166659772396088}, "right_thumb": {"x": 0.4956454932689667, "y": 0.43614092469215393, "z": -0.3598969876766205, "x_normalized": 17.166432602049337, "y_normalized": 14.980525287309597, "z_normalized": -0.3598969876766205}, "left_hip": {"x": 0.5256888270378113, "y": 0.5749511122703552, "z": 0.006021410226821899, "x_normalized": 18.2379832166296, "y_normalized": 19.931445280205704, "z_normalized": 0.006021410226821899}, "right_hip": {"x": 0.49765756726264954, "y": 0.5755307078361511, "z": -0.0060749719850718975, "x_normalized": 17.23819691226539, "y_normalized": 19.952117619351387, "z_normalized": -0.0060749719850718975}, "left_knee": {"x": 0.5236758589744568, "y": 0.6700054407119751, "z": 0.01513087097555399, "x_normalized": 18.1661870177785, "y_normalized": 23.321732285097212, "z_normalized": 0.01513087097555399}, "right_knee": {"x": 0.5035348534584045, "y": 0.6791849136352539, "z": -0.04375074803829193, "x_normalized": 17.447821106556916, "y_normalized": 23.64913502702137, "z_normalized": -0.04375074803829193}, "left_ankle": {"x": 0.5255811214447021, "y": 0.716981053352356, "z": 0.1931414157152176, "x_normalized": 18.234141699061084, "y_normalized": 24.99720368858322, "z_normalized": 0.1931414157152176}, "right_ankle": {"x": 0.5101063847541809, "y": 0.7618190050125122, "z": 0.025413429364562035, "x_normalized": 17.682206825961497, "y_normalized": 26.59643149158374, "z_normalized": 0.025413429364562035}, "left_heel": {"x": 0.5247930288314819, "y": 0.7164871096611023, "z": 0.20845060050487518, "x_normalized": 18.20603293022272, "y_normalized": 24.979586280674923, "z_normalized": 0.20845060050487518}, "right_heel": {"x": 0.512872040271759, "y": 0.7723979949951172, "z": 0.028215568512678146, "x_normalized": 17.78084900370315, "y_normalized": 26.973750576899576, "z_normalized": 0.028215568512678146}, "left_foot_index": {"x": 0.5278791785240173, "y": 0.750353991985321, "z": 0.15195366740226746, "x_normalized": 18.316106120673787, "y_normalized": 26.18751076893752, "z_normalized": 0.15195366740226746}, "right_foot_index": {"x": 0.505847156047821, "y": 0.7944371104240417, "z": -0.05642087385058403, "x_normalized": 17.530293620421347, "y_normalized": 27.75981606032338, "z_normalized": -0.05642087385058403}}}