{"sequence_id": 1697925405990398000, "sequence_source": "mediapipe", "frame_number": 466, "image_dimensions": {"height": 1080, "width": 1920}, "joint_positions": {"nose": {"x": 0.5293587446212769, "y": 0.41433411836624146, "z": -0.060949862003326416, "x_normalized": 29.453260949428877, "y_normalized": 22.946130012030444, "z_normalized": -0.060949862003326416}, "left_eye_inner": {"x": 0.5310112833976746, "y": 0.41018110513687134, "z": -0.0555734746158123, "x_normalized": 29.546849602527665, "y_normalized": 22.71093134680732, "z_normalized": -0.0555734746158123}, "left_eye": {"x": 0.5322653651237488, "y": 0.4102066457271576, "z": -0.05555254593491554, "x_normalized": 29.61787233512274, "y_normalized": 22.712377793618966, "z_normalized": -0.05555254593491554}, "left_eye_outer": {"x": 0.5334697365760803, "y": 0.41026732325553894, "z": -0.0555800125002861, "x_normalized": 29.68607981301324, "y_normalized": 22.715814159673233, "z_normalized": -0.0555800125002861}, "right_eye_inner": {"x": 0.5278845429420471, "y": 0.41024258732795715, "z": -0.05496913194656372, "x_normalized": 29.36977210697289, "y_normalized": 22.714413283531268, "z_normalized": -0.05496913194656372}, "right_eye": {"x": 0.5269685983657837, "y": 0.4103379249572754, "z": -0.05498296394944191, "x_normalized": 29.317899182458223, "y_normalized": 22.719812563986867, "z_normalized": -0.05498296394944191}, "right_eye_outer": {"x": 0.5261147618293762, "y": 0.41042599081993103, "z": -0.05494106188416481, "x_normalized": 29.2695436385217, "y_normalized": 22.72480002061278, "z_normalized": -0.05494106188416481}, "left_ear": {"x": 0.5354023575782776, "y": 0.4132256805896759, "z": -0.02199677564203739, "x_normalized": 29.795530434765276, "y_normalized": 22.88335557064716, "z_normalized": -0.02199677564203739}, "right_ear": {"x": 0.5247511267662048, "y": 0.41336849331855774, "z": -0.01953248865902424, "x_normalized": 29.192316543640036, "y_normalized": 22.891443520613784, "z_normalized": -0.01953248865902424}, "mouth_left": {"x": 0.5322222709655762, "y": 0.42020994424819946, "z": -0.04873957484960556, "x_normalized": 29.615431772591077, "y_normalized": 23.278897168837606, "z_normalized": -0.04873957484960556}, "mouth_right": {"x": 0.5274328589439392, "y": 0.41981741786003113, "z": -0.048015642911195755, "x_normalized": 29.34419177106008, "y_normalized": 23.25666712104745, "z_normalized": -0.048015642911195755}, "left_shoulder": {"x": 0.545650839805603, "y": 0.44246482849121094, "z": 0.004039473831653595, "x_normalized": 30.37593536181518, "y_normalized": 24.539263745961495, "z_normalized": 0.004039473831653595}, "right_shoulder": {"x": 0.5154009461402893, "y": 0.44086965918540955, "z": 0.011803300119936466, "x_normalized": 28.662785361977033, "y_normalized": 24.44892411283052, "z_normalized": 0.011803300119936466}, "left_elbow": {"x": 0.5563694834709167, "y": 0.4557648003101349, "z": 0.0607752725481987, "x_normalized": 30.98296706237792, "y_normalized": 25.29248446704996, "z_normalized": 0.0607752725481987}, "right_elbow": {"x": 0.5016857385635376, "y": 0.44989505410194397, "z": 0.062271442264318466, "x_normalized": 27.886048487531934, "y_normalized": 24.96006162196926, "z_normalized": 0.062271442264318466}, "left_wrist": {"x": 0.5454059839248657, "y": 0.4674295485019684, "z": 0.12120290100574493, "x_normalized": 30.362068375812303, "y_normalized": 25.953097148339012, "z_normalized": 0.12120290100574493}, "right_wrist": {"x": 0.5099135637283325, "y": 0.46635207533836365, "z": 0.10284078121185303, "x_normalized": 28.352017024006475, "y_normalized": 25.892076333837053, "z_normalized": 0.10284078121185303}, "left_pinky": {"x": 0.5422245860099792, "y": 0.47339680790901184, "z": 0.1289801299571991, "x_normalized": 30.181895450324554, "y_normalized": 26.291042483463702, "z_normalized": 0.1289801299571991}, "right_pinky": {"x": 0.5109006762504578, "y": 0.4762207567691803, "z": 0.10502830147743225, "x_normalized": 28.407920421083805, "y_normalized": 26.450971904798756, "z_normalized": 0.10502830147743225}, "left_index": {"x": 0.5408368706703186, "y": 0.4726926386356354, "z": 0.12278877198696136, "x_normalized": 30.103304610957704, "y_normalized": 26.25116308408736, "z_normalized": 0.12278877198696136}, "right_index": {"x": 0.5144842863082886, "y": 0.4709104895591736, "z": 0.10347660630941391, "x_normalized": 28.61087193020043, "y_normalized": 26.15023417756519, "z_normalized": 0.10347660630941391}, "left_thumb": {"x": 0.5412083268165588, "y": 0.4691178500652313, "z": 0.12004213035106659, "x_normalized": 30.124341382323315, "y_normalized": 26.048711164534616, "z_normalized": 0.12004213035106659}, "right_thumb": {"x": 0.5141374468803406, "y": 0.4699361026287079, "z": 0.1027582511305809, "x_normalized": 28.59122928376646, "y_normalized": 26.09505147218981, "z_normalized": 0.1027582511305809}, "left_hip": {"x": 0.5348021388053894, "y": 0.5201122164726257, "z": -0.0017153661465272307, "x_normalized": 29.76153809079035, "y_normalized": 28.93668821890514, "z_normalized": -0.0017153661465272307}, "right_hip": {"x": 0.5172955393791199, "y": 0.5178089141845703, "z": 0.0017217302229255438, "x_normalized": 28.770082347636116, "y_normalized": 28.80624470865459, "z_normalized": 0.0017217302229255438}, "left_knee": {"x": 0.5321366786956787, "y": 0.5816314220428467, "z": -0.0089567257091403, "x_normalized": 29.61058440357936, "y_normalized": 32.42072119365623, "z_normalized": -0.0089567257091403}, "right_knee": {"x": 0.5192898511886597, "y": 0.5813215970993042, "z": -0.008575648069381714, "x_normalized": 28.883026720730157, "y_normalized": 32.403174798027464, "z_normalized": -0.008575648069381714}, "left_ankle": {"x": 0.5283535122871399, "y": 0.6329924464225769, "z": 0.048570238053798676, "x_normalized": 29.39633136838249, "y_normalized": 35.32946328317687, "z_normalized": 0.048570238053798676}, "right_ankle": {"x": 0.521891176700592, "y": 0.6348254084587097, "z": 0.04816664010286331, "x_normalized": 29.03034825678752, "y_normalized": 35.43326989309911, "z_normalized": 0.04816664010286331}, "left_heel": {"x": 0.5265628099441528, "y": 0.6378532648086548, "z": 0.0521777868270874, "x_normalized": 29.294918062519663, "y_normalized": 35.60474725969118, "z_normalized": 0.0521777868270874}, "right_heel": {"x": 0.5221527218818665, "y": 0.6413172483444214, "z": 0.051828932017087936, "x_normalized": 29.04516041223558, "y_normalized": 35.80092392924895, "z_normalized": 0.051828932017087936}, "left_foot_index": {"x": 0.5297632813453674, "y": 0.65118408203125, "z": 0.012392989359796047, "x_normalized": 29.476171181659048, "y_normalized": 36.35971485645065, "z_normalized": 0.012392989359796047}, "right_foot_index": {"x": 0.5190123319625854, "y": 0.6515980362892151, "z": 0.012367220595479012, "x_normalized": 28.867309903098853, "y_normalized": 36.38315843429632, "z_normalized": 0.012367220595479012}}}