{"sequence_id": 1697925405990398000, "sequence_source": "mediapipe", "frame_number": 445, "image_dimensions": {"height": 1080, "width": 1920}, "joint_positions": {"nose": {"x": 0.5241742134094238, "y": 0.4241325557231903, "z": -0.07390432804822922, "x_normalized": 28.182609917815025, "y_normalized": 22.702179135623908, "z_normalized": -0.07390432804822922}, "left_eye_inner": {"x": 0.5257624387741089, "y": 0.42031124234199524, "z": -0.0673653706908226, "x_normalized": 28.269591871217457, "y_normalized": 22.492898192345994, "z_normalized": -0.0673653706908226}, "left_eye": {"x": 0.5268396139144897, "y": 0.42046165466308594, "z": -0.06732402741909027, "x_normalized": 28.3285852609153, "y_normalized": 22.50113578746012, "z_normalized": -0.06732402741909027}, "left_eye_outer": {"x": 0.5279266238212585, "y": 0.42054763436317444, "z": -0.06733925640583038, "x_normalized": 28.38811726887898, "y_normalized": 22.505844616844758, "z_normalized": -0.06733925640583038}, "right_eye_inner": {"x": 0.5228646993637085, "y": 0.4201560616493225, "z": -0.0683809369802475, "x_normalized": 28.110892079631004, "y_normalized": 22.484399448981765, "z_normalized": -0.0683809369802475}, "right_eye": {"x": 0.5218107104301453, "y": 0.4202330410480499, "z": -0.06841321289539337, "x_normalized": 28.053168523299277, "y_normalized": 22.488615361044335, "z_normalized": -0.06841321289539337}, "right_eye_outer": {"x": 0.5207798480987549, "y": 0.4202704429626465, "z": -0.0683811753988266, "x_normalized": 27.99671153598054, "y_normalized": 22.490663742631067, "z_normalized": -0.0683811753988266}, "left_ear": {"x": 0.530381977558136, "y": 0.4231227934360504, "z": -0.026744408532977104, "x_normalized": 28.5225890315623, "y_normalized": 22.646877729311868, "z_normalized": -0.026744408532977104}, "right_ear": {"x": 0.5186957716941833, "y": 0.4229907691478729, "z": -0.03285171464085579, "x_normalized": 27.88257342892072, "y_normalized": 22.639647187137193, "z_normalized": -0.03285171464085579}, "mouth_left": {"x": 0.5262488126754761, "y": 0.43017855286598206, "z": -0.05906285345554352, "x_normalized": 28.296228992727773, "y_normalized": 23.0332987949865, "z_normalized": -0.05906285345554352}, "mouth_right": {"x": 0.5225264430046082, "y": 0.43052828311920166, "z": -0.06070829927921295, "x_normalized": 28.092366875639456, "y_normalized": 23.052452386954855, "z_normalized": -0.06070829927921295}, "left_shoulder": {"x": 0.5393936038017273, "y": 0.44754305481910706, "z": 0.004987780470401049, "x_normalized": 29.01612658072216, "y_normalized": 23.984296262554754, "z_normalized": 0.004987780470401049}, "right_shoulder": {"x": 0.5100968480110168, "y": 0.44875603914260864, "z": 0.006061243358999491, "x_normalized": 27.41163826080711, "y_normalized": 24.05072748085079, "z_normalized": 0.006061243358999491}, "left_elbow": {"x": 0.5536054968833923, "y": 0.4610595107078552, "z": 0.06195596978068352, "x_normalized": 29.794465882736052, "y_normalized": 24.72454872446796, "z_normalized": 0.06195596978068352}, "right_elbow": {"x": 0.49833640456199646, "y": 0.45813873410224915, "z": 0.060734476894140244, "x_normalized": 26.76755690634677, "y_normalized": 24.564587260398206, "z_normalized": 0.060734476894140244}, "left_wrist": {"x": 0.5424922704696655, "y": 0.474042147397995, "z": 0.11522603034973145, "x_normalized": 29.18583050669725, "y_normalized": 25.435565639782347, "z_normalized": 0.11522603034973145}, "right_wrist": {"x": 0.5109939575195312, "y": 0.47029638290405273, "z": 0.11498983949422836, "x_normalized": 27.46077003971051, "y_normalized": 25.230422264091974, "z_normalized": 0.11498983949422836}, "left_pinky": {"x": 0.5403997302055359, "y": 0.47971999645233154, "z": 0.11971597373485565, "x_normalized": 29.0712288614935, "y_normalized": 25.746523022060572, "z_normalized": 0.11971597373485565}, "right_pinky": {"x": 0.5154968500137329, "y": 0.47833144664764404, "z": 0.11984347552061081, "x_normalized": 27.707378860987255, "y_normalized": 25.670476651631123, "z_normalized": 0.11984347552061081}, "left_index": {"x": 0.5384824872016907, "y": 0.4806474447250366, "z": 0.11591854691505432, "x_normalized": 28.966227678834088, "y_normalized": 25.797316356705238, "z_normalized": 0.11591854691505432}, "right_index": {"x": 0.5156741738319397, "y": 0.4754829704761505, "z": 0.1215159222483635, "x_normalized": 27.71709031153789, "y_normalized": 25.51447484790353, "z_normalized": 0.1215159222483635}, "left_thumb": {"x": 0.5387088060379028, "y": 0.47733426094055176, "z": 0.11472520232200623, "x_normalized": 28.978622427654514, "y_normalized": 25.615864023828728, "z_normalized": 0.11472520232200623}, "right_thumb": {"x": 0.5148624777793884, "y": 0.4740624725818634, "z": 0.1171267107129097, "x_normalized": 27.672636350664426, "y_normalized": 25.436678784198403, "z_normalized": 0.1171267107129097}, "left_hip": {"x": 0.5338023900985718, "y": 0.5270324349403381, "z": -0.0013536277692764997, "x_normalized": 28.70991393571296, "y_normalized": 28.337671867448307, "z_normalized": -0.0013536277692764997}, "right_hip": {"x": 0.5156218409538269, "y": 0.5253389477729797, "z": 0.0014384310925379395, "x_normalized": 27.71422420949303, "y_normalized": 28.24492506642489, "z_normalized": 0.0014384310925379395}, "left_knee": {"x": 0.5304580926895142, "y": 0.5932267904281616, "z": -0.00680284108966589, "x_normalized": 28.52675761050454, "y_normalized": 31.96292208229272, "z_normalized": -0.00680284108966589}, "right_knee": {"x": 0.5145763754844666, "y": 0.5913636684417725, "z": -0.028523026034235954, "x_normalized": 27.656967455658357, "y_normalized": 31.860884932271958, "z_normalized": -0.028523026034235954}, "left_ankle": {"x": 0.528197169303894, "y": 0.634627103805542, "z": 0.062338922172784805, "x_normalized": 28.402934167719092, "y_normalized": 34.23028300543945, "z_normalized": 0.062338922172784805}, "right_ankle": {"x": 0.5143948197364807, "y": 0.6505826115608215, "z": 0.009761212393641472, "x_normalized": 27.647024236035758, "y_normalized": 35.10411442945595, "z_normalized": 0.009761212393641472}, "left_heel": {"x": 0.5264747142791748, "y": 0.6405433416366577, "z": 0.06695196777582169, "x_normalized": 28.308600891076313, "y_normalized": 34.55429616804617, "z_normalized": 0.06695196777582169}, "right_heel": {"x": 0.5159270167350769, "y": 0.6593174338340759, "z": 0.010501722805202007, "x_normalized": 27.730937697499503, "y_normalized": 35.58249232269744, "z_normalized": 0.010501722805202007}, "left_foot_index": {"x": 0.5296292304992676, "y": 0.6524322032928467, "z": 0.031114017590880394, "x_normalized": 28.48136351593071, "y_normalized": 35.205410571317046, "z_normalized": 0.031114017590880394}, "right_foot_index": {"x": 0.5118539929389954, "y": 0.6704395413398743, "z": -0.03552532196044922, "x_normalized": 27.507871390969374, "y_normalized": 36.19161408735206, "z_normalized": -0.03552532196044922}}}