{"sequence_id": 1697925405990398000, "sequence_source": "mediapipe", "frame_number": 622, "image_dimensions": {"height": 1080, "width": 1920}, "joint_positions": {"nose": {"x": 0.5278849005699158, "y": 0.4179568886756897, "z": -0.08097901195287704, "x_normalized": 35.67527578694975, "y_normalized": 28.161245164517172, "z_normalized": -0.08097901195287704}, "left_eye_inner": {"x": 0.5290476083755493, "y": 0.4142424464225769, "z": -0.0773301050066948, "x_normalized": 35.75502258318581, "y_normalized": 27.906482215430238, "z_normalized": -0.0773301050066948}, "left_eye": {"x": 0.5298764705657959, "y": 0.4141697287559509, "z": -0.07731745392084122, "x_normalized": 35.81187186541571, "y_normalized": 27.901494719074673, "z_normalized": -0.07731745392084122}, "left_eye_outer": {"x": 0.5307007431983948, "y": 0.41412803530693054, "z": -0.07735007256269455, "x_normalized": 35.86840636303956, "y_normalized": 27.89863508489376, "z_normalized": -0.07735007256269455}, "right_eye_inner": {"x": 0.5266059637069702, "y": 0.4147166609764099, "z": -0.07712419331073761, "x_normalized": 35.58755717276832, "y_normalized": 27.939007232647345, "z_normalized": -0.07712419331073761}, "right_eye": {"x": 0.5258036255836487, "y": 0.41501596570014954, "z": -0.07713647931814194, "x_normalized": 35.53252710027467, "y_normalized": 27.95953568588461, "z_normalized": -0.07713647931814194}, "right_eye_outer": {"x": 0.5250306129455566, "y": 0.4153222441673279, "z": -0.07710468769073486, "x_normalized": 35.47950837877031, "y_normalized": 27.9805424481986, "z_normalized": -0.07710468769073486}, "left_ear": {"x": 0.532533586025238, "y": 0.41676294803619385, "z": -0.04687665402889252, "x_normalized": 35.994115799870386, "y_normalized": 28.079356197715278, "z_normalized": -0.04687665402889252}, "right_ear": {"x": 0.523939311504364, "y": 0.4184000492095947, "z": -0.04631481319665909, "x_normalized": 35.404659140430944, "y_normalized": 28.191640275503747, "z_normalized": -0.04631481319665909}, "mouth_left": {"x": 0.5301229357719421, "y": 0.4227759838104248, "z": -0.0691182091832161, "x_normalized": 35.82877620757166, "y_normalized": 28.49177308897925, "z_normalized": -0.0691182091832161}, "mouth_right": {"x": 0.5263314247131348, "y": 0.4234681725502014, "z": -0.0689438208937645, "x_normalized": 35.56872732997018, "y_normalized": 28.53924833092775, "z_normalized": -0.0689438208937645}, "left_shoulder": {"x": 0.5419394969940186, "y": 0.43883001804351807, "z": -0.020644811913371086, "x_normalized": 36.639240277239104, "y_normalized": 29.592873288487795, "z_normalized": -0.020644811913371086}, "right_shoulder": {"x": 0.5176790952682495, "y": 0.44130179286003113, "z": -0.010158028453588486, "x_normalized": 34.97528884966982, "y_normalized": 29.76240523940343, "z_normalized": -0.010158028453588486}, "left_elbow": {"x": 0.555364727973938, "y": 0.450402170419693, "z": 0.03609348088502884, "x_normalized": 37.56003839538223, "y_normalized": 30.38657405585525, "z_normalized": 0.03609348088502884}, "right_elbow": {"x": 0.51181560754776, "y": 0.45392489433288574, "z": 0.04945705831050873, "x_normalized": 34.57312903082889, "y_normalized": 30.628187593444093, "z_normalized": 0.04945705831050873}, "left_wrist": {"x": 0.5489997267723083, "y": 0.4684123694896698, "z": 0.08369813859462738, "x_normalized": 37.123481204134976, "y_normalized": 31.621841995440242, "z_normalized": 0.08369813859462738}, "right_wrist": {"x": 0.5164127945899963, "y": 0.4721618592739105, "z": 0.09394832700490952, "x_normalized": 34.888436915182965, "y_normalized": 31.879008754246087, "z_normalized": 0.09394832700490952}, "left_pinky": {"x": 0.5467379689216614, "y": 0.4753594994544983, "z": 0.09077999740839005, "x_normalized": 36.968353715029856, "y_normalized": 32.0983257302585, "z_normalized": 0.09077999740839005}, "right_pinky": {"x": 0.5182074308395386, "y": 0.47818508744239807, "z": 0.10050938278436661, "x_normalized": 35.01152587237123, "y_normalized": 32.29212471262219, "z_normalized": 0.10050938278436661}, "left_index": {"x": 0.545487642288208, "y": 0.47469890117645264, "z": 0.08407880365848541, "x_normalized": 36.882597394496514, "y_normalized": 32.05301718754643, "z_normalized": 0.08407880365848541}, "right_index": {"x": 0.5201494693756104, "y": 0.47816479206085205, "z": 0.09548435360193253, "x_normalized": 35.14472472995894, "y_normalized": 32.29073271056558, "z_normalized": 0.09548435360193253}, "left_thumb": {"x": 0.5452268123626709, "y": 0.47214147448539734, "z": 0.08276315033435822, "x_normalized": 36.86470781740475, "y_normalized": 31.877610620021827, "z_normalized": 0.08276315033435822}, "right_thumb": {"x": 0.5193354487419128, "y": 0.4747646152973175, "z": 0.09344115108251572, "x_normalized": 35.08889338755898, "y_normalized": 32.05752433076939, "z_normalized": 0.09344115108251572}, "left_hip": {"x": 0.538126528263092, "y": 0.5052698254585266, "z": -0.004296184983104467, "x_normalized": 36.37771967940156, "y_normalized": 34.14978927220807, "z_normalized": -0.004296184983104467}, "right_hip": {"x": 0.5235468745231628, "y": 0.5051702260971069, "z": 0.0042841206304728985, "x_normalized": 35.377743012557964, "y_normalized": 34.14295803744565, "z_normalized": 0.0042841206304728985}, "left_knee": {"x": 0.5357293486595154, "y": 0.5598490238189697, "z": -0.011728573590517044, "x_normalized": 36.21330400036214, "y_normalized": 37.89322007166519, "z_normalized": -0.011728573590517044}, "right_knee": {"x": 0.5244081020355225, "y": 0.5593119859695435, "z": -0.005678417626768351, "x_normalized": 35.43681213947727, "y_normalized": 37.856386184645814, "z_normalized": -0.005678417626768351}, "left_ankle": {"x": 0.533676266670227, "y": 0.6061959266662598, "z": 0.030755942687392235, "x_normalized": 36.072488990552785, "y_normalized": 41.072021314442985, "z_normalized": 0.030755942687392235}, "right_ankle": {"x": 0.5280202031135559, "y": 0.6065245866775513, "z": 0.03768118843436241, "x_normalized": 35.68455580066051, "y_normalized": 41.09456316272543, "z_normalized": 0.03768118843436241}, "left_heel": {"x": 0.5333492755889893, "y": 0.6123738884925842, "z": 0.03314879164099693, "x_normalized": 36.05006160939981, "y_normalized": 41.49575001096585, "z_normalized": 0.03314879164099693}, "right_heel": {"x": 0.5293146371841431, "y": 0.6124370098114014, "z": 0.03954072296619415, "x_normalized": 35.77333732390132, "y_normalized": 41.50007932132695, "z_normalized": 0.03954072296619415}, "left_foot_index": {"x": 0.5349291563034058, "y": 0.6213229894638062, "z": -0.001534476992674172, "x_normalized": 36.158421099892095, "y_normalized": 42.10954319975338, "z_normalized": -0.001534476992674172}, "right_foot_index": {"x": 0.5247595906257629, "y": 0.6210145354270935, "z": 0.005477407015860081, "x_normalized": 35.46091973456642, "y_normalized": 42.0883872213599, "z_normalized": 0.005477407015860081}}}