{"sequence_id": 1697925405990398000, "sequence_source": "mediapipe", "frame_number": 492, "image_dimensions": {"height": 1080, "width": 1920}, "joint_positions": {"nose": {"x": 0.5219347476959229, "y": 0.4204910695552826, "z": -0.08429969847202301, "x_normalized": 31.10786416236724, "y_normalized": 24.967179489212675, "z_normalized": -0.08429969847202301}, "left_eye_inner": {"x": 0.5235151052474976, "y": 0.41593730449676514, "z": -0.07949981093406677, "x_normalized": 31.203649581777135, "y_normalized": 24.691175938250684, "z_normalized": -0.07949981093406677}, "left_eye": {"x": 0.5245956778526306, "y": 0.4159310460090637, "z": -0.07947542518377304, "x_normalized": 31.26914305196202, "y_normalized": 24.690796611516202, "z_normalized": -0.07947542518377304}, "left_eye_outer": {"x": 0.5256606340408325, "y": 0.41594383120536804, "z": -0.0794997438788414, "x_normalized": 31.33369001162848, "y_normalized": 24.691571521845212, "z_normalized": -0.0794997438788414}, "right_eye_inner": {"x": 0.5206751227378845, "y": 0.41617244482040405, "z": -0.07929183542728424, "x_normalized": 31.03151833494062, "y_normalized": 24.705427785560484, "z_normalized": -0.07929183542728424}, "right_eye": {"x": 0.519744873046875, "y": 0.41631969809532166, "z": -0.07930829375982285, "x_normalized": 30.975135931654425, "y_normalized": 24.714352801727493, "z_normalized": -0.07930829375982285}, "right_eye_outer": {"x": 0.5189080834388733, "y": 0.4164526164531708, "z": -0.07927918434143066, "x_normalized": 30.92441814093648, "y_normalized": 24.722408979040765, "z_normalized": -0.07927918434143066}, "left_ear": {"x": 0.5280765295028687, "y": 0.4179515540599823, "z": -0.044669196009635925, "x_normalized": 31.480117356409423, "y_normalized": 24.813259538266838, "z_normalized": -0.044669196009635925}, "right_ear": {"x": 0.517804741859436, "y": 0.41910549998283386, "z": -0.0444217249751091, "x_normalized": 30.857544643965202, "y_normalized": 24.88320016283407, "z_normalized": -0.0444217249751091}, "mouth_left": {"x": 0.5243692994117737, "y": 0.42548230290412903, "z": -0.07106737047433853, "x_normalized": 31.25542226208049, "y_normalized": 25.269697978914916, "z_normalized": -0.07106737047433853}, "mouth_right": {"x": 0.5202669501304626, "y": 0.42619621753692627, "z": -0.07096151262521744, "x_normalized": 31.006779006581304, "y_normalized": 25.312968321412544, "z_normalized": -0.07096151262521744}, "left_shoulder": {"x": 0.538616955280304, "y": 0.4403248131275177, "z": -0.0162642914801836, "x_normalized": 32.11897221735181, "y_normalized": 26.169302037139797, "z_normalized": -0.0162642914801836}, "right_shoulder": {"x": 0.510660707950592, "y": 0.4431956112384796, "z": -0.007122576702386141, "x_normalized": 30.4245449828725, "y_normalized": 26.343301016564187, "z_normalized": -0.007122576702386141}, "left_elbow": {"x": 0.5554379224777222, "y": 0.45196521282196045, "z": 0.03875487670302391, "x_normalized": 33.138490487935165, "y_normalized": 26.874826281143964, "z_normalized": 0.03875487670302391}, "right_elbow": {"x": 0.5037369132041931, "y": 0.45682254433631897, "z": 0.0568612739443779, "x_normalized": 30.00489401019798, "y_normalized": 27.169228985046086, "z_normalized": 0.0568612739443779}, "left_wrist": {"x": 0.5484945774078369, "y": 0.47207385301589966, "z": 0.08301661908626556, "x_normalized": 32.717654570794835, "y_normalized": 28.093610304303734, "z_normalized": 0.08301661908626556}, "right_wrist": {"x": 0.5097622275352478, "y": 0.47857987880706787, "z": 0.10497300326824188, "x_normalized": 30.370088114343243, "y_normalized": 28.487940314292732, "z_normalized": 0.10497300326824188}, "left_pinky": {"x": 0.5451400876045227, "y": 0.47982051968574524, "z": 0.08977827429771423, "x_normalized": 32.514339053748394, "y_normalized": 28.56313551729142, "z_normalized": 0.08977827429771423}, "right_pinky": {"x": 0.5117746591567993, "y": 0.48468735814094543, "z": 0.11062171310186386, "x_normalized": 30.49206152897462, "y_normalized": 28.8581144365664, "z_normalized": 0.11062171310186386}, "left_index": {"x": 0.5434967279434204, "y": 0.47904664278030396, "z": 0.08224787563085556, "x_normalized": 32.414735078544716, "y_normalized": 28.51623086341391, "z_normalized": 0.08224787563085556}, "right_index": {"x": 0.5134323835372925, "y": 0.4838806688785553, "z": 0.10564642399549484, "x_normalized": 30.592536149349815, "y_normalized": 28.809221026809535, "z_normalized": 0.10564642399549484}, "left_thumb": {"x": 0.5439208149909973, "y": 0.47607553005218506, "z": 0.08172692358493805, "x_normalized": 32.440438980600284, "y_normalized": 28.33615181833112, "z_normalized": 0.08172692358493805}, "right_thumb": {"x": 0.513161838054657, "y": 0.48143836855888367, "z": 0.10421498864889145, "x_normalized": 30.57613839651352, "y_normalized": 28.66119328447264, "z_normalized": 0.10421498864889145}, "left_hip": {"x": 0.5348332524299622, "y": 0.5187600255012512, "z": -0.00424439599737525, "x_normalized": 31.889642111591073, "y_normalized": 30.92325768865435, "z_normalized": -0.00424439599737525}, "right_hip": {"x": 0.5183343291282654, "y": 0.5187808871269226, "z": 0.004192180000245571, "x_normalized": 30.889642910973457, "y_normalized": 30.924522111102622, "z_normalized": 0.004192180000245571}, "left_knee": {"x": 0.5319911241531372, "y": 0.5791799426078796, "z": -0.020717931911349297, "x_normalized": 31.717380809874165, "y_normalized": 34.58530688442202, "z_normalized": -0.020717931911349297}, "right_knee": {"x": 0.5177828073501587, "y": 0.5766434669494629, "z": -0.004641770850867033, "x_normalized": 30.856215194076732, "y_normalized": 34.43157117789006, "z_normalized": -0.004641770850867033}, "left_ankle": {"x": 0.5287912487983704, "y": 0.63093101978302, "z": 0.043250542134046555, "x_normalized": 31.523436469487194, "y_normalized": 37.72193797603506, "z_normalized": 0.043250542134046555}, "right_ankle": {"x": 0.5184610486030579, "y": 0.6170724630355835, "z": 0.09323760867118835, "x_normalized": 30.897323374187813, "y_normalized": 36.88197130574178, "z_normalized": 0.09323760867118835}, "left_heel": {"x": 0.5268316864967346, "y": 0.6351248025894165, "z": 0.04772571846842766, "x_normalized": 31.404667462603292, "y_normalized": 37.97612301449324, "z_normalized": 0.04772571846842766}, "right_heel": {"x": 0.5198380947113037, "y": 0.6205633282661438, "z": 0.10121136158704758, "x_normalized": 30.980786093680415, "y_normalized": 37.09355253296435, "z_normalized": 0.10121136158704758}, "left_foot_index": {"x": 0.5295034050941467, "y": 0.6513721346855164, "z": 0.010024487972259521, "x_normalized": 31.566600239235605, "y_normalized": 38.9608732803847, "z_normalized": 0.010024487972259521}, "right_foot_index": {"x": 0.5151315927505493, "y": 0.6375560164451599, "z": 0.07461325824260712, "x_normalized": 30.695525164079292, "y_normalized": 38.12347880661476, "z_normalized": 0.07461325824260712}}}