{"sequence_id": 1697925405990398000, "sequence_source": "mediapipe", "frame_number": 666, "image_dimensions": {"height": 1080, "width": 1920}, "joint_positions": {"nose": {"x": 0.5236376523971558, "y": 0.4236535429954529, "z": -0.04496974125504494, "x_normalized": 39.22523552895354, "y_normalized": 31.65311339535645, "z_normalized": -0.04496974125504494}, "left_eye_inner": {"x": 0.5247310400009155, "y": 0.4215419292449951, "z": -0.04035918787121773, "x_normalized": 39.30823864377153, "y_normalized": 31.492812951142703, "z_normalized": -0.04035918787121773}, "left_eye": {"x": 0.5254842638969421, "y": 0.42165130376815796, "z": -0.040351126343011856, "x_normalized": 39.365418667864155, "y_normalized": 31.50111597751051, "z_normalized": -0.040351126343011856}, "left_eye_outer": {"x": 0.5262290239334106, "y": 0.42175155878067017, "z": -0.040365640074014664, "x_normalized": 39.42195616893539, "y_normalized": 31.508726707946828, "z_normalized": -0.040365640074014664}, "right_eye_inner": {"x": 0.5226547718048096, "y": 0.4215579032897949, "z": -0.04072131961584091, "x_normalized": 39.15062141189354, "y_normalized": 31.4940256002253, "z_normalized": -0.04072131961584091}, "right_eye": {"x": 0.5219612717628479, "y": 0.42177069187164307, "z": -0.040727801620960236, "x_normalized": 39.09797524743065, "y_normalized": 31.51017917195994, "z_normalized": -0.040727801620960236}, "right_eye_outer": {"x": 0.5212878584861755, "y": 0.4219679534435272, "z": -0.0407196469604969, "x_normalized": 39.046853943941024, "y_normalized": 31.525154030687055, "z_normalized": -0.0407196469604969}, "left_ear": {"x": 0.5278016328811646, "y": 0.4246014952659607, "z": -0.014902004040777683, "x_normalized": 39.5413387562314, "y_normalized": 31.725075973750762, "z_normalized": -0.014902004040777683}, "right_ear": {"x": 0.5200155973434448, "y": 0.4253193736076355, "z": -0.016296913847327232, "x_normalized": 38.950271874283914, "y_normalized": 31.779572785507625, "z_normalized": -0.016296913847327232}, "mouth_left": {"x": 0.5253228545188904, "y": 0.42808350920677185, "z": -0.03574686124920845, "x_normalized": 39.35316548235787, "y_normalized": 31.9894085873026, "z_normalized": -0.03574686124920845}, "mouth_right": {"x": 0.5222326517105103, "y": 0.42843911051750183, "z": -0.03619038313627243, "x_normalized": 39.11857670740483, "y_normalized": 32.016403603820486, "z_normalized": -0.03619038313627243}, "left_shoulder": {"x": 0.5360309481620789, "y": 0.4458880126476288, "z": -0.00034722595592029393, "x_normalized": 40.16605665022104, "y_normalized": 33.34101458530098, "z_normalized": -0.00034722595592029393}, "right_shoulder": {"x": 0.5134351253509521, "y": 0.44813400506973267, "z": 0.00670382846146822, "x_normalized": 38.45072379959268, "y_normalized": 33.5115162136816, "z_normalized": 0.00670382846146822}, "left_elbow": {"x": 0.5497825741767883, "y": 0.4559156000614166, "z": 0.029309701174497604, "x_normalized": 41.209993666799654, "y_normalized": 34.10224599728337, "z_normalized": 0.029309701174497604}, "right_elbow": {"x": 0.5074347257614136, "y": 0.46050211787223816, "z": 0.04133275896310806, "x_normalized": 37.99521117591588, "y_normalized": 34.45042560272, "z_normalized": 0.04133275896310806}, "left_wrist": {"x": 0.5407465696334839, "y": 0.47323787212371826, "z": 0.047844745218753815, "x_normalized": 40.52403699413869, "y_normalized": 35.41724401989825, "z_normalized": 0.047844745218753815}, "right_wrist": {"x": 0.5130727887153625, "y": 0.47358131408691406, "z": 0.06416494399309158, "x_normalized": 38.423217479543695, "y_normalized": 35.44331597517416, "z_normalized": 0.06416494399309158}, "left_pinky": {"x": 0.5387026071548462, "y": 0.4790792465209961, "z": 0.049450695514678955, "x_normalized": 40.36887220928595, "y_normalized": 35.86068445046916, "z_normalized": 0.049450695514678955}, "right_pinky": {"x": 0.5156180262565613, "y": 0.4768402576446533, "z": 0.06347738206386566, "x_normalized": 38.616435916578034, "y_normalized": 35.69071448726468, "z_normalized": 0.06347738206386566}, "left_index": {"x": 0.5374091267585754, "y": 0.4787066876888275, "z": 0.044657547026872635, "x_normalized": 40.27067930726539, "y_normalized": 35.83240212550351, "z_normalized": 0.044657547026872635}, "right_index": {"x": 0.5169419646263123, "y": 0.4758824110031128, "z": 0.06107567623257637, "x_normalized": 38.71694099651356, "y_normalized": 35.61800079040875, "z_normalized": 0.06107567623257637}, "left_thumb": {"x": 0.5376781225204468, "y": 0.4766107201576233, "z": 0.04669193550944328, "x_normalized": 40.29109977483918, "y_normalized": 35.67328944391731, "z_normalized": 0.04669193550944328}, "right_thumb": {"x": 0.516334593296051, "y": 0.4747215509414673, "z": 0.06270965188741684, "x_normalized": 38.670833182514684, "y_normalized": 35.52987559065977, "z_normalized": 0.06270965188741684}, "left_hip": {"x": 0.532548725605011, "y": 0.5069671869277954, "z": -0.003529202425852418, "x_normalized": 39.90170819983417, "y_normalized": 37.97776160742902, "z_normalized": -0.003529202425852418}, "right_hip": {"x": 0.5195391178131104, "y": 0.5090345740318298, "z": 0.003513127798214555, "x_normalized": 38.91410054306635, "y_normalized": 38.13470464261557, "z_normalized": 0.003513127798214555}, "left_knee": {"x": 0.5327385067939758, "y": 0.5516995191574097, "z": -0.009644908830523491, "x_normalized": 39.91611519490507, "y_normalized": 41.37355912275096, "z_normalized": -0.009644908830523491}, "right_knee": {"x": 0.5216807126998901, "y": 0.5561659932136536, "z": 0.0011769504053518176, "x_normalized": 39.07667696671498, "y_normalized": 41.712625760828054, "z_normalized": 0.0011769504053518176}, "left_ankle": {"x": 0.5337619781494141, "y": 0.6019140481948853, "z": 0.017864402383565903, "x_normalized": 39.99381070758167, "y_normalized": 45.18553056352535, "z_normalized": 0.017864402383565903}, "right_ankle": {"x": 0.5269657969474792, "y": 0.5980513095855713, "z": 0.03949100896716118, "x_normalized": 39.47788734546533, "y_normalized": 44.89229572603654, "z_normalized": 0.03949100896716118}, "left_heel": {"x": 0.5334512591362, "y": 0.6067267656326294, "z": 0.018545297905802727, "x_normalized": 39.97022287300109, "y_normalized": 45.55088182294881, "z_normalized": 0.018545297905802727}, "right_heel": {"x": 0.5285463929176331, "y": 0.6030213832855225, "z": 0.0413399375975132, "x_normalized": 39.59787625730263, "y_normalized": 45.26959248388561, "z_normalized": 0.0413399375975132}, "left_foot_index": {"x": 0.5339479446411133, "y": 0.6156610250473022, "z": -0.015556957572698593, "x_normalized": 40.007928114811946, "y_normalized": 46.229114644923214, "z_normalized": -0.015556957572698593}, "right_foot_index": {"x": 0.5229868292808533, "y": 0.6113582849502563, "z": 0.012643863447010517, "x_normalized": 39.17582912845759, "y_normalized": 45.90247765994277, "z_normalized": 0.012643863447010517}}}