{"sequence_id": 1697925405990398000, "sequence_source": "mediapipe", "frame_number": 557, "image_dimensions": {"height": 1080, "width": 1920}, "joint_positions": {"nose": {"x": 0.5182012319564819, "y": 0.41954007744789124, "z": -0.062108155339956284, "x_normalized": 32.8384079990865, "y_normalized": 26.49747361700078, "z_normalized": -0.062108155339956284}, "left_eye_inner": {"x": 0.5194734930992126, "y": 0.41592875123023987, "z": -0.05655074492096901, "x_normalized": 32.92030991541776, "y_normalized": 26.26499419293527, "z_normalized": -0.05655074492096901}, "left_eye": {"x": 0.5203984975814819, "y": 0.4160856604576111, "z": -0.056521568447351456, "x_normalized": 32.9798571554995, "y_normalized": 26.275095237430097, "z_normalized": -0.056521568447351456}, "left_eye_outer": {"x": 0.5214794874191284, "y": 0.41626036167144775, "z": -0.05654681846499443, "x_normalized": 33.04944596574001, "y_normalized": 26.28634164252576, "z_normalized": -0.05654681846499443}, "right_eye_inner": {"x": 0.5168928503990173, "y": 0.41584697365760803, "z": -0.05739530175924301, "x_normalized": 32.754180828068115, "y_normalized": 26.25972975493075, "z_normalized": -0.05739530175924301}, "right_eye": {"x": 0.5160149335861206, "y": 0.416013240814209, "z": -0.05741659924387932, "x_normalized": 32.6976648605983, "y_normalized": 26.270433216894023, "z_normalized": -0.05741659924387932}, "right_eye_outer": {"x": 0.515146791934967, "y": 0.41619518399238586, "z": -0.05737392604351044, "x_normalized": 32.641778169974515, "y_normalized": 26.282145824043294, "z_normalized": -0.05737392604351044}, "left_ear": {"x": 0.5236461162567139, "y": 0.41872987151145935, "z": -0.02236361615359783, "x_normalized": 33.188922876428286, "y_normalized": 26.44531654280585, "z_normalized": -0.02236361615359783}, "right_ear": {"x": 0.5130326151847839, "y": 0.4195364713668823, "z": -0.02678140066564083, "x_normalized": 32.50567786675269, "y_normalized": 26.497241475237463, "z_normalized": -0.02678140066564083}, "mouth_left": {"x": 0.520287811756134, "y": 0.42495521903038025, "z": -0.04960998520255089, "x_normalized": 32.97273174633449, "y_normalized": 26.84607380442693, "z_normalized": -0.04960998520255089}, "mouth_right": {"x": 0.5167815685272217, "y": 0.4256749451160431, "z": -0.050835367292165756, "x_normalized": 32.74701704836371, "y_normalized": 26.892406230742225, "z_normalized": -0.050835367292165756}, "left_shoulder": {"x": 0.5317781567573547, "y": 0.4407992959022522, "z": 0.00067443324951455, "x_normalized": 33.71242365650899, "y_normalized": 27.86603756400608, "z_normalized": 0.00067443324951455}, "right_shoulder": {"x": 0.5055807828903198, "y": 0.444719523191452, "z": 0.010353224352002144, "x_normalized": 32.02596554622563, "y_normalized": 28.11840252011126, "z_normalized": 0.010353224352002144}, "left_elbow": {"x": 0.5469444394111633, "y": 0.44948846101760864, "z": 0.04896394535899162, "x_normalized": 34.68875435721904, "y_normalized": 28.425403287256064, "z_normalized": 0.04896394535899162}, "right_elbow": {"x": 0.49626222252845764, "y": 0.45394131541252136, "z": 0.06821013242006302, "x_normalized": 31.42608245190514, "y_normalized": 28.712056157361527, "z_normalized": 0.06821013242006302}, "left_wrist": {"x": 0.5362236499786377, "y": 0.46909862756729126, "z": 0.09611320495605469, "x_normalized": 33.998602650452966, "y_normalized": 29.687809381453736, "z_normalized": 0.09611320495605469}, "right_wrist": {"x": 0.5080201625823975, "y": 0.4675510823726654, "z": 0.11920879781246185, "x_normalized": 32.183000815739476, "y_normalized": 29.588186031504492, "z_normalized": 0.11920879781246185}, "left_pinky": {"x": 0.5340737104415894, "y": 0.47484493255615234, "z": 0.10020556300878525, "x_normalized": 33.86020011486766, "y_normalized": 30.05772824056583, "z_normalized": 0.10020556300878525}, "right_pinky": {"x": 0.5092204213142395, "y": 0.4714932441711426, "z": 0.1232902929186821, "x_normalized": 32.260267570912234, "y_normalized": 29.84196302345928, "z_normalized": 0.1232902929186821}, "left_index": {"x": 0.5332558155059814, "y": 0.4745779037475586, "z": 0.09443435072898865, "x_normalized": 33.80754806071457, "y_normalized": 30.04053823891842, "z_normalized": 0.09443435072898865}, "right_index": {"x": 0.5102512836456299, "y": 0.4707739055156708, "z": 0.12198943644762039, "x_normalized": 32.32662941878991, "y_normalized": 29.79565553799459, "z_normalized": 0.12198943644762039}, "left_thumb": {"x": 0.533443033695221, "y": 0.47295626997947693, "z": 0.09493795782327652, "x_normalized": 33.81960024713746, "y_normalized": 29.936145430922803, "z_normalized": 0.09493795782327652}, "right_thumb": {"x": 0.5099589824676514, "y": 0.4668736457824707, "z": 0.11959166824817657, "x_normalized": 32.3078125062723, "y_normalized": 29.54457599495903, "z_normalized": 0.11959166824817657}, "left_hip": {"x": 0.5286045670509338, "y": 0.5102960467338562, "z": -0.004402321297675371, "x_normalized": 33.508123556572635, "y_normalized": 32.33989664901085, "z_normalized": -0.004402321297675371}, "right_hip": {"x": 0.5130738019943237, "y": 0.5106111168861389, "z": 0.004479447845369577, "x_normalized": 32.50832927102465, "y_normalized": 32.36017931613322, "z_normalized": 0.004479447845369577}, "left_knee": {"x": 0.5278225541114807, "y": 0.5666540861129761, "z": -0.01605052687227726, "x_normalized": 33.457781408890924, "y_normalized": 35.967950097153796, "z_normalized": -0.01605052687227726}, "right_knee": {"x": 0.5160630941390991, "y": 0.57012939453125, "z": -0.01199783943593502, "x_normalized": 32.70076520018114, "y_normalized": 36.19167336413015, "z_normalized": -0.01199783943593502}, "left_ankle": {"x": 0.5305814146995544, "y": 0.611413836479187, "z": 0.039005622267723083, "x_normalized": 33.63538328751864, "y_normalized": 38.849362730438436, "z_normalized": 0.039005622267723083}, "right_ankle": {"x": 0.52126544713974, "y": 0.6187999248504639, "z": 0.035235170274972916, "x_normalized": 33.03566710504451, "y_normalized": 39.32484278047062, "z_normalized": 0.035235170274972916}, "left_heel": {"x": 0.5301387310028076, "y": 0.6154649257659912, "z": 0.04243479296565056, "x_normalized": 33.606885487912535, "y_normalized": 39.11015193846703, "z_normalized": 0.04243479296565056}, "right_heel": {"x": 0.5236200094223022, "y": 0.6257078647613525, "z": 0.03754499927163124, "x_normalized": 33.18724224680294, "y_normalized": 39.769541983802895, "z_normalized": 0.03754499927163124}, "left_foot_index": {"x": 0.5309682488441467, "y": 0.6300690770149231, "z": 0.006205796264111996, "x_normalized": 33.66028576758375, "y_normalized": 40.050295383476914, "z_normalized": 0.006205796264111996}, "right_foot_index": {"x": 0.5164228081703186, "y": 0.6360654234886169, "z": 0.0012505707563832402, "x_normalized": 32.723921820703936, "y_normalized": 40.43631068386376, "z_normalized": 0.0012505707563832402}}}