{"sequence_id": 1697925405990398000, "sequence_source": "mediapipe", "frame_number": 360, "image_dimensions": {"height": 1080, "width": 1920}, "joint_positions": {"nose": {"x": 0.5202217102050781, "y": 0.419589102268219, "z": -0.12107910215854645, "x_normalized": 25.468123452539587, "y_normalized": 20.427025859941505, "z_normalized": -0.12107910215854645}, "left_eye_inner": {"x": 0.5216806530952454, "y": 0.414554625749588, "z": -0.11525547504425049, "x_normalized": 25.541013489374198, "y_normalized": 20.17549909946362, "z_normalized": -0.11525547504425049}, "left_eye": {"x": 0.5225887894630432, "y": 0.414580374956131, "z": -0.1152288019657135, "x_normalized": 25.586384760412813, "y_normalized": 20.176785551884773, "z_normalized": -0.1152288019657135}, "left_eye_outer": {"x": 0.5235990881919861, "y": 0.41456088423728943, "z": -0.11526676267385483, "x_normalized": 25.636860150548316, "y_normalized": 20.17581177887154, "z_normalized": -0.11526676267385483}, "right_eye_inner": {"x": 0.5185983777046204, "y": 0.41461122035980225, "z": -0.11700467765331268, "x_normalized": 25.387020369923633, "y_normalized": 20.178326614680945, "z_normalized": -0.11700467765331268}, "right_eye": {"x": 0.5174059271812439, "y": 0.4148014187812805, "z": -0.11704140156507492, "x_normalized": 25.327444520068124, "y_normalized": 20.18782909078256, "z_normalized": -0.11704140156507492}, "right_eye_outer": {"x": 0.5162149667739868, "y": 0.41493067145347595, "z": -0.11708617210388184, "x_normalized": 25.26794311769069, "y_normalized": 20.19428666503087, "z_normalized": -0.11708617210388184}, "left_ear": {"x": 0.5262016654014587, "y": 0.41729527711868286, "z": -0.07111016660928726, "x_normalized": 25.766887137856667, "y_normalized": 20.31242439009049, "z_normalized": -0.07111016660928726}, "right_ear": {"x": 0.5136907696723938, "y": 0.41862183809280396, "z": -0.08561072498559952, "x_normalized": 25.141832067729133, "y_normalized": 20.378700512972838, "z_normalized": -0.08561072498559952}, "mouth_left": {"x": 0.5228767991065979, "y": 0.4260753393173218, "z": -0.10513775050640106, "x_normalized": 25.600773968975336, "y_normalized": 20.75108382040968, "z_normalized": -0.10513775050640106}, "mouth_right": {"x": 0.5183539390563965, "y": 0.4271255135536194, "z": -0.10735542327165604, "x_normalized": 25.37480800562005, "y_normalized": 20.803551425058494, "z_normalized": -0.10735542327165604}, "left_shoulder": {"x": 0.5373449325561523, "y": 0.4449387490749359, "z": -0.026151485741138458, "x_normalized": 26.323614312606082, "y_normalized": 21.693515934322846, "z_normalized": -0.026151485741138458}, "right_shoulder": {"x": 0.5039253830909729, "y": 0.447895348072052, "z": -0.05956993252038956, "x_normalized": 24.653944987006998, "y_normalized": 21.841230153472488, "z_normalized": -0.05956993252038956}, "left_elbow": {"x": 0.5543196201324463, "y": 0.45674675703048706, "z": 0.057837411761283875, "x_normalized": 27.17168424805797, "y_normalized": 22.28345412904195, "z_normalized": 0.057837411761283875}, "right_elbow": {"x": 0.4950028657913208, "y": 0.4553776979446411, "z": -0.007984036579728127, "x_normalized": 24.20816837778375, "y_normalized": 22.21505476408488, "z_normalized": -0.007984036579728127}, "left_wrist": {"x": 0.5580334067344666, "y": 0.4694810211658478, "z": 0.1183767020702362, "x_normalized": 27.35722820871713, "y_normalized": 22.91966887613307, "z_normalized": 0.1183767020702362}, "right_wrist": {"x": 0.5089812874794006, "y": 0.43447762727737427, "z": 0.05848510190844536, "x_normalized": 24.906542302219616, "y_normalized": 21.170869326087047, "z_normalized": 0.05848510190844536}, "left_pinky": {"x": 0.5600971579551697, "y": 0.474237859249115, "z": 0.13187770545482635, "x_normalized": 27.460334987953214, "y_normalized": 23.157324582495843, "z_normalized": 0.13187770545482635}, "right_pinky": {"x": 0.5117837190628052, "y": 0.4300532341003418, "z": 0.06449639052152634, "x_normalized": 25.04655418528752, "y_normalized": 20.94982285208302, "z_normalized": 0.06449639052152634}, "left_index": {"x": 0.5582419037818909, "y": 0.47350096702575684, "z": 0.11984356492757797, "x_normalized": 27.36764489984952, "y_normalized": 23.120508815637717, "z_normalized": 0.11984356492757797}, "right_index": {"x": 0.5127137303352356, "y": 0.43165382742881775, "z": 0.06351194530725479, "x_normalized": 25.093018345304287, "y_normalized": 21.029789866183535, "z_normalized": 0.06351194530725479}, "left_thumb": {"x": 0.5558046698570251, "y": 0.47246456146240234, "z": 0.11568793654441833, "x_normalized": 27.245878604708476, "y_normalized": 23.068729105686323, "z_normalized": 0.11568793654441833}, "right_thumb": {"x": 0.5123471617698669, "y": 0.4333019256591797, "z": 0.060117874294519424, "x_normalized": 25.0747042656976, "y_normalized": 21.11213026588511, "z_normalized": 0.060117874294519424}, "left_hip": {"x": 0.5326064229011536, "y": 0.535923421382904, "z": 0.0022609655279666185, "x_normalized": 26.086874310223646, "y_normalized": 26.23918811971786, "z_normalized": 0.0022609655279666185}, "right_hip": {"x": 0.5125914216041565, "y": 0.5360869765281677, "z": -0.002306667622178793, "x_normalized": 25.08690769630381, "y_normalized": 26.247359474911477, "z_normalized": -0.002306667622178793}, "left_knee": {"x": 0.5296833515167236, "y": 0.607525646686554, "z": -0.030782345682382584, "x_normalized": 25.940835159330717, "y_normalized": 29.81649664563628, "z_normalized": -0.030782345682382584}, "right_knee": {"x": 0.5129258036613464, "y": 0.6046322584152222, "z": 0.009448741562664509, "x_normalized": 25.103613710384057, "y_normalized": 29.67194048850662, "z_normalized": 0.009448741562664509}, "left_ankle": {"x": 0.5249840021133423, "y": 0.6677603125572205, "z": 0.043163202702999115, "x_normalized": 25.706051636672115, "y_normalized": 32.82587216240529, "z_normalized": 0.043163202702999115}, "right_ankle": {"x": 0.5127102136611938, "y": 0.6458333730697632, "z": 0.14179785549640656, "x_normalized": 25.092842649256028, "y_normalized": 31.73038347831575, "z_normalized": 0.14179785549640656}, "left_heel": {"x": 0.5220233798027039, "y": 0.6730973124504089, "z": 0.04773861542344093, "x_normalized": 25.55813640933167, "y_normalized": 33.09251324988216, "z_normalized": 0.04773861542344093}, "right_heel": {"x": 0.513708233833313, "y": 0.6496923565864563, "z": 0.15339238941669464, "x_normalized": 25.142704592172183, "y_normalized": 31.923181601238632, "z_normalized": 0.15339238941669464}, "left_foot_index": {"x": 0.5258790850639343, "y": 0.6904434561729431, "z": -0.0023885134141892195, "x_normalized": 25.750770747802783, "y_normalized": 33.959141452668824, "z_normalized": -0.0023885134141892195}, "right_foot_index": {"x": 0.5102159976959229, "y": 0.6714093685150146, "z": 0.119394451379776, "x_normalized": 24.968229482553358, "y_normalized": 33.00818212461683, "z_normalized": 0.119394451379776}}}