{"sequence_id": 1697925405990398000, "sequence_source": "mediapipe", "frame_number": 567, "image_dimensions": {"height": 1080, "width": 1920}, "joint_positions": {"nose": {"x": 0.5208255052566528, "y": 0.42257076501846313, "z": -0.04475940018892288, "x_normalized": 31.714576622635846, "y_normalized": 25.645981170430847, "z_normalized": -0.04475940018892288}, "left_eye_inner": {"x": 0.5222576260566711, "y": 0.41928020119667053, "z": -0.038956403732299805, "x_normalized": 31.803222476557202, "y_normalized": 25.44230083853301, "z_normalized": -0.038956403732299805}, "left_eye": {"x": 0.5232251882553101, "y": 0.41941216588020325, "z": -0.038932327181100845, "x_normalized": 31.86311293923275, "y_normalized": 25.45046922911785, "z_normalized": -0.038932327181100845}, "left_eye_outer": {"x": 0.5242081880569458, "y": 0.419515460729599, "z": -0.03895333781838417, "x_normalized": 31.923958963408502, "y_normalized": 25.456863005488003, "z_normalized": -0.03895333781838417}, "right_eye_inner": {"x": 0.5198311805725098, "y": 0.41907212138175964, "z": -0.04037811979651451, "x_normalized": 31.653029607398153, "y_normalized": 25.42942105012666, "z_normalized": -0.04037811979651451}, "right_eye": {"x": 0.5190377831459045, "y": 0.4191741645336151, "z": -0.04039682820439339, "x_normalized": 31.603919649369807, "y_normalized": 25.435737348537337, "z_normalized": -0.04039682820439339}, "right_eye_outer": {"x": 0.5182430148124695, "y": 0.4192388951778412, "z": -0.040357816964387894, "x_normalized": 31.5547248345287, "y_normalized": 25.43974406587028, "z_normalized": -0.040357816964387894}, "left_ear": {"x": 0.5262793302536011, "y": 0.4219821095466614, "z": -0.0045176343992352486, "x_normalized": 32.05215916035608, "y_normalized": 25.609544392916913, "z_normalized": -0.0045176343992352486}, "right_ear": {"x": 0.5169012546539307, "y": 0.4223504960536957, "z": -0.011844877153635025, "x_normalized": 31.471672151396238, "y_normalized": 25.632346894276253, "z_normalized": -0.011844877153635025}, "mouth_left": {"x": 0.5228814482688904, "y": 0.42816975712776184, "z": -0.03218478709459305, "x_normalized": 31.841836015789767, "y_normalized": 25.992549306737057, "z_normalized": -0.03218478709459305}, "mouth_right": {"x": 0.5198796391487122, "y": 0.4287263751029968, "z": -0.034197282046079636, "x_normalized": 31.6560291112579, "y_normalized": 26.02700301743105, "z_normalized": -0.034197282046079636}, "left_shoulder": {"x": 0.5336385369300842, "y": 0.4422890245914459, "z": 0.016406774520874023, "x_normalized": 32.50768159953316, "y_normalized": 26.866508068488347, "z_normalized": 0.016406774520874023}, "right_shoulder": {"x": 0.5085273385047913, "y": 0.4469015598297119, "z": 0.021492285653948784, "x_normalized": 30.95334091306998, "y_normalized": 27.15201619387358, "z_normalized": 0.021492285653948784}, "left_elbow": {"x": 0.5484926700592041, "y": 0.4533003866672516, "z": 0.06004577875137329, "x_normalized": 33.4271273023506, "y_normalized": 27.548092746285448, "z_normalized": 0.06004577875137329}, "right_elbow": {"x": 0.49954888224601746, "y": 0.45495539903640747, "z": 0.073984794318676, "x_normalized": 30.397589665029763, "y_normalized": 27.65053521113363, "z_normalized": 0.073984794318676}, "left_wrist": {"x": 0.5387205481529236, "y": 0.47381508350372314, "z": 0.10008863359689713, "x_normalized": 32.822249493862145, "y_normalized": 28.817917763130026, "z_normalized": 0.10008863359689713}, "right_wrist": {"x": 0.5132620930671692, "y": 0.46481117606163025, "z": 0.12321028113365173, "x_normalized": 31.24641420778412, "y_normalized": 28.26059112991378, "z_normalized": 0.12321028113365173}, "left_pinky": {"x": 0.5371481776237488, "y": 0.4803703725337982, "z": 0.10259898751974106, "x_normalized": 32.724922419052746, "y_normalized": 29.223679060476492, "z_normalized": 0.10259898751974106}, "right_pinky": {"x": 0.5159363150596619, "y": 0.4685606360435486, "z": 0.12701952457427979, "x_normalized": 31.41194402349293, "y_normalized": 28.492676357526456, "z_normalized": 0.12701952457427979}, "left_index": {"x": 0.5354201793670654, "y": 0.4794395864009857, "z": 0.09728825837373734, "x_normalized": 32.61796225128174, "y_normalized": 29.166064974038907, "z_normalized": 0.09728825837373734}, "right_index": {"x": 0.5173106789588928, "y": 0.46733835339546204, "z": 0.12660568952560425, "x_normalized": 31.497014822998423, "y_normalized": 28.417019130097387, "z_normalized": 0.12660568952560425}, "left_thumb": {"x": 0.5354423522949219, "y": 0.47725942730903625, "z": 0.09883999824523926, "x_normalized": 32.61933471799247, "y_normalized": 29.031116815763575, "z_normalized": 0.09883999824523926}, "right_thumb": {"x": 0.5163779854774475, "y": 0.46552950143814087, "z": 0.12393088638782501, "x_normalized": 31.439282674908302, "y_normalized": 28.305054255086844, "z_normalized": 0.12393088638782501}, "left_hip": {"x": 0.5317050218582153, "y": 0.5099673271179199, "z": -0.0024465019814670086, "x_normalized": 32.38800028870139, "y_normalized": 31.055680461857897, "z_normalized": -0.0024465019814670086}, "right_hip": {"x": 0.5155764818191528, "y": 0.5109007954597473, "z": 0.0025347445625811815, "x_normalized": 31.389670954856676, "y_normalized": 31.11346057249436, "z_normalized": 0.0025347445625811815}, "left_knee": {"x": 0.5317366719245911, "y": 0.5645300149917603, "z": -0.01463866326957941, "x_normalized": 32.389959374248164, "y_normalized": 34.433018503983284, "z_normalized": -0.01463866326957941}, "right_knee": {"x": 0.5169614553451538, "y": 0.5682228803634644, "z": -0.018473124131560326, "x_normalized": 31.475398472304406, "y_normalized": 34.661600620999614, "z_normalized": -0.018473124131560326}, "left_ankle": {"x": 0.5340503454208374, "y": 0.6061077117919922, "z": 0.04340434446930885, "x_normalized": 32.533171848201015, "y_normalized": 37.00660757334991, "z_normalized": 0.04340434446930885}, "right_ankle": {"x": 0.5204070210456848, "y": 0.6182126998901367, "z": 0.02273355796933174, "x_normalized": 31.68867315818411, "y_normalized": 37.75588585116986, "z_normalized": 0.02273355796933174}, "left_heel": {"x": 0.5331786870956421, "y": 0.6115659475326538, "z": 0.04716218635439873, "x_normalized": 32.47921767299205, "y_normalized": 37.34446312864163, "z_normalized": 0.04716218635439873}, "right_heel": {"x": 0.5222825407981873, "y": 0.6249526143074036, "z": 0.024337906390428543, "x_normalized": 31.804764656893454, "y_normalized": 38.17307514753915, "z_normalized": 0.024337906390428543}, "left_foot_index": {"x": 0.5358690023422241, "y": 0.6235562562942505, "z": 0.014052063226699829, "x_normalized": 32.64574363389413, "y_normalized": 38.08664294960285, "z_normalized": 0.014052063226699829}, "right_foot_index": {"x": 0.5168229937553406, "y": 0.6357792615890503, "z": -0.010869121178984642, "x_normalized": 31.466827934215615, "y_normalized": 38.84322629217346, "z_normalized": -0.010869121178984642}}}