{"sequence_id": 1697925405990398000, "sequence_source": "mediapipe", "frame_number": 266, "image_dimensions": {"height": 1080, "width": 1920}, "joint_positions": {"nose": {"x": 0.511242151260376, "y": 0.40509238839149475, "z": -0.11998958885669708, "x_normalized": 20.41670146542453, "y_normalized": 16.037698960376993, "z_normalized": -0.11998958885669708}, "left_eye_inner": {"x": 0.5130466222763062, "y": 0.40022706985473633, "z": -0.1114547997713089, "x_normalized": 20.490576304894407, "y_normalized": 15.838513369309155, "z_normalized": -0.1114547997713089}, "left_eye": {"x": 0.5144447088241577, "y": 0.4004432260990143, "z": -0.11144261062145233, "x_normalized": 20.547813810166435, "y_normalized": 15.847362781522193, "z_normalized": -0.11144261062145233}, "left_eye_outer": {"x": 0.515825629234314, "y": 0.4006612300872803, "z": -0.11148452013731003, "x_normalized": 20.604348535701153, "y_normalized": 15.856287840165287, "z_normalized": -0.11148452013731003}, "right_eye_inner": {"x": 0.5083398222923279, "y": 0.4001326560974121, "z": -0.11315224319696426, "x_normalized": 20.297880445463292, "y_normalized": 15.83464808075395, "z_normalized": -0.11315224319696426}, "right_eye": {"x": 0.5067064762115479, "y": 0.4004753530025482, "z": -0.11316856741905212, "x_normalized": 20.231011441499724, "y_normalized": 15.848678053322228, "z_normalized": -0.11316856741905212}, "right_eye_outer": {"x": 0.5053045153617859, "y": 0.40087154507637024, "z": -0.11313632875680923, "x_normalized": 20.17361532274532, "y_normalized": 15.864898112051044, "z_normalized": -0.11313632875680923}, "left_ear": {"x": 0.5184183716773987, "y": 0.4051211178302765, "z": -0.06196121498942375, "x_normalized": 20.7104951183166, "y_normalized": 16.03887514035402, "z_normalized": -0.06196121498942375}, "right_ear": {"x": 0.5026255249977112, "y": 0.4059533476829529, "z": -0.069025419652462, "x_normalized": 20.063937759991372, "y_normalized": 16.072946536472738, "z_normalized": -0.069025419652462}, "mouth_left": {"x": 0.5147188901901245, "y": 0.4132961928844452, "z": -0.1017322912812233, "x_normalized": 20.559038764304024, "y_normalized": 16.373561789210815, "z_normalized": -0.1017322912812233}, "mouth_right": {"x": 0.508773148059845, "y": 0.4137496054172516, "z": -0.10398382693529129, "x_normalized": 20.315620753415526, "y_normalized": 16.392124447064, "z_normalized": -0.10398382693529129}, "left_shoulder": {"x": 0.5298720598220825, "y": 0.4393177032470703, "z": -0.022815782576799393, "x_normalized": 21.17940781658477, "y_normalized": 17.438879482779683, "z_normalized": -0.022815782576799393}, "right_shoulder": {"x": 0.491951048374176, "y": 0.4446210563182831, "z": -0.014792660251259804, "x_normalized": 19.62692589334075, "y_normalized": 17.655998158186033, "z_normalized": -0.014792660251259804}, "left_elbow": {"x": 0.5498778223991394, "y": 0.45672377943992615, "z": 0.0608401894569397, "x_normalized": 21.998441475648924, "y_normalized": 18.151482275063817, "z_normalized": 0.0608401894569397}, "right_elbow": {"x": 0.4838004410266876, "y": 0.46004727482795715, "z": 0.061252545565366745, "x_normalized": 19.293240949630363, "y_normalized": 18.287545800663366, "z_normalized": 0.061252545565366745}, "left_wrist": {"x": 0.5416189432144165, "y": 0.4806526005268097, "z": 0.12327861785888672, "x_normalized": 21.660323895157898, "y_normalized": 19.131125506177526, "z_normalized": 0.12327861785888672}, "right_wrist": {"x": 0.48345282673835754, "y": 0.47479602694511414, "z": 0.11696144938468933, "x_normalized": 19.279009659949836, "y_normalized": 18.891358045591165, "z_normalized": 0.11696144938468933}, "left_pinky": {"x": 0.538094699382782, "y": 0.490460604429245, "z": 0.13150890171527863, "x_normalized": 21.516041750963698, "y_normalized": 19.532664077545938, "z_normalized": 0.13150890171527863}, "right_pinky": {"x": 0.4836265742778778, "y": 0.4784487187862396, "z": 0.12312714010477066, "x_normalized": 19.28612286458268, "y_normalized": 19.040898836778087, "z_normalized": 0.12312714010477066}, "left_index": {"x": 0.5362330675125122, "y": 0.48701420426368713, "z": 0.11973611265420914, "x_normalized": 21.439826752576877, "y_normalized": 19.391568844243842, "z_normalized": 0.11973611265420914}, "right_index": {"x": 0.4844532907009125, "y": 0.4771263897418976, "z": 0.11440546065568924, "x_normalized": 19.319968541514935, "y_normalized": 18.98676283513842, "z_normalized": 0.11440546065568924}, "left_thumb": {"x": 0.5365349650382996, "y": 0.4838632643222809, "z": 0.12031196802854538, "x_normalized": 21.45218640316533, "y_normalized": 19.262569719128713, "z_normalized": 0.12031196802854538}, "right_thumb": {"x": 0.4862677752971649, "y": 0.47801005840301514, "z": 0.11470859497785568, "x_normalized": 19.394253335831575, "y_normalized": 19.022940130261652, "z_normalized": 0.11470859497785568}, "left_hip": {"x": 0.5256102085113525, "y": 0.545199453830719, "z": -0.005331707652658224, "x_normalized": 21.004928105553027, "y_normalized": 21.773666386034115, "z_normalized": -0.005331707652658224}, "right_hip": {"x": 0.5013786554336548, "y": 0.5482758283615112, "z": 0.005295915063470602, "x_normalized": 20.012891060946966, "y_normalized": 21.899612811665307, "z_normalized": 0.005295915063470602}, "left_knee": {"x": 0.5240691900253296, "y": 0.6245405673980713, "z": -0.02207690291106701, "x_normalized": 20.941838982884924, "y_normalized": 25.021882609184605, "z_normalized": -0.02207690291106701}, "right_knee": {"x": 0.5044825673103333, "y": 0.6328884959220886, "z": 4.955635085934773e-05, "x_normalized": 20.13996486240676, "y_normalized": 25.363645859562926, "z_normalized": 4.955635085934773e-05}, "left_ankle": {"x": 0.5232285857200623, "y": 0.6908422708511353, "z": 0.06799494475126266, "x_normalized": 20.907424737623526, "y_normalized": 27.73626685583291, "z_normalized": 0.06799494475126266}, "right_ankle": {"x": 0.5128956437110901, "y": 0.6914792656898499, "z": 0.09440107643604279, "x_normalized": 20.484395259496466, "y_normalized": 27.762345352543438, "z_normalized": 0.09440107643604279}, "left_heel": {"x": 0.5224311351776123, "y": 0.6967312097549438, "z": 0.07399621605873108, "x_normalized": 20.874777202535086, "y_normalized": 27.97735934904899, "z_normalized": 0.07399621605873108}, "right_heel": {"x": 0.5156048536300659, "y": 0.6986638307571411, "z": 0.10047597438097, "x_normalized": 20.59531000741297, "y_normalized": 28.05648063447448, "z_normalized": 0.10047597438097}, "left_foot_index": {"x": 0.5223405957221985, "y": 0.7165171504020691, "z": 0.02123452164232731, "x_normalized": 20.87107052746226, "y_normalized": 28.787393523143702, "z_normalized": 0.02123452164232731}, "right_foot_index": {"x": 0.5064562559127808, "y": 0.7155919671058655, "z": 0.051625147461891174, "x_normalized": 20.220767450745463, "y_normalized": 28.749516623551596, "z_normalized": 0.051625147461891174}}}