{"sequence_id": 1697925405990398000, "sequence_source": "mediapipe", "frame_number": 446, "image_dimensions": {"height": 1080, "width": 1920}, "joint_positions": {"nose": {"x": 0.5244891047477722, "y": 0.4241737425327301, "z": -0.0808662697672844, "x_normalized": 27.91802403704461, "y_normalized": 22.476740578249718, "z_normalized": -0.0808662697672844}, "left_eye_inner": {"x": 0.52616947889328, "y": 0.42030224204063416, "z": -0.0744599848985672, "x_normalized": 28.009151102895665, "y_normalized": 22.266788240415455, "z_normalized": -0.0744599848985672}, "left_eye": {"x": 0.527283251285553, "y": 0.42042145133018494, "z": -0.07441996037960052, "x_normalized": 28.069551228906334, "y_normalized": 22.273252986857784, "z_normalized": -0.07441996037960052}, "left_eye_outer": {"x": 0.5283917188644409, "y": 0.4204772114753723, "z": -0.07443658262491226, "x_normalized": 28.12966367370032, "y_normalized": 22.276276872006182, "z_normalized": -0.07443658262491226}, "right_eye_inner": {"x": 0.5231156945228577, "y": 0.42013129591941833, "z": -0.07553087919950485, "x_normalized": 27.84354369328255, "y_normalized": 22.257517794017158, "z_normalized": -0.07553087919950485}, "right_eye": {"x": 0.5220140218734741, "y": 0.4202080965042114, "z": -0.07556421309709549, "x_normalized": 27.78379973903578, "y_normalized": 22.261682706912627, "z_normalized": -0.07556421309709549}, "right_eye_outer": {"x": 0.520933210849762, "y": 0.42025044560432434, "z": -0.07552941888570786, "x_normalized": 27.72518711541641, "y_normalized": 22.263979308086263, "z_normalized": -0.07552941888570786}, "left_ear": {"x": 0.5308579802513123, "y": 0.42283931374549866, "z": -0.032897233963012695, "x_normalized": 28.26340958047242, "y_normalized": 22.4043742065743, "z_normalized": -0.032897233963012695}, "right_ear": {"x": 0.5187744498252869, "y": 0.42298623919487, "z": -0.03929811716079712, "x_normalized": 27.608117022092294, "y_normalized": 22.41234200656447, "z_normalized": -0.03929811716079712}, "mouth_left": {"x": 0.5265819430351257, "y": 0.43022963404655457, "z": -0.065496526658535, "x_normalized": 28.03151912558612, "y_normalized": 22.805152929893197, "z_normalized": -0.065496526658535}, "mouth_right": {"x": 0.5227118134498596, "y": 0.43060117959976196, "z": -0.06723625957965851, "x_normalized": 27.821641132335944, "y_normalized": 22.825301928367324, "z_normalized": -0.06723625957965851}, "left_shoulder": {"x": 0.5398536324501038, "y": 0.4475376605987549, "z": 0.000983009347692132, "x_normalized": 28.751245811756927, "y_normalized": 23.7437710820414, "z_normalized": 0.000983009347692132}, "right_shoulder": {"x": 0.5103759765625, "y": 0.44895169138908386, "z": 0.0017119214171543717, "x_normalized": 27.15266593811063, "y_normalized": 23.82045428815368, "z_normalized": 0.0017119214171543717}, "left_elbow": {"x": 0.5540529489517212, "y": 0.46104517579078674, "z": 0.061815354973077774, "x_normalized": 29.52127792236871, "y_normalized": 24.47628665286174, "z_normalized": 0.061815354973077774}, "right_elbow": {"x": 0.49872973561286926, "y": 0.45846569538116455, "z": 0.0606161467730999, "x_normalized": 26.521087685867574, "y_normalized": 24.33640085315604, "z_normalized": 0.0606161467730999}, "left_wrist": {"x": 0.5443750619888306, "y": 0.47479337453842163, "z": 0.11571000516414642, "x_normalized": 28.996443947194763, "y_normalized": 25.221854546749146, "z_normalized": 0.11571000516414642}, "right_wrist": {"x": 0.5103714466094971, "y": 0.47438716888427734, "z": 0.11468257009983063, "x_normalized": 27.152420277745822, "y_normalized": 25.199825923246912, "z_normalized": 0.11468257009983063}, "left_pinky": {"x": 0.5425553917884827, "y": 0.48175206780433655, "z": 0.12142845243215561, "x_normalized": 28.89776282512585, "y_normalized": 25.599226039386984, "z_normalized": 0.12142845243215561}, "right_pinky": {"x": 0.5139561891555786, "y": 0.4817764163017273, "z": 0.1197078600525856, "x_normalized": 27.346821668013064, "y_normalized": 25.60054646384783, "z_normalized": 0.1197078600525856}, "left_index": {"x": 0.5396113991737366, "y": 0.48281413316726685, "z": 0.11535678803920746, "x_normalized": 28.73810944698612, "y_normalized": 25.656822081628295, "z_normalized": 0.11535678803920746}, "right_index": {"x": 0.5151069760322571, "y": 0.47836706042289734, "z": 0.12073176354169846, "x_normalized": 27.40922909779408, "y_normalized": 25.41565633178386, "z_normalized": 0.12073176354169846}, "left_thumb": {"x": 0.5402806401252747, "y": 0.48033881187438965, "z": 0.11445567011833191, "x_normalized": 28.774402533513346, "y_normalized": 25.522584854126578, "z_normalized": 0.11445567011833191}, "right_thumb": {"x": 0.5143859386444092, "y": 0.4765874743461609, "z": 0.11648060381412506, "x_normalized": 27.370127078937657, "y_normalized": 25.31914898070618, "z_normalized": 0.11648060381412506}, "left_hip": {"x": 0.5343076586723328, "y": 0.5272528529167175, "z": -0.0013765956973657012, "x_normalized": 28.450486413020506, "y_normalized": 28.06674379565285, "z_normalized": -0.0013765956973657012}, "right_hip": {"x": 0.5159672498703003, "y": 0.5253399014472961, "z": 0.0014659948647022247, "x_normalized": 27.455881940495136, "y_normalized": 27.963004009492813, "z_normalized": 0.0014659948647022247}, "left_knee": {"x": 0.530739963054657, "y": 0.5938475728034973, "z": -0.006898621562868357, "x_normalized": 28.257009481494517, "y_normalized": 31.678190353955586, "z_normalized": -0.006898621562868357}, "right_knee": {"x": 0.5147078037261963, "y": 0.5913623571395874, "z": -0.02952568046748638, "x_normalized": 27.38758189433194, "y_normalized": 31.54341655249916, "z_normalized": -0.02952568046748638}, "left_ankle": {"x": 0.5280948281288147, "y": 0.6345129609107971, "z": 0.06825632601976395, "x_normalized": 28.113563222685702, "y_normalized": 33.88348344884114, "z_normalized": 0.06825632601976395}, "right_ankle": {"x": 0.5143802762031555, "y": 0.6506195664405823, "z": 0.011466547846794128, "x_normalized": 27.369820003481646, "y_normalized": 34.75694827015695, "z_normalized": 0.011466547846794128}, "left_heel": {"x": 0.5264064073562622, "y": 0.6402604579925537, "z": 0.07352940738201141, "x_normalized": 28.02199978644979, "y_normalized": 34.19517150143832, "z_normalized": 0.07352940738201141}, "right_heel": {"x": 0.5159171223640442, "y": 0.6592986583709717, "z": 0.012537836097180843, "x_normalized": 27.453163514616136, "y_normalized": 35.22761736726385, "z_normalized": 0.012537836097180843}, "left_foot_index": {"x": 0.5296409726142883, "y": 0.6522717475891113, "z": 0.03787701576948166, "x_normalized": 28.197410984042694, "y_normalized": 34.84654642347439, "z_normalized": 0.03787701576948166}, "right_foot_index": {"x": 0.5118603110313416, "y": 0.670518159866333, "z": -0.03414010629057884, "x_normalized": 27.233161728437278, "y_normalized": 35.83605344342998, "z_normalized": -0.03414010629057884}}}