{"sequence_id": 1697925405990398000, "sequence_source": "mediapipe", "frame_number": 233, "image_dimensions": {"height": 1080, "width": 1920}, "joint_positions": {"nose": {"x": 0.5170754194259644, "y": 0.4226793944835663, "z": -0.20167391002178192, "x_normalized": 21.22079900503778, "y_normalized": 17.21073520125725, "z_normalized": -0.20167391002178192}, "left_eye_inner": {"x": 0.5190432667732239, "y": 0.4164430797100067, "z": -0.1936284601688385, "x_normalized": 21.303531694391225, "y_normalized": 16.94854662571061, "z_normalized": -0.1936284601688385}, "left_eye": {"x": 0.5204212665557861, "y": 0.41642189025878906, "z": -0.19358398020267487, "x_normalized": 21.361465877191844, "y_normalized": 16.947655773944287, "z_normalized": -0.19358398020267487}, "left_eye_outer": {"x": 0.5218883752822876, "y": 0.41637954115867615, "z": -0.19361551105976105, "x_normalized": 21.423146398644082, "y_normalized": 16.945875323367712, "z_normalized": -0.19361551105976105}, "right_eye_inner": {"x": 0.5149731040000916, "y": 0.41643860936164856, "z": -0.1959988921880722, "x_normalized": 21.132412977892987, "y_normalized": 16.948358682299993, "z_normalized": -0.1959988921880722}, "right_eye": {"x": 0.5132864713668823, "y": 0.4165230691432953, "z": -0.1960267722606659, "x_normalized": 21.061503182023397, "y_normalized": 16.951909559804577, "z_normalized": -0.1960267722606659}, "right_eye_outer": {"x": 0.5115901827812195, "y": 0.41664040088653564, "z": -0.19598440825939178, "x_normalized": 20.99018742838688, "y_normalized": 16.95684244785523, "z_normalized": -0.19598440825939178}, "left_ear": {"x": 0.5249416828155518, "y": 0.4185277223587036, "z": -0.1298549473285675, "x_normalized": 21.55151425400739, "y_normalized": 17.036189649905435, "z_normalized": -0.1298549473285675}, "right_ear": {"x": 0.507942259311676, "y": 0.41975802183151245, "z": -0.14087477326393127, "x_normalized": 20.836820593499414, "y_normalized": 17.087914182419276, "z_normalized": -0.14087477326393127}, "mouth_left": {"x": 0.5200782418251038, "y": 0.4293747842311859, "z": -0.176473468542099, "x_normalized": 21.347044352817193, "y_normalized": 17.49222431211815, "z_normalized": -0.176473468542099}, "mouth_right": {"x": 0.5141415596008301, "y": 0.4302944540977478, "z": -0.17972469329833984, "x_normalized": 21.097452997606148, "y_normalized": 17.530889283506276, "z_normalized": -0.17972469329833984}, "left_shoulder": {"x": 0.5377508401870728, "y": 0.44902464747428894, "z": -0.05881822481751442, "x_normalized": 22.090039785051893, "y_normalized": 18.31834836782466, "z_normalized": -0.05881822481751442}, "right_shoulder": {"x": 0.49758657813072205, "y": 0.4515535235404968, "z": -0.08516107499599457, "x_normalized": 20.40144467098168, "y_normalized": 18.424667955210495, "z_normalized": -0.08516107499599457}, "left_elbow": {"x": 0.55661541223526, "y": 0.46221017837524414, "z": 0.05430110543966293, "x_normalized": 22.883148448293415, "y_normalized": 18.872697481087016, "z_normalized": 0.05430110543966293}, "right_elbow": {"x": 0.48803040385246277, "y": 0.46149858832359314, "z": -0.036614056676626205, "x_normalized": 19.999681800974695, "y_normalized": 18.84278064898506, "z_normalized": -0.036614056676626205}, "left_wrist": {"x": 0.5630578994750977, "y": 0.4760498106479645, "z": 0.13502313196659088, "x_normalized": 23.154004973937695, "y_normalized": 19.454546474190796, "z_normalized": 0.13502313196659088}, "right_wrist": {"x": 0.4832925498485565, "y": 0.4697881042957306, "z": -0.019180066883563995, "x_normalized": 19.800491856666753, "y_normalized": 19.19129038007185, "z_normalized": -0.019180066883563995}, "left_pinky": {"x": 0.5667134523391724, "y": 0.47916677594184875, "z": 0.1527215838432312, "x_normalized": 23.307692565579277, "y_normalized": 19.585590643721282, "z_normalized": 0.1527215838432312}, "right_pinky": {"x": 0.48120003938674927, "y": 0.4716968238353729, "z": -0.015876514837145805, "x_normalized": 19.712518052069246, "y_normalized": 19.271537204580873, "z_normalized": -0.015876514837145805}, "left_index": {"x": 0.5648657083511353, "y": 0.47755110263824463, "z": 0.13686473667621613, "x_normalized": 23.230009289191067, "y_normalized": 19.517664136256215, "z_normalized": 0.13686473667621613}, "right_index": {"x": 0.4833540618419647, "y": 0.4702376425266266, "z": -0.023753901943564415, "x_normalized": 19.803077957996837, "y_normalized": 19.210189969443462, "z_normalized": -0.023753901943564415}, "left_thumb": {"x": 0.5626930594444275, "y": 0.477316677570343, "z": 0.1316690295934677, "x_normalized": 23.138666285719236, "y_normalized": 19.50780838380348, "z_normalized": 0.1316690295934677}, "right_thumb": {"x": 0.48496726155281067, "y": 0.4695255160331726, "z": -0.020777413621544838, "x_normalized": 19.87090047010803, "y_normalized": 19.180250584132228, "z_normalized": -0.020777413621544838}, "left_hip": {"x": 0.5300937294960022, "y": 0.5593641996383667, "z": -0.005148626398295164, "x_normalized": 21.768117781787, "y_normalized": 22.957269118106357, "z_normalized": -0.005148626398295164}, "right_hip": {"x": 0.5063149333000183, "y": 0.5599334239959717, "z": 0.005048579536378384, "x_normalized": 20.768404180210673, "y_normalized": 22.98120057905821, "z_normalized": 0.005048579536378384}, "left_knee": {"x": 0.5290389060974121, "y": 0.6399641633033752, "z": -0.04690029099583626, "x_normalized": 21.723770654617898, "y_normalized": 26.345871270139426, "z_normalized": -0.04690029099583626}, "right_knee": {"x": 0.5053246021270752, "y": 0.64029461145401, "z": 0.029947692528367043, "x_normalized": 20.726768449978735, "y_normalized": 26.35976404705221, "z_normalized": 0.029947692528367043}, "left_ankle": {"x": 0.5243467688560486, "y": 0.7137669920921326, "z": 0.03522372618317604, "x_normalized": 21.526502744922528, "y_normalized": 29.448706719285962, "z_normalized": 0.03522372618317604}, "right_ankle": {"x": 0.5101572871208191, "y": 0.6896133422851562, "z": 0.18809901177883148, "x_normalized": 20.92994530050389, "y_normalized": 28.433233436251395, "z_normalized": 0.18809901177883148}, "left_heel": {"x": 0.5219596028327942, "y": 0.7203245162963867, "z": 0.039773568511009216, "x_normalized": 21.42614096365324, "y_normalized": 29.72439965536344, "z_normalized": 0.039773568511009216}, "right_heel": {"x": 0.5131909847259521, "y": 0.6941814422607422, "z": 0.20168669521808624, "x_normalized": 21.057488710772628, "y_normalized": 28.625286542780188, "z_normalized": 0.20168669521808624}, "left_foot_index": {"x": 0.5226022601127625, "y": 0.7447444796562195, "z": -0.02111472561955452, "x_normalized": 21.45315970836349, "y_normalized": 30.75106935384648, "z_normalized": -0.02111472561955452}, "right_foot_index": {"x": 0.5051016211509705, "y": 0.7166674137115479, "z": 0.16528452932834625, "x_normalized": 20.717393832657176, "y_normalized": 29.57064691000618, "z_normalized": 0.16528452932834625}}}