{"sequence_id": 1697925405990398000, "sequence_source": "mediapipe", "frame_number": 616, "image_dimensions": {"height": 1080, "width": 1920}, "joint_positions": {"nose": {"x": 0.5286473035812378, "y": 0.41662293672561646, "z": -0.060584791004657745, "x_normalized": 35.03441999700046, "y_normalized": 27.524161677385084, "z_normalized": -0.060584791004657745}, "left_eye_inner": {"x": 0.5296487212181091, "y": 0.41313692927360535, "z": -0.05655207484960556, "x_normalized": 35.10179163603673, "y_normalized": 27.289636113736734, "z_normalized": -0.05655207484960556}, "left_eye": {"x": 0.5304353833198547, "y": 0.4131303131580353, "z": -0.056534543633461, "x_normalized": 35.15471532462674, "y_normalized": 27.289191006187597, "z_normalized": -0.056534543633461}, "left_eye_outer": {"x": 0.5312687754631042, "y": 0.4131360650062561, "z": -0.056561585515737534, "x_normalized": 35.21078283590614, "y_normalized": 27.28957796905689, "z_normalized": -0.056561585515737534}, "right_eye_inner": {"x": 0.5276427268981934, "y": 0.41323626041412354, "z": -0.056088343262672424, "x_normalized": 34.96683582913442, "y_normalized": 27.296318741940645, "z_normalized": -0.056088343262672424}, "right_eye": {"x": 0.5270200371742249, "y": 0.4133796989917755, "z": -0.05610453709959984, "x_normalized": 34.924943589802716, "y_normalized": 27.305968753805463, "z_normalized": -0.05610453709959984}, "right_eye_outer": {"x": 0.5263985395431519, "y": 0.4135206937789917, "z": -0.05607549846172333, "x_normalized": 34.88313155002941, "y_normalized": 27.315454356575554, "z_normalized": -0.05607549846172333}, "left_ear": {"x": 0.5331099629402161, "y": 0.4158729910850525, "z": -0.028323164209723473, "x_normalized": 35.33465105385927, "y_normalized": 27.47370813519388, "z_normalized": -0.028323164209723473}, "right_ear": {"x": 0.5254097580909729, "y": 0.41626372933387756, "z": -0.026467306539416313, "x_normalized": 34.81661002631221, "y_normalized": 27.499995545449362, "z_normalized": -0.026467306539416313}, "mouth_left": {"x": 0.5306383967399597, "y": 0.4210052192211151, "z": -0.05008302256464958, "x_normalized": 35.16837330942274, "y_normalized": 27.818985279018584, "z_normalized": -0.05008302256464958}, "mouth_right": {"x": 0.5274556875228882, "y": 0.4214498698711395, "z": -0.049537431448698044, "x_normalized": 34.95425251842102, "y_normalized": 27.848899714302828, "z_normalized": -0.049537431448698044}, "left_shoulder": {"x": 0.5424455404281616, "y": 0.43857571482658386, "z": -0.007103851065039635, "x_normalized": 35.96271384560121, "y_normalized": 29.00106261022915, "z_normalized": -0.007103851065039635}, "right_shoulder": {"x": 0.5185256600379944, "y": 0.4397745132446289, "z": 0.0059951781295239925, "x_normalized": 34.353473616447715, "y_normalized": 29.08171329114797, "z_normalized": 0.0059951781295239925}, "left_elbow": {"x": 0.555729866027832, "y": 0.4508163034915924, "z": 0.03604120761156082, "x_normalized": 36.8564336645745, "y_normalized": 29.824563705842877, "z_normalized": 0.03604120761156082}, "right_elbow": {"x": 0.511348307132721, "y": 0.4506821632385254, "z": 0.058054517954587936, "x_normalized": 33.87060811521613, "y_normalized": 29.815539250533604, "z_normalized": 0.058054517954587936}, "left_wrist": {"x": 0.5485097765922546, "y": 0.46891260147094727, "z": 0.07483206689357758, "x_normalized": 36.370693009174175, "y_normalized": 31.042015057275965, "z_normalized": 0.07483206689357758}, "right_wrist": {"x": 0.5153151154518127, "y": 0.4631752073764801, "z": 0.09584557265043259, "x_normalized": 34.13748016575729, "y_normalized": 30.65602460762808, "z_normalized": 0.09584557265043259}, "left_pinky": {"x": 0.5460062623023987, "y": 0.47661092877388, "z": 0.07924000173807144, "x_normalized": 36.20226591657245, "y_normalized": 31.559929770518536, "z_normalized": 0.07924000173807144}, "right_pinky": {"x": 0.5182668566703796, "y": 0.4681464731693268, "z": 0.09917301684617996, "x_normalized": 34.336062292318466, "y_normalized": 30.990472806079445, "z_normalized": 0.09917301684617996}, "left_index": {"x": 0.544680655002594, "y": 0.4756590723991394, "z": 0.07327722012996674, "x_normalized": 36.11308400762854, "y_normalized": 31.495892428122858, "z_normalized": 0.07327722012996674}, "right_index": {"x": 0.5192848443984985, "y": 0.46705734729766846, "z": 0.09601195901632309, "x_normalized": 34.404548705216534, "y_normalized": 30.917200484533684, "z_normalized": 0.09601195901632309}, "left_thumb": {"x": 0.5447530746459961, "y": 0.47023332118988037, "z": 0.07394321262836456, "x_normalized": 36.11795613080151, "y_normalized": 31.130868148030427, "z_normalized": 0.07394321262836456}, "right_thumb": {"x": 0.5184600949287415, "y": 0.46485456824302673, "z": 0.09526443481445312, "x_normalized": 34.34906264073556, "y_normalized": 30.76900573552803, "z_normalized": 0.09526443481445312}, "left_hip": {"x": 0.5384206175804138, "y": 0.5050162076950073, "z": -0.004367469344288111, "x_normalized": 35.6919320665879, "y_normalized": 33.47093086310737, "z_normalized": -0.004367469344288111}, "right_hip": {"x": 0.5235723257064819, "y": 0.5043312311172485, "z": 0.004360407590866089, "x_normalized": 34.69299443696805, "y_normalized": 33.42484819684912, "z_normalized": 0.004360407590866089}, "left_knee": {"x": 0.5362687706947327, "y": 0.5604127049446106, "z": -0.014408719725906849, "x_normalized": 35.54716384371501, "y_normalized": 37.197800332107626, "z_normalized": -0.014408719725906849}, "right_knee": {"x": 0.5244312882423401, "y": 0.5594192147254944, "z": -0.007745774462819099, "x_normalized": 34.75078222877519, "y_normalized": 37.13096202013473, "z_normalized": -0.007745774462819099}, "left_ankle": {"x": 0.5338534712791443, "y": 0.6071386933326721, "z": 0.025897793471813202, "x_normalized": 35.38467151843509, "y_normalized": 40.34135034299887, "z_normalized": 0.025897793471813202}, "right_ankle": {"x": 0.5279393792152405, "y": 0.6071748733520508, "z": 0.03184317424893379, "x_normalized": 34.986793489242956, "y_normalized": 40.343784399596395, "z_normalized": 0.03184317424893379}, "left_heel": {"x": 0.5335015058517456, "y": 0.6132076382637024, "z": 0.027996141463518143, "x_normalized": 35.360992598816665, "y_normalized": 40.749646294827535, "z_normalized": 0.027996141463518143}, "right_heel": {"x": 0.5293830633163452, "y": 0.6134611368179321, "z": 0.033623386174440384, "x_normalized": 35.08391916444667, "y_normalized": 40.76670073092189, "z_normalized": 0.033623386174440384}, "left_foot_index": {"x": 0.5346618294715881, "y": 0.6204938888549805, "z": -0.007067830767482519, "x_normalized": 35.439054838988035, "y_normalized": 41.239838025719216, "z_normalized": -0.007067830767482519}, "right_foot_index": {"x": 0.5245909094810486, "y": 0.6209186315536499, "z": 6.124423816800117e-05, "x_normalized": 34.76152094964532, "y_normalized": 41.268413128378135, "z_normalized": 6.124423816800117e-05}}}