{"sequence_id": 1697925405990398000, "sequence_source": "mediapipe", "frame_number": 253, "image_dimensions": {"height": 1080, "width": 1920}, "joint_positions": {"nose": {"x": 0.5094605088233948, "y": 0.4206872582435608, "z": -0.1558779776096344, "x_normalized": 22.15064661215597, "y_normalized": 18.15327520519154, "z_normalized": -0.1558779776096344}, "left_eye_inner": {"x": 0.5117237567901611, "y": 0.41547924280166626, "z": -0.14874936640262604, "x_normalized": 22.25132306926765, "y_normalized": 17.921606138888578, "z_normalized": -0.14874936640262604}, "left_eye": {"x": 0.5132986307144165, "y": 0.4156821668148041, "z": -0.14872661232948303, "x_normalized": 22.321378462852348, "y_normalized": 17.930632843432484, "z_normalized": -0.14872661232948303}, "left_eye_outer": {"x": 0.5148085951805115, "y": 0.4158277213573456, "z": -0.1487606167793274, "x_normalized": 22.388546477600713, "y_normalized": 17.937107571732152, "z_normalized": -0.1487606167793274}, "right_eye_inner": {"x": 0.5075029730796814, "y": 0.41549772024154663, "z": -0.14864805340766907, "x_normalized": 22.06356920559671, "y_normalized": 17.922428074094515, "z_normalized": -0.14864805340766907}, "right_eye": {"x": 0.506122350692749, "y": 0.4158787131309509, "z": -0.14867182075977325, "x_normalized": 22.002154737289903, "y_normalized": 17.93937584776015, "z_normalized": -0.14867182075977325}, "right_eye_outer": {"x": 0.5047882795333862, "y": 0.41625022888183594, "z": -0.1486320197582245, "x_normalized": 21.942811015421277, "y_normalized": 17.955902048207257, "z_normalized": -0.1486320197582245}, "left_ear": {"x": 0.5175817012786865, "y": 0.4196563959121704, "z": -0.09711526334285736, "x_normalized": 22.51190304358846, "y_normalized": 18.107419174911946, "z_normalized": -0.09711526334285736}, "right_ear": {"x": 0.5023396015167236, "y": 0.42103758454322815, "z": -0.09676185250282288, "x_normalized": 21.833886040807446, "y_normalized": 18.16885883155571, "z_normalized": -0.09676185250282288}, "mouth_left": {"x": 0.5128137469291687, "y": 0.42876893281936646, "z": -0.13608486950397491, "x_normalized": 22.299809292206238, "y_normalized": 18.512773755844883, "z_normalized": -0.13608486950397491}, "mouth_right": {"x": 0.5065291523933411, "y": 0.42923882603645325, "z": -0.13605962693691254, "x_normalized": 22.02025056883996, "y_normalized": 18.533676098412627, "z_normalized": -0.13605962693691254}, "left_shoulder": {"x": 0.530385434627533, "y": 0.45212042331695557, "z": -0.04997594282031059, "x_normalized": 23.08145376462863, "y_normalized": 19.55152221208814, "z_normalized": -0.04997594282031059}, "right_shoulder": {"x": 0.49222758412361145, "y": 0.4535500705242157, "z": -0.03738802671432495, "x_normalized": 21.384071393743064, "y_normalized": 19.61511746009457, "z_normalized": -0.03738802671432495}, "left_elbow": {"x": 0.5499182939529419, "y": 0.4678577184677124, "z": 0.03796354681253433, "x_normalized": 23.950337379247582, "y_normalized": 20.25156707838826, "z_normalized": 0.03796354681253433}, "right_elbow": {"x": 0.4827384650707245, "y": 0.4667329490184784, "z": 0.06414666771888733, "x_normalized": 20.961965243032363, "y_normalized": 20.201533761279784, "z_normalized": 0.06414666771888733}, "left_wrist": {"x": 0.5453552007675171, "y": 0.489933043718338, "z": 0.10314039885997772, "x_normalized": 23.747356503035697, "y_normalized": 21.233547651642144, "z_normalized": 0.10314039885997772}, "right_wrist": {"x": 0.48036515712738037, "y": 0.4803522825241089, "z": 0.1342029720544815, "x_normalized": 20.856392968637582, "y_normalized": 20.80736496745039, "z_normalized": 0.1342029720544815}, "left_pinky": {"x": 0.5402948260307312, "y": 0.4981367886066437, "z": 0.1162724643945694, "x_normalized": 23.522254964168553, "y_normalized": 21.59847627746245, "z_normalized": 0.1162724643945694}, "right_pinky": {"x": 0.47916072607040405, "y": 0.4829370677471161, "z": 0.14596618711948395, "x_normalized": 20.802816050229968, "y_normalized": 20.922344422847306, "z_normalized": 0.14596618711948395}, "left_index": {"x": 0.5389606952667236, "y": 0.49639156460762024, "z": 0.103059783577919, "x_normalized": 23.462908590896042, "y_normalized": 21.52084317155979, "z_normalized": 0.103059783577919}, "right_index": {"x": 0.4818929135799408, "y": 0.4819081127643585, "z": 0.1366625428199768, "x_normalized": 20.924352427447147, "y_normalized": 20.8765732374922, "z_normalized": 0.1366625428199768}, "left_thumb": {"x": 0.5393909215927124, "y": 0.49197375774383545, "z": 0.10066808760166168, "x_normalized": 23.482046424174914, "y_normalized": 21.324325092330067, "z_normalized": 0.10066808760166168}, "right_thumb": {"x": 0.48292574286460876, "y": 0.481852263212204, "z": 0.13301701843738556, "x_normalized": 20.970295954055114, "y_normalized": 20.874088872047157, "z_normalized": 0.13301701843738556}, "left_hip": {"x": 0.523008406162262, "y": 0.5598464608192444, "z": -0.010281271301209927, "x_normalized": 22.75330011076427, "y_normalized": 24.343518473065963, "z_normalized": -0.010281271301209927}, "right_hip": {"x": 0.500541090965271, "y": 0.5606136322021484, "z": 0.010205934755504131, "x_normalized": 21.75388257982702, "y_normalized": 24.377644692535675, "z_normalized": 0.010205934755504131}, "left_knee": {"x": 0.5231295824050903, "y": 0.6392192840576172, "z": -0.035523299127817154, "x_normalized": 22.758690414872877, "y_normalized": 27.87427372036126, "z_normalized": -0.035523299127817154}, "right_knee": {"x": 0.5038133859634399, "y": 0.6406310796737671, "z": 0.023555392399430275, "x_normalized": 21.899444653394507, "y_normalized": 27.937074872902596, "z_normalized": 0.023555392399430275}, "left_ankle": {"x": 0.5240297913551331, "y": 0.7121691703796387, "z": 0.027835387736558914, "x_normalized": 22.79873456782533, "y_normalized": 31.11931633586131, "z_normalized": 0.027835387736558914}, "right_ankle": {"x": 0.5128297209739685, "y": 0.6924187541007996, "z": 0.1497117429971695, "x_normalized": 22.300519868448788, "y_normalized": 30.240755097043426, "z_normalized": 0.1497117429971695}, "left_heel": {"x": 0.5230273008346558, "y": 0.720371663570404, "z": 0.030890246853232384, "x_normalized": 22.754140605797435, "y_normalized": 31.48418928219992, "z_normalized": 0.030890246853232384}, "right_heel": {"x": 0.515546441078186, "y": 0.6978130340576172, "z": 0.15962615609169006, "x_normalized": 22.421368206356487, "y_normalized": 30.48070980050301, "z_normalized": 0.15962615609169006}, "left_foot_index": {"x": 0.5242352485656738, "y": 0.7400593161582947, "z": -0.024167340248823166, "x_normalized": 22.80787395703457, "y_normalized": 32.359958592721505, "z_normalized": -0.024167340248823166}, "right_foot_index": {"x": 0.5068210363388062, "y": 0.7156038880348206, "z": 0.12306370586156845, "x_normalized": 22.033234493689868, "y_normalized": 31.27210348502937, "z_normalized": 0.12306370586156845}}}